vsearch v2.22.1_linux_x86_64, 14.9GB RAM, 12 cores
https://github.com/torognes/vsearch

Merging reads 100%
     43686  Pairs
      5384  Merged (12.3%)
     38302  Not merged (87.7%)

Pairs that failed merging due to various reasons:
      2402  reads too short (after truncation)
     22973  too few kmers found on same diagonal
         1  multiple potential alignments
     10067  alignment score too low, or score drop too high
      2637  overlap too short
       156  merged fragment too short
        64  merged fragment too long
         2  staggered read pairs

Statistics of all reads:
    274.04  Mean read length

Statistics of merged reads:
    313.00  Mean fragment length
      0.00  Standard deviation of fragment length
      0.04  Mean expected error in forward sequences
      0.03  Mean expected error in reverse sequences
      0.04  Mean expected error in merged sequences
      0.00  Mean observed errors in merged region of forward sequences
      0.00  Mean observed errors in merged region of reverse sequences
      0.00  Mean observed errors in merged region
vsearch v2.22.1_linux_x86_64, 14.9GB RAM, 12 cores
https://github.com/torognes/vsearch

Merging reads 100%
     75179  Pairs
     12465  Merged (16.6%)
     62714  Not merged (83.4%)

Pairs that failed merging due to various reasons:
      4150  reads too short (after truncation)
     35227  too few kmers found on same diagonal
         3  multiple potential alignments
     17850  alignment score too low, or score drop too high
      4937  overlap too short
       348  merged fragment too short
       185  merged fragment too long
        14  staggered read pairs

Statistics of all reads:
    274.04  Mean read length

Statistics of merged reads:
    313.00  Mean fragment length
      0.00  Standard deviation of fragment length
      0.04  Mean expected error in forward sequences
      0.03  Mean expected error in reverse sequences
      0.04  Mean expected error in merged sequences
      0.00  Mean observed errors in merged region of forward sequences
      0.00  Mean observed errors in merged region of reverse sequences
      0.00  Mean observed errors in merged region
vsearch v2.22.1_linux_x86_64, 14.9GB RAM, 12 cores
https://github.com/torognes/vsearch

Merging reads 100%
      5077  Pairs
       110  Merged (2.2%)
      4967  Not merged (97.8%)

Pairs that failed merging due to various reasons:
       306  reads too short (after truncation)
      2681  too few kmers found on same diagonal
      1121  alignment score too low, or score drop too high
       343  overlap too short
       514  merged fragment too short
         2  staggered read pairs

Statistics of all reads:
    274.04  Mean read length

Statistics of merged reads:
    313.00  Mean fragment length
      0.00  Standard deviation of fragment length
      0.05  Mean expected error in forward sequences
      0.03  Mean expected error in reverse sequences
      0.04  Mean expected error in merged sequences
      0.00  Mean observed errors in merged region of forward sequences
      0.00  Mean observed errors in merged region of reverse sequences
      0.00  Mean observed errors in merged region
vsearch v2.22.1_linux_x86_64, 14.9GB RAM, 12 cores
https://github.com/torognes/vsearch

Merging reads 100%
      1018  Pairs
        18  Merged (1.8%)
      1000  Not merged (98.2%)

Pairs that failed merging due to various reasons:
        91  reads too short (after truncation)
       633  too few kmers found on same diagonal
         1  multiple potential alignments
       221  alignment score too low, or score drop too high
        43  overlap too short
        11  merged fragment too short

Statistics of all reads:
    274.05  Mean read length

Statistics of merged reads:
    313.00  Mean fragment length
      0.00  Standard deviation of fragment length
      0.05  Mean expected error in forward sequences
      0.03  Mean expected error in reverse sequences
      0.05  Mean expected error in merged sequences
      0.00  Mean observed errors in merged region of forward sequences
      0.00  Mean observed errors in merged region of reverse sequences
      0.00  Mean observed errors in merged region
vsearch v2.22.1_linux_x86_64, 14.9GB RAM, 12 cores
https://github.com/torognes/vsearch

Merging reads 100%
      8586  Pairs
       829  Merged (9.7%)
      7757  Not merged (90.3%)

Pairs that failed merging due to various reasons:
       636  reads too short (after truncation)
      5557  too few kmers found on same diagonal
       955  alignment score too low, or score drop too high
       533  overlap too short
        46  merged fragment too short
        25  merged fragment too long
         5  staggered read pairs

Statistics of all reads:
    274.04  Mean read length

Statistics of merged reads:
    313.00  Mean fragment length
      0.00  Standard deviation of fragment length
      0.04  Mean expected error in forward sequences
      0.03  Mean expected error in reverse sequences
      0.04  Mean expected error in merged sequences
      0.00  Mean observed errors in merged region of forward sequences
      0.00  Mean observed errors in merged region of reverse sequences
      0.00  Mean observed errors in merged region
Running external command line application. This may print messages to stdout and/or stderr.
The command being run is below. This command cannot be manually re-run as it will depend on temporary files that no longer exist.

Command: vsearch --fastq_mergepairs /tmp/qiime2/luis/data/32fe6719-0b11-4869-9310-a0e726f6c060/data/C-pos-1_S515_L001_R1_001.fastq.gz --reverse /tmp/qiime2/luis/data/32fe6719-0b11-4869-9310-a0e726f6c060/data/C-pos-1_S515_L001_R2_001.fastq.gz --fastqout /tmp/qiime2/luis/processes/47044-1770669069.56@luis/tmp/q2-OutPath-zn4himeu/C-pos-1_0_L001_R1_001.fastq --fastqout_notmerged_fwd /tmp/qiime2/luis/processes/47044-1770669069.56@luis/tmp/q2-OutPath-uj30tegx/C-pos-1_0_L001_R1_001.fastq --fastqout_notmerged_rev /tmp/qiime2/luis/processes/47044-1770669069.56@luis/tmp/q2-OutPath-uj30tegx/C-pos-1_0_L001_R2_001.fastq --fastq_ascii 33 --fastq_minlen 1 --fastq_minovlen 50 --fastq_maxdiffs 10 --fastq_qmin 0 --fastq_qminout 0 --fastq_qmax 41 --fastq_qmaxout 41 --fasta_width 0 --fastq_truncqual 26 --fastq_minmergelen 313 --fastq_maxmergelen 313 --fastq_maxee 1 --threads 4

Running external command line application. This may print messages to stdout and/or stderr.
The command being run is below. This command cannot be manually re-run as it will depend on temporary files that no longer exist.

Command: gzip /tmp/qiime2/luis/processes/47044-1770669069.56@luis/tmp/q2-OutPath-zn4himeu/C-pos-1_0_L001_R1_001.fastq /tmp/qiime2/luis/processes/47044-1770669069.56@luis/tmp/q2-OutPath-uj30tegx/C-pos-1_0_L001_R1_001.fastq /tmp/qiime2/luis/processes/47044-1770669069.56@luis/tmp/q2-OutPath-uj30tegx/C-pos-1_0_L001_R2_001.fastq

Running external command line application. This may print messages to stdout and/or stderr.
The command being run is below. This command cannot be manually re-run as it will depend on temporary files that no longer exist.

Command: vsearch --fastq_mergepairs /tmp/qiime2/luis/data/32fe6719-0b11-4869-9310-a0e726f6c060/data/C-pos-2_S513_L001_R1_001.fastq.gz --reverse /tmp/qiime2/luis/data/32fe6719-0b11-4869-9310-a0e726f6c060/data/C-pos-2_S513_L001_R2_001.fastq.gz --fastqout /tmp/qiime2/luis/processes/47044-1770669069.56@luis/tmp/q2-OutPath-zn4himeu/C-pos-2_1_L001_R1_001.fastq --fastqout_notmerged_fwd /tmp/qiime2/luis/processes/47044-1770669069.56@luis/tmp/q2-OutPath-uj30tegx/C-pos-2_1_L001_R1_001.fastq --fastqout_notmerged_rev /tmp/qiime2/luis/processes/47044-1770669069.56@luis/tmp/q2-OutPath-uj30tegx/C-pos-2_1_L001_R2_001.fastq --fastq_ascii 33 --fastq_minlen 1 --fastq_minovlen 50 --fastq_maxdiffs 10 --fastq_qmin 0 --fastq_qminout 0 --fastq_qmax 41 --fastq_qmaxout 41 --fasta_width 0 --fastq_truncqual 26 --fastq_minmergelen 313 --fastq_maxmergelen 313 --fastq_maxee 1 --threads 4

Running external command line application. This may print messages to stdout and/or stderr.
The command being run is below. This command cannot be manually re-run as it will depend on temporary files that no longer exist.

Command: gzip /tmp/qiime2/luis/processes/47044-1770669069.56@luis/tmp/q2-OutPath-zn4himeu/C-pos-2_1_L001_R1_001.fastq /tmp/qiime2/luis/processes/47044-1770669069.56@luis/tmp/q2-OutPath-uj30tegx/C-pos-2_1_L001_R1_001.fastq /tmp/qiime2/luis/processes/47044-1770669069.56@luis/tmp/q2-OutPath-uj30tegx/C-pos-2_1_L001_R2_001.fastq

Running external command line application. This may print messages to stdout and/or stderr.
The command being run is below. This command cannot be manually re-run as it will depend on temporary files that no longer exist.

Command: vsearch --fastq_mergepairs /tmp/qiime2/luis/data/32fe6719-0b11-4869-9310-a0e726f6c060/data/Ins-Cocoon_S518_L001_R1_001.fastq.gz --reverse /tmp/qiime2/luis/data/32fe6719-0b11-4869-9310-a0e726f6c060/data/Ins-Cocoon_S518_L001_R2_001.fastq.gz --fastqout /tmp/qiime2/luis/processes/47044-1770669069.56@luis/tmp/q2-OutPath-zn4himeu/Ins-Cocoon_2_L001_R1_001.fastq --fastqout_notmerged_fwd /tmp/qiime2/luis/processes/47044-1770669069.56@luis/tmp/q2-OutPath-uj30tegx/Ins-Cocoon_2_L001_R1_001.fastq --fastqout_notmerged_rev /tmp/qiime2/luis/processes/47044-1770669069.56@luis/tmp/q2-OutPath-uj30tegx/Ins-Cocoon_2_L001_R2_001.fastq --fastq_ascii 33 --fastq_minlen 1 --fastq_minovlen 50 --fastq_maxdiffs 10 --fastq_qmin 0 --fastq_qminout 0 --fastq_qmax 41 --fastq_qmaxout 41 --fasta_width 0 --fastq_truncqual 26 --fastq_minmergelen 313 --fastq_maxmergelen 313 --fastq_maxee 1 --threads 4

Running external command line application. This may print messages to stdout and/or stderr.
The command being run is below. This command cannot be manually re-run as it will depend on temporary files that no longer exist.

Command: gzip /tmp/qiime2/luis/processes/47044-1770669069.56@luis/tmp/q2-OutPath-zn4himeu/Ins-Cocoon_2_L001_R1_001.fastq /tmp/qiime2/luis/processes/47044-1770669069.56@luis/tmp/q2-OutPath-uj30tegx/Ins-Cocoon_2_L001_R1_001.fastq /tmp/qiime2/luis/processes/47044-1770669069.56@luis/tmp/q2-OutPath-uj30tegx/Ins-Cocoon_2_L001_R2_001.fastq

Running external command line application. This may print messages to stdout and/or stderr.
The command being run is below. This command cannot be manually re-run as it will depend on temporary files that no longer exist.

Command: vsearch --fastq_mergepairs /tmp/qiime2/luis/data/32fe6719-0b11-4869-9310-a0e726f6c060/data/Ins-Door_S513_L001_R1_001.fastq.gz --reverse /tmp/qiime2/luis/data/32fe6719-0b11-4869-9310-a0e726f6c060/data/Ins-Door_S513_L001_R2_001.fastq.gz --fastqout /tmp/qiime2/luis/processes/47044-1770669069.56@luis/tmp/q2-OutPath-zn4himeu/Ins-Door_3_L001_R1_001.fastq --fastqout_notmerged_fwd /tmp/qiime2/luis/processes/47044-1770669069.56@luis/tmp/q2-OutPath-uj30tegx/Ins-Door_3_L001_R1_001.fastq --fastqout_notmerged_rev /tmp/qiime2/luis/processes/47044-1770669069.56@luis/tmp/q2-OutPath-uj30tegx/Ins-Door_3_L001_R2_001.fastq --fastq_ascii 33 --fastq_minlen 1 --fastq_minovlen 50 --fastq_maxdiffs 10 --fastq_qmin 0 --fastq_qminout 0 --fastq_qmax 41 --fastq_qmaxout 41 --fasta_width 0 --fastq_truncqual 26 --fastq_minmergelen 313 --fastq_maxmergelen 313 --fastq_maxee 1 --threads 4

Running external command line application. This may print messages to stdout and/or stderr.
The command being run is below. This command cannot be manually re-run as it will depend on temporary files that no longer exist.

Command: gzip /tmp/qiime2/luis/processes/47044-1770669069.56@luis/tmp/q2-OutPath-zn4himeu/Ins-Door_3_L001_R1_001.fastq /tmp/qiime2/luis/processes/47044-1770669069.56@luis/tmp/q2-OutPath-uj30tegx/Ins-Door_3_L001_R1_001.fastq /tmp/qiime2/luis/processes/47044-1770669069.56@luis/tmp/q2-OutPath-uj30tegx/Ins-Door_3_L001_R2_001.fastq

Running external command line application. This may print messages to stdout and/or stderr.
The command being run is below. This command cannot be manually re-run as it will depend on temporary files that no longer exist.

Command: vsearch --fastq_mergepairs /tmp/qiime2/luis/data/32fe6719-0b11-4869-9310-a0e726f6c060/data/Ins-Top_S520_L001_R1_001.fastq.gz --reverse /tmp/qiime2/luis/data/32fe6719-0b11-4869-9310-a0e726f6c060/data/Ins-Top_S520_L001_R2_001.fastq.gz --fastqout /tmp/qiime2/luis/processes/47044-1770669069.56@luis/tmp/q2-OutPath-zn4himeu/Ins-Top_4_L001_R1_001.fastq --fastqout_notmerged_fwd /tmp/qiime2/luis/processes/47044-1770669069.56@luis/tmp/q2-OutPath-uj30tegx/Ins-Top_4_L001_R1_001.fastq --fastqout_notmerged_rev /tmp/qiime2/luis/processes/47044-1770669069.56@luis/tmp/q2-OutPath-uj30tegx/Ins-Top_4_L001_R2_001.fastq --fastq_ascii 33 --fastq_minlen 1 --fastq_minovlen 50 --fastq_maxdiffs 10 --fastq_qmin 0 --fastq_qminout 0 --fastq_qmax 41 --fastq_qmaxout 41 --fasta_width 0 --fastq_truncqual 26 --fastq_minmergelen 313 --fastq_maxmergelen 313 --fastq_maxee 1 --threads 4

Running external command line application. This may print messages to stdout and/or stderr.
The command being run is below. This command cannot be manually re-run as it will depend on temporary files that no longer exist.

Command: vsearch v2.22.1_linux_x86_64, 14.9GB RAM, 12 cores
https://github.com/torognes/vsearch

Merging reads 100%
     13339  Pairs
      1506  Merged (11.3%)
     11833  Not merged (88.7%)

Pairs that failed merging due to various reasons:
       937  reads too short (after truncation)
      8357  too few kmers found on same diagonal
      1327  alignment score too low, or score drop too high
       807  overlap too short
       372  merged fragment too short
        25  merged fragment too long
         8  staggered read pairs

Statistics of all reads:
    274.04  Mean read length

Statistics of merged reads:
    313.00  Mean fragment length
      0.00  Standard deviation of fragment length
      0.04  Mean expected error in forward sequences
      0.03  Mean expected error in reverse sequences
      0.04  Mean expected error in merged sequences
      0.00  Mean observed errors in merged region of forward sequences
      0.00  Mean observed errors in merged region of reverse sequences
      0.00  Mean observed errors in merged region
vsearch v2.22.1_linux_x86_64, 14.9GB RAM, 12 cores
https://github.com/torognes/vsearch

Merging reads 100%
       828  Pairs
        25  Merged (3.0%)
       803  Not merged (97.0%)

Pairs that failed merging due to various reasons:
        79  reads too short (after truncation)
       608  too few kmers found on same diagonal
         1  multiple potential alignments
        59  alignment score too low, or score drop too high
        16  overlap too short
         8  merged fragment too short
        32  staggered read pairs

Statistics of all reads:
    274.04  Mean read length

Statistics of merged reads:
    313.00  Mean fragment length
      0.00  Standard deviation of fragment length
      0.04  Mean expected error in forward sequences
      0.03  Mean expected error in reverse sequences
      0.04  Mean expected error in merged sequences
      0.00  Mean observed errors in merged region of forward sequences
      0.00  Mean observed errors in merged region of reverse sequences
      0.00  Mean observed errors in merged region
vsearch v2.22.1_linux_x86_64, 14.9GB RAM, 12 cores
https://github.com/torognes/vsearch

Merging reads 100%
     22730  Pairs
      3969  Merged (17.5%)
     18761  Not merged (82.5%)

Pairs that failed merging due to various reasons:
      1593  reads too short (after truncation)
     12901  too few kmers found on same diagonal
      2364  alignment score too low, or score drop too high
      1542  overlap too short
       260  merged fragment too short
        91  merged fragment too long
        10  staggered read pairs

Statistics of all reads:
    274.04  Mean read length

Statistics of merged reads:
    313.00  Mean fragment length
      0.00  Standard deviation of fragment length
      0.04  Mean expected error in forward sequences
      0.03  Mean expected error in reverse sequences
      0.04  Mean expected error in merged sequences
      0.00  Mean observed errors in merged region of forward sequences
      0.00  Mean observed errors in merged region of reverse sequences
      0.00  Mean observed errors in merged region
vsearch v2.22.1_linux_x86_64, 14.9GB RAM, 12 cores
https://github.com/torognes/vsearch

Merging reads 100%
     21723  Pairs
      3534  Merged (16.3%)
     18189  Not merged (83.7%)

Pairs that failed merging due to various reasons:
      1448  reads too short (after truncation)
     12714  too few kmers found on same diagonal
      2334  alignment score too low, or score drop too high
      1410  overlap too short
       236  merged fragment too short
        43  merged fragment too long
         4  staggered read pairs

Statistics of all reads:
    274.04  Mean read length

Statistics of merged reads:
    313.00  Mean fragment length
      0.00  Standard deviation of fragment length
      0.04  Mean expected error in forward sequences
      0.03  Mean expected error in reverse sequences
      0.04  Mean expected error in merged sequences
      0.00  Mean observed errors in merged region of forward sequences
      0.00  Mean observed errors in merged region of reverse sequences
      0.00  Mean observed errors in merged region
vsearch v2.22.1_linux_x86_64, 14.9GB RAM, 12 cores
https://github.com/torognes/vsearch

Merging reads 100%
     18509  Pairs
      2498  Merged (13.5%)
     16011  Not merged (86.5%)

Pairs that failed merging due to various reasons:
      1569  reads too short (after truncation)
     11470  too few kmers found on same diagonal
      1507  alignment score too low, or score drop too high
      1251  overlap too short
       191  merged fragment too short
        19  merged fragment too long
         4  staggered read pairs

Statistics of all reads:
    274.04  Mean read length

Statistics of merged reads:
    313.00  Mean fragment length
      0.00  Standard deviation of fragment length
      0.05  Mean expected error in forward sequences
      0.03  Mean expected error in reverse sequences
      0.04  Mean expected error in merged sequences
      0.00  Mean observed errors in merged region of forward sequences
      0.00  Mean observed errors in merged region of reverse sequences
      0.00  Mean observed errors in merged region
gzip /tmp/qiime2/luis/processes/47044-1770669069.56@luis/tmp/q2-OutPath-zn4himeu/Ins-Top_4_L001_R1_001.fastq /tmp/qiime2/luis/processes/47044-1770669069.56@luis/tmp/q2-OutPath-uj30tegx/Ins-Top_4_L001_R1_001.fastq /tmp/qiime2/luis/processes/47044-1770669069.56@luis/tmp/q2-OutPath-uj30tegx/Ins-Top_4_L001_R2_001.fastq

Running external command line application. This may print messages to stdout and/or stderr.
The command being run is below. This command cannot be manually re-run as it will depend on temporary files that no longer exist.

Command: vsearch --fastq_mergepairs /tmp/qiime2/luis/data/32fe6719-0b11-4869-9310-a0e726f6c060/data/Mont-Tremblant_S521_L001_R1_001.fastq.gz --reverse /tmp/qiime2/luis/data/32fe6719-0b11-4869-9310-a0e726f6c060/data/Mont-Tremblant_S521_L001_R2_001.fastq.gz --fastqout /tmp/qiime2/luis/processes/47044-1770669069.56@luis/tmp/q2-OutPath-zn4himeu/Mont-Tremblant_5_L001_R1_001.fastq --fastqout_notmerged_fwd /tmp/qiime2/luis/processes/47044-1770669069.56@luis/tmp/q2-OutPath-uj30tegx/Mont-Tremblant_5_L001_R1_001.fastq --fastqout_notmerged_rev /tmp/qiime2/luis/processes/47044-1770669069.56@luis/tmp/q2-OutPath-uj30tegx/Mont-Tremblant_5_L001_R2_001.fastq --fastq_ascii 33 --fastq_minlen 1 --fastq_minovlen 50 --fastq_maxdiffs 10 --fastq_qmin 0 --fastq_qminout 0 --fastq_qmax 41 --fastq_qmaxout 41 --fasta_width 0 --fastq_truncqual 26 --fastq_minmergelen 313 --fastq_maxmergelen 313 --fastq_maxee 1 --threads 4

Running external command line application. This may print messages to stdout and/or stderr.
The command being run is below. This command cannot be manually re-run as it will depend on temporary files that no longer exist.

Command: gzip /tmp/qiime2/luis/processes/47044-1770669069.56@luis/tmp/q2-OutPath-zn4himeu/Mont-Tremblant_5_L001_R1_001.fastq /tmp/qiime2/luis/processes/47044-1770669069.56@luis/tmp/q2-OutPath-uj30tegx/Mont-Tremblant_5_L001_R1_001.fastq /tmp/qiime2/luis/processes/47044-1770669069.56@luis/tmp/q2-OutPath-uj30tegx/Mont-Tremblant_5_L001_R2_001.fastq

Running external command line application. This may print messages to stdout and/or stderr.
The command being run is below. This command cannot be manually re-run as it will depend on temporary files that no longer exist.

Command: vsearch --fastq_mergepairs /tmp/qiime2/luis/data/32fe6719-0b11-4869-9310-a0e726f6c060/data/Negative-PUF_S522_L001_R1_001.fastq.gz --reverse /tmp/qiime2/luis/data/32fe6719-0b11-4869-9310-a0e726f6c060/data/Negative-PUF_S522_L001_R2_001.fastq.gz --fastqout /tmp/qiime2/luis/processes/47044-1770669069.56@luis/tmp/q2-OutPath-zn4himeu/Negative-PUF_6_L001_R1_001.fastq --fastqout_notmerged_fwd /tmp/qiime2/luis/processes/47044-1770669069.56@luis/tmp/q2-OutPath-uj30tegx/Negative-PUF_6_L001_R1_001.fastq --fastqout_notmerged_rev /tmp/qiime2/luis/processes/47044-1770669069.56@luis/tmp/q2-OutPath-uj30tegx/Negative-PUF_6_L001_R2_001.fastq --fastq_ascii 33 --fastq_minlen 1 --fastq_minovlen 50 --fastq_maxdiffs 10 --fastq_qmin 0 --fastq_qminout 0 --fastq_qmax 41 --fastq_qmaxout 41 --fasta_width 0 --fastq_truncqual 26 --fastq_minmergelen 313 --fastq_maxmergelen 313 --fastq_maxee 1 --threads 4

Running external command line application. This may print messages to stdout and/or stderr.
The command being run is below. This command cannot be manually re-run as it will depend on temporary files that no longer exist.

Command: gzip /tmp/qiime2/luis/processes/47044-1770669069.56@luis/tmp/q2-OutPath-zn4himeu/Negative-PUF_6_L001_R1_001.fastq /tmp/qiime2/luis/processes/47044-1770669069.56@luis/tmp/q2-OutPath-uj30tegx/Negative-PUF_6_L001_R1_001.fastq /tmp/qiime2/luis/processes/47044-1770669069.56@luis/tmp/q2-OutPath-uj30tegx/Negative-PUF_6_L001_R2_001.fastq

Running external command line application. This may print messages to stdout and/or stderr.
The command being run is below. This command cannot be manually re-run as it will depend on temporary files that no longer exist.

Command: vsearch --fastq_mergepairs /tmp/qiime2/luis/data/32fe6719-0b11-4869-9310-a0e726f6c060/data/PUF-BOT-1_S518_L001_R1_001.fastq.gz --reverse /tmp/qiime2/luis/data/32fe6719-0b11-4869-9310-a0e726f6c060/data/PUF-BOT-1_S518_L001_R2_001.fastq.gz --fastqout /tmp/qiime2/luis/processes/47044-1770669069.56@luis/tmp/q2-OutPath-zn4himeu/PUF-BOT-1_7_L001_R1_001.fastq --fastqout_notmerged_fwd /tmp/qiime2/luis/processes/47044-1770669069.56@luis/tmp/q2-OutPath-uj30tegx/PUF-BOT-1_7_L001_R1_001.fastq --fastqout_notmerged_rev /tmp/qiime2/luis/processes/47044-1770669069.56@luis/tmp/q2-OutPath-uj30tegx/PUF-BOT-1_7_L001_R2_001.fastq --fastq_ascii 33 --fastq_minlen 1 --fastq_minovlen 50 --fastq_maxdiffs 10 --fastq_qmin 0 --fastq_qminout 0 --fastq_qmax 41 --fastq_qmaxout 41 --fasta_width 0 --fastq_truncqual 26 --fastq_minmergelen 313 --fastq_maxmergelen 313 --fastq_maxee 1 --threads 4

Running external command line application. This may print messages to stdout and/or stderr.
The command being run is below. This command cannot be manually re-run as it will depend on temporary files that no longer exist.

Command: gzip /tmp/qiime2/luis/processes/47044-1770669069.56@luis/tmp/q2-OutPath-zn4himeu/PUF-BOT-1_7_L001_R1_001.fastq /tmp/qiime2/luis/processes/47044-1770669069.56@luis/tmp/q2-OutPath-uj30tegx/PUF-BOT-1_7_L001_R1_001.fastq /tmp/qiime2/luis/processes/47044-1770669069.56@luis/tmp/q2-OutPath-uj30tegx/PUF-BOT-1_7_L001_R2_001.fastq

Running external command line application. This may print messages to stdout and/or stderr.
The command being run is below. This command cannot be manually re-run as it will depend on temporary files that no longer exist.

Command: vsearch --fastq_mergepairs /tmp/qiime2/luis/data/32fe6719-0b11-4869-9310-a0e726f6c060/data/PUF-BOT-2_S520_L001_R1_001.fastq.gz --reverse /tmp/qiime2/luis/data/32fe6719-0b11-4869-9310-a0e726f6c060/data/PUF-BOT-2_S520_L001_R2_001.fastq.gz --fastqout /tmp/qiime2/luis/processes/47044-1770669069.56@luis/tmp/q2-OutPath-zn4himeu/PUF-BOT-2_8_L001_R1_001.fastq --fastqout_notmerged_fwd /tmp/qiime2/luis/processes/47044-1770669069.56@luis/tmp/q2-OutPath-uj30tegx/PUF-BOT-2_8_L001_R1_001.fastq --fastqout_notmerged_rev /tmp/qiime2/luis/processes/47044-1770669069.56@luis/tmp/q2-OutPath-uj30tegx/PUF-BOT-2_8_L001_R2_001.fastq --fastq_ascii 33 --fastq_minlen 1 --fastq_minovlen 50 --fastq_maxdiffs 10 --fastq_qmin 0 --fastq_qminout 0 --fastq_qmax 41 --fastq_qmaxout 41 --fasta_width 0 --fastq_truncqual 26 --fastq_minmergelen 313 --fastq_maxmergelen 313 --fastq_maxee 1 --threads 4

Running external command line application. This may print messages to stdout and/or stderr.
The command being run is below. This command cannot be manually re-run as it will depend on temporary files that no longer exist.

Command: gzip /tmp/qiime2/luis/processes/47044-1770669069.56@luis/tmp/q2-OutPath-zn4himeu/PUF-BOT-2_8_L001_R1_001.fastq /tmp/qiime2/luis/processes/47044-1770669069.56@luis/tmp/q2-OutPath-uj30tegx/PUF-BOT-2_8_L001_R1_001.fastq /tmp/qiime2/luis/processes/47044-1770669069.56@luis/tmp/q2-OutPath-uj30tegx/PUF-BOT-2_8_L001_R2_001.fastq

Running external command line application. This may print messages to stdout and/or stderr.
The command being run is below. This command cannot be manually re-run as it will depend on temporary files that no longer exist.

Command: vsearch --fastq_mergepairs /tmp/qiime2/luis/data/32fe6719-0b11-4869-9310-a0e726f6c060/data/PUF-BOT-4_E517_L001_R1_001.fastq.gz --reverse /tmp/qiime2/luis/data/32fe6719-0b11-4869-9310-a0e726f6c060/data/PUF-BOT-4_E517_L001_R2_001.fastq.gz --fastqout /tmp/qiime2/luis/processes/47044-1770669069.56@luis/tmp/q2-OutPath-zn4himeu/PUF-BOT-4_9_L001_R1_001.fastq --fastqout_notmerged_fwd /tmp/qiime2/luis/processes/47044-1770669069.56@luis/tmp/q2-OutPath-uj30tegx/PUF-BOT-4_9_L001_R1_001.fastq --fastqout_notmerged_rev /tmp/qiime2/luis/processes/47044-1770669069.56@luis/tmp/q2-OutPath-uj30tegx/PUF-BOT-4_9_L001_R2_001.fastq --fastq_ascii 33 --fastq_minlen 1 --fastq_minovlen 50 --fastq_maxdiffs 10 --fastq_qmin 0 --fastq_qminout 0 --fastq_qmax 41 --fastq_qmaxout 41 --fasta_width 0 --fastq_truncqual 26 --fastq_minmergelen 313 --fastq_maxmergelen 313 --fastq_maxee 1 --threads 4

vsearch v2.22.1_linux_x86_64, 14.9GB RAM, 12 cores
https://github.com/torognes/vsearch

Merging reads 100%
     35376  Pairs
      3048  Merged (8.6%)
     32328  Not merged (91.4%)

Pairs that failed merging due to various reasons:
      2595  reads too short (after truncation)
     23241  too few kmers found on same diagonal
         2  multiple potential alignments
      4102  alignment score too low, or score drop too high
      1852  overlap too short
       498  merged fragment too short
        35  merged fragment too long
         3  staggered read pairs

Statistics of all reads:
    274.04  Mean read length

Statistics of merged reads:
    313.00  Mean fragment length
      0.00  Standard deviation of fragment length
      0.04  Mean expected error in forward sequences
      0.03  Mean expected error in reverse sequences
      0.04  Mean expected error in merged sequences
      0.00  Mean observed errors in merged region of forward sequences
      0.00  Mean observed errors in merged region of reverse sequences
      0.00  Mean observed errors in merged region
vsearch v2.22.1_linux_x86_64, 14.9GB RAM, 12 cores
https://github.com/torognes/vsearch

Merging reads 100%
     81914  Pairs
     13954  Merged (17.0%)
     67960  Not merged (83.0%)

Pairs that failed merging due to various reasons:
      4836  reads too short (after truncation)
     45858  too few kmers found on same diagonal
        12  multiple potential alignments
     11157  alignment score too low, or score drop too high
      5300  overlap too short
       581  merged fragment too short
       209  merged fragment too long
         7  staggered read pairs

Statistics of all reads:
    274.04  Mean read length

Statistics of merged reads:
    313.00  Mean fragment length
      0.00  Standard deviation of fragment length
      0.04  Mean expected error in forward sequences
      0.03  Mean expected error in reverse sequences
      0.04  Mean expected error in merged sequences
      0.00  Mean observed errors in merged region of forward sequences
      0.00  Mean observed errors in merged region of reverse sequences
      0.00  Mean observed errors in merged region
vsearch v2.22.1_linux_x86_64, 14.9GB RAM, 12 cores
https://github.com/torognes/vsearch

Merging reads 100%
     45642  Pairs
      7311  Merged (16.0%)
     38331  Not merged (84.0%)

Pairs that failed merging due to various reasons:
      3147  reads too short (after truncation)
     27791  too few kmers found on same diagonal
      4286  alignment score too low, or score drop too high
      2736  overlap too short
       257  merged fragment too short
       107  merged fragment too long
         7  staggered read pairs

Statistics of all reads:
    274.04  Mean read length

Statistics of merged reads:
    313.00  Mean fragment length
      0.00  Standard deviation of fragment length
      0.04  Mean expected error in forward sequences
      0.03  Mean expected error in reverse sequences
      0.04  Mean expected error in merged sequences
      0.00  Mean observed errors in merged region of forward sequences
      0.00  Mean observed errors in merged region of reverse sequences
      0.00  Mean observed errors in merged region
vsearch v2.22.1_linux_x86_64, 14.9GB RAM, 12 cores
https://github.com/torognes/vsearch

Merging reads 100%
     26786  Pairs
      4469  Merged (16.7%)
     22317  Not merged (83.3%)

Pairs that failed merging due to various reasons:
      2002  reads too short (after truncation)
     15583  too few kmers found on same diagonal
         2  multiple potential alignments
      2643  alignment score too low, or score drop too high
      1739  overlap too short
       283  merged fragment too short
        62  merged fragment too long
         3  staggered read pairs

Statistics of all reads:
    274.04  Mean read length

Statistics of merged reads:
    313.00  Mean fragment length
      0.00  Standard deviation of fragment length
      0.04  Mean expected error in forward sequences
      0.03  Mean expected error in reverse sequences
      0.04  Mean expected error in merged sequences
      0.00  Mean observed errors in merged region of forward sequences
      0.00  Mean observed errors in merged region of reverse sequences
      0.00  Mean observed errors in merged region
Running external command line application. This may print messages to stdout and/or stderr.
The command being run is below. This command cannot be manually re-run as it will depend on temporary files that no longer exist.

Command: gzip /tmp/qiime2/luis/processes/47044-1770669069.56@luis/tmp/q2-OutPath-zn4himeu/PUF-BOT-4_9_L001_R1_001.fastq /tmp/qiime2/luis/processes/47044-1770669069.56@luis/tmp/q2-OutPath-uj30tegx/PUF-BOT-4_9_L001_R1_001.fastq /tmp/qiime2/luis/processes/47044-1770669069.56@luis/tmp/q2-OutPath-uj30tegx/PUF-BOT-4_9_L001_R2_001.fastq

Running external command line application. This may print messages to stdout and/or stderr.
The command being run is below. This command cannot be manually re-run as it will depend on temporary files that no longer exist.

Command: vsearch --fastq_mergepairs /tmp/qiime2/luis/data/32fe6719-0b11-4869-9310-a0e726f6c060/data/PUF-BOT-5_S521_L001_R1_001.fastq.gz --reverse /tmp/qiime2/luis/data/32fe6719-0b11-4869-9310-a0e726f6c060/data/PUF-BOT-5_S521_L001_R2_001.fastq.gz --fastqout /tmp/qiime2/luis/processes/47044-1770669069.56@luis/tmp/q2-OutPath-zn4himeu/PUF-BOT-5_10_L001_R1_001.fastq --fastqout_notmerged_fwd /tmp/qiime2/luis/processes/47044-1770669069.56@luis/tmp/q2-OutPath-uj30tegx/PUF-BOT-5_10_L001_R1_001.fastq --fastqout_notmerged_rev /tmp/qiime2/luis/processes/47044-1770669069.56@luis/tmp/q2-OutPath-uj30tegx/PUF-BOT-5_10_L001_R2_001.fastq --fastq_ascii 33 --fastq_minlen 1 --fastq_minovlen 50 --fastq_maxdiffs 10 --fastq_qmin 0 --fastq_qminout 0 --fastq_qmax 41 --fastq_qmaxout 41 --fasta_width 0 --fastq_truncqual 26 --fastq_minmergelen 313 --fastq_maxmergelen 313 --fastq_maxee 1 --threads 4

Running external command line application. This may print messages to stdout and/or stderr.
The command being run is below. This command cannot be manually re-run as it will depend on temporary files that no longer exist.

Command: gzip /tmp/qiime2/luis/processes/47044-1770669069.56@luis/tmp/q2-OutPath-zn4himeu/PUF-BOT-5_10_L001_R1_001.fastq /tmp/qiime2/luis/processes/47044-1770669069.56@luis/tmp/q2-OutPath-uj30tegx/PUF-BOT-5_10_L001_R1_001.fastq /tmp/qiime2/luis/processes/47044-1770669069.56@luis/tmp/q2-OutPath-uj30tegx/PUF-BOT-5_10_L001_R2_001.fastq

Running external command line application. This may print messages to stdout and/or stderr.
The command being run is below. This command cannot be manually re-run as it will depend on temporary files that no longer exist.

Command: vsearch --fastq_mergepairs /tmp/qiime2/luis/data/32fe6719-0b11-4869-9310-a0e726f6c060/data/PUF-BOT-6_S516_L001_R1_001.fastq.gz --reverse /tmp/qiime2/luis/data/32fe6719-0b11-4869-9310-a0e726f6c060/data/PUF-BOT-6_S516_L001_R2_001.fastq.gz --fastqout /tmp/qiime2/luis/processes/47044-1770669069.56@luis/tmp/q2-OutPath-zn4himeu/PUF-BOT-6_11_L001_R1_001.fastq --fastqout_notmerged_fwd /tmp/qiime2/luis/processes/47044-1770669069.56@luis/tmp/q2-OutPath-uj30tegx/PUF-BOT-6_11_L001_R1_001.fastq --fastqout_notmerged_rev /tmp/qiime2/luis/processes/47044-1770669069.56@luis/tmp/q2-OutPath-uj30tegx/PUF-BOT-6_11_L001_R2_001.fastq --fastq_ascii 33 --fastq_minlen 1 --fastq_minovlen 50 --fastq_maxdiffs 10 --fastq_qmin 0 --fastq_qminout 0 --fastq_qmax 41 --fastq_qmaxout 41 --fasta_width 0 --fastq_truncqual 26 --fastq_minmergelen 313 --fastq_maxmergelen 313 --fastq_maxee 1 --threads 4

Running external command line application. This may print messages to stdout and/or stderr.
The command being run is below. This command cannot be manually re-run as it will depend on temporary files that no longer exist.

Command: gzip /tmp/qiime2/luis/processes/47044-1770669069.56@luis/tmp/q2-OutPath-zn4himeu/PUF-BOT-6_11_L001_R1_001.fastq /tmp/qiime2/luis/processes/47044-1770669069.56@luis/tmp/q2-OutPath-uj30tegx/PUF-BOT-6_11_L001_R1_001.fastq /tmp/qiime2/luis/processes/47044-1770669069.56@luis/tmp/q2-OutPath-uj30tegx/PUF-BOT-6_11_L001_R2_001.fastq

Running external command line application. This may print messages to stdout and/or stderr.
The command being run is below. This command cannot be manually re-run as it will depend on temporary files that no longer exist.

Command: vsearch --fastq_mergepairs /tmp/qiime2/luis/data/32fe6719-0b11-4869-9310-a0e726f6c060/data/PUF-BOT-7_S515_L001_R1_001.fastq.gz --reverse /tmp/qiime2/luis/data/32fe6719-0b11-4869-9310-a0e726f6c060/data/PUF-BOT-7_S515_L001_R2_001.fastq.gz --fastqout /tmp/qiime2/luis/processes/47044-1770669069.56@luis/tmp/q2-OutPath-zn4himeu/PUF-BOT-7_12_L001_R1_001.fastq --fastqout_notmerged_fwd /tmp/qiime2/luis/processes/47044-1770669069.56@luis/tmp/q2-OutPath-uj30tegx/PUF-BOT-7_12_L001_R1_001.fastq --fastqout_notmerged_rev /tmp/qiime2/luis/processes/47044-1770669069.56@luis/tmp/q2-OutPath-uj30tegx/PUF-BOT-7_12_L001_R2_001.fastq --fastq_ascii 33 --fastq_minlen 1 --fastq_minovlen 50 --fastq_maxdiffs 10 --fastq_qmin 0 --fastq_qminout 0 --fastq_qmax 41 --fastq_qmaxout 41 --fasta_width 0 --fastq_truncqual 26 --fastq_minmergelen 313 --fastq_maxmergelen 313 --fastq_maxee 1 --threads 4

Running external command line application. This may print messages to stdout and/or stderr.
The command being run is below. This command cannot be manually re-run as it will depend on temporary files that no longer exist.

Command: gzip /tmp/qiime2/luis/processes/47044-1770669069.56@luis/tmp/q2-OutPath-zn4himeu/PUF-BOT-7_12_L001_R1_001.fastq /tmp/qiime2/luis/processes/47044-1770669069.56@luis/tmp/q2-OutPath-uj30tegx/PUF-BOT-7_12_L001_R1_001.fastq /tmp/qiime2/luis/processes/47044-1770669069.56@luis/tmp/q2-OutPath-uj30tegx/PUF-BOT-7_12_L001_R2_001.fastq

Running external command line application. This may print messages to stdout and/or stderr.
The command being run is below. This command cannot be manually re-run as it will depend on temporary files that no longer exist.

Command: vsearch --fastq_mergepairs /tmp/qiime2/luis/data/32fe6719-0b11-4869-9310-a0e726f6c060/data/PUF-BOT-8_S516_L001_R1_001.fastq.gz --reverse /tmp/qiime2/luis/data/32fe6719-0b11-4869-9310-a0e726f6c060/data/PUF-BOT-8_S516_L001_R2_001.fastq.gz --fastqout /tmp/qiime2/luis/processes/47044-1770669069.56@luis/tmp/q2-OutPath-zn4himeu/PUF-BOT-8_13_L001_R1_001.fastq --fastqout_notmerged_fwd /tmp/qiime2/luis/processes/47044-1770669069.56@luis/tmp/q2-OutPath-uj30tegx/PUF-BOT-8_13_L001_R1_001.fastq --fastqout_notmerged_rev /tmp/qiime2/luis/processes/47044-1770669069.56@luis/tmp/q2-OutPath-uj30tegx/PUF-BOT-8_13_L001_R2_001.fastq --fastq_ascii 33 --fastq_minlen 1 --fastq_minovlen 50 --fastq_maxdiffs 10 --fastq_qmin 0 --fastq_qminout 0 --fastq_qmax 41 --fastq_qmaxout 41 --fasta_width 0 --fastq_truncqual 26 --fastq_minmergelen 313 --fastq_maxmergelen 313 --fastq_maxee 1 --threads 4

Running external command line application. This may print messages to stdout and/or stderr.
The command being run is below. This command cannot be manually re-run as it will depend on temporary files that no longer exist.

Command: gzip /tmp/qiime2/luis/processes/47044-1770669069.56@luis/tmp/q2-OutPath-zn4himeu/PUF-BOT-8_13_L001_R1_001.fastq /tmp/qiime2/luis/processes/47044-1770669069.56@luis/tmp/q2-OutPath-uj30tegx/PUF-BOT-8_13_L001_R1_001.fastq /tmp/qiime2/luis/processes/47044-1770669069.56@luis/tmp/q2-OutPath-uj30tegx/PUF-BOT-8_13_L001_R2_001.fastq

Running external command line application. This may print messages to stdout and/or stderr.
The command being run is below. This command cannot be manually re-run as it will depend on temporary files that no longer exist.

Command: vsearch v2.22.1_linux_x86_64, 14.9GB RAM, 12 cores
https://github.com/torognes/vsearch

Merging reads 100%
     31267  Pairs
      4168  Merged (13.3%)
     27099  Not merged (86.7%)

Pairs that failed merging due to various reasons:
      2414  reads too short (after truncation)
     18994  too few kmers found on same diagonal
         1  multiple potential alignments
      3404  alignment score too low, or score drop too high
      2130  overlap too short
       101  merged fragment too short
        53  merged fragment too long
         2  staggered read pairs

Statistics of all reads:
    274.04  Mean read length

Statistics of merged reads:
    313.00  Mean fragment length
      0.00  Standard deviation of fragment length
      0.04  Mean expected error in forward sequences
      0.03  Mean expected error in reverse sequences
      0.04  Mean expected error in merged sequences
      0.00  Mean observed errors in merged region of forward sequences
      0.00  Mean observed errors in merged region of reverse sequences
      0.00  Mean observed errors in merged region
vsearch v2.22.1_linux_x86_64, 14.9GB RAM, 12 cores
https://github.com/torognes/vsearch

Merging reads 100%
      3800  Pairs
       465  Merged (12.2%)
      3335  Not merged (87.8%)

Pairs that failed merging due to various reasons:
       342  reads too short (after truncation)
      2263  too few kmers found on same diagonal
       456  alignment score too low, or score drop too high
       230  overlap too short
        39  merged fragment too short
         3  merged fragment too long
         2  staggered read pairs

Statistics of all reads:
    274.04  Mean read length

Statistics of merged reads:
    313.00  Mean fragment length
      0.00  Standard deviation of fragment length
      0.05  Mean expected error in forward sequences
      0.03  Mean expected error in reverse sequences
      0.04  Mean expected error in merged sequences
      0.00  Mean observed errors in merged region of forward sequences
      0.00  Mean observed errors in merged region of reverse sequences
      0.00  Mean observed errors in merged region
vsearch v2.22.1_linux_x86_64, 14.9GB RAM, 12 cores
https://github.com/torognes/vsearch

Merging reads 100%
     18586  Pairs
      2667  Merged (14.3%)
     15919  Not merged (85.7%)

Pairs that failed merging due to various reasons:
      1260  reads too short (after truncation)
     11452  too few kmers found on same diagonal
      1730  alignment score too low, or score drop too high
      1145  overlap too short
       278  merged fragment too short
        37  merged fragment too long
        17  staggered read pairs

Statistics of all reads:
    274.04  Mean read length

Statistics of merged reads:
    313.00  Mean fragment length
      0.00  Standard deviation of fragment length
      0.04  Mean expected error in forward sequences
      0.03  Mean expected error in reverse sequences
      0.04  Mean expected error in merged sequences
      0.00  Mean observed errors in merged region of forward sequences
      0.00  Mean observed errors in merged region of reverse sequences
      0.00  Mean observed errors in merged region
vsearch v2.22.1_linux_x86_64, 14.9GB RAM, 12 cores
https://github.com/torognes/vsearch

Merging reads 100%
     15708  Pairs
      2504  Merged (15.9%)
     13204  Not merged (84.1%)

Pairs that failed merging due to various reasons:
      1093  reads too short (after truncation)
      9470  too few kmers found on same diagonal
         1  multiple potential alignments
      1451  alignment score too low, or score drop too high
      1031  overlap too short
       122  merged fragment too short
        32  merged fragment too long
         4  staggered read pairs

Statistics of all reads:
    274.04  Mean read length

Statistics of merged reads:
    313.00  Mean fragment length
      0.00  Standard deviation of fragment length
      0.04  Mean expected error in forward sequences
      0.03  Mean expected error in reverse sequences
      0.04  Mean expected error in merged sequences
      0.00  Mean observed errors in merged region of forward sequences
      0.00  Mean observed errors in merged region of reverse sequences
      0.00  Mean observed errors in merged region
vsearch v2.22.1_linux_x86_64, 14.9GB RAM, 12 cores
https://github.com/torognes/vsearch

Merging reads 100%
     17174  Pairs
      2911  Merged (17.0%)
     14263  Not merged (83.0%)

Pairs that failed merging due to various reasons:
      1220  reads too short (after truncation)
     10280  too few kmers found on same diagonal
         1  multiple potential alignments
      1457  alignment score too low, or score drop too high
      1177  overlap too short
        93  merged fragment too short
        31  merged fragment too long
         4  staggered read pairs

Statistics of all reads:
    274.04  Mean read length

Statistics of merged reads:
    313.00  Mean fragment length
      0.00  Standard deviation of fragment length
      0.04  Mean expected error in forward sequences
      0.03  Mean expected error in reverse sequences
      0.04  Mean expected error in merged sequences
      0.00  Mean observed errors in merged region of forward sequences
      0.00  Mean observed errors in merged region of reverse sequences
      0.00  Mean observed errors in merged region
vsearch --fastq_mergepairs /tmp/qiime2/luis/data/32fe6719-0b11-4869-9310-a0e726f6c060/data/PUF-BOT-9_E517_L001_R1_001.fastq.gz --reverse /tmp/qiime2/luis/data/32fe6719-0b11-4869-9310-a0e726f6c060/data/PUF-BOT-9_E517_L001_R2_001.fastq.gz --fastqout /tmp/qiime2/luis/processes/47044-1770669069.56@luis/tmp/q2-OutPath-zn4himeu/PUF-BOT-9_14_L001_R1_001.fastq --fastqout_notmerged_fwd /tmp/qiime2/luis/processes/47044-1770669069.56@luis/tmp/q2-OutPath-uj30tegx/PUF-BOT-9_14_L001_R1_001.fastq --fastqout_notmerged_rev /tmp/qiime2/luis/processes/47044-1770669069.56@luis/tmp/q2-OutPath-uj30tegx/PUF-BOT-9_14_L001_R2_001.fastq --fastq_ascii 33 --fastq_minlen 1 --fastq_minovlen 50 --fastq_maxdiffs 10 --fastq_qmin 0 --fastq_qminout 0 --fastq_qmax 41 --fastq_qmaxout 41 --fasta_width 0 --fastq_truncqual 26 --fastq_minmergelen 313 --fastq_maxmergelen 313 --fastq_maxee 1 --threads 4

Running external command line application. This may print messages to stdout and/or stderr.
The command being run is below. This command cannot be manually re-run as it will depend on temporary files that no longer exist.

Command: gzip /tmp/qiime2/luis/processes/47044-1770669069.56@luis/tmp/q2-OutPath-zn4himeu/PUF-BOT-9_14_L001_R1_001.fastq /tmp/qiime2/luis/processes/47044-1770669069.56@luis/tmp/q2-OutPath-uj30tegx/PUF-BOT-9_14_L001_R1_001.fastq /tmp/qiime2/luis/processes/47044-1770669069.56@luis/tmp/q2-OutPath-uj30tegx/PUF-BOT-9_14_L001_R2_001.fastq

Running external command line application. This may print messages to stdout and/or stderr.
The command being run is below. This command cannot be manually re-run as it will depend on temporary files that no longer exist.

Command: vsearch --fastq_mergepairs /tmp/qiime2/luis/data/32fe6719-0b11-4869-9310-a0e726f6c060/data/PUF-BOU-1_E517_L001_R1_001.fastq.gz --reverse /tmp/qiime2/luis/data/32fe6719-0b11-4869-9310-a0e726f6c060/data/PUF-BOU-1_E517_L001_R2_001.fastq.gz --fastqout /tmp/qiime2/luis/processes/47044-1770669069.56@luis/tmp/q2-OutPath-zn4himeu/PUF-BOU-1_15_L001_R1_001.fastq --fastqout_notmerged_fwd /tmp/qiime2/luis/processes/47044-1770669069.56@luis/tmp/q2-OutPath-uj30tegx/PUF-BOU-1_15_L001_R1_001.fastq --fastqout_notmerged_rev /tmp/qiime2/luis/processes/47044-1770669069.56@luis/tmp/q2-OutPath-uj30tegx/PUF-BOU-1_15_L001_R2_001.fastq --fastq_ascii 33 --fastq_minlen 1 --fastq_minovlen 50 --fastq_maxdiffs 10 --fastq_qmin 0 --fastq_qminout 0 --fastq_qmax 41 --fastq_qmaxout 41 --fasta_width 0 --fastq_truncqual 26 --fastq_minmergelen 313 --fastq_maxmergelen 313 --fastq_maxee 1 --threads 4

Running external command line application. This may print messages to stdout and/or stderr.
The command being run is below. This command cannot be manually re-run as it will depend on temporary files that no longer exist.

Command: gzip /tmp/qiime2/luis/processes/47044-1770669069.56@luis/tmp/q2-OutPath-zn4himeu/PUF-BOU-1_15_L001_R1_001.fastq /tmp/qiime2/luis/processes/47044-1770669069.56@luis/tmp/q2-OutPath-uj30tegx/PUF-BOU-1_15_L001_R1_001.fastq /tmp/qiime2/luis/processes/47044-1770669069.56@luis/tmp/q2-OutPath-uj30tegx/PUF-BOU-1_15_L001_R2_001.fastq

Running external command line application. This may print messages to stdout and/or stderr.
The command being run is below. This command cannot be manually re-run as it will depend on temporary files that no longer exist.

Command: vsearch --fastq_mergepairs /tmp/qiime2/luis/data/32fe6719-0b11-4869-9310-a0e726f6c060/data/PUF-BOU-2_S522_L001_R1_001.fastq.gz --reverse /tmp/qiime2/luis/data/32fe6719-0b11-4869-9310-a0e726f6c060/data/PUF-BOU-2_S522_L001_R2_001.fastq.gz --fastqout /tmp/qiime2/luis/processes/47044-1770669069.56@luis/tmp/q2-OutPath-zn4himeu/PUF-BOU-2_16_L001_R1_001.fastq --fastqout_notmerged_fwd /tmp/qiime2/luis/processes/47044-1770669069.56@luis/tmp/q2-OutPath-uj30tegx/PUF-BOU-2_16_L001_R1_001.fastq --fastqout_notmerged_rev /tmp/qiime2/luis/processes/47044-1770669069.56@luis/tmp/q2-OutPath-uj30tegx/PUF-BOU-2_16_L001_R2_001.fastq --fastq_ascii 33 --fastq_minlen 1 --fastq_minovlen 50 --fastq_maxdiffs 10 --fastq_qmin 0 --fastq_qminout 0 --fastq_qmax 41 --fastq_qmaxout 41 --fasta_width 0 --fastq_truncqual 26 --fastq_minmergelen 313 --fastq_maxmergelen 313 --fastq_maxee 1 --threads 4

Running external command line application. This may print messages to stdout and/or stderr.
The command being run is below. This command cannot be manually re-run as it will depend on temporary files that no longer exist.

Command: gzip /tmp/qiime2/luis/processes/47044-1770669069.56@luis/tmp/q2-OutPath-zn4himeu/PUF-BOU-2_16_L001_R1_001.fastq /tmp/qiime2/luis/processes/47044-1770669069.56@luis/tmp/q2-OutPath-uj30tegx/PUF-BOU-2_16_L001_R1_001.fastq /tmp/qiime2/luis/processes/47044-1770669069.56@luis/tmp/q2-OutPath-uj30tegx/PUF-BOU-2_16_L001_R2_001.fastq

Running external command line application. This may print messages to stdout and/or stderr.
The command being run is below. This command cannot be manually re-run as it will depend on temporary files that no longer exist.

Command: vsearch --fastq_mergepairs /tmp/qiime2/luis/data/32fe6719-0b11-4869-9310-a0e726f6c060/data/PUF-BOU-3_S516_L001_R1_001.fastq.gz --reverse /tmp/qiime2/luis/data/32fe6719-0b11-4869-9310-a0e726f6c060/data/PUF-BOU-3_S516_L001_R2_001.fastq.gz --fastqout /tmp/qiime2/luis/processes/47044-1770669069.56@luis/tmp/q2-OutPath-zn4himeu/PUF-BOU-3_17_L001_R1_001.fastq --fastqout_notmerged_fwd /tmp/qiime2/luis/processes/47044-1770669069.56@luis/tmp/q2-OutPath-uj30tegx/PUF-BOU-3_17_L001_R1_001.fastq --fastqout_notmerged_rev /tmp/qiime2/luis/processes/47044-1770669069.56@luis/tmp/q2-OutPath-uj30tegx/PUF-BOU-3_17_L001_R2_001.fastq --fastq_ascii 33 --fastq_minlen 1 --fastq_minovlen 50 --fastq_maxdiffs 10 --fastq_qmin 0 --fastq_qminout 0 --fastq_qmax 41 --fastq_qmaxout 41 --fasta_width 0 --fastq_truncqual 26 --fastq_minmergelen 313 --fastq_maxmergelen 313 --fastq_maxee 1 --threads 4

Running external command line application. This may print messages to stdout and/or stderr.
The command being run is below. This command cannot be manually re-run as it will depend on temporary files that no longer exist.

Command: gzip /tmp/qiime2/luis/processes/47044-1770669069.56@luis/tmp/q2-OutPath-zn4himeu/PUF-BOU-3_17_L001_R1_001.fastq /tmp/qiime2/luis/processes/47044-1770669069.56@luis/tmp/q2-OutPath-uj30tegx/PUF-BOU-3_17_L001_R1_001.fastq /tmp/qiime2/luis/processes/47044-1770669069.56@luis/tmp/q2-OutPath-uj30tegx/PUF-BOU-3_17_L001_R2_001.fastq

Running external command line application. This may print messages to stdout and/or stderr.
The command being run is below. This command cannot be manually re-run as it will depend on temporary files that no longer exist.

Command: vsearch --fastq_mergepairs /tmp/qiime2/luis/data/32fe6719-0b11-4869-9310-a0e726f6c060/data/PUF-BOU-4_S513_L001_R1_001.fastq.gz --reverse /tmp/qiime2/luis/data/32fe6719-0b11-4869-9310-a0e726f6c060/data/PUF-BOU-4_S513_L001_R2_001.fastq.gz --fastqout /tmp/qiime2/luis/processes/47044-1770669069.56@luis/tmp/q2-OutPath-zn4himeu/PUF-BOU-4_18_L001_R1_001.fastq --fastqout_notmerged_fwd /tmp/qiime2/luis/processes/47044-1770669069.56@luis/tmp/q2-OutPath-uj30tegx/PUF-BOU-4_18_L001_R1_001.fastq --fastqout_notmerged_rev /tmp/qiime2/luis/processes/47044-1770669069.56@luis/tmp/q2-OutPath-uj30tegx/PUF-BOU-4_18_L001_R2_001.fastq --fastq_ascii 33 --fastq_minlen 1 --fastq_minovlen 50 --fastq_maxdiffs 10 --fastq_qmin 0 --fastq_qminout 0 --fastq_qmax 41 --fastq_qmaxout 41 --fasta_width 0 --fastq_truncqual 26 --fastq_minmergelen 313 --fastq_maxmergelen 313 --fastq_maxee 1 --threads 4

Running external command line application. This may print messages to stdout and/or stderr.
The command being run is below. This command cannot be manually re-run as it will depend on temporary files that no longer exist.

Command: gzip /tmp/qiime2/luis/processes/47044-1770669069.56@luis/tmp/q2-OutPath-zn4himeu/PUF-BOU-4_18_L001_R1_001.fastq /tmp/qiime2/luis/processes/47044-1770669069.56@luis/tmp/q2-OutPath-uj30tegx/PUF-BOU-4_18_L001_R1_001.fastq /tmp/qiime2/luis/processes/47044-1770669069.56@luis/tmp/q2-OutPath-uj30tegx/PUF-BOU-4_18_L001_R2_001.fastq

Running external command line application. This may print messages to stdout and/or stderr.
vsearch v2.22.1_linux_x86_64, 14.9GB RAM, 12 cores
https://github.com/torognes/vsearch

Merging reads 100%
     51227  Pairs
      8722  Merged (17.0%)
     42505  Not merged (83.0%)

Pairs that failed merging due to various reasons:
      3790  reads too short (after truncation)
     30682  too few kmers found on same diagonal
      4073  alignment score too low, or score drop too high
      3260  overlap too short
       560  merged fragment too short
       124  merged fragment too long
        16  staggered read pairs

Statistics of all reads:
    274.04  Mean read length

Statistics of merged reads:
    313.00  Mean fragment length
      0.00  Standard deviation of fragment length
      0.04  Mean expected error in forward sequences
      0.03  Mean expected error in reverse sequences
      0.04  Mean expected error in merged sequences
      0.00  Mean observed errors in merged region of forward sequences
      0.00  Mean observed errors in merged region of reverse sequences
      0.00  Mean observed errors in merged region
vsearch v2.22.1_linux_x86_64, 14.9GB RAM, 12 cores
https://github.com/torognes/vsearch

Merging reads 100%
     18624  Pairs
      3249  Merged (17.4%)
     15375  Not merged (82.6%)

Pairs that failed merging due to various reasons:
      1304  reads too short (after truncation)
     10981  too few kmers found on same diagonal
      1717  alignment score too low, or score drop too high
      1151  overlap too short
       182  merged fragment too short
        39  merged fragment too long
         1  staggered read pairs

Statistics of all reads:
    274.04  Mean read length

Statistics of merged reads:
    313.00  Mean fragment length
      0.00  Standard deviation of fragment length
      0.04  Mean expected error in forward sequences
      0.03  Mean expected error in reverse sequences
      0.04  Mean expected error in merged sequences
      0.00  Mean observed errors in merged region of forward sequences
      0.00  Mean observed errors in merged region of reverse sequences
      0.00  Mean observed errors in merged region
vsearch v2.22.1_linux_x86_64, 14.9GB RAM, 12 cores
https://github.com/torognes/vsearch

Merging reads 100%
     55026  Pairs
      9611  Merged (17.5%)
     45415  Not merged (82.5%)

Pairs that failed merging due to various reasons:
      3623  reads too short (after truncation)
     31524  too few kmers found on same diagonal
      6043  alignment score too low, or score drop too high
      3570  overlap too short
       529  merged fragment too short
       121  merged fragment too long
         5  staggered read pairs

Statistics of all reads:
    274.04  Mean read length

Statistics of merged reads:
    313.00  Mean fragment length
      0.00  Standard deviation of fragment length
      0.04  Mean expected error in forward sequences
      0.03  Mean expected error in reverse sequences
      0.04  Mean expected error in merged sequences
      0.00  Mean observed errors in merged region of forward sequences
      0.00  Mean observed errors in merged region of reverse sequences
      0.00  Mean observed errors in merged region
vsearch v2.22.1_linux_x86_64, 14.9GB RAM, 12 cores
https://github.com/torognes/vsearch

Merging reads 100%
     50272  Pairs
      6040  Merged (12.0%)
     44232  Not merged (88.0%)

Pairs that failed merging due to various reasons:
      3588  reads too short (after truncation)
     31028  too few kmers found on same diagonal
      5951  alignment score too low, or score drop too high
      3349  overlap too short
       236  merged fragment too short
        77  merged fragment too long
         3  staggered read pairs

Statistics of all reads:
    274.04  Mean read length

Statistics of merged reads:
    313.00  Mean fragment length
      0.00  Standard deviation of fragment length
      0.04  Mean expected error in forward sequences
      0.03  Mean expected error in reverse sequences
      0.04  Mean expected error in merged sequences
      0.00  Mean observed errors in merged region of forward sequences
      0.00  Mean observed errors in merged region of reverse sequences
      0.00  Mean observed errors in merged region
vsearch v2.22.1_linux_x86_64, 14.9GB RAM, 12 cores
https://github.com/torognes/vsearch

Merging reads 100%
     74815  Pairs
     12971  Merged (17.3%)
     61844  Not merged (82.7%)

Pairs that failed merging due to various reasons:
      4985  reads too short (after truncation)
     43073  too few kmers found on same diagonal
         2  multiple potential alignments
      7281  alignment score too low, or score drop too high
      4939  overlap too short
      1410  merged fragment too short
       146  merged fragment too long
         8  staggered read pairs

Statistics of all reads:
    274.04  Mean read length

Statistics of merged reads:
    313.00  Mean fragment length
      0.00  Standard deviation of fragment length
      0.04  Mean expected error in forward sequences
      0.03  Mean expected error in reverse sequences
      0.04  Mean expected error in merged sequences
      0.00  Mean observed errors in merged region of forward sequences
      0.00  Mean observed errors in merged region of reverse sequences
      0.00  Mean observed errors in merged region
The command being run is below. This command cannot be manually re-run as it will depend on temporary files that no longer exist.

Command: vsearch --fastq_mergepairs /tmp/qiime2/luis/data/32fe6719-0b11-4869-9310-a0e726f6c060/data/PUF-BOU-5_S513_L001_R1_001.fastq.gz --reverse /tmp/qiime2/luis/data/32fe6719-0b11-4869-9310-a0e726f6c060/data/PUF-BOU-5_S513_L001_R2_001.fastq.gz --fastqout /tmp/qiime2/luis/processes/47044-1770669069.56@luis/tmp/q2-OutPath-zn4himeu/PUF-BOU-5_19_L001_R1_001.fastq --fastqout_notmerged_fwd /tmp/qiime2/luis/processes/47044-1770669069.56@luis/tmp/q2-OutPath-uj30tegx/PUF-BOU-5_19_L001_R1_001.fastq --fastqout_notmerged_rev /tmp/qiime2/luis/processes/47044-1770669069.56@luis/tmp/q2-OutPath-uj30tegx/PUF-BOU-5_19_L001_R2_001.fastq --fastq_ascii 33 --fastq_minlen 1 --fastq_minovlen 50 --fastq_maxdiffs 10 --fastq_qmin 0 --fastq_qminout 0 --fastq_qmax 41 --fastq_qmaxout 41 --fasta_width 0 --fastq_truncqual 26 --fastq_minmergelen 313 --fastq_maxmergelen 313 --fastq_maxee 1 --threads 4

Running external command line application. This may print messages to stdout and/or stderr.
The command being run is below. This command cannot be manually re-run as it will depend on temporary files that no longer exist.

Command: gzip /tmp/qiime2/luis/processes/47044-1770669069.56@luis/tmp/q2-OutPath-zn4himeu/PUF-BOU-5_19_L001_R1_001.fastq /tmp/qiime2/luis/processes/47044-1770669069.56@luis/tmp/q2-OutPath-uj30tegx/PUF-BOU-5_19_L001_R1_001.fastq /tmp/qiime2/luis/processes/47044-1770669069.56@luis/tmp/q2-OutPath-uj30tegx/PUF-BOU-5_19_L001_R2_001.fastq

Running external command line application. This may print messages to stdout and/or stderr.
The command being run is below. This command cannot be manually re-run as it will depend on temporary files that no longer exist.

Command: vsearch --fastq_mergepairs /tmp/qiime2/luis/data/32fe6719-0b11-4869-9310-a0e726f6c060/data/PUF-BOU-6_S515_L001_R1_001.fastq.gz --reverse /tmp/qiime2/luis/data/32fe6719-0b11-4869-9310-a0e726f6c060/data/PUF-BOU-6_S515_L001_R2_001.fastq.gz --fastqout /tmp/qiime2/luis/processes/47044-1770669069.56@luis/tmp/q2-OutPath-zn4himeu/PUF-BOU-6_20_L001_R1_001.fastq --fastqout_notmerged_fwd /tmp/qiime2/luis/processes/47044-1770669069.56@luis/tmp/q2-OutPath-uj30tegx/PUF-BOU-6_20_L001_R1_001.fastq --fastqout_notmerged_rev /tmp/qiime2/luis/processes/47044-1770669069.56@luis/tmp/q2-OutPath-uj30tegx/PUF-BOU-6_20_L001_R2_001.fastq --fastq_ascii 33 --fastq_minlen 1 --fastq_minovlen 50 --fastq_maxdiffs 10 --fastq_qmin 0 --fastq_qminout 0 --fastq_qmax 41 --fastq_qmaxout 41 --fasta_width 0 --fastq_truncqual 26 --fastq_minmergelen 313 --fastq_maxmergelen 313 --fastq_maxee 1 --threads 4

Running external command line application. This may print messages to stdout and/or stderr.
The command being run is below. This command cannot be manually re-run as it will depend on temporary files that no longer exist.

Command: gzip /tmp/qiime2/luis/processes/47044-1770669069.56@luis/tmp/q2-OutPath-zn4himeu/PUF-BOU-6_20_L001_R1_001.fastq /tmp/qiime2/luis/processes/47044-1770669069.56@luis/tmp/q2-OutPath-uj30tegx/PUF-BOU-6_20_L001_R1_001.fastq /tmp/qiime2/luis/processes/47044-1770669069.56@luis/tmp/q2-OutPath-uj30tegx/PUF-BOU-6_20_L001_R2_001.fastq

Running external command line application. This may print messages to stdout and/or stderr.
The command being run is below. This command cannot be manually re-run as it will depend on temporary files that no longer exist.

Command: vsearch --fastq_mergepairs /tmp/qiime2/luis/data/32fe6719-0b11-4869-9310-a0e726f6c060/data/PUF-BOU-8_S521_L001_R1_001.fastq.gz --reverse /tmp/qiime2/luis/data/32fe6719-0b11-4869-9310-a0e726f6c060/data/PUF-BOU-8_S521_L001_R2_001.fastq.gz --fastqout /tmp/qiime2/luis/processes/47044-1770669069.56@luis/tmp/q2-OutPath-zn4himeu/PUF-BOU-8_21_L001_R1_001.fastq --fastqout_notmerged_fwd /tmp/qiime2/luis/processes/47044-1770669069.56@luis/tmp/q2-OutPath-uj30tegx/PUF-BOU-8_21_L001_R1_001.fastq --fastqout_notmerged_rev /tmp/qiime2/luis/processes/47044-1770669069.56@luis/tmp/q2-OutPath-uj30tegx/PUF-BOU-8_21_L001_R2_001.fastq --fastq_ascii 33 --fastq_minlen 1 --fastq_minovlen 50 --fastq_maxdiffs 10 --fastq_qmin 0 --fastq_qminout 0 --fastq_qmax 41 --fastq_qmaxout 41 --fasta_width 0 --fastq_truncqual 26 --fastq_minmergelen 313 --fastq_maxmergelen 313 --fastq_maxee 1 --threads 4

Running external command line application. This may print messages to stdout and/or stderr.
The command being run is below. This command cannot be manually re-run as it will depend on temporary files that no longer exist.

Command: gzip /tmp/qiime2/luis/processes/47044-1770669069.56@luis/tmp/q2-OutPath-zn4himeu/PUF-BOU-8_21_L001_R1_001.fastq /tmp/qiime2/luis/processes/47044-1770669069.56@luis/tmp/q2-OutPath-uj30tegx/PUF-BOU-8_21_L001_R1_001.fastq /tmp/qiime2/luis/processes/47044-1770669069.56@luis/tmp/q2-OutPath-uj30tegx/PUF-BOU-8_21_L001_R2_001.fastq

Running external command line application. This may print messages to stdout and/or stderr.
The command being run is below. This command cannot be manually re-run as it will depend on temporary files that no longer exist.

Command: vsearch --fastq_mergepairs /tmp/qiime2/luis/data/32fe6719-0b11-4869-9310-a0e726f6c060/data/PUF-BOU-9_E517_L001_R1_001.fastq.gz --reverse /tmp/qiime2/luis/data/32fe6719-0b11-4869-9310-a0e726f6c060/data/PUF-BOU-9_E517_L001_R2_001.fastq.gz --fastqout /tmp/qiime2/luis/processes/47044-1770669069.56@luis/tmp/q2-OutPath-zn4himeu/PUF-BOU-9_22_L001_R1_001.fastq --fastqout_notmerged_fwd /tmp/qiime2/luis/processes/47044-1770669069.56@luis/tmp/q2-OutPath-uj30tegx/PUF-BOU-9_22_L001_R1_001.fastq --fastqout_notmerged_rev /tmp/qiime2/luis/processes/47044-1770669069.56@luis/tmp/q2-OutPath-uj30tegx/PUF-BOU-9_22_L001_R2_001.fastq --fastq_ascii 33 --fastq_minlen 1 --fastq_minovlen 50 --fastq_maxdiffs 10 --fastq_qmin 0 --fastq_qminout 0 --fastq_qmax 41 --fastq_qmaxout 41 --fasta_width 0 --fastq_truncqual 26 --fastq_minmergelen 313 --fastq_maxmergelen 313 --fastq_maxee 1 --threads 4

Running external command line application. This may print messages to stdout and/or stderr.
The command being run is below. This command cannot be manually re-run as it will depend on temporary files that no longer exist.

Command: gzip /tmp/qiime2/luis/processes/47044-1770669069.56@luis/tmp/q2-OutPath-zn4himeu/PUF-BOU-9_22_L001_R1_001.fastq /tmp/qiime2/luis/processes/47044-1770669069.56@luis/tmp/q2-OutPath-uj30tegx/PUF-BOU-9_22_L001_R1_001.fastq /tmp/qiime2/luis/processes/47044-1770669069.56@luis/tmp/q2-OutPath-uj30tegx/PUF-BOU-9_22_L001_R2_001.fastq

Running external command line application. This may print messages to stdout and/or stderr.
The command being run is below. This command cannot be manually re-run as it will depend on temporary files that no longer exist.

Command: vsearch --fastq_mergepairs /tmp/qiime2/luis/data/32fe6719-0b11-4869-9310-a0e726f6c060/data/PUF-IPEX-10_S518_L001_R1_001.fastq.gz --reverse /tmp/qiime2/luis/data/32fe6719-0b11-4869-9310-a0e726f6c060/data/PUF-IPEX-10_S518_L001_R2_001.fastq.gz --fastqout /tmp/qiime2/luis/processes/47044-1770669069.56@luis/tmp/q2-OutPath-zn4himeu/PUF-IPEX-10_23_L001_R1_001.fastq --fastqout_notmerged_fwd /tmp/qiime2/luis/processes/47044-1770669069.56@luis/tmp/q2-OutPath-uj30tegx/PUF-IPEX-10_23_L001_R1_001.fastq --fastqout_notmerged_rev /tmp/qiime2/luis/processes/47044-1770669069.56@luis/tmp/q2-OutPath-uj30tegx/PUF-IPEX-10_23_L001_R2_001.fastq --fastq_ascii 33 --fastq_minlen 1 --fastq_minovlen 50 --fastq_maxdiffs 10 --fastq_qmin 0 --fastq_qminout 0 --fastq_qmax 41 --fastq_qmaxout 41 --fasta_width 0 --fastq_truncqual 26 --fastq_minmergelen 313 --fastq_maxmergelen 313 --fastq_maxee 1 --threads 4

Running external command line application. This may print messages to stdout and/or stderr.
The command being run is below. This command cannot be manually re-run as it will depend on temporary files that no longer exist.

Command: vsearch v2.22.1_linux_x86_64, 14.9GB RAM, 12 cores
https://github.com/torognes/vsearch

Merging reads 100%
     29314  Pairs
      3684  Merged (12.6%)
     25630  Not merged (87.4%)

Pairs that failed merging due to various reasons:
      2056  reads too short (after truncation)
     18184  too few kmers found on same diagonal
      3328  alignment score too low, or score drop too high
      1857  overlap too short
       152  merged fragment too short
        41  merged fragment too long
        12  staggered read pairs

Statistics of all reads:
    274.04  Mean read length

Statistics of merged reads:
    313.00  Mean fragment length
      0.00  Standard deviation of fragment length
      0.04  Mean expected error in forward sequences
      0.03  Mean expected error in reverse sequences
      0.04  Mean expected error in merged sequences
      0.00  Mean observed errors in merged region of forward sequences
      0.00  Mean observed errors in merged region of reverse sequences
      0.00  Mean observed errors in merged region
vsearch v2.22.1_linux_x86_64, 14.9GB RAM, 12 cores
https://github.com/torognes/vsearch

Merging reads 100%
     65366  Pairs
     10660  Merged (16.3%)
     54706  Not merged (83.7%)

Pairs that failed merging due to various reasons:
      4322  reads too short (after truncation)
     37635  too few kmers found on same diagonal
         3  multiple potential alignments
      7144  alignment score too low, or score drop too high
      4271  overlap too short
      1183  merged fragment too short
       145  merged fragment too long
         3  staggered read pairs

Statistics of all reads:
    274.04  Mean read length

Statistics of merged reads:
    313.00  Mean fragment length
      0.00  Standard deviation of fragment length
      0.04  Mean expected error in forward sequences
      0.03  Mean expected error in reverse sequences
      0.04  Mean expected error in merged sequences
      0.00  Mean observed errors in merged region of forward sequences
      0.00  Mean observed errors in merged region of reverse sequences
      0.00  Mean observed errors in merged region
vsearch v2.22.1_linux_x86_64, 14.9GB RAM, 12 cores
https://github.com/torognes/vsearch

Merging reads 100%
     84810  Pairs
     15302  Merged (18.0%)
     69508  Not merged (82.0%)

Pairs that failed merging due to various reasons:
      5634  reads too short (after truncation)
     49030  too few kmers found on same diagonal
         3  multiple potential alignments
      8556  alignment score too low, or score drop too high
      5391  overlap too short
       698  merged fragment too short
       183  merged fragment too long
        13  staggered read pairs

Statistics of all reads:
    274.04  Mean read length

Statistics of merged reads:
    313.00  Mean fragment length
      0.00  Standard deviation of fragment length
      0.04  Mean expected error in forward sequences
      0.03  Mean expected error in reverse sequences
      0.04  Mean expected error in merged sequences
      0.00  Mean observed errors in merged region of forward sequences
      0.00  Mean observed errors in merged region of reverse sequences
      0.00  Mean observed errors in merged region
vsearch v2.22.1_linux_x86_64, 14.9GB RAM, 12 cores
https://github.com/torognes/vsearch

Merging reads 100%
     43889  Pairs
      8310  Merged (18.9%)
     35579  Not merged (81.1%)

Pairs that failed merging due to various reasons:
      2863  reads too short (after truncation)
     23475  too few kmers found on same diagonal
         3  multiple potential alignments
      5879  alignment score too low, or score drop too high
      3005  overlap too short
       278  merged fragment too short
        74  merged fragment too long
         2  staggered read pairs

Statistics of all reads:
    274.04  Mean read length

Statistics of merged reads:
    313.00  Mean fragment length
      0.00  Standard deviation of fragment length
      0.05  Mean expected error in forward sequences
      0.03  Mean expected error in reverse sequences
      0.04  Mean expected error in merged sequences
      0.00  Mean observed errors in merged region of forward sequences
      0.00  Mean observed errors in merged region of reverse sequences
      0.00  Mean observed errors in merged region
vsearch v2.22.1_linux_x86_64, 14.9GB RAM, 12 cores
https://github.com/torognes/vsearch

Merging reads 100%
     38520  Pairs
      6300  Merged (16.4%)
     32220  Not merged (83.6%)

Pairs that failed merging due to various reasons:
      2571  reads too short (after truncation)
     22822  too few kmers found on same diagonal
         1  multiple potential alignments
      3966  alignment score too low, or score drop too high
      2275  overlap too short
       523  merged fragment too short
        58  merged fragment too long
         4  staggered read pairs

Statistics of all reads:
    274.04  Mean read length

Statistics of merged reads:
    313.00  Mean fragment length
      0.00  Standard deviation of fragment length
      0.04  Mean expected error in forward sequences
      0.03  Mean expected error in reverse sequences
      0.04  Mean expected error in merged sequences
      0.00  Mean observed errors in merged region of forward sequences
      0.00  Mean observed errors in merged region of reverse sequences
      0.00  Mean observed errors in merged region
gzip /tmp/qiime2/luis/processes/47044-1770669069.56@luis/tmp/q2-OutPath-zn4himeu/PUF-IPEX-10_23_L001_R1_001.fastq /tmp/qiime2/luis/processes/47044-1770669069.56@luis/tmp/q2-OutPath-uj30tegx/PUF-IPEX-10_23_L001_R1_001.fastq /tmp/qiime2/luis/processes/47044-1770669069.56@luis/tmp/q2-OutPath-uj30tegx/PUF-IPEX-10_23_L001_R2_001.fastq

Running external command line application. This may print messages to stdout and/or stderr.
The command being run is below. This command cannot be manually re-run as it will depend on temporary files that no longer exist.

Command: vsearch --fastq_mergepairs /tmp/qiime2/luis/data/32fe6719-0b11-4869-9310-a0e726f6c060/data/PUF-IPEX-2_S516_L001_R1_001.fastq.gz --reverse /tmp/qiime2/luis/data/32fe6719-0b11-4869-9310-a0e726f6c060/data/PUF-IPEX-2_S516_L001_R2_001.fastq.gz --fastqout /tmp/qiime2/luis/processes/47044-1770669069.56@luis/tmp/q2-OutPath-zn4himeu/PUF-IPEX-2_24_L001_R1_001.fastq --fastqout_notmerged_fwd /tmp/qiime2/luis/processes/47044-1770669069.56@luis/tmp/q2-OutPath-uj30tegx/PUF-IPEX-2_24_L001_R1_001.fastq --fastqout_notmerged_rev /tmp/qiime2/luis/processes/47044-1770669069.56@luis/tmp/q2-OutPath-uj30tegx/PUF-IPEX-2_24_L001_R2_001.fastq --fastq_ascii 33 --fastq_minlen 1 --fastq_minovlen 50 --fastq_maxdiffs 10 --fastq_qmin 0 --fastq_qminout 0 --fastq_qmax 41 --fastq_qmaxout 41 --fasta_width 0 --fastq_truncqual 26 --fastq_minmergelen 313 --fastq_maxmergelen 313 --fastq_maxee 1 --threads 4

Running external command line application. This may print messages to stdout and/or stderr.
The command being run is below. This command cannot be manually re-run as it will depend on temporary files that no longer exist.

Command: gzip /tmp/qiime2/luis/processes/47044-1770669069.56@luis/tmp/q2-OutPath-zn4himeu/PUF-IPEX-2_24_L001_R1_001.fastq /tmp/qiime2/luis/processes/47044-1770669069.56@luis/tmp/q2-OutPath-uj30tegx/PUF-IPEX-2_24_L001_R1_001.fastq /tmp/qiime2/luis/processes/47044-1770669069.56@luis/tmp/q2-OutPath-uj30tegx/PUF-IPEX-2_24_L001_R2_001.fastq

Running external command line application. This may print messages to stdout and/or stderr.
The command being run is below. This command cannot be manually re-run as it will depend on temporary files that no longer exist.

Command: vsearch --fastq_mergepairs /tmp/qiime2/luis/data/32fe6719-0b11-4869-9310-a0e726f6c060/data/PUF-IPEX-4_S520_L001_R1_001.fastq.gz --reverse /tmp/qiime2/luis/data/32fe6719-0b11-4869-9310-a0e726f6c060/data/PUF-IPEX-4_S520_L001_R2_001.fastq.gz --fastqout /tmp/qiime2/luis/processes/47044-1770669069.56@luis/tmp/q2-OutPath-zn4himeu/PUF-IPEX-4_25_L001_R1_001.fastq --fastqout_notmerged_fwd /tmp/qiime2/luis/processes/47044-1770669069.56@luis/tmp/q2-OutPath-uj30tegx/PUF-IPEX-4_25_L001_R1_001.fastq --fastqout_notmerged_rev /tmp/qiime2/luis/processes/47044-1770669069.56@luis/tmp/q2-OutPath-uj30tegx/PUF-IPEX-4_25_L001_R2_001.fastq --fastq_ascii 33 --fastq_minlen 1 --fastq_minovlen 50 --fastq_maxdiffs 10 --fastq_qmin 0 --fastq_qminout 0 --fastq_qmax 41 --fastq_qmaxout 41 --fasta_width 0 --fastq_truncqual 26 --fastq_minmergelen 313 --fastq_maxmergelen 313 --fastq_maxee 1 --threads 4

Running external command line application. This may print messages to stdout and/or stderr.
The command being run is below. This command cannot be manually re-run as it will depend on temporary files that no longer exist.

Command: gzip /tmp/qiime2/luis/processes/47044-1770669069.56@luis/tmp/q2-OutPath-zn4himeu/PUF-IPEX-4_25_L001_R1_001.fastq /tmp/qiime2/luis/processes/47044-1770669069.56@luis/tmp/q2-OutPath-uj30tegx/PUF-IPEX-4_25_L001_R1_001.fastq /tmp/qiime2/luis/processes/47044-1770669069.56@luis/tmp/q2-OutPath-uj30tegx/PUF-IPEX-4_25_L001_R2_001.fastq

Running external command line application. This may print messages to stdout and/or stderr.
The command being run is below. This command cannot be manually re-run as it will depend on temporary files that no longer exist.

Command: vsearch --fastq_mergepairs /tmp/qiime2/luis/data/32fe6719-0b11-4869-9310-a0e726f6c060/data/PUF-IPEX-5_S520_L001_R1_001.fastq.gz --reverse /tmp/qiime2/luis/data/32fe6719-0b11-4869-9310-a0e726f6c060/data/PUF-IPEX-5_S520_L001_R2_001.fastq.gz --fastqout /tmp/qiime2/luis/processes/47044-1770669069.56@luis/tmp/q2-OutPath-zn4himeu/PUF-IPEX-5_26_L001_R1_001.fastq --fastqout_notmerged_fwd /tmp/qiime2/luis/processes/47044-1770669069.56@luis/tmp/q2-OutPath-uj30tegx/PUF-IPEX-5_26_L001_R1_001.fastq --fastqout_notmerged_rev /tmp/qiime2/luis/processes/47044-1770669069.56@luis/tmp/q2-OutPath-uj30tegx/PUF-IPEX-5_26_L001_R2_001.fastq --fastq_ascii 33 --fastq_minlen 1 --fastq_minovlen 50 --fastq_maxdiffs 10 --fastq_qmin 0 --fastq_qminout 0 --fastq_qmax 41 --fastq_qmaxout 41 --fasta_width 0 --fastq_truncqual 26 --fastq_minmergelen 313 --fastq_maxmergelen 313 --fastq_maxee 1 --threads 4

Running external command line application. This may print messages to stdout and/or stderr.
The command being run is below. This command cannot be manually re-run as it will depend on temporary files that no longer exist.

Command: gzip /tmp/qiime2/luis/processes/47044-1770669069.56@luis/tmp/q2-OutPath-zn4himeu/PUF-IPEX-5_26_L001_R1_001.fastq /tmp/qiime2/luis/processes/47044-1770669069.56@luis/tmp/q2-OutPath-uj30tegx/PUF-IPEX-5_26_L001_R1_001.fastq /tmp/qiime2/luis/processes/47044-1770669069.56@luis/tmp/q2-OutPath-uj30tegx/PUF-IPEX-5_26_L001_R2_001.fastq

Running external command line application. This may print messages to stdout and/or stderr.
The command being run is below. This command cannot be manually re-run as it will depend on temporary files that no longer exist.

Command: vsearch --fastq_mergepairs /tmp/qiime2/luis/data/32fe6719-0b11-4869-9310-a0e726f6c060/data/PUF-IPEX-6_S516_L001_R1_001.fastq.gz --reverse /tmp/qiime2/luis/data/32fe6719-0b11-4869-9310-a0e726f6c060/data/PUF-IPEX-6_S516_L001_R2_001.fastq.gz --fastqout /tmp/qiime2/luis/processes/47044-1770669069.56@luis/tmp/q2-OutPath-zn4himeu/PUF-IPEX-6_27_L001_R1_001.fastq --fastqout_notmerged_fwd /tmp/qiime2/luis/processes/47044-1770669069.56@luis/tmp/q2-OutPath-uj30tegx/PUF-IPEX-6_27_L001_R1_001.fastq --fastqout_notmerged_rev /tmp/qiime2/luis/processes/47044-1770669069.56@luis/tmp/q2-OutPath-uj30tegx/PUF-IPEX-6_27_L001_R2_001.fastq --fastq_ascii 33 --fastq_minlen 1 --fastq_minovlen 50 --fastq_maxdiffs 10 --fastq_qmin 0 --fastq_qminout 0 --fastq_qmax 41 --fastq_qmaxout 41 --fasta_width 0 --fastq_truncqual 26 --fastq_minmergelen 313 --fastq_maxmergelen 313 --fastq_maxee 1 --threads 4

Running external command line application. This may print messages to stdout and/or stderr.
The command being run is below. This command cannot be manually re-run as it will depend on temporary files that no longer exist.

Command: gzip /tmp/qiime2/luis/processes/47044-1770669069.56@luis/tmp/q2-OutPath-zn4himeu/PUF-IPEX-6_27_L001_R1_001.fastq /tmp/qiime2/luis/processes/47044-1770669069.56@luis/tmp/q2-OutPath-uj30tegx/PUF-IPEX-6_27_L001_R1_001.fastq /tmp/qiime2/luis/processes/47044-1770669069.56@luis/tmp/q2-OutPath-uj30tegx/PUF-IPEX-6_27_L001_R2_001.fastq

Running external command line application. This may print messages to stdout and/or stderr.
The command being run is below. This command cannot be manually re-run as it will depend on temporary files that no longer exist.

Command: vsearch --fastq_mergepairs /tmp/qiime2/luis/data/32fe6719-0b11-4869-9310-a0e726f6c060/data/PUF-IPEX-7_S521_L001_R1_001.fastq.gz --reverse /tmp/qiime2/luis/data/32fe6719-0b11-4869-9310-a0e726f6c060/data/PUF-IPEX-7_S521_L001_R2_001.fastq.gz --fastqout /tmp/qiime2/luis/processes/47044-1770669069.56@luis/tmp/q2-OutPath-zn4himeu/PUF-IPEX-7_28_L001_R1_001.fastq --fastqout_notmerged_fwd /tmp/qiime2/luis/processes/47044-1770669069.56@luis/tmp/q2-OutPath-uj30tegx/PUF-IPEX-7_28_L001_R1_001.fastq --fastqout_notmerged_rev /tmp/qiime2/luis/processes/47044-1770669069.56@luis/tmp/q2-OutPath-uj30tegx/PUF-IPEX-7_28_L001_R2_001.fastq --fastq_ascii 33 --fastq_minlen 1 --fastq_minovlen 50 --fastq_maxdiffs 10 --fastq_qmin 0 --fastq_qminout 0 --fastq_qmax 41 --fastq_qmaxout 41 --fasta_width 0 --fastq_truncqual 26 --fastq_minmergelen 313 --fastq_maxmergelen 313 --fastq_maxee 1 --threads 4

vsearch v2.22.1_linux_x86_64, 14.9GB RAM, 12 cores
https://github.com/torognes/vsearch

Merging reads 100%
     53511  Pairs
     10465  Merged (19.6%)
     43046  Not merged (80.4%)

Pairs that failed merging due to various reasons:
      3232  reads too short (after truncation)
     28846  too few kmers found on same diagonal
         2  multiple potential alignments
      6830  alignment score too low, or score drop too high
      3660  overlap too short
       355  merged fragment too short
       116  merged fragment too long
         5  staggered read pairs

Statistics of all reads:
    274.04  Mean read length

Statistics of merged reads:
    313.00  Mean fragment length
      0.00  Standard deviation of fragment length
      0.04  Mean expected error in forward sequences
      0.03  Mean expected error in reverse sequences
      0.04  Mean expected error in merged sequences
      0.00  Mean observed errors in merged region of forward sequences
      0.00  Mean observed errors in merged region of reverse sequences
      0.00  Mean observed errors in merged region
vsearch v2.22.1_linux_x86_64, 14.9GB RAM, 12 cores
https://github.com/torognes/vsearch

Merging reads 100%
     38289  Pairs
      6698  Merged (17.5%)
     31591  Not merged (82.5%)

Pairs that failed merging due to various reasons:
      2365  reads too short (after truncation)
     19992  too few kmers found on same diagonal
         2  multiple potential alignments
      6342  alignment score too low, or score drop too high
      2522  overlap too short
       288  merged fragment too short
        80  merged fragment too long

Statistics of all reads:
    274.04  Mean read length

Statistics of merged reads:
    313.00  Mean fragment length
      0.00  Standard deviation of fragment length
      0.04  Mean expected error in forward sequences
      0.03  Mean expected error in reverse sequences
      0.04  Mean expected error in merged sequences
      0.00  Mean observed errors in merged region of forward sequences
      0.00  Mean observed errors in merged region of reverse sequences
      0.00  Mean observed errors in merged region
vsearch v2.22.1_linux_x86_64, 14.9GB RAM, 12 cores
https://github.com/torognes/vsearch

Merging reads 100%
     63509  Pairs
     10129  Merged (15.9%)
     53380  Not merged (84.1%)

Pairs that failed merging due to various reasons:
      3263  reads too short (after truncation)
     29725  too few kmers found on same diagonal
         2  multiple potential alignments
     14631  alignment score too low, or score drop too high
      4057  overlap too short
      1533  merged fragment too short
       167  merged fragment too long
         2  staggered read pairs

Statistics of all reads:
    274.04  Mean read length

Statistics of merged reads:
    313.00  Mean fragment length
      0.00  Standard deviation of fragment length
      0.04  Mean expected error in forward sequences
      0.03  Mean expected error in reverse sequences
      0.04  Mean expected error in merged sequences
      0.00  Mean observed errors in merged region of forward sequences
      0.00  Mean observed errors in merged region of reverse sequences
      0.00  Mean observed errors in merged region
vsearch v2.22.1_linux_x86_64, 14.9GB RAM, 12 cores
https://github.com/torognes/vsearch

Merging reads 100%
     26770  Pairs
      4273  Merged (16.0%)
     22497  Not merged (84.0%)

Pairs that failed merging due to various reasons:
      1766  reads too short (after truncation)
     15767  too few kmers found on same diagonal
         3  multiple potential alignments
      2891  alignment score too low, or score drop too high
      1735  overlap too short
       267  merged fragment too short
        54  merged fragment too long
        14  staggered read pairs

Statistics of all reads:
    274.04  Mean read length

Statistics of merged reads:
    313.00  Mean fragment length
      0.00  Standard deviation of fragment length
      0.04  Mean expected error in forward sequences
      0.03  Mean expected error in reverse sequences
      0.04  Mean expected error in merged sequences
      0.00  Mean observed errors in merged region of forward sequences
      0.00  Mean observed errors in merged region of reverse sequences
      0.00  Mean observed errors in merged region
Running external command line application. This may print messages to stdout and/or stderr.
The command being run is below. This command cannot be manually re-run as it will depend on temporary files that no longer exist.

Command: gzip /tmp/qiime2/luis/processes/47044-1770669069.56@luis/tmp/q2-OutPath-zn4himeu/PUF-IPEX-7_28_L001_R1_001.fastq /tmp/qiime2/luis/processes/47044-1770669069.56@luis/tmp/q2-OutPath-uj30tegx/PUF-IPEX-7_28_L001_R1_001.fastq /tmp/qiime2/luis/processes/47044-1770669069.56@luis/tmp/q2-OutPath-uj30tegx/PUF-IPEX-7_28_L001_R2_001.fastq

Running external command line application. This may print messages to stdout and/or stderr.
The command being run is below. This command cannot be manually re-run as it will depend on temporary files that no longer exist.

Command: vsearch --fastq_mergepairs /tmp/qiime2/luis/data/32fe6719-0b11-4869-9310-a0e726f6c060/data/PUF-IPEX-9_S518_L001_R1_001.fastq.gz --reverse /tmp/qiime2/luis/data/32fe6719-0b11-4869-9310-a0e726f6c060/data/PUF-IPEX-9_S518_L001_R2_001.fastq.gz --fastqout /tmp/qiime2/luis/processes/47044-1770669069.56@luis/tmp/q2-OutPath-zn4himeu/PUF-IPEX-9_29_L001_R1_001.fastq --fastqout_notmerged_fwd /tmp/qiime2/luis/processes/47044-1770669069.56@luis/tmp/q2-OutPath-uj30tegx/PUF-IPEX-9_29_L001_R1_001.fastq --fastqout_notmerged_rev /tmp/qiime2/luis/processes/47044-1770669069.56@luis/tmp/q2-OutPath-uj30tegx/PUF-IPEX-9_29_L001_R2_001.fastq --fastq_ascii 33 --fastq_minlen 1 --fastq_minovlen 50 --fastq_maxdiffs 10 --fastq_qmin 0 --fastq_qminout 0 --fastq_qmax 41 --fastq_qmaxout 41 --fasta_width 0 --fastq_truncqual 26 --fastq_minmergelen 313 --fastq_maxmergelen 313 --fastq_maxee 1 --threads 4

Running external command line application. This may print messages to stdout and/or stderr.
The command being run is below. This command cannot be manually re-run as it will depend on temporary files that no longer exist.

Command: gzip /tmp/qiime2/luis/processes/47044-1770669069.56@luis/tmp/q2-OutPath-zn4himeu/PUF-IPEX-9_29_L001_R1_001.fastq /tmp/qiime2/luis/processes/47044-1770669069.56@luis/tmp/q2-OutPath-uj30tegx/PUF-IPEX-9_29_L001_R1_001.fastq /tmp/qiime2/luis/processes/47044-1770669069.56@luis/tmp/q2-OutPath-uj30tegx/PUF-IPEX-9_29_L001_R2_001.fastq

Running external command line application. This may print messages to stdout and/or stderr.
The command being run is below. This command cannot be manually re-run as it will depend on temporary files that no longer exist.

Command: vsearch --fastq_mergepairs /tmp/qiime2/luis/data/32fe6719-0b11-4869-9310-a0e726f6c060/data/PUF-JD-1_S520_L001_R1_001.fastq.gz --reverse /tmp/qiime2/luis/data/32fe6719-0b11-4869-9310-a0e726f6c060/data/PUF-JD-1_S520_L001_R2_001.fastq.gz --fastqout /tmp/qiime2/luis/processes/47044-1770669069.56@luis/tmp/q2-OutPath-zn4himeu/PUF-JD-1_30_L001_R1_001.fastq --fastqout_notmerged_fwd /tmp/qiime2/luis/processes/47044-1770669069.56@luis/tmp/q2-OutPath-uj30tegx/PUF-JD-1_30_L001_R1_001.fastq --fastqout_notmerged_rev /tmp/qiime2/luis/processes/47044-1770669069.56@luis/tmp/q2-OutPath-uj30tegx/PUF-JD-1_30_L001_R2_001.fastq --fastq_ascii 33 --fastq_minlen 1 --fastq_minovlen 50 --fastq_maxdiffs 10 --fastq_qmin 0 --fastq_qminout 0 --fastq_qmax 41 --fastq_qmaxout 41 --fasta_width 0 --fastq_truncqual 26 --fastq_minmergelen 313 --fastq_maxmergelen 313 --fastq_maxee 1 --threads 4

Running external command line application. This may print messages to stdout and/or stderr.
The command being run is below. This command cannot be manually re-run as it will depend on temporary files that no longer exist.

Command: gzip /tmp/qiime2/luis/processes/47044-1770669069.56@luis/tmp/q2-OutPath-zn4himeu/PUF-JD-1_30_L001_R1_001.fastq /tmp/qiime2/luis/processes/47044-1770669069.56@luis/tmp/q2-OutPath-uj30tegx/PUF-JD-1_30_L001_R1_001.fastq /tmp/qiime2/luis/processes/47044-1770669069.56@luis/tmp/q2-OutPath-uj30tegx/PUF-JD-1_30_L001_R2_001.fastq

Running external command line application. This may print messages to stdout and/or stderr.
The command being run is below. This command cannot be manually re-run as it will depend on temporary files that no longer exist.

Command: vsearch --fastq_mergepairs /tmp/qiime2/luis/data/32fe6719-0b11-4869-9310-a0e726f6c060/data/PUF-JD-2_S520_L001_R1_001.fastq.gz --reverse /tmp/qiime2/luis/data/32fe6719-0b11-4869-9310-a0e726f6c060/data/PUF-JD-2_S520_L001_R2_001.fastq.gz --fastqout /tmp/qiime2/luis/processes/47044-1770669069.56@luis/tmp/q2-OutPath-zn4himeu/PUF-JD-2_31_L001_R1_001.fastq --fastqout_notmerged_fwd /tmp/qiime2/luis/processes/47044-1770669069.56@luis/tmp/q2-OutPath-uj30tegx/PUF-JD-2_31_L001_R1_001.fastq --fastqout_notmerged_rev /tmp/qiime2/luis/processes/47044-1770669069.56@luis/tmp/q2-OutPath-uj30tegx/PUF-JD-2_31_L001_R2_001.fastq --fastq_ascii 33 --fastq_minlen 1 --fastq_minovlen 50 --fastq_maxdiffs 10 --fastq_qmin 0 --fastq_qminout 0 --fastq_qmax 41 --fastq_qmaxout 41 --fasta_width 0 --fastq_truncqual 26 --fastq_minmergelen 313 --fastq_maxmergelen 313 --fastq_maxee 1 --threads 4

Running external command line application. This may print messages to stdout and/or stderr.
The command being run is below. This command cannot be manually re-run as it will depend on temporary files that no longer exist.

Command: gzip /tmp/qiime2/luis/processes/47044-1770669069.56@luis/tmp/q2-OutPath-zn4himeu/PUF-JD-2_31_L001_R1_001.fastq /tmp/qiime2/luis/processes/47044-1770669069.56@luis/tmp/q2-OutPath-uj30tegx/PUF-JD-2_31_L001_R1_001.fastq /tmp/qiime2/luis/processes/47044-1770669069.56@luis/tmp/q2-OutPath-uj30tegx/PUF-JD-2_31_L001_R2_001.fastq

Running external command line application. This may print messages to stdout and/or stderr.
The command being run is below. This command cannot be manually re-run as it will depend on temporary files that no longer exist.

Command: vsearch --fastq_mergepairs /tmp/qiime2/luis/data/32fe6719-0b11-4869-9310-a0e726f6c060/data/PUF-JD-3_S521_L001_R1_001.fastq.gz --reverse /tmp/qiime2/luis/data/32fe6719-0b11-4869-9310-a0e726f6c060/data/PUF-JD-3_S521_L001_R2_001.fastq.gz --fastqout /tmp/qiime2/luis/processes/47044-1770669069.56@luis/tmp/q2-OutPath-zn4himeu/PUF-JD-3_32_L001_R1_001.fastq --fastqout_notmerged_fwd /tmp/qiime2/luis/processes/47044-1770669069.56@luis/tmp/q2-OutPath-uj30tegx/PUF-JD-3_32_L001_R1_001.fastq --fastqout_notmerged_rev /tmp/qiime2/luis/processes/47044-1770669069.56@luis/tmp/q2-OutPath-uj30tegx/PUF-JD-3_32_L001_R2_001.fastq --fastq_ascii 33 --fastq_minlen 1 --fastq_minovlen 50 --fastq_maxdiffs 10 --fastq_qmin 0 --fastq_qminout 0 --fastq_qmax 41 --fastq_qmaxout 41 --fasta_width 0 --fastq_truncqual 26 --fastq_minmergelen 313 --fastq_maxmergelen 313 --fastq_maxee 1 --threads 4

Running external command line application. This may print messages to stdout and/or stderr.
The command being run is below. This command cannot be manually re-run as it will depend on temporary files that no longer exist.

Command: gzip /tmp/qiime2/luis/processes/47044-1770669069.56@luis/tmp/q2-OutPath-zn4himeu/PUF-JD-3_32_L001_R1_001.fastq /tmp/qiime2/luis/processes/47044-1770669069.56@luis/tmp/q2-OutPath-uj30tegx/PUF-JD-3_32_L001_R1_001.fastq /tmp/qiime2/luis/processes/47044-1770669069.56@luis/tmp/q2-OutPath-uj30tegx/PUF-JD-3_32_L001_R2_001.fastq

Running external command line application. This may print messages to stdout and/or stderr.
The command being run is below. This command cannot be manually re-run as it will depend on temporary files that no longer exist.

Command: vsearch v2.22.1_linux_x86_64, 14.9GB RAM, 12 cores
https://github.com/torognes/vsearch

Merging reads 100%
     43595  Pairs
      4736  Merged (10.9%)
     38859  Not merged (89.1%)

Pairs that failed merging due to various reasons:
      3057  reads too short (after truncation)
     28739  too few kmers found on same diagonal
         5  multiple potential alignments
      3779  alignment score too low, or score drop too high
      2563  overlap too short
       598  merged fragment too short
        89  merged fragment too long
        29  staggered read pairs

Statistics of all reads:
    274.04  Mean read length

Statistics of merged reads:
    313.00  Mean fragment length
      0.00  Standard deviation of fragment length
      0.04  Mean expected error in forward sequences
      0.03  Mean expected error in reverse sequences
      0.04  Mean expected error in merged sequences
      0.00  Mean observed errors in merged region of forward sequences
      0.00  Mean observed errors in merged region of reverse sequences
      0.00  Mean observed errors in merged region
vsearch v2.22.1_linux_x86_64, 14.9GB RAM, 12 cores
https://github.com/torognes/vsearch

Merging reads 100%
     47757  Pairs
      7396  Merged (15.5%)
     40361  Not merged (84.5%)

Pairs that failed merging due to various reasons:
      3705  reads too short (after truncation)
     29996  too few kmers found on same diagonal
         1  multiple potential alignments
      3076  alignment score too low, or score drop too high
      3213  overlap too short
       258  merged fragment too short
        97  merged fragment too long
        15  staggered read pairs

Statistics of all reads:
    274.04  Mean read length

Statistics of merged reads:
    313.00  Mean fragment length
      0.00  Standard deviation of fragment length
      0.04  Mean expected error in forward sequences
      0.03  Mean expected error in reverse sequences
      0.04  Mean expected error in merged sequences
      0.00  Mean observed errors in merged region of forward sequences
      0.00  Mean observed errors in merged region of reverse sequences
      0.00  Mean observed errors in merged region
vsearch v2.22.1_linux_x86_64, 14.9GB RAM, 12 cores
https://github.com/torognes/vsearch

Merging reads 100%
     72899  Pairs
     13131  Merged (18.0%)
     59768  Not merged (82.0%)

Pairs that failed merging due to various reasons:
      4952  reads too short (after truncation)
     42895  too few kmers found on same diagonal
         1  multiple potential alignments
      6787  alignment score too low, or score drop too high
      4560  overlap too short
       386  merged fragment too short
       180  merged fragment too long
         7  staggered read pairs

Statistics of all reads:
    274.04  Mean read length

Statistics of merged reads:
    313.00  Mean fragment length
      0.00  Standard deviation of fragment length
      0.04  Mean expected error in forward sequences
      0.03  Mean expected error in reverse sequences
      0.04  Mean expected error in merged sequences
      0.00  Mean observed errors in merged region of forward sequences
      0.00  Mean observed errors in merged region of reverse sequences
      0.00  Mean observed errors in merged region
vsearch v2.22.1_linux_x86_64, 14.9GB RAM, 12 cores
https://github.com/torognes/vsearch

Merging reads 100%
     40755  Pairs
      4268  Merged (10.5%)
     36487  Not merged (89.5%)

Pairs that failed merging due to various reasons:
      2820  reads too short (after truncation)
     27506  too few kmers found on same diagonal
         1  multiple potential alignments
      3623  alignment score too low, or score drop too high
      2267  overlap too short
       215  merged fragment too short
        45  merged fragment too long
        10  staggered read pairs

Statistics of all reads:
    274.04  Mean read length

Statistics of merged reads:
    313.00  Mean fragment length
      0.00  Standard deviation of fragment length
      0.04  Mean expected error in forward sequences
      0.03  Mean expected error in reverse sequences
      0.04  Mean expected error in merged sequences
      0.00  Mean observed errors in merged region of forward sequences
      0.00  Mean observed errors in merged region of reverse sequences
      0.00  Mean observed errors in merged region
vsearch v2.22.1_linux_x86_64, 14.9GB RAM, 12 cores
https://github.com/torognes/vsearch

Merging reads 100%
     18456  Pairs
      3491  Merged (18.9%)
     14965  Not merged (81.1%)

Pairs that failed merging due to various reasons:
      1294  reads too short (after truncation)
     10788  too few kmers found on same diagonal
      1513  alignment score too low, or score drop too high
      1256  overlap too short
        63  merged fragment too short
        41  merged fragment too long
        10  staggered read pairs

Statistics of all reads:
    274.04  Mean read length

Statistics of merged reads:
    313.00  Mean fragment length
      0.00  Standard deviation of fragment length
      0.04  Mean expected error in forward sequences
      0.03  Mean expected error in reverse sequences
      0.04  Mean expected error in merged sequences
      0.00  Mean observed errors in merged region of forward sequences
      0.00  Mean observed errors in merged region of reverse sequences
      0.00  Mean observed errors in merged region
vsearch --fastq_mergepairs /tmp/qiime2/luis/data/32fe6719-0b11-4869-9310-a0e726f6c060/data/PUF-JD-5_S513_L001_R1_001.fastq.gz --reverse /tmp/qiime2/luis/data/32fe6719-0b11-4869-9310-a0e726f6c060/data/PUF-JD-5_S513_L001_R2_001.fastq.gz --fastqout /tmp/qiime2/luis/processes/47044-1770669069.56@luis/tmp/q2-OutPath-zn4himeu/PUF-JD-5_33_L001_R1_001.fastq --fastqout_notmerged_fwd /tmp/qiime2/luis/processes/47044-1770669069.56@luis/tmp/q2-OutPath-uj30tegx/PUF-JD-5_33_L001_R1_001.fastq --fastqout_notmerged_rev /tmp/qiime2/luis/processes/47044-1770669069.56@luis/tmp/q2-OutPath-uj30tegx/PUF-JD-5_33_L001_R2_001.fastq --fastq_ascii 33 --fastq_minlen 1 --fastq_minovlen 50 --fastq_maxdiffs 10 --fastq_qmin 0 --fastq_qminout 0 --fastq_qmax 41 --fastq_qmaxout 41 --fasta_width 0 --fastq_truncqual 26 --fastq_minmergelen 313 --fastq_maxmergelen 313 --fastq_maxee 1 --threads 4

Running external command line application. This may print messages to stdout and/or stderr.
The command being run is below. This command cannot be manually re-run as it will depend on temporary files that no longer exist.

Command: gzip /tmp/qiime2/luis/processes/47044-1770669069.56@luis/tmp/q2-OutPath-zn4himeu/PUF-JD-5_33_L001_R1_001.fastq /tmp/qiime2/luis/processes/47044-1770669069.56@luis/tmp/q2-OutPath-uj30tegx/PUF-JD-5_33_L001_R1_001.fastq /tmp/qiime2/luis/processes/47044-1770669069.56@luis/tmp/q2-OutPath-uj30tegx/PUF-JD-5_33_L001_R2_001.fastq

Running external command line application. This may print messages to stdout and/or stderr.
The command being run is below. This command cannot be manually re-run as it will depend on temporary files that no longer exist.

Command: vsearch --fastq_mergepairs /tmp/qiime2/luis/data/32fe6719-0b11-4869-9310-a0e726f6c060/data/PUF-JD-6_E517_L001_R1_001.fastq.gz --reverse /tmp/qiime2/luis/data/32fe6719-0b11-4869-9310-a0e726f6c060/data/PUF-JD-6_E517_L001_R2_001.fastq.gz --fastqout /tmp/qiime2/luis/processes/47044-1770669069.56@luis/tmp/q2-OutPath-zn4himeu/PUF-JD-6_34_L001_R1_001.fastq --fastqout_notmerged_fwd /tmp/qiime2/luis/processes/47044-1770669069.56@luis/tmp/q2-OutPath-uj30tegx/PUF-JD-6_34_L001_R1_001.fastq --fastqout_notmerged_rev /tmp/qiime2/luis/processes/47044-1770669069.56@luis/tmp/q2-OutPath-uj30tegx/PUF-JD-6_34_L001_R2_001.fastq --fastq_ascii 33 --fastq_minlen 1 --fastq_minovlen 50 --fastq_maxdiffs 10 --fastq_qmin 0 --fastq_qminout 0 --fastq_qmax 41 --fastq_qmaxout 41 --fasta_width 0 --fastq_truncqual 26 --fastq_minmergelen 313 --fastq_maxmergelen 313 --fastq_maxee 1 --threads 4

Running external command line application. This may print messages to stdout and/or stderr.
The command being run is below. This command cannot be manually re-run as it will depend on temporary files that no longer exist.

Command: gzip /tmp/qiime2/luis/processes/47044-1770669069.56@luis/tmp/q2-OutPath-zn4himeu/PUF-JD-6_34_L001_R1_001.fastq /tmp/qiime2/luis/processes/47044-1770669069.56@luis/tmp/q2-OutPath-uj30tegx/PUF-JD-6_34_L001_R1_001.fastq /tmp/qiime2/luis/processes/47044-1770669069.56@luis/tmp/q2-OutPath-uj30tegx/PUF-JD-6_34_L001_R2_001.fastq

Running external command line application. This may print messages to stdout and/or stderr.
The command being run is below. This command cannot be manually re-run as it will depend on temporary files that no longer exist.

Command: vsearch --fastq_mergepairs /tmp/qiime2/luis/data/32fe6719-0b11-4869-9310-a0e726f6c060/data/PUF-JD-7_S515_L001_R1_001.fastq.gz --reverse /tmp/qiime2/luis/data/32fe6719-0b11-4869-9310-a0e726f6c060/data/PUF-JD-7_S515_L001_R2_001.fastq.gz --fastqout /tmp/qiime2/luis/processes/47044-1770669069.56@luis/tmp/q2-OutPath-zn4himeu/PUF-JD-7_35_L001_R1_001.fastq --fastqout_notmerged_fwd /tmp/qiime2/luis/processes/47044-1770669069.56@luis/tmp/q2-OutPath-uj30tegx/PUF-JD-7_35_L001_R1_001.fastq --fastqout_notmerged_rev /tmp/qiime2/luis/processes/47044-1770669069.56@luis/tmp/q2-OutPath-uj30tegx/PUF-JD-7_35_L001_R2_001.fastq --fastq_ascii 33 --fastq_minlen 1 --fastq_minovlen 50 --fastq_maxdiffs 10 --fastq_qmin 0 --fastq_qminout 0 --fastq_qmax 41 --fastq_qmaxout 41 --fasta_width 0 --fastq_truncqual 26 --fastq_minmergelen 313 --fastq_maxmergelen 313 --fastq_maxee 1 --threads 4

Running external command line application. This may print messages to stdout and/or stderr.
The command being run is below. This command cannot be manually re-run as it will depend on temporary files that no longer exist.

Command: gzip /tmp/qiime2/luis/processes/47044-1770669069.56@luis/tmp/q2-OutPath-zn4himeu/PUF-JD-7_35_L001_R1_001.fastq /tmp/qiime2/luis/processes/47044-1770669069.56@luis/tmp/q2-OutPath-uj30tegx/PUF-JD-7_35_L001_R1_001.fastq /tmp/qiime2/luis/processes/47044-1770669069.56@luis/tmp/q2-OutPath-uj30tegx/PUF-JD-7_35_L001_R2_001.fastq

Running external command line application. This may print messages to stdout and/or stderr.
The command being run is below. This command cannot be manually re-run as it will depend on temporary files that no longer exist.

Command: vsearch --fastq_mergepairs /tmp/qiime2/luis/data/32fe6719-0b11-4869-9310-a0e726f6c060/data/PUF-JD-8_S522_L001_R1_001.fastq.gz --reverse /tmp/qiime2/luis/data/32fe6719-0b11-4869-9310-a0e726f6c060/data/PUF-JD-8_S522_L001_R2_001.fastq.gz --fastqout /tmp/qiime2/luis/processes/47044-1770669069.56@luis/tmp/q2-OutPath-zn4himeu/PUF-JD-8_36_L001_R1_001.fastq --fastqout_notmerged_fwd /tmp/qiime2/luis/processes/47044-1770669069.56@luis/tmp/q2-OutPath-uj30tegx/PUF-JD-8_36_L001_R1_001.fastq --fastqout_notmerged_rev /tmp/qiime2/luis/processes/47044-1770669069.56@luis/tmp/q2-OutPath-uj30tegx/PUF-JD-8_36_L001_R2_001.fastq --fastq_ascii 33 --fastq_minlen 1 --fastq_minovlen 50 --fastq_maxdiffs 10 --fastq_qmin 0 --fastq_qminout 0 --fastq_qmax 41 --fastq_qmaxout 41 --fasta_width 0 --fastq_truncqual 26 --fastq_minmergelen 313 --fastq_maxmergelen 313 --fastq_maxee 1 --threads 4

Running external command line application. This may print messages to stdout and/or stderr.
The command being run is below. This command cannot be manually re-run as it will depend on temporary files that no longer exist.

Command: gzip /tmp/qiime2/luis/processes/47044-1770669069.56@luis/tmp/q2-OutPath-zn4himeu/PUF-JD-8_36_L001_R1_001.fastq /tmp/qiime2/luis/processes/47044-1770669069.56@luis/tmp/q2-OutPath-uj30tegx/PUF-JD-8_36_L001_R1_001.fastq /tmp/qiime2/luis/processes/47044-1770669069.56@luis/tmp/q2-OutPath-uj30tegx/PUF-JD-8_36_L001_R2_001.fastq

Running external command line application. This may print messages to stdout and/or stderr.
The command being run is below. This command cannot be manually re-run as it will depend on temporary files that no longer exist.

Command: vsearch --fastq_mergepairs /tmp/qiime2/luis/data/32fe6719-0b11-4869-9310-a0e726f6c060/data/PUF-JD-9_S513_L001_R1_001.fastq.gz --reverse /tmp/qiime2/luis/data/32fe6719-0b11-4869-9310-a0e726f6c060/data/PUF-JD-9_S513_L001_R2_001.fastq.gz --fastqout /tmp/qiime2/luis/processes/47044-1770669069.56@luis/tmp/q2-OutPath-zn4himeu/PUF-JD-9_37_L001_R1_001.fastq --fastqout_notmerged_fwd /tmp/qiime2/luis/processes/47044-1770669069.56@luis/tmp/q2-OutPath-uj30tegx/PUF-JD-9_37_L001_R1_001.fastq --fastqout_notmerged_rev /tmp/qiime2/luis/processes/47044-1770669069.56@luis/tmp/q2-OutPath-uj30tegx/PUF-JD-9_37_L001_R2_001.fastq --fastq_ascii 33 --fastq_minlen 1 --fastq_minovlen 50 --fastq_maxdiffs 10 --fastq_qmin 0 --fastq_qminout 0 --fastq_qmax 41 --fastq_qmaxout 41 --fasta_width 0 --fastq_truncqual 26 --fastq_minmergelen 313 --fastq_maxmergelen 313 --fastq_maxee 1 --threads 4

Running external command line application. This may print messages to stdout and/or stderr.
The command being run is below. This command cannot be manually re-run as it will depend on temporary files that no longer exist.

Command: gzip /tmp/qiime2/luis/processes/47044-1770669069.56@luis/tmp/q2-OutPath-zn4himeu/PUF-JD-9_37_L001_R1_001.fastq /tmp/qiime2/luis/processes/47044-1770669069.56@luis/tmp/q2-OutPath-uj30tegx/PUF-JD-9_37_L001_R1_001.fastq /tmp/qiime2/luis/processes/47044-1770669069.56@luis/tmp/q2-OutPath-uj30tegx/PUF-JD-9_37_L001_R2_001.fastq

Running external command line application. This may print messages to stdout and/or stderr.
vsearch v2.22.1_linux_x86_64, 14.9GB RAM, 12 cores
https://github.com/torognes/vsearch

Merging reads 100%
     38857  Pairs
      5950  Merged (15.3%)
     32907  Not merged (84.7%)

Pairs that failed merging due to various reasons:
      2853  reads too short (after truncation)
     22800  too few kmers found on same diagonal
      4181  alignment score too low, or score drop too high
      2433  overlap too short
       555  merged fragment too short
        78  merged fragment too long
         7  staggered read pairs

Statistics of all reads:
    274.04  Mean read length

Statistics of merged reads:
    313.00  Mean fragment length
      0.00  Standard deviation of fragment length
      0.04  Mean expected error in forward sequences
      0.03  Mean expected error in reverse sequences
      0.04  Mean expected error in merged sequences
      0.00  Mean observed errors in merged region of forward sequences
      0.00  Mean observed errors in merged region of reverse sequences
      0.00  Mean observed errors in merged region
vsearch v2.22.1_linux_x86_64, 14.9GB RAM, 12 cores
https://github.com/torognes/vsearch

Merging reads 100%
     47056  Pairs
      8009  Merged (17.0%)
     39047  Not merged (83.0%)

Pairs that failed merging due to various reasons:
      3181  reads too short (after truncation)
     27055  too few kmers found on same diagonal
      5351  alignment score too low, or score drop too high
      2973  overlap too short
       409  merged fragment too short
        78  merged fragment too long

Statistics of all reads:
    274.04  Mean read length

Statistics of merged reads:
    313.00  Mean fragment length
      0.00  Standard deviation of fragment length
      0.04  Mean expected error in forward sequences
      0.03  Mean expected error in reverse sequences
      0.04  Mean expected error in merged sequences
      0.00  Mean observed errors in merged region of forward sequences
      0.00  Mean observed errors in merged region of reverse sequences
      0.00  Mean observed errors in merged region
vsearch v2.22.1_linux_x86_64, 14.9GB RAM, 12 cores
https://github.com/torognes/vsearch

Merging reads 100%
     66790  Pairs
      8066  Merged (12.1%)
     58724  Not merged (87.9%)

Pairs that failed merging due to various reasons:
      4183  reads too short (after truncation)
     40559  too few kmers found on same diagonal
      9081  alignment score too low, or score drop too high
      4532  overlap too short
       227  merged fragment too short
       138  merged fragment too long
         4  staggered read pairs

Statistics of all reads:
    274.04  Mean read length

Statistics of merged reads:
    313.00  Mean fragment length
      0.00  Standard deviation of fragment length
      0.04  Mean expected error in forward sequences
      0.03  Mean expected error in reverse sequences
      0.04  Mean expected error in merged sequences
      0.00  Mean observed errors in merged region of forward sequences
      0.00  Mean observed errors in merged region of reverse sequences
      0.00  Mean observed errors in merged region
vsearch v2.22.1_linux_x86_64, 14.9GB RAM, 12 cores
https://github.com/torognes/vsearch

Merging reads 100%
     53916  Pairs
     10855  Merged (20.1%)
     43061  Not merged (79.9%)

Pairs that failed merging due to various reasons:
      3665  reads too short (after truncation)
     29938  too few kmers found on same diagonal
      5532  alignment score too low, or score drop too high
      3605  overlap too short
       196  merged fragment too short
       121  merged fragment too long
         4  staggered read pairs

Statistics of all reads:
    274.04  Mean read length

Statistics of merged reads:
    313.00  Mean fragment length
      0.00  Standard deviation of fragment length
      0.04  Mean expected error in forward sequences
      0.03  Mean expected error in reverse sequences
      0.04  Mean expected error in merged sequences
      0.00  Mean observed errors in merged region of forward sequences
      0.00  Mean observed errors in merged region of reverse sequences
      0.00  Mean observed errors in merged region
vsearch v2.22.1_linux_x86_64, 14.9GB RAM, 12 cores
https://github.com/torognes/vsearch

Merging reads 100%
     67891  Pairs
     10924  Merged (16.1%)
     56967  Not merged (83.9%)

Pairs that failed merging due to various reasons:
      4308  reads too short (after truncation)
     36603  too few kmers found on same diagonal
     11283  alignment score too low, or score drop too high
      4384  overlap too short
       256  merged fragment too short
       133  merged fragment too long

Statistics of all reads:
    274.04  Mean read length

Statistics of merged reads:
    313.00  Mean fragment length
      0.00  Standard deviation of fragment length
      0.04  Mean expected error in forward sequences
      0.03  Mean expected error in reverse sequences
      0.04  Mean expected error in merged sequences
      0.00  Mean observed errors in merged region of forward sequences
      0.00  Mean observed errors in merged region of reverse sequences
      0.00  Mean observed errors in merged region
The command being run is below. This command cannot be manually re-run as it will depend on temporary files that no longer exist.

Command: vsearch --fastq_mergepairs /tmp/qiime2/luis/data/32fe6719-0b11-4869-9310-a0e726f6c060/data/PUF-MBO-1_S522_L001_R1_001.fastq.gz --reverse /tmp/qiime2/luis/data/32fe6719-0b11-4869-9310-a0e726f6c060/data/PUF-MBO-1_S522_L001_R2_001.fastq.gz --fastqout /tmp/qiime2/luis/processes/47044-1770669069.56@luis/tmp/q2-OutPath-zn4himeu/PUF-MBO-1_38_L001_R1_001.fastq --fastqout_notmerged_fwd /tmp/qiime2/luis/processes/47044-1770669069.56@luis/tmp/q2-OutPath-uj30tegx/PUF-MBO-1_38_L001_R1_001.fastq --fastqout_notmerged_rev /tmp/qiime2/luis/processes/47044-1770669069.56@luis/tmp/q2-OutPath-uj30tegx/PUF-MBO-1_38_L001_R2_001.fastq --fastq_ascii 33 --fastq_minlen 1 --fastq_minovlen 50 --fastq_maxdiffs 10 --fastq_qmin 0 --fastq_qminout 0 --fastq_qmax 41 --fastq_qmaxout 41 --fasta_width 0 --fastq_truncqual 26 --fastq_minmergelen 313 --fastq_maxmergelen 313 --fastq_maxee 1 --threads 4

Running external command line application. This may print messages to stdout and/or stderr.
The command being run is below. This command cannot be manually re-run as it will depend on temporary files that no longer exist.

Command: gzip /tmp/qiime2/luis/processes/47044-1770669069.56@luis/tmp/q2-OutPath-zn4himeu/PUF-MBO-1_38_L001_R1_001.fastq /tmp/qiime2/luis/processes/47044-1770669069.56@luis/tmp/q2-OutPath-uj30tegx/PUF-MBO-1_38_L001_R1_001.fastq /tmp/qiime2/luis/processes/47044-1770669069.56@luis/tmp/q2-OutPath-uj30tegx/PUF-MBO-1_38_L001_R2_001.fastq

Running external command line application. This may print messages to stdout and/or stderr.
The command being run is below. This command cannot be manually re-run as it will depend on temporary files that no longer exist.

Command: vsearch --fastq_mergepairs /tmp/qiime2/luis/data/32fe6719-0b11-4869-9310-a0e726f6c060/data/PUF-MBO-10_S515_L001_R1_001.fastq.gz --reverse /tmp/qiime2/luis/data/32fe6719-0b11-4869-9310-a0e726f6c060/data/PUF-MBO-10_S515_L001_R2_001.fastq.gz --fastqout /tmp/qiime2/luis/processes/47044-1770669069.56@luis/tmp/q2-OutPath-zn4himeu/PUF-MBO-10_39_L001_R1_001.fastq --fastqout_notmerged_fwd /tmp/qiime2/luis/processes/47044-1770669069.56@luis/tmp/q2-OutPath-uj30tegx/PUF-MBO-10_39_L001_R1_001.fastq --fastqout_notmerged_rev /tmp/qiime2/luis/processes/47044-1770669069.56@luis/tmp/q2-OutPath-uj30tegx/PUF-MBO-10_39_L001_R2_001.fastq --fastq_ascii 33 --fastq_minlen 1 --fastq_minovlen 50 --fastq_maxdiffs 10 --fastq_qmin 0 --fastq_qminout 0 --fastq_qmax 41 --fastq_qmaxout 41 --fasta_width 0 --fastq_truncqual 26 --fastq_minmergelen 313 --fastq_maxmergelen 313 --fastq_maxee 1 --threads 4

Running external command line application. This may print messages to stdout and/or stderr.
The command being run is below. This command cannot be manually re-run as it will depend on temporary files that no longer exist.

Command: gzip /tmp/qiime2/luis/processes/47044-1770669069.56@luis/tmp/q2-OutPath-zn4himeu/PUF-MBO-10_39_L001_R1_001.fastq /tmp/qiime2/luis/processes/47044-1770669069.56@luis/tmp/q2-OutPath-uj30tegx/PUF-MBO-10_39_L001_R1_001.fastq /tmp/qiime2/luis/processes/47044-1770669069.56@luis/tmp/q2-OutPath-uj30tegx/PUF-MBO-10_39_L001_R2_001.fastq

Running external command line application. This may print messages to stdout and/or stderr.
The command being run is below. This command cannot be manually re-run as it will depend on temporary files that no longer exist.

Command: vsearch --fastq_mergepairs /tmp/qiime2/luis/data/32fe6719-0b11-4869-9310-a0e726f6c060/data/PUF-MBO-2_E517_L001_R1_001.fastq.gz --reverse /tmp/qiime2/luis/data/32fe6719-0b11-4869-9310-a0e726f6c060/data/PUF-MBO-2_E517_L001_R2_001.fastq.gz --fastqout /tmp/qiime2/luis/processes/47044-1770669069.56@luis/tmp/q2-OutPath-zn4himeu/PUF-MBO-2_40_L001_R1_001.fastq --fastqout_notmerged_fwd /tmp/qiime2/luis/processes/47044-1770669069.56@luis/tmp/q2-OutPath-uj30tegx/PUF-MBO-2_40_L001_R1_001.fastq --fastqout_notmerged_rev /tmp/qiime2/luis/processes/47044-1770669069.56@luis/tmp/q2-OutPath-uj30tegx/PUF-MBO-2_40_L001_R2_001.fastq --fastq_ascii 33 --fastq_minlen 1 --fastq_minovlen 50 --fastq_maxdiffs 10 --fastq_qmin 0 --fastq_qminout 0 --fastq_qmax 41 --fastq_qmaxout 41 --fasta_width 0 --fastq_truncqual 26 --fastq_minmergelen 313 --fastq_maxmergelen 313 --fastq_maxee 1 --threads 4

Running external command line application. This may print messages to stdout and/or stderr.
The command being run is below. This command cannot be manually re-run as it will depend on temporary files that no longer exist.

Command: gzip /tmp/qiime2/luis/processes/47044-1770669069.56@luis/tmp/q2-OutPath-zn4himeu/PUF-MBO-2_40_L001_R1_001.fastq /tmp/qiime2/luis/processes/47044-1770669069.56@luis/tmp/q2-OutPath-uj30tegx/PUF-MBO-2_40_L001_R1_001.fastq /tmp/qiime2/luis/processes/47044-1770669069.56@luis/tmp/q2-OutPath-uj30tegx/PUF-MBO-2_40_L001_R2_001.fastq

Running external command line application. This may print messages to stdout and/or stderr.
The command being run is below. This command cannot be manually re-run as it will depend on temporary files that no longer exist.

Command: vsearch --fastq_mergepairs /tmp/qiime2/luis/data/32fe6719-0b11-4869-9310-a0e726f6c060/data/PUF-MBO-3_S518_L001_R1_001.fastq.gz --reverse /tmp/qiime2/luis/data/32fe6719-0b11-4869-9310-a0e726f6c060/data/PUF-MBO-3_S518_L001_R2_001.fastq.gz --fastqout /tmp/qiime2/luis/processes/47044-1770669069.56@luis/tmp/q2-OutPath-zn4himeu/PUF-MBO-3_41_L001_R1_001.fastq --fastqout_notmerged_fwd /tmp/qiime2/luis/processes/47044-1770669069.56@luis/tmp/q2-OutPath-uj30tegx/PUF-MBO-3_41_L001_R1_001.fastq --fastqout_notmerged_rev /tmp/qiime2/luis/processes/47044-1770669069.56@luis/tmp/q2-OutPath-uj30tegx/PUF-MBO-3_41_L001_R2_001.fastq --fastq_ascii 33 --fastq_minlen 1 --fastq_minovlen 50 --fastq_maxdiffs 10 --fastq_qmin 0 --fastq_qminout 0 --fastq_qmax 41 --fastq_qmaxout 41 --fasta_width 0 --fastq_truncqual 26 --fastq_minmergelen 313 --fastq_maxmergelen 313 --fastq_maxee 1 --threads 4

Running external command line application. This may print messages to stdout and/or stderr.
The command being run is below. This command cannot be manually re-run as it will depend on temporary files that no longer exist.

Command: gzip /tmp/qiime2/luis/processes/47044-1770669069.56@luis/tmp/q2-OutPath-zn4himeu/PUF-MBO-3_41_L001_R1_001.fastq /tmp/qiime2/luis/processes/47044-1770669069.56@luis/tmp/q2-OutPath-uj30tegx/PUF-MBO-3_41_L001_R1_001.fastq /tmp/qiime2/luis/processes/47044-1770669069.56@luis/tmp/q2-OutPath-uj30tegx/PUF-MBO-3_41_L001_R2_001.fastq

Running external command line application. This may print messages to stdout and/or stderr.
The command being run is below. This command cannot be manually re-run as it will depend on temporary files that no longer exist.

Command: vsearch --fastq_mergepairs /tmp/qiime2/luis/data/32fe6719-0b11-4869-9310-a0e726f6c060/data/PUF-MBO-5_S516_L001_R1_001.fastq.gz --reverse /tmp/qiime2/luis/data/32fe6719-0b11-4869-9310-a0e726f6c060/data/PUF-MBO-5_S516_L001_R2_001.fastq.gz --fastqout /tmp/qiime2/luis/processes/47044-1770669069.56@luis/tmp/q2-OutPath-zn4himeu/PUF-MBO-5_42_L001_R1_001.fastq --fastqout_notmerged_fwd /tmp/qiime2/luis/processes/47044-1770669069.56@luis/tmp/q2-OutPath-uj30tegx/PUF-MBO-5_42_L001_R1_001.fastq --fastqout_notmerged_rev /tmp/qiime2/luis/processes/47044-1770669069.56@luis/tmp/q2-OutPath-uj30tegx/PUF-MBO-5_42_L001_R2_001.fastq --fastq_ascii 33 --fastq_minlen 1 --fastq_minovlen 50 --fastq_maxdiffs 10 --fastq_qmin 0 --fastq_qminout 0 --fastq_qmax 41 --fastq_qmaxout 41 --fasta_width 0 --fastq_truncqual 26 --fastq_minmergelen 313 --fastq_maxmergelen 313 --fastq_maxee 1 --threads 4

Running external command line application. This may print messages to stdout and/or stderr.
The command being run is below. This command cannot be manually re-run as it will depend on temporary files that no longer exist.

Command: vsearch v2.22.1_linux_x86_64, 14.9GB RAM, 12 cores
https://github.com/torognes/vsearch

Merging reads 100%
     45628  Pairs
      7995  Merged (17.5%)
     37633  Not merged (82.5%)

Pairs that failed merging due to various reasons:
      2850  reads too short (after truncation)
     25107  too few kmers found on same diagonal
         1  multiple potential alignments
      6436  alignment score too low, or score drop too high
      2841  overlap too short
       320  merged fragment too short
        76  merged fragment too long
         2  staggered read pairs

Statistics of all reads:
    274.04  Mean read length

Statistics of merged reads:
    313.00  Mean fragment length
      0.00  Standard deviation of fragment length
      0.04  Mean expected error in forward sequences
      0.03  Mean expected error in reverse sequences
      0.04  Mean expected error in merged sequences
      0.00  Mean observed errors in merged region of forward sequences
      0.00  Mean observed errors in merged region of reverse sequences
      0.00  Mean observed errors in merged region
vsearch v2.22.1_linux_x86_64, 14.9GB RAM, 12 cores
https://github.com/torognes/vsearch

Merging reads 100%
     60609  Pairs
     10005  Merged (16.5%)
     50604  Not merged (83.5%)

Pairs that failed merging due to various reasons:
      4071  reads too short (after truncation)
     34950  too few kmers found on same diagonal
         2  multiple potential alignments
      7045  alignment score too low, or score drop too high
      3929  overlap too short
       485  merged fragment too short
       113  merged fragment too long
         9  staggered read pairs

Statistics of all reads:
    274.04  Mean read length

Statistics of merged reads:
    313.00  Mean fragment length
      0.00  Standard deviation of fragment length
      0.04  Mean expected error in forward sequences
      0.03  Mean expected error in reverse sequences
      0.04  Mean expected error in merged sequences
      0.00  Mean observed errors in merged region of forward sequences
      0.00  Mean observed errors in merged region of reverse sequences
      0.00  Mean observed errors in merged region
vsearch v2.22.1_linux_x86_64, 14.9GB RAM, 12 cores
https://github.com/torognes/vsearch

Merging reads 100%
     68363  Pairs
     11302  Merged (16.5%)
     57061  Not merged (83.5%)

Pairs that failed merging due to various reasons:
      4679  reads too short (after truncation)
     38687  too few kmers found on same diagonal
      8513  alignment score too low, or score drop too high
      4512  overlap too short
       548  merged fragment too short
       117  merged fragment too long
         5  staggered read pairs

Statistics of all reads:
    274.04  Mean read length

Statistics of merged reads:
    313.00  Mean fragment length
      0.00  Standard deviation of fragment length
      0.04  Mean expected error in forward sequences
      0.03  Mean expected error in reverse sequences
      0.04  Mean expected error in merged sequences
      0.00  Mean observed errors in merged region of forward sequences
      0.00  Mean observed errors in merged region of reverse sequences
      0.00  Mean observed errors in merged region
vsearch v2.22.1_linux_x86_64, 14.9GB RAM, 12 cores
https://github.com/torognes/vsearch

Merging reads 100%
     77162  Pairs
     14166  Merged (18.4%)
     62996  Not merged (81.6%)

Pairs that failed merging due to various reasons:
      4964  reads too short (after truncation)
     43140  too few kmers found on same diagonal
         2  multiple potential alignments
      8924  alignment score too low, or score drop too high
      5216  overlap too short
       560  merged fragment too short
       184  merged fragment too long
         6  staggered read pairs

Statistics of all reads:
    274.04  Mean read length

Statistics of merged reads:
    313.00  Mean fragment length
      0.00  Standard deviation of fragment length
      0.04  Mean expected error in forward sequences
      0.03  Mean expected error in reverse sequences
      0.04  Mean expected error in merged sequences
      0.00  Mean observed errors in merged region of forward sequences
      0.00  Mean observed errors in merged region of reverse sequences
      0.00  Mean observed errors in merged region
vsearch v2.22.1_linux_x86_64, 14.9GB RAM, 12 cores
https://github.com/torognes/vsearch

Merging reads 100%
       233  Pairs
         4  Merged (1.7%)
       229  Not merged (98.3%)

Pairs that failed merging due to various reasons:
        26  reads too short (after truncation)
       136  too few kmers found on same diagonal
        37  alignment score too low, or score drop too high
        20  overlap too short
         7  merged fragment too short
         1  merged fragment too long
         2  staggered read pairs

Statistics of all reads:
    274.06  Mean read length

Statistics of merged reads:
    313.00  Mean fragment length
      0.00  Standard deviation of fragment length
      0.04  Mean expected error in forward sequences
      0.03  Mean expected error in reverse sequences
      0.05  Mean expected error in merged sequences
      0.00  Mean observed errors in merged region of forward sequences
      0.00  Mean observed errors in merged region of reverse sequences
      0.00  Mean observed errors in merged region
gzip /tmp/qiime2/luis/processes/47044-1770669069.56@luis/tmp/q2-OutPath-zn4himeu/PUF-MBO-5_42_L001_R1_001.fastq /tmp/qiime2/luis/processes/47044-1770669069.56@luis/tmp/q2-OutPath-uj30tegx/PUF-MBO-5_42_L001_R1_001.fastq /tmp/qiime2/luis/processes/47044-1770669069.56@luis/tmp/q2-OutPath-uj30tegx/PUF-MBO-5_42_L001_R2_001.fastq

Running external command line application. This may print messages to stdout and/or stderr.
The command being run is below. This command cannot be manually re-run as it will depend on temporary files that no longer exist.

Command: vsearch --fastq_mergepairs /tmp/qiime2/luis/data/32fe6719-0b11-4869-9310-a0e726f6c060/data/PUF-MBO-6_S515_L001_R1_001.fastq.gz --reverse /tmp/qiime2/luis/data/32fe6719-0b11-4869-9310-a0e726f6c060/data/PUF-MBO-6_S515_L001_R2_001.fastq.gz --fastqout /tmp/qiime2/luis/processes/47044-1770669069.56@luis/tmp/q2-OutPath-zn4himeu/PUF-MBO-6_43_L001_R1_001.fastq --fastqout_notmerged_fwd /tmp/qiime2/luis/processes/47044-1770669069.56@luis/tmp/q2-OutPath-uj30tegx/PUF-MBO-6_43_L001_R1_001.fastq --fastqout_notmerged_rev /tmp/qiime2/luis/processes/47044-1770669069.56@luis/tmp/q2-OutPath-uj30tegx/PUF-MBO-6_43_L001_R2_001.fastq --fastq_ascii 33 --fastq_minlen 1 --fastq_minovlen 50 --fastq_maxdiffs 10 --fastq_qmin 0 --fastq_qminout 0 --fastq_qmax 41 --fastq_qmaxout 41 --fasta_width 0 --fastq_truncqual 26 --fastq_minmergelen 313 --fastq_maxmergelen 313 --fastq_maxee 1 --threads 4

Running external command line application. This may print messages to stdout and/or stderr.
The command being run is below. This command cannot be manually re-run as it will depend on temporary files that no longer exist.

Command: gzip /tmp/qiime2/luis/processes/47044-1770669069.56@luis/tmp/q2-OutPath-zn4himeu/PUF-MBO-6_43_L001_R1_001.fastq /tmp/qiime2/luis/processes/47044-1770669069.56@luis/tmp/q2-OutPath-uj30tegx/PUF-MBO-6_43_L001_R1_001.fastq /tmp/qiime2/luis/processes/47044-1770669069.56@luis/tmp/q2-OutPath-uj30tegx/PUF-MBO-6_43_L001_R2_001.fastq

Running external command line application. This may print messages to stdout and/or stderr.
The command being run is below. This command cannot be manually re-run as it will depend on temporary files that no longer exist.

Command: vsearch --fastq_mergepairs /tmp/qiime2/luis/data/32fe6719-0b11-4869-9310-a0e726f6c060/data/PUF-MBO-7_S521_L001_R1_001.fastq.gz --reverse /tmp/qiime2/luis/data/32fe6719-0b11-4869-9310-a0e726f6c060/data/PUF-MBO-7_S521_L001_R2_001.fastq.gz --fastqout /tmp/qiime2/luis/processes/47044-1770669069.56@luis/tmp/q2-OutPath-zn4himeu/PUF-MBO-7_44_L001_R1_001.fastq --fastqout_notmerged_fwd /tmp/qiime2/luis/processes/47044-1770669069.56@luis/tmp/q2-OutPath-uj30tegx/PUF-MBO-7_44_L001_R1_001.fastq --fastqout_notmerged_rev /tmp/qiime2/luis/processes/47044-1770669069.56@luis/tmp/q2-OutPath-uj30tegx/PUF-MBO-7_44_L001_R2_001.fastq --fastq_ascii 33 --fastq_minlen 1 --fastq_minovlen 50 --fastq_maxdiffs 10 --fastq_qmin 0 --fastq_qminout 0 --fastq_qmax 41 --fastq_qmaxout 41 --fasta_width 0 --fastq_truncqual 26 --fastq_minmergelen 313 --fastq_maxmergelen 313 --fastq_maxee 1 --threads 4

Running external command line application. This may print messages to stdout and/or stderr.
The command being run is below. This command cannot be manually re-run as it will depend on temporary files that no longer exist.

Command: gzip /tmp/qiime2/luis/processes/47044-1770669069.56@luis/tmp/q2-OutPath-zn4himeu/PUF-MBO-7_44_L001_R1_001.fastq /tmp/qiime2/luis/processes/47044-1770669069.56@luis/tmp/q2-OutPath-uj30tegx/PUF-MBO-7_44_L001_R1_001.fastq /tmp/qiime2/luis/processes/47044-1770669069.56@luis/tmp/q2-OutPath-uj30tegx/PUF-MBO-7_44_L001_R2_001.fastq

Running external command line application. This may print messages to stdout and/or stderr.
The command being run is below. This command cannot be manually re-run as it will depend on temporary files that no longer exist.

Command: vsearch --fastq_mergepairs /tmp/qiime2/luis/data/32fe6719-0b11-4869-9310-a0e726f6c060/data/PUF-MBO-8_S522_L001_R1_001.fastq.gz --reverse /tmp/qiime2/luis/data/32fe6719-0b11-4869-9310-a0e726f6c060/data/PUF-MBO-8_S522_L001_R2_001.fastq.gz --fastqout /tmp/qiime2/luis/processes/47044-1770669069.56@luis/tmp/q2-OutPath-zn4himeu/PUF-MBO-8_45_L001_R1_001.fastq --fastqout_notmerged_fwd /tmp/qiime2/luis/processes/47044-1770669069.56@luis/tmp/q2-OutPath-uj30tegx/PUF-MBO-8_45_L001_R1_001.fastq --fastqout_notmerged_rev /tmp/qiime2/luis/processes/47044-1770669069.56@luis/tmp/q2-OutPath-uj30tegx/PUF-MBO-8_45_L001_R2_001.fastq --fastq_ascii 33 --fastq_minlen 1 --fastq_minovlen 50 --fastq_maxdiffs 10 --fastq_qmin 0 --fastq_qminout 0 --fastq_qmax 41 --fastq_qmaxout 41 --fasta_width 0 --fastq_truncqual 26 --fastq_minmergelen 313 --fastq_maxmergelen 313 --fastq_maxee 1 --threads 4

Running external command line application. This may print messages to stdout and/or stderr.
The command being run is below. This command cannot be manually re-run as it will depend on temporary files that no longer exist.

Command: gzip /tmp/qiime2/luis/processes/47044-1770669069.56@luis/tmp/q2-OutPath-zn4himeu/PUF-MBO-8_45_L001_R1_001.fastq /tmp/qiime2/luis/processes/47044-1770669069.56@luis/tmp/q2-OutPath-uj30tegx/PUF-MBO-8_45_L001_R1_001.fastq /tmp/qiime2/luis/processes/47044-1770669069.56@luis/tmp/q2-OutPath-uj30tegx/PUF-MBO-8_45_L001_R2_001.fastq

Running external command line application. This may print messages to stdout and/or stderr.
The command being run is below. This command cannot be manually re-run as it will depend on temporary files that no longer exist.

Command: vsearch --fastq_mergepairs /tmp/qiime2/luis/data/32fe6719-0b11-4869-9310-a0e726f6c060/data/PUF-MBO-9_S518_L001_R1_001.fastq.gz --reverse /tmp/qiime2/luis/data/32fe6719-0b11-4869-9310-a0e726f6c060/data/PUF-MBO-9_S518_L001_R2_001.fastq.gz --fastqout /tmp/qiime2/luis/processes/47044-1770669069.56@luis/tmp/q2-OutPath-zn4himeu/PUF-MBO-9_46_L001_R1_001.fastq --fastqout_notmerged_fwd /tmp/qiime2/luis/processes/47044-1770669069.56@luis/tmp/q2-OutPath-uj30tegx/PUF-MBO-9_46_L001_R1_001.fastq --fastqout_notmerged_rev /tmp/qiime2/luis/processes/47044-1770669069.56@luis/tmp/q2-OutPath-uj30tegx/PUF-MBO-9_46_L001_R2_001.fastq --fastq_ascii 33 --fastq_minlen 1 --fastq_minovlen 50 --fastq_maxdiffs 10 --fastq_qmin 0 --fastq_qminout 0 --fastq_qmax 41 --fastq_qmaxout 41 --fasta_width 0 --fastq_truncqual 26 --fastq_minmergelen 313 --fastq_maxmergelen 313 --fastq_maxee 1 --threads 4

Running external command line application. This may print messages to stdout and/or stderr.
The command being run is below. This command cannot be manually re-run as it will depend on temporary files that no longer exist.

Command: gzip /tmp/qiime2/luis/processes/47044-1770669069.56@luis/tmp/q2-OutPath-zn4himeu/PUF-MBO-9_46_L001_R1_001.fastq /tmp/qiime2/luis/processes/47044-1770669069.56@luis/tmp/q2-OutPath-uj30tegx/PUF-MBO-9_46_L001_R1_001.fastq /tmp/qiime2/luis/processes/47044-1770669069.56@luis/tmp/q2-OutPath-uj30tegx/PUF-MBO-9_46_L001_R2_001.fastq

Running external command line application. This may print messages to stdout and/or stderr.
The command being run is below. This command cannot be manually re-run as it will depend on temporary files that no longer exist.

Command: vsearch --fastq_mergepairs /tmp/qiime2/luis/data/32fe6719-0b11-4869-9310-a0e726f6c060/data/ctrl-PCR-neg-PUF_S522_L001_R1_001.fastq.gz --reverse /tmp/qiime2/luis/data/32fe6719-0b11-4869-9310-a0e726f6c060/data/ctrl-PCR-neg-PUF_S522_L001_R2_001.fastq.gz --fastqout /tmp/qiime2/luis/processes/47044-1770669069.56@luis/tmp/q2-OutPath-zn4himeu/ctrl-PCR-neg-PUF_47_L001_R1_001.fastq --fastqout_notmerged_fwd /tmp/qiime2/luis/processes/47044-1770669069.56@luis/tmp/q2-OutPath-uj30tegx/ctrl-PCR-neg-PUF_47_L001_R1_001.fastq --fastqout_notmerged_rev /tmp/qiime2/luis/processes/47044-1770669069.56@luis/tmp/q2-OutPath-uj30tegx/ctrl-PCR-neg-PUF_47_L001_R2_001.fastq --fastq_ascii 33 --fastq_minlen 1 --fastq_minovlen 50 --fastq_maxdiffs 10 --fastq_qmin 0 --fastq_qminout 0 --fastq_qmax 41 --fastq_qmaxout 41 --fasta_width 0 --fastq_truncqual 26 --fastq_minmergelen 313 --fastq_maxmergelen 313 --fastq_maxee 1 --threads 4

Running external command line application. This may print messages to stdout and/or stderr.
The command being run is below. This command cannot be manually re-run as it will depend on temporary files that no longer exist.

Command: gzip /tmp/qiime2/luis/processes/47044-1770669069.56@luis/tmp/q2-OutPath-zn4himeu/ctrl-PCR-neg-PUF_47_L001_R1_001.fastq /tmp/qiime2/luis/processes/47044-1770669069.56@luis/tmp/q2-OutPath-uj30tegx/ctrl-PCR-neg-PUF_47_L001_R1_001.fastq /tmp/qiime2/luis/processes/47044-1770669069.56@luis/tmp/q2-OutPath-uj30tegx/ctrl-PCR-neg-PUF_47_L001_R2_001.fastq

Saved SampleData[JoinedSequencesWithQuality] to: ../data/03_merged_t26_l50.qza
Saved SampleData[PairedEndSequencesWithQuality] to: ../data/03_unmerged_t26_l50.qza
