INFO(132144803432256)2026-02-09 16:10:38,011:*************************
INFO(132144803432256)2026-02-09 16:10:38,011:deblurring started
WARNING(132144803432256)2026-02-09 16:10:38,011:deblur version 1.1.1 workflow started on /tmp/qiime2/luis/data/ac299715-fc82-4941-8417-1f6d0186b43c/data
WARNING(132144803432256)2026-02-09 16:10:38,011:parameters: {'seqs_fp': '/tmp/qiime2/luis/data/ac299715-fc82-4941-8417-1f6d0186b43c/data', 'output_dir': '/tmp/tmp3dxpusik', 'pos_ref_fp': ('/tmp/qiime2/luis/data/24c3fd7b-d797-45d8-8c62-edb383bdc88c/data/dna-sequences.fasta',), 'pos_ref_db_fp': (), 'neg_ref_fp': (), 'neg_ref_db_fp': (), 'overwrite': True, 'mean_error': 0.005, 'error_dist': [1.0, 0.06, 0.02, 0.02, 0.01, 0.005, 0.005, 0.005, 0.001, 0.001, 0.001, 0.0005], 'indel_prob': 0.01, 'indel_max': 3, 'trim_length': -1, 'left_trim_length': 0, 'min_reads': 1, 'min_size': 1, 'threads_per_sample': 1, 'keep_tmp_files': True, 'log_level': 2, 'log_file': '/home/luis/Documents/Projects/PUF-PAS_AirDNA/01_QIIME_pt2/01_Deblur/bin/deblur.log', 'jobs_to_start': 6, 'is_worker_thread': False, 'logger': <Logger __main__ (INFO)>}
INFO(132144803432256)2026-02-09 16:10:38,011:error_dist is : [1.0, 0.06, 0.02, 0.02, 0.01, 0.005, 0.005, 0.005, 0.001, 0.001, 0.001, 0.0005]
INFO(132144803432256)2026-02-09 16:10:38,011:deblur main program started
INFO(132144803432256)2026-02-09 16:10:38,011:processing directory /tmp/qiime2/luis/data/ac299715-fc82-4941-8417-1f6d0186b43c/data
INFO(132144803432256)2026-02-09 16:10:38,012:building negative db sortmerna index files
INFO(132144803432256)2026-02-09 16:10:38,012:build_index_sortmerna files ['/home/luis/miniconda3/envs/qiime2/lib/python3.10/site-packages/deblur/support_files/artifacts.fa'] to dir /tmp/tmp3dxpusik/deblur_working_dir
INFO(132144803432256)2026-02-09 16:10:38,042:building positive db sortmerna index files
INFO(132144803432256)2026-02-09 16:10:38,042:build_index_sortmerna files ('/tmp/qiime2/luis/data/24c3fd7b-d797-45d8-8c62-edb383bdc88c/data/dna-sequences.fasta',) to dir /tmp/tmp3dxpusik/deblur_working_dir
INFO(132144803432256)2026-02-09 17:01:36,328:parallel processing per sample fasta files
INFO(132144803432256)2026-02-09 17:01:36,336:parallel deblur started for 48 inputs
INFO(123910979946304)2026-02-09 17:01:36,993:*************************
INFO(123910979946304)2026-02-09 17:01:36,993:deblurring started
WARNING(123910979946304)2026-02-09 17:01:36,993:deblur version 1.1.1 workflow started on /tmp/qiime2/luis/data/ac299715-fc82-4941-8417-1f6d0186b43c/data/PUF-JD-1_30_L001_R1_001.fastq.gz
WARNING(123910979946304)2026-02-09 17:01:36,993:parameters: {'seqs_fp': '/tmp/qiime2/luis/data/ac299715-fc82-4941-8417-1f6d0186b43c/data/PUF-JD-1_30_L001_R1_001.fastq.gz', 'output_dir': '/tmp/tmp3dxpusik', 'pos_ref_fp': ('/tmp/qiime2/luis/data/24c3fd7b-d797-45d8-8c62-edb383bdc88c/data/dna-sequences.fasta',), 'pos_ref_db_fp': ('/tmp/tmp3dxpusik/deblur_working_dir/dna-sequences',), 'neg_ref_fp': (), 'neg_ref_db_fp': ('/tmp/tmp3dxpusik/deblur_working_dir/artifacts',), 'overwrite': True, 'mean_error': 0.005, 'error_dist': [1.0, 0.06, 0.02, 0.02, 0.01, 0.005, 0.005, 0.005, 0.001, 0.001, 0.001, 0.0005], 'indel_prob': 0.01, 'indel_max': 3, 'trim_length': -1, 'left_trim_length': 0, 'min_reads': 1, 'min_size': 1, 'threads_per_sample': 1, 'keep_tmp_files': True, 'log_level': 2, 'log_file': '/home/luis/Documents/Projects/PUF-PAS_AirDNA/01_QIIME_pt2/01_Deblur/bin/deblur.log', 'jobs_to_start': 1, 'is_worker_thread': True, 'logger': <Logger __main__ (INFO)>}
INFO(123910979946304)2026-02-09 17:01:36,993:error_dist is : [1.0, 0.06, 0.02, 0.02, 0.01, 0.005, 0.005, 0.005, 0.001, 0.001, 0.001, 0.0005]
INFO(123910979946304)2026-02-09 17:01:36,993:deblur worker thread started
INFO(123910979946304)2026-02-09 17:01:36,993:processing per sample fasta files
INFO(123910979946304)2026-02-09 17:01:36,993:--------------------------------------------------------
INFO(123910979946304)2026-02-09 17:01:36,993:launch_workflow for file /tmp/qiime2/luis/data/ac299715-fc82-4941-8417-1f6d0186b43c/data/PUF-JD-1_30_L001_R1_001.fastq.gz
INFO(140353075128128)2026-02-09 17:01:36,996:*************************
INFO(140353075128128)2026-02-09 17:01:36,996:deblurring started
WARNING(140353075128128)2026-02-09 17:01:36,996:deblur version 1.1.1 workflow started on /tmp/qiime2/luis/data/ac299715-fc82-4941-8417-1f6d0186b43c/data/PUF-JD-7_35_L001_R1_001.fastq.gz
WARNING(140353075128128)2026-02-09 17:01:36,996:parameters: {'seqs_fp': '/tmp/qiime2/luis/data/ac299715-fc82-4941-8417-1f6d0186b43c/data/PUF-JD-7_35_L001_R1_001.fastq.gz', 'output_dir': '/tmp/tmp3dxpusik', 'pos_ref_fp': ('/tmp/qiime2/luis/data/24c3fd7b-d797-45d8-8c62-edb383bdc88c/data/dna-sequences.fasta',), 'pos_ref_db_fp': ('/tmp/tmp3dxpusik/deblur_working_dir/dna-sequences',), 'neg_ref_fp': (), 'neg_ref_db_fp': ('/tmp/tmp3dxpusik/deblur_working_dir/artifacts',), 'overwrite': True, 'mean_error': 0.005, 'error_dist': [1.0, 0.06, 0.02, 0.02, 0.01, 0.005, 0.005, 0.005, 0.001, 0.001, 0.001, 0.0005], 'indel_prob': 0.01, 'indel_max': 3, 'trim_length': -1, 'left_trim_length': 0, 'min_reads': 1, 'min_size': 1, 'threads_per_sample': 1, 'keep_tmp_files': True, 'log_level': 2, 'log_file': '/home/luis/Documents/Projects/PUF-PAS_AirDNA/01_QIIME_pt2/01_Deblur/bin/deblur.log', 'jobs_to_start': 1, 'is_worker_thread': True, 'logger': <Logger __main__ (INFO)>}
INFO(140353075128128)2026-02-09 17:01:36,996:error_dist is : [1.0, 0.06, 0.02, 0.02, 0.01, 0.005, 0.005, 0.005, 0.001, 0.001, 0.001, 0.0005]
INFO(140353075128128)2026-02-09 17:01:36,996:deblur worker thread started
INFO(140353075128128)2026-02-09 17:01:36,996:processing per sample fasta files
INFO(140353075128128)2026-02-09 17:01:36,996:--------------------------------------------------------
INFO(140353075128128)2026-02-09 17:01:36,996:launch_workflow for file /tmp/qiime2/luis/data/ac299715-fc82-4941-8417-1f6d0186b43c/data/PUF-JD-7_35_L001_R1_001.fastq.gz
INFO(135707250501440)2026-02-09 17:01:36,997:*************************
INFO(135707250501440)2026-02-09 17:01:36,997:deblurring started
WARNING(135707250501440)2026-02-09 17:01:36,997:deblur version 1.1.1 workflow started on /tmp/qiime2/luis/data/ac299715-fc82-4941-8417-1f6d0186b43c/data/ctrl-PCR-neg-PUF_47_L001_R1_001.fastq.gz
WARNING(135707250501440)2026-02-09 17:01:36,997:parameters: {'seqs_fp': '/tmp/qiime2/luis/data/ac299715-fc82-4941-8417-1f6d0186b43c/data/ctrl-PCR-neg-PUF_47_L001_R1_001.fastq.gz', 'output_dir': '/tmp/tmp3dxpusik', 'pos_ref_fp': ('/tmp/qiime2/luis/data/24c3fd7b-d797-45d8-8c62-edb383bdc88c/data/dna-sequences.fasta',), 'pos_ref_db_fp': ('/tmp/tmp3dxpusik/deblur_working_dir/dna-sequences',), 'neg_ref_fp': (), 'neg_ref_db_fp': ('/tmp/tmp3dxpusik/deblur_working_dir/artifacts',), 'overwrite': True, 'mean_error': 0.005, 'error_dist': [1.0, 0.06, 0.02, 0.02, 0.01, 0.005, 0.005, 0.005, 0.001, 0.001, 0.001, 0.0005], 'indel_prob': 0.01, 'indel_max': 3, 'trim_length': -1, 'left_trim_length': 0, 'min_reads': 1, 'min_size': 1, 'threads_per_sample': 1, 'keep_tmp_files': True, 'log_level': 2, 'log_file': '/home/luis/Documents/Projects/PUF-PAS_AirDNA/01_QIIME_pt2/01_Deblur/bin/deblur.log', 'jobs_to_start': 1, 'is_worker_thread': True, 'logger': <Logger __main__ (INFO)>}
INFO(135707250501440)2026-02-09 17:01:36,997:error_dist is : [1.0, 0.06, 0.02, 0.02, 0.01, 0.005, 0.005, 0.005, 0.001, 0.001, 0.001, 0.0005]
INFO(135707250501440)2026-02-09 17:01:36,997:deblur worker thread started
INFO(135707250501440)2026-02-09 17:01:36,997:processing per sample fasta files
INFO(135707250501440)2026-02-09 17:01:36,997:--------------------------------------------------------
INFO(135707250501440)2026-02-09 17:01:36,997:launch_workflow for file /tmp/qiime2/luis/data/ac299715-fc82-4941-8417-1f6d0186b43c/data/ctrl-PCR-neg-PUF_47_L001_R1_001.fastq.gz
INFO(139977760233280)2026-02-09 17:01:37,004:*************************
INFO(135707250501440)2026-02-09 17:01:37,004:dereplicate seqs file /tmp/tmp3dxpusik/deblur_working_dir/ctrl-PCR-neg-PUF_47_L001_R1_001.fastq.gz.trim
INFO(139977760233280)2026-02-09 17:01:37,004:deblurring started
WARNING(139977760233280)2026-02-09 17:01:37,004:deblur version 1.1.1 workflow started on /tmp/qiime2/luis/data/ac299715-fc82-4941-8417-1f6d0186b43c/data/PUF-MBO-9_46_L001_R1_001.fastq.gz
WARNING(139977760233280)2026-02-09 17:01:37,004:parameters: {'seqs_fp': '/tmp/qiime2/luis/data/ac299715-fc82-4941-8417-1f6d0186b43c/data/PUF-MBO-9_46_L001_R1_001.fastq.gz', 'output_dir': '/tmp/tmp3dxpusik', 'pos_ref_fp': ('/tmp/qiime2/luis/data/24c3fd7b-d797-45d8-8c62-edb383bdc88c/data/dna-sequences.fasta',), 'pos_ref_db_fp': ('/tmp/tmp3dxpusik/deblur_working_dir/dna-sequences',), 'neg_ref_fp': (), 'neg_ref_db_fp': ('/tmp/tmp3dxpusik/deblur_working_dir/artifacts',), 'overwrite': True, 'mean_error': 0.005, 'error_dist': [1.0, 0.06, 0.02, 0.02, 0.01, 0.005, 0.005, 0.005, 0.001, 0.001, 0.001, 0.0005], 'indel_prob': 0.01, 'indel_max': 3, 'trim_length': -1, 'left_trim_length': 0, 'min_reads': 1, 'min_size': 1, 'threads_per_sample': 1, 'keep_tmp_files': True, 'log_level': 2, 'log_file': '/home/luis/Documents/Projects/PUF-PAS_AirDNA/01_QIIME_pt2/01_Deblur/bin/deblur.log', 'jobs_to_start': 1, 'is_worker_thread': True, 'logger': <Logger __main__ (INFO)>}
INFO(139977760233280)2026-02-09 17:01:37,004:error_dist is : [1.0, 0.06, 0.02, 0.02, 0.01, 0.005, 0.005, 0.005, 0.001, 0.001, 0.001, 0.0005]
INFO(131503741245248)2026-02-09 17:01:37,004:*************************
INFO(139977760233280)2026-02-09 17:01:37,004:deblur worker thread started
INFO(131503741245248)2026-02-09 17:01:37,004:deblurring started
INFO(139977760233280)2026-02-09 17:01:37,004:processing per sample fasta files
INFO(139977760233280)2026-02-09 17:01:37,004:--------------------------------------------------------
INFO(139977760233280)2026-02-09 17:01:37,004:launch_workflow for file /tmp/qiime2/luis/data/ac299715-fc82-4941-8417-1f6d0186b43c/data/PUF-MBO-9_46_L001_R1_001.fastq.gz
WARNING(131503741245248)2026-02-09 17:01:37,005:deblur version 1.1.1 workflow started on /tmp/qiime2/luis/data/ac299715-fc82-4941-8417-1f6d0186b43c/data/PUF-BOU-8_21_L001_R1_001.fastq.gz
WARNING(131503741245248)2026-02-09 17:01:37,005:parameters: {'seqs_fp': '/tmp/qiime2/luis/data/ac299715-fc82-4941-8417-1f6d0186b43c/data/PUF-BOU-8_21_L001_R1_001.fastq.gz', 'output_dir': '/tmp/tmp3dxpusik', 'pos_ref_fp': ('/tmp/qiime2/luis/data/24c3fd7b-d797-45d8-8c62-edb383bdc88c/data/dna-sequences.fasta',), 'pos_ref_db_fp': ('/tmp/tmp3dxpusik/deblur_working_dir/dna-sequences',), 'neg_ref_fp': (), 'neg_ref_db_fp': ('/tmp/tmp3dxpusik/deblur_working_dir/artifacts',), 'overwrite': True, 'mean_error': 0.005, 'error_dist': [1.0, 0.06, 0.02, 0.02, 0.01, 0.005, 0.005, 0.005, 0.001, 0.001, 0.001, 0.0005], 'indel_prob': 0.01, 'indel_max': 3, 'trim_length': -1, 'left_trim_length': 0, 'min_reads': 1, 'min_size': 1, 'threads_per_sample': 1, 'keep_tmp_files': True, 'log_level': 2, 'log_file': '/home/luis/Documents/Projects/PUF-PAS_AirDNA/01_QIIME_pt2/01_Deblur/bin/deblur.log', 'jobs_to_start': 1, 'is_worker_thread': True, 'logger': <Logger __main__ (INFO)>}
INFO(131503741245248)2026-02-09 17:01:37,005:error_dist is : [1.0, 0.06, 0.02, 0.02, 0.01, 0.005, 0.005, 0.005, 0.001, 0.001, 0.001, 0.0005]
INFO(131503741245248)2026-02-09 17:01:37,005:deblur worker thread started
INFO(131503741245248)2026-02-09 17:01:37,005:processing per sample fasta files
INFO(131503741245248)2026-02-09 17:01:37,005:--------------------------------------------------------
INFO(131503741245248)2026-02-09 17:01:37,005:launch_workflow for file /tmp/qiime2/luis/data/ac299715-fc82-4941-8417-1f6d0186b43c/data/PUF-BOU-8_21_L001_R1_001.fastq.gz
INFO(135707250501440)2026-02-09 17:01:37,006:remove_artifacts_seqs file /tmp/tmp3dxpusik/deblur_working_dir/ctrl-PCR-neg-PUF_47_L001_R1_001.fastq.gz.trim.derep
INFO(126642332391232)2026-02-09 17:01:37,018:*************************
INFO(126642332391232)2026-02-09 17:01:37,018:deblurring started
WARNING(126642332391232)2026-02-09 17:01:37,018:deblur version 1.1.1 workflow started on /tmp/qiime2/luis/data/ac299715-fc82-4941-8417-1f6d0186b43c/data/PUF-BOU-4_18_L001_R1_001.fastq.gz
WARNING(126642332391232)2026-02-09 17:01:37,018:parameters: {'seqs_fp': '/tmp/qiime2/luis/data/ac299715-fc82-4941-8417-1f6d0186b43c/data/PUF-BOU-4_18_L001_R1_001.fastq.gz', 'output_dir': '/tmp/tmp3dxpusik', 'pos_ref_fp': ('/tmp/qiime2/luis/data/24c3fd7b-d797-45d8-8c62-edb383bdc88c/data/dna-sequences.fasta',), 'pos_ref_db_fp': ('/tmp/tmp3dxpusik/deblur_working_dir/dna-sequences',), 'neg_ref_fp': (), 'neg_ref_db_fp': ('/tmp/tmp3dxpusik/deblur_working_dir/artifacts',), 'overwrite': True, 'mean_error': 0.005, 'error_dist': [1.0, 0.06, 0.02, 0.02, 0.01, 0.005, 0.005, 0.005, 0.001, 0.001, 0.001, 0.0005], 'indel_prob': 0.01, 'indel_max': 3, 'trim_length': -1, 'left_trim_length': 0, 'min_reads': 1, 'min_size': 1, 'threads_per_sample': 1, 'keep_tmp_files': True, 'log_level': 2, 'log_file': '/home/luis/Documents/Projects/PUF-PAS_AirDNA/01_QIIME_pt2/01_Deblur/bin/deblur.log', 'jobs_to_start': 1, 'is_worker_thread': True, 'logger': <Logger __main__ (INFO)>}
INFO(126642332391232)2026-02-09 17:01:37,018:error_dist is : [1.0, 0.06, 0.02, 0.02, 0.01, 0.005, 0.005, 0.005, 0.001, 0.001, 0.001, 0.0005]
INFO(126642332391232)2026-02-09 17:01:37,018:deblur worker thread started
INFO(126642332391232)2026-02-09 17:01:37,018:processing per sample fasta files
INFO(126642332391232)2026-02-09 17:01:37,018:--------------------------------------------------------
INFO(126642332391232)2026-02-09 17:01:37,018:launch_workflow for file /tmp/qiime2/luis/data/ac299715-fc82-4941-8417-1f6d0186b43c/data/PUF-BOU-4_18_L001_R1_001.fastq.gz
INFO(135707250501440)2026-02-09 17:01:37,279:total sequences 19, passing sequences 19, failing sequences 0
INFO(135707250501440)2026-02-09 17:01:37,280:multiple_sequence_alignment seqs file /tmp/tmp3dxpusik/deblur_working_dir/ctrl-PCR-neg-PUF_47_L001_R1_001.fastq.gz.trim.derep.no_artifacts
INFO(135707250501440)2026-02-09 17:01:37,614:deblurring 19 sequences
INFO(135707250501440)2026-02-09 17:01:37,614:1 unique sequences left following deblurring
INFO(135707250501440)2026-02-09 17:01:37,614:remove_chimeras_denovo_from_seqs seqs file /tmp/tmp3dxpusik/deblur_working_dir/ctrl-PCR-neg-PUF_47_L001_R1_001.fastq.gz.trim.derep.no_artifacts.msa.deblurto working dir /tmp/tmp3dxpusik/deblur_working_dir
INFO(135707250501440)2026-02-09 17:01:37,622:finished processing file
INFO(135707250501440)2026-02-09 17:01:37,622:finished processing per sample fasta files
INFO(135707250501440)2026-02-09 17:01:37,622:worker thread for /tmp/qiime2/luis/data/ac299715-fc82-4941-8417-1f6d0186b43c/data/ctrl-PCR-neg-PUF_47_L001_R1_001.fastq.gz finished
INFO(134030799263552)2026-02-09 17:01:38,380:*************************
INFO(134030799263552)2026-02-09 17:01:38,380:deblurring started
WARNING(134030799263552)2026-02-09 17:01:38,380:deblur version 1.1.1 workflow started on /tmp/qiime2/luis/data/ac299715-fc82-4941-8417-1f6d0186b43c/data/PUF-IPEX-7_28_L001_R1_001.fastq.gz
WARNING(134030799263552)2026-02-09 17:01:38,380:parameters: {'seqs_fp': '/tmp/qiime2/luis/data/ac299715-fc82-4941-8417-1f6d0186b43c/data/PUF-IPEX-7_28_L001_R1_001.fastq.gz', 'output_dir': '/tmp/tmp3dxpusik', 'pos_ref_fp': ('/tmp/qiime2/luis/data/24c3fd7b-d797-45d8-8c62-edb383bdc88c/data/dna-sequences.fasta',), 'pos_ref_db_fp': ('/tmp/tmp3dxpusik/deblur_working_dir/dna-sequences',), 'neg_ref_fp': (), 'neg_ref_db_fp': ('/tmp/tmp3dxpusik/deblur_working_dir/artifacts',), 'overwrite': True, 'mean_error': 0.005, 'error_dist': [1.0, 0.06, 0.02, 0.02, 0.01, 0.005, 0.005, 0.005, 0.001, 0.001, 0.001, 0.0005], 'indel_prob': 0.01, 'indel_max': 3, 'trim_length': -1, 'left_trim_length': 0, 'min_reads': 1, 'min_size': 1, 'threads_per_sample': 1, 'keep_tmp_files': True, 'log_level': 2, 'log_file': '/home/luis/Documents/Projects/PUF-PAS_AirDNA/01_QIIME_pt2/01_Deblur/bin/deblur.log', 'jobs_to_start': 1, 'is_worker_thread': True, 'logger': <Logger __main__ (INFO)>}
INFO(134030799263552)2026-02-09 17:01:38,380:error_dist is : [1.0, 0.06, 0.02, 0.02, 0.01, 0.005, 0.005, 0.005, 0.001, 0.001, 0.001, 0.0005]
INFO(134030799263552)2026-02-09 17:01:38,380:deblur worker thread started
INFO(134030799263552)2026-02-09 17:01:38,380:processing per sample fasta files
INFO(134030799263552)2026-02-09 17:01:38,381:--------------------------------------------------------
INFO(134030799263552)2026-02-09 17:01:38,381:launch_workflow for file /tmp/qiime2/luis/data/ac299715-fc82-4941-8417-1f6d0186b43c/data/PUF-IPEX-7_28_L001_R1_001.fastq.gz
INFO(126642332391232)2026-02-09 17:01:38,411:dereplicate seqs file /tmp/tmp3dxpusik/deblur_working_dir/PUF-BOU-4_18_L001_R1_001.fastq.gz.trim
INFO(126642332391232)2026-02-09 17:01:38,429:remove_artifacts_seqs file /tmp/tmp3dxpusik/deblur_working_dir/PUF-BOU-4_18_L001_R1_001.fastq.gz.trim.derep
INFO(126642332391232)2026-02-09 17:01:38,879:total sequences 3983, passing sequences 3983, failing sequences 0
INFO(126642332391232)2026-02-09 17:01:38,879:multiple_sequence_alignment seqs file /tmp/tmp3dxpusik/deblur_working_dir/PUF-BOU-4_18_L001_R1_001.fastq.gz.trim.derep.no_artifacts
INFO(123910979946304)2026-02-09 17:01:40,143:dereplicate seqs file /tmp/tmp3dxpusik/deblur_working_dir/PUF-JD-1_30_L001_R1_001.fastq.gz.trim
INFO(123910979946304)2026-02-09 17:01:40,178:remove_artifacts_seqs file /tmp/tmp3dxpusik/deblur_working_dir/PUF-JD-1_30_L001_R1_001.fastq.gz.trim.derep
INFO(123910979946304)2026-02-09 17:01:40,608:total sequences 5518, passing sequences 5518, failing sequences 0
INFO(123910979946304)2026-02-09 17:01:40,608:multiple_sequence_alignment seqs file /tmp/tmp3dxpusik/deblur_working_dir/PUF-JD-1_30_L001_R1_001.fastq.gz.trim.derep.no_artifacts
INFO(131503741245248)2026-02-09 17:01:41,302:dereplicate seqs file /tmp/tmp3dxpusik/deblur_working_dir/PUF-BOU-8_21_L001_R1_001.fastq.gz.trim
INFO(134030799263552)2026-02-09 17:01:41,323:dereplicate seqs file /tmp/tmp3dxpusik/deblur_working_dir/PUF-IPEX-7_28_L001_R1_001.fastq.gz.trim
INFO(131503741245248)2026-02-09 17:01:41,356:remove_artifacts_seqs file /tmp/tmp3dxpusik/deblur_working_dir/PUF-BOU-8_21_L001_R1_001.fastq.gz.trim.derep
INFO(134030799263552)2026-02-09 17:01:41,363:remove_artifacts_seqs file /tmp/tmp3dxpusik/deblur_working_dir/PUF-IPEX-7_28_L001_R1_001.fastq.gz.trim.derep
INFO(134030799263552)2026-02-09 17:01:41,905:total sequences 8972, passing sequences 8972, failing sequences 0
INFO(134030799263552)2026-02-09 17:01:41,905:multiple_sequence_alignment seqs file /tmp/tmp3dxpusik/deblur_working_dir/PUF-IPEX-7_28_L001_R1_001.fastq.gz.trim.derep.no_artifacts
INFO(131503741245248)2026-02-09 17:01:41,980:total sequences 11308, passing sequences 11308, failing sequences 0
INFO(131503741245248)2026-02-09 17:01:41,980:multiple_sequence_alignment seqs file /tmp/tmp3dxpusik/deblur_working_dir/PUF-BOU-8_21_L001_R1_001.fastq.gz.trim.derep.no_artifacts
INFO(140353075128128)2026-02-09 17:01:42,904:dereplicate seqs file /tmp/tmp3dxpusik/deblur_working_dir/PUF-JD-7_35_L001_R1_001.fastq.gz.trim
INFO(140353075128128)2026-02-09 17:01:42,982:remove_artifacts_seqs file /tmp/tmp3dxpusik/deblur_working_dir/PUF-JD-7_35_L001_R1_001.fastq.gz.trim.derep
INFO(139977760233280)2026-02-09 17:01:43,007:dereplicate seqs file /tmp/tmp3dxpusik/deblur_working_dir/PUF-MBO-9_46_L001_R1_001.fastq.gz.trim
INFO(139977760233280)2026-02-09 17:01:43,086:remove_artifacts_seqs file /tmp/tmp3dxpusik/deblur_working_dir/PUF-MBO-9_46_L001_R1_001.fastq.gz.trim.derep
INFO(140353075128128)2026-02-09 17:01:43,661:total sequences 13724, passing sequences 13724, failing sequences 0
INFO(140353075128128)2026-02-09 17:01:43,661:multiple_sequence_alignment seqs file /tmp/tmp3dxpusik/deblur_working_dir/PUF-JD-7_35_L001_R1_001.fastq.gz.trim.derep.no_artifacts
INFO(139977760233280)2026-02-09 17:01:43,807:total sequences 14615, passing sequences 14615, failing sequences 0
INFO(139977760233280)2026-02-09 17:01:43,807:multiple_sequence_alignment seqs file /tmp/tmp3dxpusik/deblur_working_dir/PUF-MBO-9_46_L001_R1_001.fastq.gz.trim.derep.no_artifacts
INFO(126642332391232)2026-02-09 17:01:56,648:deblurring 3983 sequences
INFO(126642332391232)2026-02-09 17:01:57,591:219 unique sequences left following deblurring
INFO(126642332391232)2026-02-09 17:01:57,593:remove_chimeras_denovo_from_seqs seqs file /tmp/tmp3dxpusik/deblur_working_dir/PUF-BOU-4_18_L001_R1_001.fastq.gz.trim.derep.no_artifacts.msa.deblurto working dir /tmp/tmp3dxpusik/deblur_working_dir
INFO(126642332391232)2026-02-09 17:01:57,732:finished processing file
INFO(126642332391232)2026-02-09 17:01:57,732:finished processing per sample fasta files
INFO(126642332391232)2026-02-09 17:01:57,732:worker thread for /tmp/qiime2/luis/data/ac299715-fc82-4941-8417-1f6d0186b43c/data/PUF-BOU-4_18_L001_R1_001.fastq.gz finished
INFO(129715631662912)2026-02-09 17:01:58,514:*************************
INFO(129715631662912)2026-02-09 17:01:58,514:deblurring started
WARNING(129715631662912)2026-02-09 17:01:58,514:deblur version 1.1.1 workflow started on /tmp/qiime2/luis/data/ac299715-fc82-4941-8417-1f6d0186b43c/data/PUF-BOU-5_19_L001_R1_001.fastq.gz
WARNING(129715631662912)2026-02-09 17:01:58,514:parameters: {'seqs_fp': '/tmp/qiime2/luis/data/ac299715-fc82-4941-8417-1f6d0186b43c/data/PUF-BOU-5_19_L001_R1_001.fastq.gz', 'output_dir': '/tmp/tmp3dxpusik', 'pos_ref_fp': ('/tmp/qiime2/luis/data/24c3fd7b-d797-45d8-8c62-edb383bdc88c/data/dna-sequences.fasta',), 'pos_ref_db_fp': ('/tmp/tmp3dxpusik/deblur_working_dir/dna-sequences',), 'neg_ref_fp': (), 'neg_ref_db_fp': ('/tmp/tmp3dxpusik/deblur_working_dir/artifacts',), 'overwrite': True, 'mean_error': 0.005, 'error_dist': [1.0, 0.06, 0.02, 0.02, 0.01, 0.005, 0.005, 0.005, 0.001, 0.001, 0.001, 0.0005], 'indel_prob': 0.01, 'indel_max': 3, 'trim_length': -1, 'left_trim_length': 0, 'min_reads': 1, 'min_size': 1, 'threads_per_sample': 1, 'keep_tmp_files': True, 'log_level': 2, 'log_file': '/home/luis/Documents/Projects/PUF-PAS_AirDNA/01_QIIME_pt2/01_Deblur/bin/deblur.log', 'jobs_to_start': 1, 'is_worker_thread': True, 'logger': <Logger __main__ (INFO)>}
INFO(129715631662912)2026-02-09 17:01:58,514:error_dist is : [1.0, 0.06, 0.02, 0.02, 0.01, 0.005, 0.005, 0.005, 0.001, 0.001, 0.001, 0.0005]
INFO(129715631662912)2026-02-09 17:01:58,514:deblur worker thread started
INFO(129715631662912)2026-02-09 17:01:58,514:processing per sample fasta files
INFO(129715631662912)2026-02-09 17:01:58,514:--------------------------------------------------------
INFO(129715631662912)2026-02-09 17:01:58,514:launch_workflow for file /tmp/qiime2/luis/data/ac299715-fc82-4941-8417-1f6d0186b43c/data/PUF-BOU-5_19_L001_R1_001.fastq.gz
INFO(129715631662912)2026-02-09 17:02:02,433:dereplicate seqs file /tmp/tmp3dxpusik/deblur_working_dir/PUF-BOU-5_19_L001_R1_001.fastq.gz.trim
INFO(129715631662912)2026-02-09 17:02:02,488:remove_artifacts_seqs file /tmp/tmp3dxpusik/deblur_working_dir/PUF-BOU-5_19_L001_R1_001.fastq.gz.trim.derep
INFO(129715631662912)2026-02-09 17:02:03,099:total sequences 10179, passing sequences 10179, failing sequences 0
INFO(129715631662912)2026-02-09 17:02:03,099:multiple_sequence_alignment seqs file /tmp/tmp3dxpusik/deblur_working_dir/PUF-BOU-5_19_L001_R1_001.fastq.gz.trim.derep.no_artifacts
INFO(123910979946304)2026-02-09 17:02:12,213:deblurring 5518 sequences
INFO(123910979946304)2026-02-09 17:02:13,546:224 unique sequences left following deblurring
INFO(123910979946304)2026-02-09 17:02:13,549:remove_chimeras_denovo_from_seqs seqs file /tmp/tmp3dxpusik/deblur_working_dir/PUF-JD-1_30_L001_R1_001.fastq.gz.trim.derep.no_artifacts.msa.deblurto working dir /tmp/tmp3dxpusik/deblur_working_dir
INFO(123910979946304)2026-02-09 17:02:13,691:finished processing file
INFO(123910979946304)2026-02-09 17:02:13,691:finished processing per sample fasta files
INFO(123910979946304)2026-02-09 17:02:13,691:worker thread for /tmp/qiime2/luis/data/ac299715-fc82-4941-8417-1f6d0186b43c/data/PUF-JD-1_30_L001_R1_001.fastq.gz finished
INFO(133195108075328)2026-02-09 17:02:14,515:*************************
INFO(133195108075328)2026-02-09 17:02:14,515:deblurring started
WARNING(133195108075328)2026-02-09 17:02:14,515:deblur version 1.1.1 workflow started on /tmp/qiime2/luis/data/ac299715-fc82-4941-8417-1f6d0186b43c/data/PUF-MBO-1_38_L001_R1_001.fastq.gz
WARNING(133195108075328)2026-02-09 17:02:14,516:parameters: {'seqs_fp': '/tmp/qiime2/luis/data/ac299715-fc82-4941-8417-1f6d0186b43c/data/PUF-MBO-1_38_L001_R1_001.fastq.gz', 'output_dir': '/tmp/tmp3dxpusik', 'pos_ref_fp': ('/tmp/qiime2/luis/data/24c3fd7b-d797-45d8-8c62-edb383bdc88c/data/dna-sequences.fasta',), 'pos_ref_db_fp': ('/tmp/tmp3dxpusik/deblur_working_dir/dna-sequences',), 'neg_ref_fp': (), 'neg_ref_db_fp': ('/tmp/tmp3dxpusik/deblur_working_dir/artifacts',), 'overwrite': True, 'mean_error': 0.005, 'error_dist': [1.0, 0.06, 0.02, 0.02, 0.01, 0.005, 0.005, 0.005, 0.001, 0.001, 0.001, 0.0005], 'indel_prob': 0.01, 'indel_max': 3, 'trim_length': -1, 'left_trim_length': 0, 'min_reads': 1, 'min_size': 1, 'threads_per_sample': 1, 'keep_tmp_files': True, 'log_level': 2, 'log_file': '/home/luis/Documents/Projects/PUF-PAS_AirDNA/01_QIIME_pt2/01_Deblur/bin/deblur.log', 'jobs_to_start': 1, 'is_worker_thread': True, 'logger': <Logger __main__ (INFO)>}
INFO(133195108075328)2026-02-09 17:02:14,516:error_dist is : [1.0, 0.06, 0.02, 0.02, 0.01, 0.005, 0.005, 0.005, 0.001, 0.001, 0.001, 0.0005]
INFO(133195108075328)2026-02-09 17:02:14,516:deblur worker thread started
INFO(133195108075328)2026-02-09 17:02:14,516:processing per sample fasta files
INFO(133195108075328)2026-02-09 17:02:14,516:--------------------------------------------------------
INFO(133195108075328)2026-02-09 17:02:14,516:launch_workflow for file /tmp/qiime2/luis/data/ac299715-fc82-4941-8417-1f6d0186b43c/data/PUF-MBO-1_38_L001_R1_001.fastq.gz
INFO(133195108075328)2026-02-09 17:02:17,371:dereplicate seqs file /tmp/tmp3dxpusik/deblur_working_dir/PUF-MBO-1_38_L001_R1_001.fastq.gz.trim
INFO(133195108075328)2026-02-09 17:02:17,410:remove_artifacts_seqs file /tmp/tmp3dxpusik/deblur_working_dir/PUF-MBO-1_38_L001_R1_001.fastq.gz.trim.derep
INFO(133195108075328)2026-02-09 17:02:17,949:total sequences 7739, passing sequences 7739, failing sequences 0
INFO(133195108075328)2026-02-09 17:02:17,949:multiple_sequence_alignment seqs file /tmp/tmp3dxpusik/deblur_working_dir/PUF-MBO-1_38_L001_R1_001.fastq.gz.trim.derep.no_artifacts
INFO(134030799263552)2026-02-09 17:03:01,216:deblurring 8972 sequences
INFO(134030799263552)2026-02-09 17:03:07,034:565 unique sequences left following deblurring
INFO(134030799263552)2026-02-09 17:03:07,039:remove_chimeras_denovo_from_seqs seqs file /tmp/tmp3dxpusik/deblur_working_dir/PUF-IPEX-7_28_L001_R1_001.fastq.gz.trim.derep.no_artifacts.msa.deblurto working dir /tmp/tmp3dxpusik/deblur_working_dir
INFO(134030799263552)2026-02-09 17:03:07,422:finished processing file
INFO(134030799263552)2026-02-09 17:03:07,423:finished processing per sample fasta files
INFO(134030799263552)2026-02-09 17:03:07,423:worker thread for /tmp/qiime2/luis/data/ac299715-fc82-4941-8417-1f6d0186b43c/data/PUF-IPEX-7_28_L001_R1_001.fastq.gz finished
INFO(130132093347648)2026-02-09 17:03:08,241:*************************
INFO(130132093347648)2026-02-09 17:03:08,241:deblurring started
WARNING(130132093347648)2026-02-09 17:03:08,242:deblur version 1.1.1 workflow started on /tmp/qiime2/luis/data/ac299715-fc82-4941-8417-1f6d0186b43c/data/PUF-JD-2_31_L001_R1_001.fastq.gz
WARNING(130132093347648)2026-02-09 17:03:08,242:parameters: {'seqs_fp': '/tmp/qiime2/luis/data/ac299715-fc82-4941-8417-1f6d0186b43c/data/PUF-JD-2_31_L001_R1_001.fastq.gz', 'output_dir': '/tmp/tmp3dxpusik', 'pos_ref_fp': ('/tmp/qiime2/luis/data/24c3fd7b-d797-45d8-8c62-edb383bdc88c/data/dna-sequences.fasta',), 'pos_ref_db_fp': ('/tmp/tmp3dxpusik/deblur_working_dir/dna-sequences',), 'neg_ref_fp': (), 'neg_ref_db_fp': ('/tmp/tmp3dxpusik/deblur_working_dir/artifacts',), 'overwrite': True, 'mean_error': 0.005, 'error_dist': [1.0, 0.06, 0.02, 0.02, 0.01, 0.005, 0.005, 0.005, 0.001, 0.001, 0.001, 0.0005], 'indel_prob': 0.01, 'indel_max': 3, 'trim_length': -1, 'left_trim_length': 0, 'min_reads': 1, 'min_size': 1, 'threads_per_sample': 1, 'keep_tmp_files': True, 'log_level': 2, 'log_file': '/home/luis/Documents/Projects/PUF-PAS_AirDNA/01_QIIME_pt2/01_Deblur/bin/deblur.log', 'jobs_to_start': 1, 'is_worker_thread': True, 'logger': <Logger __main__ (INFO)>}
INFO(130132093347648)2026-02-09 17:03:08,242:error_dist is : [1.0, 0.06, 0.02, 0.02, 0.01, 0.005, 0.005, 0.005, 0.001, 0.001, 0.001, 0.0005]
INFO(130132093347648)2026-02-09 17:03:08,242:deblur worker thread started
INFO(130132093347648)2026-02-09 17:03:08,242:processing per sample fasta files
INFO(130132093347648)2026-02-09 17:03:08,242:--------------------------------------------------------
INFO(130132093347648)2026-02-09 17:03:08,242:launch_workflow for file /tmp/qiime2/luis/data/ac299715-fc82-4941-8417-1f6d0186b43c/data/PUF-JD-2_31_L001_R1_001.fastq.gz
INFO(130132093347648)2026-02-09 17:03:13,013:dereplicate seqs file /tmp/tmp3dxpusik/deblur_working_dir/PUF-JD-2_31_L001_R1_001.fastq.gz.trim
INFO(130132093347648)2026-02-09 17:03:13,068:remove_artifacts_seqs file /tmp/tmp3dxpusik/deblur_working_dir/PUF-JD-2_31_L001_R1_001.fastq.gz.trim.derep
INFO(130132093347648)2026-02-09 17:03:13,553:total sequences 7203, passing sequences 7203, failing sequences 0
INFO(130132093347648)2026-02-09 17:03:13,554:multiple_sequence_alignment seqs file /tmp/tmp3dxpusik/deblur_working_dir/PUF-JD-2_31_L001_R1_001.fastq.gz.trim.derep.no_artifacts
INFO(133195108075328)2026-02-09 17:03:18,123:deblurring 7739 sequences
INFO(133195108075328)2026-02-09 17:03:20,903:331 unique sequences left following deblurring
INFO(133195108075328)2026-02-09 17:03:20,906:remove_chimeras_denovo_from_seqs seqs file /tmp/tmp3dxpusik/deblur_working_dir/PUF-MBO-1_38_L001_R1_001.fastq.gz.trim.derep.no_artifacts.msa.deblurto working dir /tmp/tmp3dxpusik/deblur_working_dir
INFO(133195108075328)2026-02-09 17:03:21,127:finished processing file
INFO(133195108075328)2026-02-09 17:03:21,128:finished processing per sample fasta files
INFO(133195108075328)2026-02-09 17:03:21,128:worker thread for /tmp/qiime2/luis/data/ac299715-fc82-4941-8417-1f6d0186b43c/data/PUF-MBO-1_38_L001_R1_001.fastq.gz finished
INFO(137050093143872)2026-02-09 17:03:21,912:*************************
INFO(137050093143872)2026-02-09 17:03:21,912:deblurring started
WARNING(137050093143872)2026-02-09 17:03:21,912:deblur version 1.1.1 workflow started on /tmp/qiime2/luis/data/ac299715-fc82-4941-8417-1f6d0186b43c/data/PUF-BOU-9_22_L001_R1_001.fastq.gz
WARNING(137050093143872)2026-02-09 17:03:21,912:parameters: {'seqs_fp': '/tmp/qiime2/luis/data/ac299715-fc82-4941-8417-1f6d0186b43c/data/PUF-BOU-9_22_L001_R1_001.fastq.gz', 'output_dir': '/tmp/tmp3dxpusik', 'pos_ref_fp': ('/tmp/qiime2/luis/data/24c3fd7b-d797-45d8-8c62-edb383bdc88c/data/dna-sequences.fasta',), 'pos_ref_db_fp': ('/tmp/tmp3dxpusik/deblur_working_dir/dna-sequences',), 'neg_ref_fp': (), 'neg_ref_db_fp': ('/tmp/tmp3dxpusik/deblur_working_dir/artifacts',), 'overwrite': True, 'mean_error': 0.005, 'error_dist': [1.0, 0.06, 0.02, 0.02, 0.01, 0.005, 0.005, 0.005, 0.001, 0.001, 0.001, 0.0005], 'indel_prob': 0.01, 'indel_max': 3, 'trim_length': -1, 'left_trim_length': 0, 'min_reads': 1, 'min_size': 1, 'threads_per_sample': 1, 'keep_tmp_files': True, 'log_level': 2, 'log_file': '/home/luis/Documents/Projects/PUF-PAS_AirDNA/01_QIIME_pt2/01_Deblur/bin/deblur.log', 'jobs_to_start': 1, 'is_worker_thread': True, 'logger': <Logger __main__ (INFO)>}
INFO(137050093143872)2026-02-09 17:03:21,912:error_dist is : [1.0, 0.06, 0.02, 0.02, 0.01, 0.005, 0.005, 0.005, 0.001, 0.001, 0.001, 0.0005]
INFO(137050093143872)2026-02-09 17:03:21,912:deblur worker thread started
INFO(137050093143872)2026-02-09 17:03:21,912:processing per sample fasta files
INFO(137050093143872)2026-02-09 17:03:21,912:--------------------------------------------------------
INFO(137050093143872)2026-02-09 17:03:21,912:launch_workflow for file /tmp/qiime2/luis/data/ac299715-fc82-4941-8417-1f6d0186b43c/data/PUF-BOU-9_22_L001_R1_001.fastq.gz
INFO(137050093143872)2026-02-09 17:03:25,642:dereplicate seqs file /tmp/tmp3dxpusik/deblur_working_dir/PUF-BOU-9_22_L001_R1_001.fastq.gz.trim
INFO(137050093143872)2026-02-09 17:03:25,697:remove_artifacts_seqs file /tmp/tmp3dxpusik/deblur_working_dir/PUF-BOU-9_22_L001_R1_001.fastq.gz.trim.derep
INFO(137050093143872)2026-02-09 17:03:26,281:total sequences 8936, passing sequences 8936, failing sequences 0
INFO(137050093143872)2026-02-09 17:03:26,281:multiple_sequence_alignment seqs file /tmp/tmp3dxpusik/deblur_working_dir/PUF-BOU-9_22_L001_R1_001.fastq.gz.trim.derep.no_artifacts
INFO(129715631662912)2026-02-09 17:03:41,949:deblurring 10179 sequences
INFO(131503741245248)2026-02-09 17:03:42,666:deblurring 11308 sequences
INFO(129715631662912)2026-02-09 17:03:46,142:376 unique sequences left following deblurring
INFO(129715631662912)2026-02-09 17:03:46,147:remove_chimeras_denovo_from_seqs seqs file /tmp/tmp3dxpusik/deblur_working_dir/PUF-BOU-5_19_L001_R1_001.fastq.gz.trim.derep.no_artifacts.msa.deblurto working dir /tmp/tmp3dxpusik/deblur_working_dir
INFO(129715631662912)2026-02-09 17:03:46,398:finished processing file
INFO(129715631662912)2026-02-09 17:03:46,399:finished processing per sample fasta files
INFO(129715631662912)2026-02-09 17:03:46,399:worker thread for /tmp/qiime2/luis/data/ac299715-fc82-4941-8417-1f6d0186b43c/data/PUF-BOU-5_19_L001_R1_001.fastq.gz finished
INFO(131503741245248)2026-02-09 17:03:47,046:325 unique sequences left following deblurring
INFO(131503741245248)2026-02-09 17:03:47,051:remove_chimeras_denovo_from_seqs seqs file /tmp/tmp3dxpusik/deblur_working_dir/PUF-BOU-8_21_L001_R1_001.fastq.gz.trim.derep.no_artifacts.msa.deblurto working dir /tmp/tmp3dxpusik/deblur_working_dir
INFO(133905240581952)2026-02-09 17:03:47,208:*************************
INFO(133905240581952)2026-02-09 17:03:47,209:deblurring started
WARNING(133905240581952)2026-02-09 17:03:47,209:deblur version 1.1.1 workflow started on /tmp/qiime2/luis/data/ac299715-fc82-4941-8417-1f6d0186b43c/data/PUF-JD-6_34_L001_R1_001.fastq.gz
WARNING(133905240581952)2026-02-09 17:03:47,209:parameters: {'seqs_fp': '/tmp/qiime2/luis/data/ac299715-fc82-4941-8417-1f6d0186b43c/data/PUF-JD-6_34_L001_R1_001.fastq.gz', 'output_dir': '/tmp/tmp3dxpusik', 'pos_ref_fp': ('/tmp/qiime2/luis/data/24c3fd7b-d797-45d8-8c62-edb383bdc88c/data/dna-sequences.fasta',), 'pos_ref_db_fp': ('/tmp/tmp3dxpusik/deblur_working_dir/dna-sequences',), 'neg_ref_fp': (), 'neg_ref_db_fp': ('/tmp/tmp3dxpusik/deblur_working_dir/artifacts',), 'overwrite': True, 'mean_error': 0.005, 'error_dist': [1.0, 0.06, 0.02, 0.02, 0.01, 0.005, 0.005, 0.005, 0.001, 0.001, 0.001, 0.0005], 'indel_prob': 0.01, 'indel_max': 3, 'trim_length': -1, 'left_trim_length': 0, 'min_reads': 1, 'min_size': 1, 'threads_per_sample': 1, 'keep_tmp_files': True, 'log_level': 2, 'log_file': '/home/luis/Documents/Projects/PUF-PAS_AirDNA/01_QIIME_pt2/01_Deblur/bin/deblur.log', 'jobs_to_start': 1, 'is_worker_thread': True, 'logger': <Logger __main__ (INFO)>}
INFO(133905240581952)2026-02-09 17:03:47,209:error_dist is : [1.0, 0.06, 0.02, 0.02, 0.01, 0.005, 0.005, 0.005, 0.001, 0.001, 0.001, 0.0005]
INFO(133905240581952)2026-02-09 17:03:47,209:deblur worker thread started
INFO(133905240581952)2026-02-09 17:03:47,209:processing per sample fasta files
INFO(133905240581952)2026-02-09 17:03:47,209:--------------------------------------------------------
INFO(133905240581952)2026-02-09 17:03:47,209:launch_workflow for file /tmp/qiime2/luis/data/ac299715-fc82-4941-8417-1f6d0186b43c/data/PUF-JD-6_34_L001_R1_001.fastq.gz
INFO(131503741245248)2026-02-09 17:03:47,259:finished processing file
INFO(131503741245248)2026-02-09 17:03:47,261:finished processing per sample fasta files
INFO(131503741245248)2026-02-09 17:03:47,261:worker thread for /tmp/qiime2/luis/data/ac299715-fc82-4941-8417-1f6d0186b43c/data/PUF-BOU-8_21_L001_R1_001.fastq.gz finished
INFO(138240151791424)2026-02-09 17:03:48,015:*************************
INFO(138240151791424)2026-02-09 17:03:48,015:deblurring started
WARNING(138240151791424)2026-02-09 17:03:48,015:deblur version 1.1.1 workflow started on /tmp/qiime2/luis/data/ac299715-fc82-4941-8417-1f6d0186b43c/data/Ins-Top_4_L001_R1_001.fastq.gz
WARNING(138240151791424)2026-02-09 17:03:48,015:parameters: {'seqs_fp': '/tmp/qiime2/luis/data/ac299715-fc82-4941-8417-1f6d0186b43c/data/Ins-Top_4_L001_R1_001.fastq.gz', 'output_dir': '/tmp/tmp3dxpusik', 'pos_ref_fp': ('/tmp/qiime2/luis/data/24c3fd7b-d797-45d8-8c62-edb383bdc88c/data/dna-sequences.fasta',), 'pos_ref_db_fp': ('/tmp/tmp3dxpusik/deblur_working_dir/dna-sequences',), 'neg_ref_fp': (), 'neg_ref_db_fp': ('/tmp/tmp3dxpusik/deblur_working_dir/artifacts',), 'overwrite': True, 'mean_error': 0.005, 'error_dist': [1.0, 0.06, 0.02, 0.02, 0.01, 0.005, 0.005, 0.005, 0.001, 0.001, 0.001, 0.0005], 'indel_prob': 0.01, 'indel_max': 3, 'trim_length': -1, 'left_trim_length': 0, 'min_reads': 1, 'min_size': 1, 'threads_per_sample': 1, 'keep_tmp_files': True, 'log_level': 2, 'log_file': '/home/luis/Documents/Projects/PUF-PAS_AirDNA/01_QIIME_pt2/01_Deblur/bin/deblur.log', 'jobs_to_start': 1, 'is_worker_thread': True, 'logger': <Logger __main__ (INFO)>}
INFO(138240151791424)2026-02-09 17:03:48,015:error_dist is : [1.0, 0.06, 0.02, 0.02, 0.01, 0.005, 0.005, 0.005, 0.001, 0.001, 0.001, 0.0005]
INFO(138240151791424)2026-02-09 17:03:48,015:deblur worker thread started
INFO(138240151791424)2026-02-09 17:03:48,015:processing per sample fasta files
INFO(138240151791424)2026-02-09 17:03:48,015:--------------------------------------------------------
INFO(138240151791424)2026-02-09 17:03:48,015:launch_workflow for file /tmp/qiime2/luis/data/ac299715-fc82-4941-8417-1f6d0186b43c/data/Ins-Top_4_L001_R1_001.fastq.gz
INFO(138240151791424)2026-02-09 17:03:48,625:dereplicate seqs file /tmp/tmp3dxpusik/deblur_working_dir/Ins-Top_4_L001_R1_001.fastq.gz.trim
INFO(138240151791424)2026-02-09 17:03:48,635:remove_artifacts_seqs file /tmp/tmp3dxpusik/deblur_working_dir/Ins-Top_4_L001_R1_001.fastq.gz.trim.derep
INFO(138240151791424)2026-02-09 17:03:48,967:total sequences 1182, passing sequences 1182, failing sequences 0
INFO(138240151791424)2026-02-09 17:03:48,967:multiple_sequence_alignment seqs file /tmp/tmp3dxpusik/deblur_working_dir/Ins-Top_4_L001_R1_001.fastq.gz.trim.derep.no_artifacts
INFO(133905240581952)2026-02-09 17:03:50,934:dereplicate seqs file /tmp/tmp3dxpusik/deblur_working_dir/PUF-JD-6_34_L001_R1_001.fastq.gz.trim
INFO(133905240581952)2026-02-09 17:03:50,986:remove_artifacts_seqs file /tmp/tmp3dxpusik/deblur_working_dir/PUF-JD-6_34_L001_R1_001.fastq.gz.trim.derep
INFO(138240151791424)2026-02-09 17:03:51,530:deblurring 1182 sequences
INFO(138240151791424)2026-02-09 17:03:51,541:2 unique sequences left following deblurring
INFO(138240151791424)2026-02-09 17:03:51,542:remove_chimeras_denovo_from_seqs seqs file /tmp/tmp3dxpusik/deblur_working_dir/Ins-Top_4_L001_R1_001.fastq.gz.trim.derep.no_artifacts.msa.deblurto working dir /tmp/tmp3dxpusik/deblur_working_dir
INFO(138240151791424)2026-02-09 17:03:51,551:finished processing file
INFO(138240151791424)2026-02-09 17:03:51,551:finished processing per sample fasta files
INFO(138240151791424)2026-02-09 17:03:51,551:worker thread for /tmp/qiime2/luis/data/ac299715-fc82-4941-8417-1f6d0186b43c/data/Ins-Top_4_L001_R1_001.fastq.gz finished
INFO(133905240581952)2026-02-09 17:03:51,551:total sequences 9540, passing sequences 9540, failing sequences 0
INFO(133905240581952)2026-02-09 17:03:51,551:multiple_sequence_alignment seqs file /tmp/tmp3dxpusik/deblur_working_dir/PUF-JD-6_34_L001_R1_001.fastq.gz.trim.derep.no_artifacts
INFO(131271642896192)2026-02-09 17:03:52,346:*************************
INFO(131271642896192)2026-02-09 17:03:52,346:deblurring started
WARNING(131271642896192)2026-02-09 17:03:52,347:deblur version 1.1.1 workflow started on /tmp/qiime2/luis/data/ac299715-fc82-4941-8417-1f6d0186b43c/data/PUF-JD-9_37_L001_R1_001.fastq.gz
WARNING(131271642896192)2026-02-09 17:03:52,347:parameters: {'seqs_fp': '/tmp/qiime2/luis/data/ac299715-fc82-4941-8417-1f6d0186b43c/data/PUF-JD-9_37_L001_R1_001.fastq.gz', 'output_dir': '/tmp/tmp3dxpusik', 'pos_ref_fp': ('/tmp/qiime2/luis/data/24c3fd7b-d797-45d8-8c62-edb383bdc88c/data/dna-sequences.fasta',), 'pos_ref_db_fp': ('/tmp/tmp3dxpusik/deblur_working_dir/dna-sequences',), 'neg_ref_fp': (), 'neg_ref_db_fp': ('/tmp/tmp3dxpusik/deblur_working_dir/artifacts',), 'overwrite': True, 'mean_error': 0.005, 'error_dist': [1.0, 0.06, 0.02, 0.02, 0.01, 0.005, 0.005, 0.005, 0.001, 0.001, 0.001, 0.0005], 'indel_prob': 0.01, 'indel_max': 3, 'trim_length': -1, 'left_trim_length': 0, 'min_reads': 1, 'min_size': 1, 'threads_per_sample': 1, 'keep_tmp_files': True, 'log_level': 2, 'log_file': '/home/luis/Documents/Projects/PUF-PAS_AirDNA/01_QIIME_pt2/01_Deblur/bin/deblur.log', 'jobs_to_start': 1, 'is_worker_thread': True, 'logger': <Logger __main__ (INFO)>}
INFO(131271642896192)2026-02-09 17:03:52,347:error_dist is : [1.0, 0.06, 0.02, 0.02, 0.01, 0.005, 0.005, 0.005, 0.001, 0.001, 0.001, 0.0005]
INFO(131271642896192)2026-02-09 17:03:52,347:deblur worker thread started
INFO(131271642896192)2026-02-09 17:03:52,347:processing per sample fasta files
INFO(131271642896192)2026-02-09 17:03:52,347:--------------------------------------------------------
INFO(131271642896192)2026-02-09 17:03:52,347:launch_workflow for file /tmp/qiime2/luis/data/ac299715-fc82-4941-8417-1f6d0186b43c/data/PUF-JD-9_37_L001_R1_001.fastq.gz
INFO(131271642896192)2026-02-09 17:03:53,853:dereplicate seqs file /tmp/tmp3dxpusik/deblur_working_dir/PUF-JD-9_37_L001_R1_001.fastq.gz.trim
INFO(131271642896192)2026-02-09 17:03:53,875:remove_artifacts_seqs file /tmp/tmp3dxpusik/deblur_working_dir/PUF-JD-9_37_L001_R1_001.fastq.gz.trim.derep
INFO(131271642896192)2026-02-09 17:03:54,296:total sequences 4282, passing sequences 4282, failing sequences 0
INFO(131271642896192)2026-02-09 17:03:54,296:multiple_sequence_alignment seqs file /tmp/tmp3dxpusik/deblur_working_dir/PUF-JD-9_37_L001_R1_001.fastq.gz.trim.derep.no_artifacts
INFO(130132093347648)2026-02-09 17:04:03,008:deblurring 7203 sequences
INFO(130132093347648)2026-02-09 17:04:04,679:199 unique sequences left following deblurring
INFO(130132093347648)2026-02-09 17:04:04,682:remove_chimeras_denovo_from_seqs seqs file /tmp/tmp3dxpusik/deblur_working_dir/PUF-JD-2_31_L001_R1_001.fastq.gz.trim.derep.no_artifacts.msa.deblurto working dir /tmp/tmp3dxpusik/deblur_working_dir
INFO(130132093347648)2026-02-09 17:04:04,810:finished processing file
INFO(130132093347648)2026-02-09 17:04:04,810:finished processing per sample fasta files
INFO(130132093347648)2026-02-09 17:04:04,811:worker thread for /tmp/qiime2/luis/data/ac299715-fc82-4941-8417-1f6d0186b43c/data/PUF-JD-2_31_L001_R1_001.fastq.gz finished
INFO(139289633761088)2026-02-09 17:04:05,592:*************************
INFO(139289633761088)2026-02-09 17:04:05,592:deblurring started
WARNING(139289633761088)2026-02-09 17:04:05,592:deblur version 1.1.1 workflow started on /tmp/qiime2/luis/data/ac299715-fc82-4941-8417-1f6d0186b43c/data/PUF-IPEX-10_23_L001_R1_001.fastq.gz
WARNING(139289633761088)2026-02-09 17:04:05,592:parameters: {'seqs_fp': '/tmp/qiime2/luis/data/ac299715-fc82-4941-8417-1f6d0186b43c/data/PUF-IPEX-10_23_L001_R1_001.fastq.gz', 'output_dir': '/tmp/tmp3dxpusik', 'pos_ref_fp': ('/tmp/qiime2/luis/data/24c3fd7b-d797-45d8-8c62-edb383bdc88c/data/dna-sequences.fasta',), 'pos_ref_db_fp': ('/tmp/tmp3dxpusik/deblur_working_dir/dna-sequences',), 'neg_ref_fp': (), 'neg_ref_db_fp': ('/tmp/tmp3dxpusik/deblur_working_dir/artifacts',), 'overwrite': True, 'mean_error': 0.005, 'error_dist': [1.0, 0.06, 0.02, 0.02, 0.01, 0.005, 0.005, 0.005, 0.001, 0.001, 0.001, 0.0005], 'indel_prob': 0.01, 'indel_max': 3, 'trim_length': -1, 'left_trim_length': 0, 'min_reads': 1, 'min_size': 1, 'threads_per_sample': 1, 'keep_tmp_files': True, 'log_level': 2, 'log_file': '/home/luis/Documents/Projects/PUF-PAS_AirDNA/01_QIIME_pt2/01_Deblur/bin/deblur.log', 'jobs_to_start': 1, 'is_worker_thread': True, 'logger': <Logger __main__ (INFO)>}
INFO(139289633761088)2026-02-09 17:04:05,592:error_dist is : [1.0, 0.06, 0.02, 0.02, 0.01, 0.005, 0.005, 0.005, 0.001, 0.001, 0.001, 0.0005]
INFO(139289633761088)2026-02-09 17:04:05,592:deblur worker thread started
INFO(139289633761088)2026-02-09 17:04:05,592:processing per sample fasta files
INFO(139289633761088)2026-02-09 17:04:05,592:--------------------------------------------------------
INFO(139289633761088)2026-02-09 17:04:05,592:launch_workflow for file /tmp/qiime2/luis/data/ac299715-fc82-4941-8417-1f6d0186b43c/data/PUF-IPEX-10_23_L001_R1_001.fastq.gz
INFO(139289633761088)2026-02-09 17:04:11,084:dereplicate seqs file /tmp/tmp3dxpusik/deblur_working_dir/PUF-IPEX-10_23_L001_R1_001.fastq.gz.trim
INFO(139289633761088)2026-02-09 17:04:11,158:remove_artifacts_seqs file /tmp/tmp3dxpusik/deblur_working_dir/PUF-IPEX-10_23_L001_R1_001.fastq.gz.trim.derep
INFO(139289633761088)2026-02-09 17:04:11,879:total sequences 13549, passing sequences 13549, failing sequences 0
INFO(139289633761088)2026-02-09 17:04:11,880:multiple_sequence_alignment seqs file /tmp/tmp3dxpusik/deblur_working_dir/PUF-IPEX-10_23_L001_R1_001.fastq.gz.trim.derep.no_artifacts
INFO(131271642896192)2026-02-09 17:04:15,290:deblurring 4282 sequences
INFO(131271642896192)2026-02-09 17:04:16,231:197 unique sequences left following deblurring
INFO(131271642896192)2026-02-09 17:04:16,233:remove_chimeras_denovo_from_seqs seqs file /tmp/tmp3dxpusik/deblur_working_dir/PUF-JD-9_37_L001_R1_001.fastq.gz.trim.derep.no_artifacts.msa.deblurto working dir /tmp/tmp3dxpusik/deblur_working_dir
INFO(131271642896192)2026-02-09 17:04:16,362:finished processing file
INFO(131271642896192)2026-02-09 17:04:16,362:finished processing per sample fasta files
INFO(131271642896192)2026-02-09 17:04:16,362:worker thread for /tmp/qiime2/luis/data/ac299715-fc82-4941-8417-1f6d0186b43c/data/PUF-JD-9_37_L001_R1_001.fastq.gz finished
INFO(126199019611968)2026-02-09 17:04:17,210:*************************
INFO(126199019611968)2026-02-09 17:04:17,211:deblurring started
WARNING(126199019611968)2026-02-09 17:04:17,211:deblur version 1.1.1 workflow started on /tmp/qiime2/luis/data/ac299715-fc82-4941-8417-1f6d0186b43c/data/PUF-IPEX-2_24_L001_R1_001.fastq.gz
WARNING(126199019611968)2026-02-09 17:04:17,211:parameters: {'seqs_fp': '/tmp/qiime2/luis/data/ac299715-fc82-4941-8417-1f6d0186b43c/data/PUF-IPEX-2_24_L001_R1_001.fastq.gz', 'output_dir': '/tmp/tmp3dxpusik', 'pos_ref_fp': ('/tmp/qiime2/luis/data/24c3fd7b-d797-45d8-8c62-edb383bdc88c/data/dna-sequences.fasta',), 'pos_ref_db_fp': ('/tmp/tmp3dxpusik/deblur_working_dir/dna-sequences',), 'neg_ref_fp': (), 'neg_ref_db_fp': ('/tmp/tmp3dxpusik/deblur_working_dir/artifacts',), 'overwrite': True, 'mean_error': 0.005, 'error_dist': [1.0, 0.06, 0.02, 0.02, 0.01, 0.005, 0.005, 0.005, 0.001, 0.001, 0.001, 0.0005], 'indel_prob': 0.01, 'indel_max': 3, 'trim_length': -1, 'left_trim_length': 0, 'min_reads': 1, 'min_size': 1, 'threads_per_sample': 1, 'keep_tmp_files': True, 'log_level': 2, 'log_file': '/home/luis/Documents/Projects/PUF-PAS_AirDNA/01_QIIME_pt2/01_Deblur/bin/deblur.log', 'jobs_to_start': 1, 'is_worker_thread': True, 'logger': <Logger __main__ (INFO)>}
INFO(126199019611968)2026-02-09 17:04:17,211:error_dist is : [1.0, 0.06, 0.02, 0.02, 0.01, 0.005, 0.005, 0.005, 0.001, 0.001, 0.001, 0.0005]
INFO(126199019611968)2026-02-09 17:04:17,211:deblur worker thread started
INFO(126199019611968)2026-02-09 17:04:17,211:processing per sample fasta files
INFO(126199019611968)2026-02-09 17:04:17,211:--------------------------------------------------------
INFO(126199019611968)2026-02-09 17:04:17,211:launch_workflow for file /tmp/qiime2/luis/data/ac299715-fc82-4941-8417-1f6d0186b43c/data/PUF-IPEX-2_24_L001_R1_001.fastq.gz
INFO(126199019611968)2026-02-09 17:04:19,499:dereplicate seqs file /tmp/tmp3dxpusik/deblur_working_dir/PUF-IPEX-2_24_L001_R1_001.fastq.gz.trim
INFO(126199019611968)2026-02-09 17:04:19,533:remove_artifacts_seqs file /tmp/tmp3dxpusik/deblur_working_dir/PUF-IPEX-2_24_L001_R1_001.fastq.gz.trim.derep
INFO(126199019611968)2026-02-09 17:04:20,067:total sequences 7186, passing sequences 7186, failing sequences 0
INFO(126199019611968)2026-02-09 17:04:20,067:multiple_sequence_alignment seqs file /tmp/tmp3dxpusik/deblur_working_dir/PUF-IPEX-2_24_L001_R1_001.fastq.gz.trim.derep.no_artifacts
INFO(140353075128128)2026-02-09 17:04:38,555:deblurring 13724 sequences
INFO(140353075128128)2026-02-09 17:04:43,667:340 unique sequences left following deblurring
INFO(140353075128128)2026-02-09 17:04:43,673:remove_chimeras_denovo_from_seqs seqs file /tmp/tmp3dxpusik/deblur_working_dir/PUF-JD-7_35_L001_R1_001.fastq.gz.trim.derep.no_artifacts.msa.deblurto working dir /tmp/tmp3dxpusik/deblur_working_dir
INFO(137050093143872)2026-02-09 17:04:43,826:deblurring 8936 sequences
INFO(140353075128128)2026-02-09 17:04:43,901:finished processing file
INFO(140353075128128)2026-02-09 17:04:43,902:finished processing per sample fasta files
INFO(140353075128128)2026-02-09 17:04:43,902:worker thread for /tmp/qiime2/luis/data/ac299715-fc82-4941-8417-1f6d0186b43c/data/PUF-JD-7_35_L001_R1_001.fastq.gz finished
INFO(132701337900864)2026-02-09 17:04:44,762:*************************
INFO(132701337900864)2026-02-09 17:04:44,762:deblurring started
WARNING(132701337900864)2026-02-09 17:04:44,762:deblur version 1.1.1 workflow started on /tmp/qiime2/luis/data/ac299715-fc82-4941-8417-1f6d0186b43c/data/PUF-BOT-9_14_L001_R1_001.fastq.gz
WARNING(132701337900864)2026-02-09 17:04:44,762:parameters: {'seqs_fp': '/tmp/qiime2/luis/data/ac299715-fc82-4941-8417-1f6d0186b43c/data/PUF-BOT-9_14_L001_R1_001.fastq.gz', 'output_dir': '/tmp/tmp3dxpusik', 'pos_ref_fp': ('/tmp/qiime2/luis/data/24c3fd7b-d797-45d8-8c62-edb383bdc88c/data/dna-sequences.fasta',), 'pos_ref_db_fp': ('/tmp/tmp3dxpusik/deblur_working_dir/dna-sequences',), 'neg_ref_fp': (), 'neg_ref_db_fp': ('/tmp/tmp3dxpusik/deblur_working_dir/artifacts',), 'overwrite': True, 'mean_error': 0.005, 'error_dist': [1.0, 0.06, 0.02, 0.02, 0.01, 0.005, 0.005, 0.005, 0.001, 0.001, 0.001, 0.0005], 'indel_prob': 0.01, 'indel_max': 3, 'trim_length': -1, 'left_trim_length': 0, 'min_reads': 1, 'min_size': 1, 'threads_per_sample': 1, 'keep_tmp_files': True, 'log_level': 2, 'log_file': '/home/luis/Documents/Projects/PUF-PAS_AirDNA/01_QIIME_pt2/01_Deblur/bin/deblur.log', 'jobs_to_start': 1, 'is_worker_thread': True, 'logger': <Logger __main__ (INFO)>}
INFO(132701337900864)2026-02-09 17:04:44,762:error_dist is : [1.0, 0.06, 0.02, 0.02, 0.01, 0.005, 0.005, 0.005, 0.001, 0.001, 0.001, 0.0005]
INFO(132701337900864)2026-02-09 17:04:44,762:deblur worker thread started
INFO(132701337900864)2026-02-09 17:04:44,762:processing per sample fasta files
INFO(132701337900864)2026-02-09 17:04:44,762:--------------------------------------------------------
INFO(132701337900864)2026-02-09 17:04:44,762:launch_workflow for file /tmp/qiime2/luis/data/ac299715-fc82-4941-8417-1f6d0186b43c/data/PUF-BOT-9_14_L001_R1_001.fastq.gz
INFO(137050093143872)2026-02-09 17:04:46,335:240 unique sequences left following deblurring
INFO(137050093143872)2026-02-09 17:04:46,339:remove_chimeras_denovo_from_seqs seqs file /tmp/tmp3dxpusik/deblur_working_dir/PUF-BOU-9_22_L001_R1_001.fastq.gz.trim.derep.no_artifacts.msa.deblurto working dir /tmp/tmp3dxpusik/deblur_working_dir
INFO(137050093143872)2026-02-09 17:04:46,488:finished processing file
INFO(137050093143872)2026-02-09 17:04:46,489:finished processing per sample fasta files
INFO(137050093143872)2026-02-09 17:04:46,489:worker thread for /tmp/qiime2/luis/data/ac299715-fc82-4941-8417-1f6d0186b43c/data/PUF-BOU-9_22_L001_R1_001.fastq.gz finished
INFO(132701337900864)2026-02-09 17:04:47,175:dereplicate seqs file /tmp/tmp3dxpusik/deblur_working_dir/PUF-BOT-9_14_L001_R1_001.fastq.gz.trim
INFO(132701337900864)2026-02-09 17:04:47,210:remove_artifacts_seqs file /tmp/tmp3dxpusik/deblur_working_dir/PUF-BOT-9_14_L001_R1_001.fastq.gz.trim.derep
INFO(137641584920384)2026-02-09 17:04:47,297:*************************
INFO(137641584920384)2026-02-09 17:04:47,297:deblurring started
WARNING(137641584920384)2026-02-09 17:04:47,297:deblur version 1.1.1 workflow started on /tmp/qiime2/luis/data/ac299715-fc82-4941-8417-1f6d0186b43c/data/C-pos-1_0_L001_R1_001.fastq.gz
WARNING(137641584920384)2026-02-09 17:04:47,298:parameters: {'seqs_fp': '/tmp/qiime2/luis/data/ac299715-fc82-4941-8417-1f6d0186b43c/data/C-pos-1_0_L001_R1_001.fastq.gz', 'output_dir': '/tmp/tmp3dxpusik', 'pos_ref_fp': ('/tmp/qiime2/luis/data/24c3fd7b-d797-45d8-8c62-edb383bdc88c/data/dna-sequences.fasta',), 'pos_ref_db_fp': ('/tmp/tmp3dxpusik/deblur_working_dir/dna-sequences',), 'neg_ref_fp': (), 'neg_ref_db_fp': ('/tmp/tmp3dxpusik/deblur_working_dir/artifacts',), 'overwrite': True, 'mean_error': 0.005, 'error_dist': [1.0, 0.06, 0.02, 0.02, 0.01, 0.005, 0.005, 0.005, 0.001, 0.001, 0.001, 0.0005], 'indel_prob': 0.01, 'indel_max': 3, 'trim_length': -1, 'left_trim_length': 0, 'min_reads': 1, 'min_size': 1, 'threads_per_sample': 1, 'keep_tmp_files': True, 'log_level': 2, 'log_file': '/home/luis/Documents/Projects/PUF-PAS_AirDNA/01_QIIME_pt2/01_Deblur/bin/deblur.log', 'jobs_to_start': 1, 'is_worker_thread': True, 'logger': <Logger __main__ (INFO)>}
INFO(137641584920384)2026-02-09 17:04:47,298:error_dist is : [1.0, 0.06, 0.02, 0.02, 0.01, 0.005, 0.005, 0.005, 0.001, 0.001, 0.001, 0.0005]
INFO(137641584920384)2026-02-09 17:04:47,298:deblur worker thread started
INFO(137641584920384)2026-02-09 17:04:47,298:processing per sample fasta files
INFO(137641584920384)2026-02-09 17:04:47,298:--------------------------------------------------------
INFO(137641584920384)2026-02-09 17:04:47,298:launch_workflow for file /tmp/qiime2/luis/data/ac299715-fc82-4941-8417-1f6d0186b43c/data/C-pos-1_0_L001_R1_001.fastq.gz
INFO(132701337900864)2026-02-09 17:04:47,733:total sequences 7059, passing sequences 7059, failing sequences 0
INFO(132701337900864)2026-02-09 17:04:47,733:multiple_sequence_alignment seqs file /tmp/tmp3dxpusik/deblur_working_dir/PUF-BOT-9_14_L001_R1_001.fastq.gz.trim.derep.no_artifacts
INFO(137641584920384)2026-02-09 17:04:50,855:dereplicate seqs file /tmp/tmp3dxpusik/deblur_working_dir/C-pos-1_0_L001_R1_001.fastq.gz.trim
INFO(137641584920384)2026-02-09 17:04:50,899:remove_artifacts_seqs file /tmp/tmp3dxpusik/deblur_working_dir/C-pos-1_0_L001_R1_001.fastq.gz.trim.derep
INFO(137641584920384)2026-02-09 17:04:51,408:total sequences 6398, passing sequences 6398, failing sequences 0
INFO(137641584920384)2026-02-09 17:04:51,408:multiple_sequence_alignment seqs file /tmp/tmp3dxpusik/deblur_working_dir/C-pos-1_0_L001_R1_001.fastq.gz.trim.derep.no_artifacts
INFO(139977760233280)2026-02-09 17:05:00,996:deblurring 14615 sequences
INFO(139977760233280)2026-02-09 17:05:06,726:328 unique sequences left following deblurring
INFO(139977760233280)2026-02-09 17:05:06,737:remove_chimeras_denovo_from_seqs seqs file /tmp/tmp3dxpusik/deblur_working_dir/PUF-MBO-9_46_L001_R1_001.fastq.gz.trim.derep.no_artifacts.msa.deblurto working dir /tmp/tmp3dxpusik/deblur_working_dir
INFO(139977760233280)2026-02-09 17:05:07,027:finished processing file
INFO(139977760233280)2026-02-09 17:05:07,028:finished processing per sample fasta files
INFO(139977760233280)2026-02-09 17:05:07,028:worker thread for /tmp/qiime2/luis/data/ac299715-fc82-4941-8417-1f6d0186b43c/data/PUF-MBO-9_46_L001_R1_001.fastq.gz finished
INFO(128251472136000)2026-02-09 17:05:08,058:*************************
INFO(128251472136000)2026-02-09 17:05:08,058:deblurring started
WARNING(128251472136000)2026-02-09 17:05:08,059:deblur version 1.1.1 workflow started on /tmp/qiime2/luis/data/ac299715-fc82-4941-8417-1f6d0186b43c/data/Negative-PUF_6_L001_R1_001.fastq.gz
WARNING(128251472136000)2026-02-09 17:05:08,059:parameters: {'seqs_fp': '/tmp/qiime2/luis/data/ac299715-fc82-4941-8417-1f6d0186b43c/data/Negative-PUF_6_L001_R1_001.fastq.gz', 'output_dir': '/tmp/tmp3dxpusik', 'pos_ref_fp': ('/tmp/qiime2/luis/data/24c3fd7b-d797-45d8-8c62-edb383bdc88c/data/dna-sequences.fasta',), 'pos_ref_db_fp': ('/tmp/tmp3dxpusik/deblur_working_dir/dna-sequences',), 'neg_ref_fp': (), 'neg_ref_db_fp': ('/tmp/tmp3dxpusik/deblur_working_dir/artifacts',), 'overwrite': True, 'mean_error': 0.005, 'error_dist': [1.0, 0.06, 0.02, 0.02, 0.01, 0.005, 0.005, 0.005, 0.001, 0.001, 0.001, 0.0005], 'indel_prob': 0.01, 'indel_max': 3, 'trim_length': -1, 'left_trim_length': 0, 'min_reads': 1, 'min_size': 1, 'threads_per_sample': 1, 'keep_tmp_files': True, 'log_level': 2, 'log_file': '/home/luis/Documents/Projects/PUF-PAS_AirDNA/01_QIIME_pt2/01_Deblur/bin/deblur.log', 'jobs_to_start': 1, 'is_worker_thread': True, 'logger': <Logger __main__ (INFO)>}
INFO(128251472136000)2026-02-09 17:05:08,059:error_dist is : [1.0, 0.06, 0.02, 0.02, 0.01, 0.005, 0.005, 0.005, 0.001, 0.001, 0.001, 0.0005]
INFO(128251472136000)2026-02-09 17:05:08,059:deblur worker thread started
INFO(128251472136000)2026-02-09 17:05:08,059:processing per sample fasta files
INFO(128251472136000)2026-02-09 17:05:08,059:--------------------------------------------------------
INFO(128251472136000)2026-02-09 17:05:08,059:launch_workflow for file /tmp/qiime2/luis/data/ac299715-fc82-4941-8417-1f6d0186b43c/data/Negative-PUF_6_L001_R1_001.fastq.gz
INFO(128251472136000)2026-02-09 17:05:08,088:dereplicate seqs file /tmp/tmp3dxpusik/deblur_working_dir/Negative-PUF_6_L001_R1_001.fastq.gz.trim
INFO(128251472136000)2026-02-09 17:05:08,091:remove_artifacts_seqs file /tmp/tmp3dxpusik/deblur_working_dir/Negative-PUF_6_L001_R1_001.fastq.gz.trim.derep
INFO(128251472136000)2026-02-09 17:05:08,411:total sequences 43, passing sequences 43, failing sequences 0
INFO(128251472136000)2026-02-09 17:05:08,411:multiple_sequence_alignment seqs file /tmp/tmp3dxpusik/deblur_working_dir/Negative-PUF_6_L001_R1_001.fastq.gz.trim.derep.no_artifacts
INFO(128251472136000)2026-02-09 17:05:09,490:deblurring 43 sequences
INFO(128251472136000)2026-02-09 17:05:09,491:2 unique sequences left following deblurring
INFO(128251472136000)2026-02-09 17:05:09,491:remove_chimeras_denovo_from_seqs seqs file /tmp/tmp3dxpusik/deblur_working_dir/Negative-PUF_6_L001_R1_001.fastq.gz.trim.derep.no_artifacts.msa.deblurto working dir /tmp/tmp3dxpusik/deblur_working_dir
INFO(128251472136000)2026-02-09 17:05:09,500:finished processing file
INFO(128251472136000)2026-02-09 17:05:09,500:finished processing per sample fasta files
INFO(128251472136000)2026-02-09 17:05:09,500:worker thread for /tmp/qiime2/luis/data/ac299715-fc82-4941-8417-1f6d0186b43c/data/Negative-PUF_6_L001_R1_001.fastq.gz finished
INFO(137527832684352)2026-02-09 17:05:10,406:*************************
INFO(137527832684352)2026-02-09 17:05:10,406:deblurring started
WARNING(137527832684352)2026-02-09 17:05:10,406:deblur version 1.1.1 workflow started on /tmp/qiime2/luis/data/ac299715-fc82-4941-8417-1f6d0186b43c/data/PUF-JD-8_36_L001_R1_001.fastq.gz
WARNING(137527832684352)2026-02-09 17:05:10,406:parameters: {'seqs_fp': '/tmp/qiime2/luis/data/ac299715-fc82-4941-8417-1f6d0186b43c/data/PUF-JD-8_36_L001_R1_001.fastq.gz', 'output_dir': '/tmp/tmp3dxpusik', 'pos_ref_fp': ('/tmp/qiime2/luis/data/24c3fd7b-d797-45d8-8c62-edb383bdc88c/data/dna-sequences.fasta',), 'pos_ref_db_fp': ('/tmp/tmp3dxpusik/deblur_working_dir/dna-sequences',), 'neg_ref_fp': (), 'neg_ref_db_fp': ('/tmp/tmp3dxpusik/deblur_working_dir/artifacts',), 'overwrite': True, 'mean_error': 0.005, 'error_dist': [1.0, 0.06, 0.02, 0.02, 0.01, 0.005, 0.005, 0.005, 0.001, 0.001, 0.001, 0.0005], 'indel_prob': 0.01, 'indel_max': 3, 'trim_length': -1, 'left_trim_length': 0, 'min_reads': 1, 'min_size': 1, 'threads_per_sample': 1, 'keep_tmp_files': True, 'log_level': 2, 'log_file': '/home/luis/Documents/Projects/PUF-PAS_AirDNA/01_QIIME_pt2/01_Deblur/bin/deblur.log', 'jobs_to_start': 1, 'is_worker_thread': True, 'logger': <Logger __main__ (INFO)>}
INFO(137527832684352)2026-02-09 17:05:10,406:error_dist is : [1.0, 0.06, 0.02, 0.02, 0.01, 0.005, 0.005, 0.005, 0.001, 0.001, 0.001, 0.0005]
INFO(137527832684352)2026-02-09 17:05:10,406:deblur worker thread started
INFO(137527832684352)2026-02-09 17:05:10,406:processing per sample fasta files
INFO(137527832684352)2026-02-09 17:05:10,406:--------------------------------------------------------
INFO(137527832684352)2026-02-09 17:05:10,406:launch_workflow for file /tmp/qiime2/luis/data/ac299715-fc82-4941-8417-1f6d0186b43c/data/PUF-JD-8_36_L001_R1_001.fastq.gz
INFO(137527832684352)2026-02-09 17:05:13,574:dereplicate seqs file /tmp/tmp3dxpusik/deblur_working_dir/PUF-JD-8_36_L001_R1_001.fastq.gz.trim
INFO(137527832684352)2026-02-09 17:05:13,613:remove_artifacts_seqs file /tmp/tmp3dxpusik/deblur_working_dir/PUF-JD-8_36_L001_R1_001.fastq.gz.trim.derep
INFO(137527832684352)2026-02-09 17:05:14,067:total sequences 4641, passing sequences 4641, failing sequences 0
INFO(137527832684352)2026-02-09 17:05:14,067:multiple_sequence_alignment seqs file /tmp/tmp3dxpusik/deblur_working_dir/PUF-JD-8_36_L001_R1_001.fastq.gz.trim.derep.no_artifacts
INFO(126199019611968)2026-02-09 17:05:14,075:deblurring 7186 sequences
INFO(126199019611968)2026-02-09 17:05:17,773:443 unique sequences left following deblurring
INFO(126199019611968)2026-02-09 17:05:17,777:remove_chimeras_denovo_from_seqs seqs file /tmp/tmp3dxpusik/deblur_working_dir/PUF-IPEX-2_24_L001_R1_001.fastq.gz.trim.derep.no_artifacts.msa.deblurto working dir /tmp/tmp3dxpusik/deblur_working_dir
INFO(126199019611968)2026-02-09 17:05:18,084:finished processing file
INFO(126199019611968)2026-02-09 17:05:18,084:finished processing per sample fasta files
INFO(126199019611968)2026-02-09 17:05:18,084:worker thread for /tmp/qiime2/luis/data/ac299715-fc82-4941-8417-1f6d0186b43c/data/PUF-IPEX-2_24_L001_R1_001.fastq.gz finished
INFO(130071293429568)2026-02-09 17:05:18,872:*************************
INFO(130071293429568)2026-02-09 17:05:18,872:deblurring started
WARNING(130071293429568)2026-02-09 17:05:18,872:deblur version 1.1.1 workflow started on /tmp/qiime2/luis/data/ac299715-fc82-4941-8417-1f6d0186b43c/data/PUF-JD-5_33_L001_R1_001.fastq.gz
WARNING(130071293429568)2026-02-09 17:05:18,872:parameters: {'seqs_fp': '/tmp/qiime2/luis/data/ac299715-fc82-4941-8417-1f6d0186b43c/data/PUF-JD-5_33_L001_R1_001.fastq.gz', 'output_dir': '/tmp/tmp3dxpusik', 'pos_ref_fp': ('/tmp/qiime2/luis/data/24c3fd7b-d797-45d8-8c62-edb383bdc88c/data/dna-sequences.fasta',), 'pos_ref_db_fp': ('/tmp/tmp3dxpusik/deblur_working_dir/dna-sequences',), 'neg_ref_fp': (), 'neg_ref_db_fp': ('/tmp/tmp3dxpusik/deblur_working_dir/artifacts',), 'overwrite': True, 'mean_error': 0.005, 'error_dist': [1.0, 0.06, 0.02, 0.02, 0.01, 0.005, 0.005, 0.005, 0.001, 0.001, 0.001, 0.0005], 'indel_prob': 0.01, 'indel_max': 3, 'trim_length': -1, 'left_trim_length': 0, 'min_reads': 1, 'min_size': 1, 'threads_per_sample': 1, 'keep_tmp_files': True, 'log_level': 2, 'log_file': '/home/luis/Documents/Projects/PUF-PAS_AirDNA/01_QIIME_pt2/01_Deblur/bin/deblur.log', 'jobs_to_start': 1, 'is_worker_thread': True, 'logger': <Logger __main__ (INFO)>}
INFO(130071293429568)2026-02-09 17:05:18,872:error_dist is : [1.0, 0.06, 0.02, 0.02, 0.01, 0.005, 0.005, 0.005, 0.001, 0.001, 0.001, 0.0005]
INFO(130071293429568)2026-02-09 17:05:18,872:deblur worker thread started
INFO(130071293429568)2026-02-09 17:05:18,872:processing per sample fasta files
INFO(130071293429568)2026-02-09 17:05:18,872:--------------------------------------------------------
INFO(130071293429568)2026-02-09 17:05:18,872:launch_workflow for file /tmp/qiime2/luis/data/ac299715-fc82-4941-8417-1f6d0186b43c/data/PUF-JD-5_33_L001_R1_001.fastq.gz
INFO(133905240581952)2026-02-09 17:05:20,514:deblurring 9540 sequences
INFO(130071293429568)2026-02-09 17:05:21,573:dereplicate seqs file /tmp/tmp3dxpusik/deblur_working_dir/PUF-JD-5_33_L001_R1_001.fastq.gz.trim
INFO(130071293429568)2026-02-09 17:05:21,609:remove_artifacts_seqs file /tmp/tmp3dxpusik/deblur_working_dir/PUF-JD-5_33_L001_R1_001.fastq.gz.trim.derep
INFO(130071293429568)2026-02-09 17:05:22,147:total sequences 7429, passing sequences 7429, failing sequences 0
INFO(130071293429568)2026-02-09 17:05:22,147:multiple_sequence_alignment seqs file /tmp/tmp3dxpusik/deblur_working_dir/PUF-JD-5_33_L001_R1_001.fastq.gz.trim.derep.no_artifacts
INFO(133905240581952)2026-02-09 17:05:26,615:587 unique sequences left following deblurring
INFO(133905240581952)2026-02-09 17:05:26,621:remove_chimeras_denovo_from_seqs seqs file /tmp/tmp3dxpusik/deblur_working_dir/PUF-JD-6_34_L001_R1_001.fastq.gz.trim.derep.no_artifacts.msa.deblurto working dir /tmp/tmp3dxpusik/deblur_working_dir
INFO(133905240581952)2026-02-09 17:05:27,031:finished processing file
INFO(133905240581952)2026-02-09 17:05:27,031:finished processing per sample fasta files
INFO(133905240581952)2026-02-09 17:05:27,032:worker thread for /tmp/qiime2/luis/data/ac299715-fc82-4941-8417-1f6d0186b43c/data/PUF-JD-6_34_L001_R1_001.fastq.gz finished
INFO(131780944000832)2026-02-09 17:05:27,828:*************************
INFO(131780944000832)2026-02-09 17:05:27,829:deblurring started
WARNING(131780944000832)2026-02-09 17:05:27,829:deblur version 1.1.1 workflow started on /tmp/qiime2/luis/data/ac299715-fc82-4941-8417-1f6d0186b43c/data/Mont-Tremblant_5_L001_R1_001.fastq.gz
WARNING(131780944000832)2026-02-09 17:05:27,829:parameters: {'seqs_fp': '/tmp/qiime2/luis/data/ac299715-fc82-4941-8417-1f6d0186b43c/data/Mont-Tremblant_5_L001_R1_001.fastq.gz', 'output_dir': '/tmp/tmp3dxpusik', 'pos_ref_fp': ('/tmp/qiime2/luis/data/24c3fd7b-d797-45d8-8c62-edb383bdc88c/data/dna-sequences.fasta',), 'pos_ref_db_fp': ('/tmp/tmp3dxpusik/deblur_working_dir/dna-sequences',), 'neg_ref_fp': (), 'neg_ref_db_fp': ('/tmp/tmp3dxpusik/deblur_working_dir/artifacts',), 'overwrite': True, 'mean_error': 0.005, 'error_dist': [1.0, 0.06, 0.02, 0.02, 0.01, 0.005, 0.005, 0.005, 0.001, 0.001, 0.001, 0.0005], 'indel_prob': 0.01, 'indel_max': 3, 'trim_length': -1, 'left_trim_length': 0, 'min_reads': 1, 'min_size': 1, 'threads_per_sample': 1, 'keep_tmp_files': True, 'log_level': 2, 'log_file': '/home/luis/Documents/Projects/PUF-PAS_AirDNA/01_QIIME_pt2/01_Deblur/bin/deblur.log', 'jobs_to_start': 1, 'is_worker_thread': True, 'logger': <Logger __main__ (INFO)>}
INFO(131780944000832)2026-02-09 17:05:27,829:error_dist is : [1.0, 0.06, 0.02, 0.02, 0.01, 0.005, 0.005, 0.005, 0.001, 0.001, 0.001, 0.0005]
INFO(131780944000832)2026-02-09 17:05:27,829:deblur worker thread started
INFO(131780944000832)2026-02-09 17:05:27,829:processing per sample fasta files
INFO(131780944000832)2026-02-09 17:05:27,829:--------------------------------------------------------
INFO(131780944000832)2026-02-09 17:05:27,829:launch_workflow for file /tmp/qiime2/luis/data/ac299715-fc82-4941-8417-1f6d0186b43c/data/Mont-Tremblant_5_L001_R1_001.fastq.gz
INFO(131780944000832)2026-02-09 17:05:28,672:dereplicate seqs file /tmp/tmp3dxpusik/deblur_working_dir/Mont-Tremblant_5_L001_R1_001.fastq.gz.trim
INFO(131780944000832)2026-02-09 17:05:28,685:remove_artifacts_seqs file /tmp/tmp3dxpusik/deblur_working_dir/Mont-Tremblant_5_L001_R1_001.fastq.gz.trim.derep
INFO(131780944000832)2026-02-09 17:05:29,063:total sequences 2653, passing sequences 2653, failing sequences 0
INFO(131780944000832)2026-02-09 17:05:29,063:multiple_sequence_alignment seqs file /tmp/tmp3dxpusik/deblur_working_dir/Mont-Tremblant_5_L001_R1_001.fastq.gz.trim.derep.no_artifacts
INFO(137641584920384)2026-02-09 17:05:32,657:deblurring 6398 sequences
INFO(137641584920384)2026-02-09 17:05:33,385:98 unique sequences left following deblurring
INFO(137641584920384)2026-02-09 17:05:33,388:remove_chimeras_denovo_from_seqs seqs file /tmp/tmp3dxpusik/deblur_working_dir/C-pos-1_0_L001_R1_001.fastq.gz.trim.derep.no_artifacts.msa.deblurto working dir /tmp/tmp3dxpusik/deblur_working_dir
INFO(137641584920384)2026-02-09 17:05:33,447:finished processing file
INFO(137641584920384)2026-02-09 17:05:33,447:finished processing per sample fasta files
INFO(137641584920384)2026-02-09 17:05:33,447:worker thread for /tmp/qiime2/luis/data/ac299715-fc82-4941-8417-1f6d0186b43c/data/C-pos-1_0_L001_R1_001.fastq.gz finished
INFO(127382379476800)2026-02-09 17:05:34,271:*************************
INFO(127382379476800)2026-02-09 17:05:34,271:deblurring started
WARNING(127382379476800)2026-02-09 17:05:34,271:deblur version 1.1.1 workflow started on /tmp/qiime2/luis/data/ac299715-fc82-4941-8417-1f6d0186b43c/data/PUF-BOT-6_11_L001_R1_001.fastq.gz
WARNING(127382379476800)2026-02-09 17:05:34,271:parameters: {'seqs_fp': '/tmp/qiime2/luis/data/ac299715-fc82-4941-8417-1f6d0186b43c/data/PUF-BOT-6_11_L001_R1_001.fastq.gz', 'output_dir': '/tmp/tmp3dxpusik', 'pos_ref_fp': ('/tmp/qiime2/luis/data/24c3fd7b-d797-45d8-8c62-edb383bdc88c/data/dna-sequences.fasta',), 'pos_ref_db_fp': ('/tmp/tmp3dxpusik/deblur_working_dir/dna-sequences',), 'neg_ref_fp': (), 'neg_ref_db_fp': ('/tmp/tmp3dxpusik/deblur_working_dir/artifacts',), 'overwrite': True, 'mean_error': 0.005, 'error_dist': [1.0, 0.06, 0.02, 0.02, 0.01, 0.005, 0.005, 0.005, 0.001, 0.001, 0.001, 0.0005], 'indel_prob': 0.01, 'indel_max': 3, 'trim_length': -1, 'left_trim_length': 0, 'min_reads': 1, 'min_size': 1, 'threads_per_sample': 1, 'keep_tmp_files': True, 'log_level': 2, 'log_file': '/home/luis/Documents/Projects/PUF-PAS_AirDNA/01_QIIME_pt2/01_Deblur/bin/deblur.log', 'jobs_to_start': 1, 'is_worker_thread': True, 'logger': <Logger __main__ (INFO)>}
INFO(127382379476800)2026-02-09 17:05:34,271:error_dist is : [1.0, 0.06, 0.02, 0.02, 0.01, 0.005, 0.005, 0.005, 0.001, 0.001, 0.001, 0.0005]
INFO(127382379476800)2026-02-09 17:05:34,271:deblur worker thread started
INFO(127382379476800)2026-02-09 17:05:34,271:processing per sample fasta files
INFO(127382379476800)2026-02-09 17:05:34,272:--------------------------------------------------------
INFO(127382379476800)2026-02-09 17:05:34,272:launch_workflow for file /tmp/qiime2/luis/data/ac299715-fc82-4941-8417-1f6d0186b43c/data/PUF-BOT-6_11_L001_R1_001.fastq.gz
INFO(137527832684352)2026-02-09 17:05:36,719:deblurring 4641 sequences
INFO(137527832684352)2026-02-09 17:05:38,434:354 unique sequences left following deblurring
INFO(137527832684352)2026-02-09 17:05:38,436:remove_chimeras_denovo_from_seqs seqs file /tmp/tmp3dxpusik/deblur_working_dir/PUF-JD-8_36_L001_R1_001.fastq.gz.trim.derep.no_artifacts.msa.deblurto working dir /tmp/tmp3dxpusik/deblur_working_dir
INFO(131780944000832)2026-02-09 17:05:38,462:deblurring 2653 sequences
INFO(137527832684352)2026-02-09 17:05:38,667:finished processing file
INFO(137527832684352)2026-02-09 17:05:38,668:finished processing per sample fasta files
INFO(137527832684352)2026-02-09 17:05:38,668:worker thread for /tmp/qiime2/luis/data/ac299715-fc82-4941-8417-1f6d0186b43c/data/PUF-JD-8_36_L001_R1_001.fastq.gz finished
INFO(131780944000832)2026-02-09 17:05:38,725:90 unique sequences left following deblurring
INFO(131780944000832)2026-02-09 17:05:38,726:remove_chimeras_denovo_from_seqs seqs file /tmp/tmp3dxpusik/deblur_working_dir/Mont-Tremblant_5_L001_R1_001.fastq.gz.trim.derep.no_artifacts.msa.deblurto working dir /tmp/tmp3dxpusik/deblur_working_dir
INFO(131780944000832)2026-02-09 17:05:38,784:finished processing file
INFO(131780944000832)2026-02-09 17:05:38,784:finished processing per sample fasta files
INFO(131780944000832)2026-02-09 17:05:38,784:worker thread for /tmp/qiime2/luis/data/ac299715-fc82-4941-8417-1f6d0186b43c/data/Mont-Tremblant_5_L001_R1_001.fastq.gz finished
INFO(125493349369664)2026-02-09 17:05:39,478:*************************
INFO(125493349369664)2026-02-09 17:05:39,478:deblurring started
WARNING(125493349369664)2026-02-09 17:05:39,478:deblur version 1.1.1 workflow started on /tmp/qiime2/luis/data/ac299715-fc82-4941-8417-1f6d0186b43c/data/C-pos-2_1_L001_R1_001.fastq.gz
WARNING(125493349369664)2026-02-09 17:05:39,478:parameters: {'seqs_fp': '/tmp/qiime2/luis/data/ac299715-fc82-4941-8417-1f6d0186b43c/data/C-pos-2_1_L001_R1_001.fastq.gz', 'output_dir': '/tmp/tmp3dxpusik', 'pos_ref_fp': ('/tmp/qiime2/luis/data/24c3fd7b-d797-45d8-8c62-edb383bdc88c/data/dna-sequences.fasta',), 'pos_ref_db_fp': ('/tmp/tmp3dxpusik/deblur_working_dir/dna-sequences',), 'neg_ref_fp': (), 'neg_ref_db_fp': ('/tmp/tmp3dxpusik/deblur_working_dir/artifacts',), 'overwrite': True, 'mean_error': 0.005, 'error_dist': [1.0, 0.06, 0.02, 0.02, 0.01, 0.005, 0.005, 0.005, 0.001, 0.001, 0.001, 0.0005], 'indel_prob': 0.01, 'indel_max': 3, 'trim_length': -1, 'left_trim_length': 0, 'min_reads': 1, 'min_size': 1, 'threads_per_sample': 1, 'keep_tmp_files': True, 'log_level': 2, 'log_file': '/home/luis/Documents/Projects/PUF-PAS_AirDNA/01_QIIME_pt2/01_Deblur/bin/deblur.log', 'jobs_to_start': 1, 'is_worker_thread': True, 'logger': <Logger __main__ (INFO)>}
INFO(125493349369664)2026-02-09 17:05:39,478:error_dist is : [1.0, 0.06, 0.02, 0.02, 0.01, 0.005, 0.005, 0.005, 0.001, 0.001, 0.001, 0.0005]
INFO(125493349369664)2026-02-09 17:05:39,478:deblur worker thread started
INFO(125493349369664)2026-02-09 17:05:39,478:processing per sample fasta files
INFO(125493349369664)2026-02-09 17:05:39,478:--------------------------------------------------------
INFO(125493349369664)2026-02-09 17:05:39,478:launch_workflow for file /tmp/qiime2/luis/data/ac299715-fc82-4941-8417-1f6d0186b43c/data/C-pos-2_1_L001_R1_001.fastq.gz
INFO(138760618862400)2026-02-09 17:05:39,587:*************************
INFO(138760618862400)2026-02-09 17:05:39,587:deblurring started
WARNING(138760618862400)2026-02-09 17:05:39,587:deblur version 1.1.1 workflow started on /tmp/qiime2/luis/data/ac299715-fc82-4941-8417-1f6d0186b43c/data/PUF-MBO-8_45_L001_R1_001.fastq.gz
WARNING(138760618862400)2026-02-09 17:05:39,587:parameters: {'seqs_fp': '/tmp/qiime2/luis/data/ac299715-fc82-4941-8417-1f6d0186b43c/data/PUF-MBO-8_45_L001_R1_001.fastq.gz', 'output_dir': '/tmp/tmp3dxpusik', 'pos_ref_fp': ('/tmp/qiime2/luis/data/24c3fd7b-d797-45d8-8c62-edb383bdc88c/data/dna-sequences.fasta',), 'pos_ref_db_fp': ('/tmp/tmp3dxpusik/deblur_working_dir/dna-sequences',), 'neg_ref_fp': (), 'neg_ref_db_fp': ('/tmp/tmp3dxpusik/deblur_working_dir/artifacts',), 'overwrite': True, 'mean_error': 0.005, 'error_dist': [1.0, 0.06, 0.02, 0.02, 0.01, 0.005, 0.005, 0.005, 0.001, 0.001, 0.001, 0.0005], 'indel_prob': 0.01, 'indel_max': 3, 'trim_length': -1, 'left_trim_length': 0, 'min_reads': 1, 'min_size': 1, 'threads_per_sample': 1, 'keep_tmp_files': True, 'log_level': 2, 'log_file': '/home/luis/Documents/Projects/PUF-PAS_AirDNA/01_QIIME_pt2/01_Deblur/bin/deblur.log', 'jobs_to_start': 1, 'is_worker_thread': True, 'logger': <Logger __main__ (INFO)>}
INFO(138760618862400)2026-02-09 17:05:39,587:error_dist is : [1.0, 0.06, 0.02, 0.02, 0.01, 0.005, 0.005, 0.005, 0.001, 0.001, 0.001, 0.0005]
INFO(138760618862400)2026-02-09 17:05:39,587:deblur worker thread started
INFO(138760618862400)2026-02-09 17:05:39,587:processing per sample fasta files
INFO(138760618862400)2026-02-09 17:05:39,587:--------------------------------------------------------
INFO(138760618862400)2026-02-09 17:05:39,587:launch_workflow for file /tmp/qiime2/luis/data/ac299715-fc82-4941-8417-1f6d0186b43c/data/PUF-MBO-8_45_L001_R1_001.fastq.gz
INFO(132701337900864)2026-02-09 17:05:40,306:deblurring 7059 sequences
INFO(127382379476800)2026-02-09 17:05:40,506:dereplicate seqs file /tmp/tmp3dxpusik/deblur_working_dir/PUF-BOT-6_11_L001_R1_001.fastq.gz.trim
INFO(127382379476800)2026-02-09 17:05:40,576:remove_artifacts_seqs file /tmp/tmp3dxpusik/deblur_working_dir/PUF-BOT-6_11_L001_R1_001.fastq.gz.trim.derep
INFO(127382379476800)2026-02-09 17:05:41,118:total sequences 8726, passing sequences 8726, failing sequences 0
INFO(127382379476800)2026-02-09 17:05:41,118:multiple_sequence_alignment seqs file /tmp/tmp3dxpusik/deblur_working_dir/PUF-BOT-6_11_L001_R1_001.fastq.gz.trim.derep.no_artifacts
INFO(132701337900864)2026-02-09 17:05:43,221:398 unique sequences left following deblurring
INFO(132701337900864)2026-02-09 17:05:43,225:remove_chimeras_denovo_from_seqs seqs file /tmp/tmp3dxpusik/deblur_working_dir/PUF-BOT-9_14_L001_R1_001.fastq.gz.trim.derep.no_artifacts.msa.deblurto working dir /tmp/tmp3dxpusik/deblur_working_dir
INFO(132701337900864)2026-02-09 17:05:43,494:finished processing file
INFO(132701337900864)2026-02-09 17:05:43,495:finished processing per sample fasta files
INFO(132701337900864)2026-02-09 17:05:43,495:worker thread for /tmp/qiime2/luis/data/ac299715-fc82-4941-8417-1f6d0186b43c/data/PUF-BOT-9_14_L001_R1_001.fastq.gz finished
INFO(139916091356992)2026-02-09 17:05:44,267:*************************
INFO(139916091356992)2026-02-09 17:05:44,267:deblurring started
WARNING(139916091356992)2026-02-09 17:05:44,267:deblur version 1.1.1 workflow started on /tmp/qiime2/luis/data/ac299715-fc82-4941-8417-1f6d0186b43c/data/PUF-MBO-5_42_L001_R1_001.fastq.gz
WARNING(139916091356992)2026-02-09 17:05:44,267:parameters: {'seqs_fp': '/tmp/qiime2/luis/data/ac299715-fc82-4941-8417-1f6d0186b43c/data/PUF-MBO-5_42_L001_R1_001.fastq.gz', 'output_dir': '/tmp/tmp3dxpusik', 'pos_ref_fp': ('/tmp/qiime2/luis/data/24c3fd7b-d797-45d8-8c62-edb383bdc88c/data/dna-sequences.fasta',), 'pos_ref_db_fp': ('/tmp/tmp3dxpusik/deblur_working_dir/dna-sequences',), 'neg_ref_fp': (), 'neg_ref_db_fp': ('/tmp/tmp3dxpusik/deblur_working_dir/artifacts',), 'overwrite': True, 'mean_error': 0.005, 'error_dist': [1.0, 0.06, 0.02, 0.02, 0.01, 0.005, 0.005, 0.005, 0.001, 0.001, 0.001, 0.0005], 'indel_prob': 0.01, 'indel_max': 3, 'trim_length': -1, 'left_trim_length': 0, 'min_reads': 1, 'min_size': 1, 'threads_per_sample': 1, 'keep_tmp_files': True, 'log_level': 2, 'log_file': '/home/luis/Documents/Projects/PUF-PAS_AirDNA/01_QIIME_pt2/01_Deblur/bin/deblur.log', 'jobs_to_start': 1, 'is_worker_thread': True, 'logger': <Logger __main__ (INFO)>}
INFO(139916091356992)2026-02-09 17:05:44,267:error_dist is : [1.0, 0.06, 0.02, 0.02, 0.01, 0.005, 0.005, 0.005, 0.001, 0.001, 0.001, 0.0005]
INFO(139916091356992)2026-02-09 17:05:44,267:deblur worker thread started
INFO(139916091356992)2026-02-09 17:05:44,268:processing per sample fasta files
INFO(139916091356992)2026-02-09 17:05:44,268:--------------------------------------------------------
INFO(139916091356992)2026-02-09 17:05:44,268:launch_workflow for file /tmp/qiime2/luis/data/ac299715-fc82-4941-8417-1f6d0186b43c/data/PUF-MBO-5_42_L001_R1_001.fastq.gz
INFO(138760618862400)2026-02-09 17:05:44,867:dereplicate seqs file /tmp/tmp3dxpusik/deblur_working_dir/PUF-MBO-8_45_L001_R1_001.fastq.gz.trim
INFO(138760618862400)2026-02-09 17:05:44,937:remove_artifacts_seqs file /tmp/tmp3dxpusik/deblur_working_dir/PUF-MBO-8_45_L001_R1_001.fastq.gz.trim.derep
INFO(125493349369664)2026-02-09 17:05:45,627:dereplicate seqs file /tmp/tmp3dxpusik/deblur_working_dir/C-pos-2_1_L001_R1_001.fastq.gz.trim
INFO(138760618862400)2026-02-09 17:05:45,641:total sequences 14425, passing sequences 14425, failing sequences 0
INFO(138760618862400)2026-02-09 17:05:45,641:multiple_sequence_alignment seqs file /tmp/tmp3dxpusik/deblur_working_dir/PUF-MBO-8_45_L001_R1_001.fastq.gz.trim.derep.no_artifacts
INFO(125493349369664)2026-02-09 17:05:45,703:remove_artifacts_seqs file /tmp/tmp3dxpusik/deblur_working_dir/C-pos-2_1_L001_R1_001.fastq.gz.trim.derep
INFO(125493349369664)2026-02-09 17:05:46,266:total sequences 8808, passing sequences 8808, failing sequences 0
INFO(125493349369664)2026-02-09 17:05:46,266:multiple_sequence_alignment seqs file /tmp/tmp3dxpusik/deblur_working_dir/C-pos-2_1_L001_R1_001.fastq.gz.trim.derep.no_artifacts
INFO(139916091356992)2026-02-09 17:05:49,819:dereplicate seqs file /tmp/tmp3dxpusik/deblur_working_dir/PUF-MBO-5_42_L001_R1_001.fastq.gz.trim
INFO(139916091356992)2026-02-09 17:05:49,890:remove_artifacts_seqs file /tmp/tmp3dxpusik/deblur_working_dir/PUF-MBO-5_42_L001_R1_001.fastq.gz.trim.derep
INFO(139916091356992)2026-02-09 17:05:50,485:total sequences 9696, passing sequences 9696, failing sequences 0
INFO(139916091356992)2026-02-09 17:05:50,485:multiple_sequence_alignment seqs file /tmp/tmp3dxpusik/deblur_working_dir/PUF-MBO-5_42_L001_R1_001.fastq.gz.trim.derep.no_artifacts
INFO(130071293429568)2026-02-09 17:06:18,945:deblurring 7429 sequences
INFO(130071293429568)2026-02-09 17:06:21,188:276 unique sequences left following deblurring
INFO(130071293429568)2026-02-09 17:06:21,192:remove_chimeras_denovo_from_seqs seqs file /tmp/tmp3dxpusik/deblur_working_dir/PUF-JD-5_33_L001_R1_001.fastq.gz.trim.derep.no_artifacts.msa.deblurto working dir /tmp/tmp3dxpusik/deblur_working_dir
INFO(130071293429568)2026-02-09 17:06:21,374:finished processing file
INFO(130071293429568)2026-02-09 17:06:21,375:finished processing per sample fasta files
INFO(130071293429568)2026-02-09 17:06:21,375:worker thread for /tmp/qiime2/luis/data/ac299715-fc82-4941-8417-1f6d0186b43c/data/PUF-JD-5_33_L001_R1_001.fastq.gz finished
INFO(137604306253632)2026-02-09 17:06:22,202:*************************
INFO(137604306253632)2026-02-09 17:06:22,202:deblurring started
WARNING(137604306253632)2026-02-09 17:06:22,202:deblur version 1.1.1 workflow started on /tmp/qiime2/luis/data/ac299715-fc82-4941-8417-1f6d0186b43c/data/PUF-BOT-8_13_L001_R1_001.fastq.gz
WARNING(137604306253632)2026-02-09 17:06:22,202:parameters: {'seqs_fp': '/tmp/qiime2/luis/data/ac299715-fc82-4941-8417-1f6d0186b43c/data/PUF-BOT-8_13_L001_R1_001.fastq.gz', 'output_dir': '/tmp/tmp3dxpusik', 'pos_ref_fp': ('/tmp/qiime2/luis/data/24c3fd7b-d797-45d8-8c62-edb383bdc88c/data/dna-sequences.fasta',), 'pos_ref_db_fp': ('/tmp/tmp3dxpusik/deblur_working_dir/dna-sequences',), 'neg_ref_fp': (), 'neg_ref_db_fp': ('/tmp/tmp3dxpusik/deblur_working_dir/artifacts',), 'overwrite': True, 'mean_error': 0.005, 'error_dist': [1.0, 0.06, 0.02, 0.02, 0.01, 0.005, 0.005, 0.005, 0.001, 0.001, 0.001, 0.0005], 'indel_prob': 0.01, 'indel_max': 3, 'trim_length': -1, 'left_trim_length': 0, 'min_reads': 1, 'min_size': 1, 'threads_per_sample': 1, 'keep_tmp_files': True, 'log_level': 2, 'log_file': '/home/luis/Documents/Projects/PUF-PAS_AirDNA/01_QIIME_pt2/01_Deblur/bin/deblur.log', 'jobs_to_start': 1, 'is_worker_thread': True, 'logger': <Logger __main__ (INFO)>}
INFO(137604306253632)2026-02-09 17:06:22,202:error_dist is : [1.0, 0.06, 0.02, 0.02, 0.01, 0.005, 0.005, 0.005, 0.001, 0.001, 0.001, 0.0005]
INFO(137604306253632)2026-02-09 17:06:22,202:deblur worker thread started
INFO(137604306253632)2026-02-09 17:06:22,202:processing per sample fasta files
INFO(137604306253632)2026-02-09 17:06:22,203:--------------------------------------------------------
INFO(137604306253632)2026-02-09 17:06:22,203:launch_workflow for file /tmp/qiime2/luis/data/ac299715-fc82-4941-8417-1f6d0186b43c/data/PUF-BOT-8_13_L001_R1_001.fastq.gz
INFO(137604306253632)2026-02-09 17:06:24,211:dereplicate seqs file /tmp/tmp3dxpusik/deblur_working_dir/PUF-BOT-8_13_L001_R1_001.fastq.gz.trim
INFO(137604306253632)2026-02-09 17:06:24,239:remove_artifacts_seqs file /tmp/tmp3dxpusik/deblur_working_dir/PUF-BOT-8_13_L001_R1_001.fastq.gz.trim.derep
INFO(137604306253632)2026-02-09 17:06:24,713:total sequences 6313, passing sequences 6313, failing sequences 0
INFO(137604306253632)2026-02-09 17:06:24,713:multiple_sequence_alignment seqs file /tmp/tmp3dxpusik/deblur_working_dir/PUF-BOT-8_13_L001_R1_001.fastq.gz.trim.derep.no_artifacts
INFO(127382379476800)2026-02-09 17:06:53,652:deblurring 8726 sequences
INFO(125493349369664)2026-02-09 17:06:56,720:deblurring 8808 sequences
INFO(125493349369664)2026-02-09 17:06:57,722:109 unique sequences left following deblurring
INFO(125493349369664)2026-02-09 17:06:57,725:remove_chimeras_denovo_from_seqs seqs file /tmp/tmp3dxpusik/deblur_working_dir/C-pos-2_1_L001_R1_001.fastq.gz.trim.derep.no_artifacts.msa.deblurto working dir /tmp/tmp3dxpusik/deblur_working_dir
INFO(127382379476800)2026-02-09 17:06:57,747:429 unique sequences left following deblurring
INFO(127382379476800)2026-02-09 17:06:57,751:remove_chimeras_denovo_from_seqs seqs file /tmp/tmp3dxpusik/deblur_working_dir/PUF-BOT-6_11_L001_R1_001.fastq.gz.trim.derep.no_artifacts.msa.deblurto working dir /tmp/tmp3dxpusik/deblur_working_dir
INFO(125493349369664)2026-02-09 17:06:57,791:finished processing file
INFO(125493349369664)2026-02-09 17:06:57,792:finished processing per sample fasta files
INFO(125493349369664)2026-02-09 17:06:57,792:worker thread for /tmp/qiime2/luis/data/ac299715-fc82-4941-8417-1f6d0186b43c/data/C-pos-2_1_L001_R1_001.fastq.gz finished
INFO(127382379476800)2026-02-09 17:06:58,068:finished processing file
INFO(127382379476800)2026-02-09 17:06:58,069:finished processing per sample fasta files
INFO(127382379476800)2026-02-09 17:06:58,069:worker thread for /tmp/qiime2/luis/data/ac299715-fc82-4941-8417-1f6d0186b43c/data/PUF-BOT-6_11_L001_R1_001.fastq.gz finished
INFO(124338257606464)2026-02-09 17:06:58,571:*************************
INFO(124338257606464)2026-02-09 17:06:58,571:deblurring started
WARNING(124338257606464)2026-02-09 17:06:58,572:deblur version 1.1.1 workflow started on /tmp/qiime2/luis/data/ac299715-fc82-4941-8417-1f6d0186b43c/data/PUF-BOU-2_16_L001_R1_001.fastq.gz
WARNING(124338257606464)2026-02-09 17:06:58,572:parameters: {'seqs_fp': '/tmp/qiime2/luis/data/ac299715-fc82-4941-8417-1f6d0186b43c/data/PUF-BOU-2_16_L001_R1_001.fastq.gz', 'output_dir': '/tmp/tmp3dxpusik', 'pos_ref_fp': ('/tmp/qiime2/luis/data/24c3fd7b-d797-45d8-8c62-edb383bdc88c/data/dna-sequences.fasta',), 'pos_ref_db_fp': ('/tmp/tmp3dxpusik/deblur_working_dir/dna-sequences',), 'neg_ref_fp': (), 'neg_ref_db_fp': ('/tmp/tmp3dxpusik/deblur_working_dir/artifacts',), 'overwrite': True, 'mean_error': 0.005, 'error_dist': [1.0, 0.06, 0.02, 0.02, 0.01, 0.005, 0.005, 0.005, 0.001, 0.001, 0.001, 0.0005], 'indel_prob': 0.01, 'indel_max': 3, 'trim_length': -1, 'left_trim_length': 0, 'min_reads': 1, 'min_size': 1, 'threads_per_sample': 1, 'keep_tmp_files': True, 'log_level': 2, 'log_file': '/home/luis/Documents/Projects/PUF-PAS_AirDNA/01_QIIME_pt2/01_Deblur/bin/deblur.log', 'jobs_to_start': 1, 'is_worker_thread': True, 'logger': <Logger __main__ (INFO)>}
INFO(124338257606464)2026-02-09 17:06:58,572:error_dist is : [1.0, 0.06, 0.02, 0.02, 0.01, 0.005, 0.005, 0.005, 0.001, 0.001, 0.001, 0.0005]
INFO(124338257606464)2026-02-09 17:06:58,572:deblur worker thread started
INFO(124338257606464)2026-02-09 17:06:58,572:processing per sample fasta files
INFO(124338257606464)2026-02-09 17:06:58,572:--------------------------------------------------------
INFO(124338257606464)2026-02-09 17:06:58,572:launch_workflow for file /tmp/qiime2/luis/data/ac299715-fc82-4941-8417-1f6d0186b43c/data/PUF-BOU-2_16_L001_R1_001.fastq.gz
INFO(132037253117760)2026-02-09 17:06:58,831:*************************
INFO(132037253117760)2026-02-09 17:06:58,831:deblurring started
WARNING(132037253117760)2026-02-09 17:06:58,831:deblur version 1.1.1 workflow started on /tmp/qiime2/luis/data/ac299715-fc82-4941-8417-1f6d0186b43c/data/Ins-Cocoon_2_L001_R1_001.fastq.gz
WARNING(132037253117760)2026-02-09 17:06:58,831:parameters: {'seqs_fp': '/tmp/qiime2/luis/data/ac299715-fc82-4941-8417-1f6d0186b43c/data/Ins-Cocoon_2_L001_R1_001.fastq.gz', 'output_dir': '/tmp/tmp3dxpusik', 'pos_ref_fp': ('/tmp/qiime2/luis/data/24c3fd7b-d797-45d8-8c62-edb383bdc88c/data/dna-sequences.fasta',), 'pos_ref_db_fp': ('/tmp/tmp3dxpusik/deblur_working_dir/dna-sequences',), 'neg_ref_fp': (), 'neg_ref_db_fp': ('/tmp/tmp3dxpusik/deblur_working_dir/artifacts',), 'overwrite': True, 'mean_error': 0.005, 'error_dist': [1.0, 0.06, 0.02, 0.02, 0.01, 0.005, 0.005, 0.005, 0.001, 0.001, 0.001, 0.0005], 'indel_prob': 0.01, 'indel_max': 3, 'trim_length': -1, 'left_trim_length': 0, 'min_reads': 1, 'min_size': 1, 'threads_per_sample': 1, 'keep_tmp_files': True, 'log_level': 2, 'log_file': '/home/luis/Documents/Projects/PUF-PAS_AirDNA/01_QIIME_pt2/01_Deblur/bin/deblur.log', 'jobs_to_start': 1, 'is_worker_thread': True, 'logger': <Logger __main__ (INFO)>}
INFO(132037253117760)2026-02-09 17:06:58,831:error_dist is : [1.0, 0.06, 0.02, 0.02, 0.01, 0.005, 0.005, 0.005, 0.001, 0.001, 0.001, 0.0005]
INFO(132037253117760)2026-02-09 17:06:58,831:deblur worker thread started
INFO(132037253117760)2026-02-09 17:06:58,831:processing per sample fasta files
INFO(132037253117760)2026-02-09 17:06:58,831:--------------------------------------------------------
INFO(132037253117760)2026-02-09 17:06:58,831:launch_workflow for file /tmp/qiime2/luis/data/ac299715-fc82-4941-8417-1f6d0186b43c/data/Ins-Cocoon_2_L001_R1_001.fastq.gz
INFO(132037253117760)2026-02-09 17:06:58,915:dereplicate seqs file /tmp/tmp3dxpusik/deblur_working_dir/Ins-Cocoon_2_L001_R1_001.fastq.gz.trim
INFO(132037253117760)2026-02-09 17:06:58,919:remove_artifacts_seqs file /tmp/tmp3dxpusik/deblur_working_dir/Ins-Cocoon_2_L001_R1_001.fastq.gz.trim.derep
INFO(132037253117760)2026-02-09 17:06:59,227:total sequences 240, passing sequences 240, failing sequences 0
INFO(132037253117760)2026-02-09 17:06:59,228:multiple_sequence_alignment seqs file /tmp/tmp3dxpusik/deblur_working_dir/Ins-Cocoon_2_L001_R1_001.fastq.gz.trim.derep.no_artifacts
INFO(124338257606464)2026-02-09 17:06:59,916:dereplicate seqs file /tmp/tmp3dxpusik/deblur_working_dir/PUF-BOU-2_16_L001_R1_001.fastq.gz.trim
INFO(124338257606464)2026-02-09 17:06:59,937:remove_artifacts_seqs file /tmp/tmp3dxpusik/deblur_working_dir/PUF-BOU-2_16_L001_R1_001.fastq.gz.trim.derep
INFO(124338257606464)2026-02-09 17:07:00,392:total sequences 4211, passing sequences 4211, failing sequences 0
INFO(124338257606464)2026-02-09 17:07:00,393:multiple_sequence_alignment seqs file /tmp/tmp3dxpusik/deblur_working_dir/PUF-BOU-2_16_L001_R1_001.fastq.gz.trim.derep.no_artifacts
INFO(132037253117760)2026-02-09 17:07:01,515:deblurring 240 sequences
INFO(132037253117760)2026-02-09 17:07:01,520:10 unique sequences left following deblurring
INFO(132037253117760)2026-02-09 17:07:01,520:remove_chimeras_denovo_from_seqs seqs file /tmp/tmp3dxpusik/deblur_working_dir/Ins-Cocoon_2_L001_R1_001.fastq.gz.trim.derep.no_artifacts.msa.deblurto working dir /tmp/tmp3dxpusik/deblur_working_dir
INFO(132037253117760)2026-02-09 17:07:01,527:finished processing file
INFO(132037253117760)2026-02-09 17:07:01,527:finished processing per sample fasta files
INFO(132037253117760)2026-02-09 17:07:01,527:worker thread for /tmp/qiime2/luis/data/ac299715-fc82-4941-8417-1f6d0186b43c/data/Ins-Cocoon_2_L001_R1_001.fastq.gz finished
INFO(130962166794048)2026-02-09 17:07:02,295:*************************
INFO(130962166794048)2026-02-09 17:07:02,295:deblurring started
WARNING(130962166794048)2026-02-09 17:07:02,295:deblur version 1.1.1 workflow started on /tmp/qiime2/luis/data/ac299715-fc82-4941-8417-1f6d0186b43c/data/PUF-IPEX-9_29_L001_R1_001.fastq.gz
WARNING(130962166794048)2026-02-09 17:07:02,295:parameters: {'seqs_fp': '/tmp/qiime2/luis/data/ac299715-fc82-4941-8417-1f6d0186b43c/data/PUF-IPEX-9_29_L001_R1_001.fastq.gz', 'output_dir': '/tmp/tmp3dxpusik', 'pos_ref_fp': ('/tmp/qiime2/luis/data/24c3fd7b-d797-45d8-8c62-edb383bdc88c/data/dna-sequences.fasta',), 'pos_ref_db_fp': ('/tmp/tmp3dxpusik/deblur_working_dir/dna-sequences',), 'neg_ref_fp': (), 'neg_ref_db_fp': ('/tmp/tmp3dxpusik/deblur_working_dir/artifacts',), 'overwrite': True, 'mean_error': 0.005, 'error_dist': [1.0, 0.06, 0.02, 0.02, 0.01, 0.005, 0.005, 0.005, 0.001, 0.001, 0.001, 0.0005], 'indel_prob': 0.01, 'indel_max': 3, 'trim_length': -1, 'left_trim_length': 0, 'min_reads': 1, 'min_size': 1, 'threads_per_sample': 1, 'keep_tmp_files': True, 'log_level': 2, 'log_file': '/home/luis/Documents/Projects/PUF-PAS_AirDNA/01_QIIME_pt2/01_Deblur/bin/deblur.log', 'jobs_to_start': 1, 'is_worker_thread': True, 'logger': <Logger __main__ (INFO)>}
INFO(130962166794048)2026-02-09 17:07:02,295:error_dist is : [1.0, 0.06, 0.02, 0.02, 0.01, 0.005, 0.005, 0.005, 0.001, 0.001, 0.001, 0.0005]
INFO(130962166794048)2026-02-09 17:07:02,295:deblur worker thread started
INFO(130962166794048)2026-02-09 17:07:02,295:processing per sample fasta files
INFO(130962166794048)2026-02-09 17:07:02,295:--------------------------------------------------------
INFO(130962166794048)2026-02-09 17:07:02,295:launch_workflow for file /tmp/qiime2/luis/data/ac299715-fc82-4941-8417-1f6d0186b43c/data/PUF-IPEX-9_29_L001_R1_001.fastq.gz
INFO(137604306253632)2026-02-09 17:07:06,535:deblurring 6313 sequences
INFO(130962166794048)2026-02-09 17:07:06,618:dereplicate seqs file /tmp/tmp3dxpusik/deblur_working_dir/PUF-IPEX-9_29_L001_R1_001.fastq.gz.trim
INFO(130962166794048)2026-02-09 17:07:06,677:remove_artifacts_seqs file /tmp/tmp3dxpusik/deblur_working_dir/PUF-IPEX-9_29_L001_R1_001.fastq.gz.trim.derep
INFO(139289633761088)2026-02-09 17:07:06,921:deblurring 13549 sequences
INFO(130962166794048)2026-02-09 17:07:07,290:total sequences 10350, passing sequences 10350, failing sequences 0
INFO(130962166794048)2026-02-09 17:07:07,290:multiple_sequence_alignment seqs file /tmp/tmp3dxpusik/deblur_working_dir/PUF-IPEX-9_29_L001_R1_001.fastq.gz.trim.derep.no_artifacts
INFO(137604306253632)2026-02-09 17:07:09,519:407 unique sequences left following deblurring
INFO(137604306253632)2026-02-09 17:07:09,522:remove_chimeras_denovo_from_seqs seqs file /tmp/tmp3dxpusik/deblur_working_dir/PUF-BOT-8_13_L001_R1_001.fastq.gz.trim.derep.no_artifacts.msa.deblurto working dir /tmp/tmp3dxpusik/deblur_working_dir
INFO(137604306253632)2026-02-09 17:07:09,799:finished processing file
INFO(137604306253632)2026-02-09 17:07:09,800:finished processing per sample fasta files
INFO(137604306253632)2026-02-09 17:07:09,800:worker thread for /tmp/qiime2/luis/data/ac299715-fc82-4941-8417-1f6d0186b43c/data/PUF-BOT-8_13_L001_R1_001.fastq.gz finished
INFO(124343404443456)2026-02-09 17:07:10,628:*************************
INFO(124343404443456)2026-02-09 17:07:10,628:deblurring started
WARNING(124343404443456)2026-02-09 17:07:10,628:deblur version 1.1.1 workflow started on /tmp/qiime2/luis/data/ac299715-fc82-4941-8417-1f6d0186b43c/data/PUF-MBO-7_44_L001_R1_001.fastq.gz
WARNING(124343404443456)2026-02-09 17:07:10,629:parameters: {'seqs_fp': '/tmp/qiime2/luis/data/ac299715-fc82-4941-8417-1f6d0186b43c/data/PUF-MBO-7_44_L001_R1_001.fastq.gz', 'output_dir': '/tmp/tmp3dxpusik', 'pos_ref_fp': ('/tmp/qiime2/luis/data/24c3fd7b-d797-45d8-8c62-edb383bdc88c/data/dna-sequences.fasta',), 'pos_ref_db_fp': ('/tmp/tmp3dxpusik/deblur_working_dir/dna-sequences',), 'neg_ref_fp': (), 'neg_ref_db_fp': ('/tmp/tmp3dxpusik/deblur_working_dir/artifacts',), 'overwrite': True, 'mean_error': 0.005, 'error_dist': [1.0, 0.06, 0.02, 0.02, 0.01, 0.005, 0.005, 0.005, 0.001, 0.001, 0.001, 0.0005], 'indel_prob': 0.01, 'indel_max': 3, 'trim_length': -1, 'left_trim_length': 0, 'min_reads': 1, 'min_size': 1, 'threads_per_sample': 1, 'keep_tmp_files': True, 'log_level': 2, 'log_file': '/home/luis/Documents/Projects/PUF-PAS_AirDNA/01_QIIME_pt2/01_Deblur/bin/deblur.log', 'jobs_to_start': 1, 'is_worker_thread': True, 'logger': <Logger __main__ (INFO)>}
INFO(124343404443456)2026-02-09 17:07:10,629:error_dist is : [1.0, 0.06, 0.02, 0.02, 0.01, 0.005, 0.005, 0.005, 0.001, 0.001, 0.001, 0.0005]
INFO(124343404443456)2026-02-09 17:07:10,629:deblur worker thread started
INFO(124343404443456)2026-02-09 17:07:10,629:processing per sample fasta files
INFO(124343404443456)2026-02-09 17:07:10,629:--------------------------------------------------------
INFO(124343404443456)2026-02-09 17:07:10,629:launch_workflow for file /tmp/qiime2/luis/data/ac299715-fc82-4941-8417-1f6d0186b43c/data/PUF-MBO-7_44_L001_R1_001.fastq.gz
INFO(124343404443456)2026-02-09 17:07:15,457:dereplicate seqs file /tmp/tmp3dxpusik/deblur_working_dir/PUF-MBO-7_44_L001_R1_001.fastq.gz.trim
INFO(124343404443456)2026-02-09 17:07:15,520:remove_artifacts_seqs file /tmp/tmp3dxpusik/deblur_working_dir/PUF-MBO-7_44_L001_R1_001.fastq.gz.trim.derep
INFO(124343404443456)2026-02-09 17:07:16,187:total sequences 12792, passing sequences 12792, failing sequences 0
INFO(124343404443456)2026-02-09 17:07:16,187:multiple_sequence_alignment seqs file /tmp/tmp3dxpusik/deblur_working_dir/PUF-MBO-7_44_L001_R1_001.fastq.gz.trim.derep.no_artifacts
INFO(139289633761088)2026-02-09 17:07:16,326:614 unique sequences left following deblurring
INFO(139289633761088)2026-02-09 17:07:16,333:remove_chimeras_denovo_from_seqs seqs file /tmp/tmp3dxpusik/deblur_working_dir/PUF-IPEX-10_23_L001_R1_001.fastq.gz.trim.derep.no_artifacts.msa.deblurto working dir /tmp/tmp3dxpusik/deblur_working_dir
INFO(139289633761088)2026-02-09 17:07:16,762:finished processing file
INFO(139289633761088)2026-02-09 17:07:16,763:finished processing per sample fasta files
INFO(139289633761088)2026-02-09 17:07:16,764:worker thread for /tmp/qiime2/luis/data/ac299715-fc82-4941-8417-1f6d0186b43c/data/PUF-IPEX-10_23_L001_R1_001.fastq.gz finished
INFO(138999724283712)2026-02-09 17:07:17,608:*************************
INFO(138999724283712)2026-02-09 17:07:17,608:deblurring started
WARNING(138999724283712)2026-02-09 17:07:17,608:deblur version 1.1.1 workflow started on /tmp/qiime2/luis/data/ac299715-fc82-4941-8417-1f6d0186b43c/data/PUF-MBO-2_40_L001_R1_001.fastq.gz
WARNING(138999724283712)2026-02-09 17:07:17,608:parameters: {'seqs_fp': '/tmp/qiime2/luis/data/ac299715-fc82-4941-8417-1f6d0186b43c/data/PUF-MBO-2_40_L001_R1_001.fastq.gz', 'output_dir': '/tmp/tmp3dxpusik', 'pos_ref_fp': ('/tmp/qiime2/luis/data/24c3fd7b-d797-45d8-8c62-edb383bdc88c/data/dna-sequences.fasta',), 'pos_ref_db_fp': ('/tmp/tmp3dxpusik/deblur_working_dir/dna-sequences',), 'neg_ref_fp': (), 'neg_ref_db_fp': ('/tmp/tmp3dxpusik/deblur_working_dir/artifacts',), 'overwrite': True, 'mean_error': 0.005, 'error_dist': [1.0, 0.06, 0.02, 0.02, 0.01, 0.005, 0.005, 0.005, 0.001, 0.001, 0.001, 0.0005], 'indel_prob': 0.01, 'indel_max': 3, 'trim_length': -1, 'left_trim_length': 0, 'min_reads': 1, 'min_size': 1, 'threads_per_sample': 1, 'keep_tmp_files': True, 'log_level': 2, 'log_file': '/home/luis/Documents/Projects/PUF-PAS_AirDNA/01_QIIME_pt2/01_Deblur/bin/deblur.log', 'jobs_to_start': 1, 'is_worker_thread': True, 'logger': <Logger __main__ (INFO)>}
INFO(138999724283712)2026-02-09 17:07:17,608:error_dist is : [1.0, 0.06, 0.02, 0.02, 0.01, 0.005, 0.005, 0.005, 0.001, 0.001, 0.001, 0.0005]
INFO(138999724283712)2026-02-09 17:07:17,608:deblur worker thread started
INFO(138999724283712)2026-02-09 17:07:17,608:processing per sample fasta files
INFO(138999724283712)2026-02-09 17:07:17,608:--------------------------------------------------------
INFO(138999724283712)2026-02-09 17:07:17,608:launch_workflow for file /tmp/qiime2/luis/data/ac299715-fc82-4941-8417-1f6d0186b43c/data/PUF-MBO-2_40_L001_R1_001.fastq.gz
INFO(139916091356992)2026-02-09 17:07:19,733:deblurring 9696 sequences
INFO(124338257606464)2026-02-09 17:07:20,873:deblurring 4211 sequences
INFO(124338257606464)2026-02-09 17:07:21,937:227 unique sequences left following deblurring
INFO(124338257606464)2026-02-09 17:07:21,939:remove_chimeras_denovo_from_seqs seqs file /tmp/tmp3dxpusik/deblur_working_dir/PUF-BOU-2_16_L001_R1_001.fastq.gz.trim.derep.no_artifacts.msa.deblurto working dir /tmp/tmp3dxpusik/deblur_working_dir
INFO(124338257606464)2026-02-09 17:07:22,085:finished processing file
INFO(124338257606464)2026-02-09 17:07:22,085:finished processing per sample fasta files
INFO(124338257606464)2026-02-09 17:07:22,086:worker thread for /tmp/qiime2/luis/data/ac299715-fc82-4941-8417-1f6d0186b43c/data/PUF-BOU-2_16_L001_R1_001.fastq.gz finished
INFO(126616710113088)2026-02-09 17:07:22,880:*************************
INFO(126616710113088)2026-02-09 17:07:22,880:deblurring started
WARNING(126616710113088)2026-02-09 17:07:22,880:deblur version 1.1.1 workflow started on /tmp/qiime2/luis/data/ac299715-fc82-4941-8417-1f6d0186b43c/data/PUF-MBO-10_39_L001_R1_001.fastq.gz
WARNING(126616710113088)2026-02-09 17:07:22,880:parameters: {'seqs_fp': '/tmp/qiime2/luis/data/ac299715-fc82-4941-8417-1f6d0186b43c/data/PUF-MBO-10_39_L001_R1_001.fastq.gz', 'output_dir': '/tmp/tmp3dxpusik', 'pos_ref_fp': ('/tmp/qiime2/luis/data/24c3fd7b-d797-45d8-8c62-edb383bdc88c/data/dna-sequences.fasta',), 'pos_ref_db_fp': ('/tmp/tmp3dxpusik/deblur_working_dir/dna-sequences',), 'neg_ref_fp': (), 'neg_ref_db_fp': ('/tmp/tmp3dxpusik/deblur_working_dir/artifacts',), 'overwrite': True, 'mean_error': 0.005, 'error_dist': [1.0, 0.06, 0.02, 0.02, 0.01, 0.005, 0.005, 0.005, 0.001, 0.001, 0.001, 0.0005], 'indel_prob': 0.01, 'indel_max': 3, 'trim_length': -1, 'left_trim_length': 0, 'min_reads': 1, 'min_size': 1, 'threads_per_sample': 1, 'keep_tmp_files': True, 'log_level': 2, 'log_file': '/home/luis/Documents/Projects/PUF-PAS_AirDNA/01_QIIME_pt2/01_Deblur/bin/deblur.log', 'jobs_to_start': 1, 'is_worker_thread': True, 'logger': <Logger __main__ (INFO)>}
INFO(126616710113088)2026-02-09 17:07:22,880:error_dist is : [1.0, 0.06, 0.02, 0.02, 0.01, 0.005, 0.005, 0.005, 0.001, 0.001, 0.001, 0.0005]
INFO(126616710113088)2026-02-09 17:07:22,880:deblur worker thread started
INFO(126616710113088)2026-02-09 17:07:22,880:processing per sample fasta files
INFO(126616710113088)2026-02-09 17:07:22,880:--------------------------------------------------------
INFO(126616710113088)2026-02-09 17:07:22,880:launch_workflow for file /tmp/qiime2/luis/data/ac299715-fc82-4941-8417-1f6d0186b43c/data/PUF-MBO-10_39_L001_R1_001.fastq.gz
INFO(138999724283712)2026-02-09 17:07:22,949:dereplicate seqs file /tmp/tmp3dxpusik/deblur_working_dir/PUF-MBO-2_40_L001_R1_001.fastq.gz.trim
INFO(138999724283712)2026-02-09 17:07:23,012:remove_artifacts_seqs file /tmp/tmp3dxpusik/deblur_working_dir/PUF-MBO-2_40_L001_R1_001.fastq.gz.trim.derep
INFO(138999724283712)2026-02-09 17:07:23,557:total sequences 8182, passing sequences 8182, failing sequences 0
INFO(138999724283712)2026-02-09 17:07:23,557:multiple_sequence_alignment seqs file /tmp/tmp3dxpusik/deblur_working_dir/PUF-MBO-2_40_L001_R1_001.fastq.gz.trim.derep.no_artifacts
INFO(139916091356992)2026-02-09 17:07:24,116:406 unique sequences left following deblurring
INFO(139916091356992)2026-02-09 17:07:24,120:remove_chimeras_denovo_from_seqs seqs file /tmp/tmp3dxpusik/deblur_working_dir/PUF-MBO-5_42_L001_R1_001.fastq.gz.trim.derep.no_artifacts.msa.deblurto working dir /tmp/tmp3dxpusik/deblur_working_dir
INFO(139916091356992)2026-02-09 17:07:24,397:finished processing file
INFO(139916091356992)2026-02-09 17:07:24,398:finished processing per sample fasta files
INFO(139916091356992)2026-02-09 17:07:24,398:worker thread for /tmp/qiime2/luis/data/ac299715-fc82-4941-8417-1f6d0186b43c/data/PUF-MBO-5_42_L001_R1_001.fastq.gz finished
INFO(137530265851712)2026-02-09 17:07:25,184:*************************
INFO(137530265851712)2026-02-09 17:07:25,184:deblurring started
WARNING(137530265851712)2026-02-09 17:07:25,184:deblur version 1.1.1 workflow started on /tmp/qiime2/luis/data/ac299715-fc82-4941-8417-1f6d0186b43c/data/PUF-IPEX-6_27_L001_R1_001.fastq.gz
WARNING(137530265851712)2026-02-09 17:07:25,184:parameters: {'seqs_fp': '/tmp/qiime2/luis/data/ac299715-fc82-4941-8417-1f6d0186b43c/data/PUF-IPEX-6_27_L001_R1_001.fastq.gz', 'output_dir': '/tmp/tmp3dxpusik', 'pos_ref_fp': ('/tmp/qiime2/luis/data/24c3fd7b-d797-45d8-8c62-edb383bdc88c/data/dna-sequences.fasta',), 'pos_ref_db_fp': ('/tmp/tmp3dxpusik/deblur_working_dir/dna-sequences',), 'neg_ref_fp': (), 'neg_ref_db_fp': ('/tmp/tmp3dxpusik/deblur_working_dir/artifacts',), 'overwrite': True, 'mean_error': 0.005, 'error_dist': [1.0, 0.06, 0.02, 0.02, 0.01, 0.005, 0.005, 0.005, 0.001, 0.001, 0.001, 0.0005], 'indel_prob': 0.01, 'indel_max': 3, 'trim_length': -1, 'left_trim_length': 0, 'min_reads': 1, 'min_size': 1, 'threads_per_sample': 1, 'keep_tmp_files': True, 'log_level': 2, 'log_file': '/home/luis/Documents/Projects/PUF-PAS_AirDNA/01_QIIME_pt2/01_Deblur/bin/deblur.log', 'jobs_to_start': 1, 'is_worker_thread': True, 'logger': <Logger __main__ (INFO)>}
INFO(137530265851712)2026-02-09 17:07:25,184:error_dist is : [1.0, 0.06, 0.02, 0.02, 0.01, 0.005, 0.005, 0.005, 0.001, 0.001, 0.001, 0.0005]
INFO(137530265851712)2026-02-09 17:07:25,184:deblur worker thread started
INFO(137530265851712)2026-02-09 17:07:25,184:processing per sample fasta files
INFO(137530265851712)2026-02-09 17:07:25,184:--------------------------------------------------------
INFO(137530265851712)2026-02-09 17:07:25,184:launch_workflow for file /tmp/qiime2/luis/data/ac299715-fc82-4941-8417-1f6d0186b43c/data/PUF-IPEX-6_27_L001_R1_001.fastq.gz
INFO(126616710113088)2026-02-09 17:07:26,706:dereplicate seqs file /tmp/tmp3dxpusik/deblur_working_dir/PUF-MBO-10_39_L001_R1_001.fastq.gz.trim
INFO(126616710113088)2026-02-09 17:07:26,760:remove_artifacts_seqs file /tmp/tmp3dxpusik/deblur_working_dir/PUF-MBO-10_39_L001_R1_001.fastq.gz.trim.derep
INFO(126616710113088)2026-02-09 17:07:27,386:total sequences 10831, passing sequences 10831, failing sequences 0
INFO(126616710113088)2026-02-09 17:07:27,386:multiple_sequence_alignment seqs file /tmp/tmp3dxpusik/deblur_working_dir/PUF-MBO-10_39_L001_R1_001.fastq.gz.trim.derep.no_artifacts
INFO(137530265851712)2026-02-09 17:07:28,838:dereplicate seqs file /tmp/tmp3dxpusik/deblur_working_dir/PUF-IPEX-6_27_L001_R1_001.fastq.gz.trim
INFO(137530265851712)2026-02-09 17:07:28,886:remove_artifacts_seqs file /tmp/tmp3dxpusik/deblur_working_dir/PUF-IPEX-6_27_L001_R1_001.fastq.gz.trim.derep
INFO(137530265851712)2026-02-09 17:07:29,431:total sequences 8511, passing sequences 8511, failing sequences 0
INFO(137530265851712)2026-02-09 17:07:29,431:multiple_sequence_alignment seqs file /tmp/tmp3dxpusik/deblur_working_dir/PUF-IPEX-6_27_L001_R1_001.fastq.gz.trim.derep.no_artifacts
INFO(138999724283712)2026-02-09 17:08:26,132:deblurring 8182 sequences
INFO(138999724283712)2026-02-09 17:08:29,895:342 unique sequences left following deblurring
INFO(138999724283712)2026-02-09 17:08:29,898:remove_chimeras_denovo_from_seqs seqs file /tmp/tmp3dxpusik/deblur_working_dir/PUF-MBO-2_40_L001_R1_001.fastq.gz.trim.derep.no_artifacts.msa.deblurto working dir /tmp/tmp3dxpusik/deblur_working_dir
INFO(138999724283712)2026-02-09 17:08:30,128:finished processing file
INFO(138999724283712)2026-02-09 17:08:30,129:finished processing per sample fasta files
INFO(138999724283712)2026-02-09 17:08:30,129:worker thread for /tmp/qiime2/luis/data/ac299715-fc82-4941-8417-1f6d0186b43c/data/PUF-MBO-2_40_L001_R1_001.fastq.gz finished
INFO(133176855209792)2026-02-09 17:08:30,911:*************************
INFO(133176855209792)2026-02-09 17:08:30,912:deblurring started
WARNING(133176855209792)2026-02-09 17:08:30,912:deblur version 1.1.1 workflow started on /tmp/qiime2/luis/data/ac299715-fc82-4941-8417-1f6d0186b43c/data/PUF-BOT-5_10_L001_R1_001.fastq.gz
WARNING(133176855209792)2026-02-09 17:08:30,912:parameters: {'seqs_fp': '/tmp/qiime2/luis/data/ac299715-fc82-4941-8417-1f6d0186b43c/data/PUF-BOT-5_10_L001_R1_001.fastq.gz', 'output_dir': '/tmp/tmp3dxpusik', 'pos_ref_fp': ('/tmp/qiime2/luis/data/24c3fd7b-d797-45d8-8c62-edb383bdc88c/data/dna-sequences.fasta',), 'pos_ref_db_fp': ('/tmp/tmp3dxpusik/deblur_working_dir/dna-sequences',), 'neg_ref_fp': (), 'neg_ref_db_fp': ('/tmp/tmp3dxpusik/deblur_working_dir/artifacts',), 'overwrite': True, 'mean_error': 0.005, 'error_dist': [1.0, 0.06, 0.02, 0.02, 0.01, 0.005, 0.005, 0.005, 0.001, 0.001, 0.001, 0.0005], 'indel_prob': 0.01, 'indel_max': 3, 'trim_length': -1, 'left_trim_length': 0, 'min_reads': 1, 'min_size': 1, 'threads_per_sample': 1, 'keep_tmp_files': True, 'log_level': 2, 'log_file': '/home/luis/Documents/Projects/PUF-PAS_AirDNA/01_QIIME_pt2/01_Deblur/bin/deblur.log', 'jobs_to_start': 1, 'is_worker_thread': True, 'logger': <Logger __main__ (INFO)>}
INFO(133176855209792)2026-02-09 17:08:30,912:error_dist is : [1.0, 0.06, 0.02, 0.02, 0.01, 0.005, 0.005, 0.005, 0.001, 0.001, 0.001, 0.0005]
INFO(133176855209792)2026-02-09 17:08:30,912:deblur worker thread started
INFO(133176855209792)2026-02-09 17:08:30,912:processing per sample fasta files
INFO(133176855209792)2026-02-09 17:08:30,912:--------------------------------------------------------
INFO(133176855209792)2026-02-09 17:08:30,912:launch_workflow for file /tmp/qiime2/luis/data/ac299715-fc82-4941-8417-1f6d0186b43c/data/PUF-BOT-5_10_L001_R1_001.fastq.gz
INFO(133176855209792)2026-02-09 17:08:33,289:dereplicate seqs file /tmp/tmp3dxpusik/deblur_working_dir/PUF-BOT-5_10_L001_R1_001.fastq.gz.trim
INFO(133176855209792)2026-02-09 17:08:33,324:remove_artifacts_seqs file /tmp/tmp3dxpusik/deblur_working_dir/PUF-BOT-5_10_L001_R1_001.fastq.gz.trim.derep
INFO(133176855209792)2026-02-09 17:08:33,849:total sequences 7479, passing sequences 7479, failing sequences 0
INFO(133176855209792)2026-02-09 17:08:33,849:multiple_sequence_alignment seqs file /tmp/tmp3dxpusik/deblur_working_dir/PUF-BOT-5_10_L001_R1_001.fastq.gz.trim.derep.no_artifacts
INFO(137530265851712)2026-02-09 17:08:45,731:deblurring 8511 sequences
INFO(130962166794048)2026-02-09 17:08:50,243:deblurring 10350 sequences
INFO(137530265851712)2026-02-09 17:08:51,985:625 unique sequences left following deblurring
INFO(137530265851712)2026-02-09 17:08:51,990:remove_chimeras_denovo_from_seqs seqs file /tmp/tmp3dxpusik/deblur_working_dir/PUF-IPEX-6_27_L001_R1_001.fastq.gz.trim.derep.no_artifacts.msa.deblurto working dir /tmp/tmp3dxpusik/deblur_working_dir
INFO(137530265851712)2026-02-09 17:08:52,477:finished processing file
INFO(137530265851712)2026-02-09 17:08:52,478:finished processing per sample fasta files
INFO(137530265851712)2026-02-09 17:08:52,478:worker thread for /tmp/qiime2/luis/data/ac299715-fc82-4941-8417-1f6d0186b43c/data/PUF-IPEX-6_27_L001_R1_001.fastq.gz finished
INFO(136394732107584)2026-02-09 17:08:53,296:*************************
INFO(136394732107584)2026-02-09 17:08:53,296:deblurring started
WARNING(136394732107584)2026-02-09 17:08:53,297:deblur version 1.1.1 workflow started on /tmp/qiime2/luis/data/ac299715-fc82-4941-8417-1f6d0186b43c/data/PUF-MBO-6_43_L001_R1_001.fastq.gz
WARNING(136394732107584)2026-02-09 17:08:53,297:parameters: {'seqs_fp': '/tmp/qiime2/luis/data/ac299715-fc82-4941-8417-1f6d0186b43c/data/PUF-MBO-6_43_L001_R1_001.fastq.gz', 'output_dir': '/tmp/tmp3dxpusik', 'pos_ref_fp': ('/tmp/qiime2/luis/data/24c3fd7b-d797-45d8-8c62-edb383bdc88c/data/dna-sequences.fasta',), 'pos_ref_db_fp': ('/tmp/tmp3dxpusik/deblur_working_dir/dna-sequences',), 'neg_ref_fp': (), 'neg_ref_db_fp': ('/tmp/tmp3dxpusik/deblur_working_dir/artifacts',), 'overwrite': True, 'mean_error': 0.005, 'error_dist': [1.0, 0.06, 0.02, 0.02, 0.01, 0.005, 0.005, 0.005, 0.001, 0.001, 0.001, 0.0005], 'indel_prob': 0.01, 'indel_max': 3, 'trim_length': -1, 'left_trim_length': 0, 'min_reads': 1, 'min_size': 1, 'threads_per_sample': 1, 'keep_tmp_files': True, 'log_level': 2, 'log_file': '/home/luis/Documents/Projects/PUF-PAS_AirDNA/01_QIIME_pt2/01_Deblur/bin/deblur.log', 'jobs_to_start': 1, 'is_worker_thread': True, 'logger': <Logger __main__ (INFO)>}
INFO(136394732107584)2026-02-09 17:08:53,297:error_dist is : [1.0, 0.06, 0.02, 0.02, 0.01, 0.005, 0.005, 0.005, 0.001, 0.001, 0.001, 0.0005]
INFO(136394732107584)2026-02-09 17:08:53,297:deblur worker thread started
INFO(136394732107584)2026-02-09 17:08:53,297:processing per sample fasta files
INFO(136394732107584)2026-02-09 17:08:53,297:--------------------------------------------------------
INFO(136394732107584)2026-02-09 17:08:53,297:launch_workflow for file /tmp/qiime2/luis/data/ac299715-fc82-4941-8417-1f6d0186b43c/data/PUF-MBO-6_43_L001_R1_001.fastq.gz
INFO(136394732107584)2026-02-09 17:08:56,971:dereplicate seqs file /tmp/tmp3dxpusik/deblur_working_dir/PUF-MBO-6_43_L001_R1_001.fastq.gz.trim
INFO(136394732107584)2026-02-09 17:08:57,024:remove_artifacts_seqs file /tmp/tmp3dxpusik/deblur_working_dir/PUF-MBO-6_43_L001_R1_001.fastq.gz.trim.derep
INFO(136394732107584)2026-02-09 17:08:57,630:total sequences 10471, passing sequences 10471, failing sequences 0
INFO(136394732107584)2026-02-09 17:08:57,630:multiple_sequence_alignment seqs file /tmp/tmp3dxpusik/deblur_working_dir/PUF-MBO-6_43_L001_R1_001.fastq.gz.trim.derep.no_artifacts
INFO(138760618862400)2026-02-09 17:08:57,688:deblurring 14425 sequences
INFO(130962166794048)2026-02-09 17:08:58,249:710 unique sequences left following deblurring
INFO(130962166794048)2026-02-09 17:08:58,255:remove_chimeras_denovo_from_seqs seqs file /tmp/tmp3dxpusik/deblur_working_dir/PUF-IPEX-9_29_L001_R1_001.fastq.gz.trim.derep.no_artifacts.msa.deblurto working dir /tmp/tmp3dxpusik/deblur_working_dir
INFO(130962166794048)2026-02-09 17:08:58,743:finished processing file
INFO(130962166794048)2026-02-09 17:08:58,745:finished processing per sample fasta files
INFO(130962166794048)2026-02-09 17:08:58,745:worker thread for /tmp/qiime2/luis/data/ac299715-fc82-4941-8417-1f6d0186b43c/data/PUF-IPEX-9_29_L001_R1_001.fastq.gz finished
INFO(124228337936192)2026-02-09 17:08:59,515:*************************
INFO(124228337936192)2026-02-09 17:08:59,515:deblurring started
WARNING(124228337936192)2026-02-09 17:08:59,515:deblur version 1.1.1 workflow started on /tmp/qiime2/luis/data/ac299715-fc82-4941-8417-1f6d0186b43c/data/Ins-Door_3_L001_R1_001.fastq.gz
WARNING(124228337936192)2026-02-09 17:08:59,515:parameters: {'seqs_fp': '/tmp/qiime2/luis/data/ac299715-fc82-4941-8417-1f6d0186b43c/data/Ins-Door_3_L001_R1_001.fastq.gz', 'output_dir': '/tmp/tmp3dxpusik', 'pos_ref_fp': ('/tmp/qiime2/luis/data/24c3fd7b-d797-45d8-8c62-edb383bdc88c/data/dna-sequences.fasta',), 'pos_ref_db_fp': ('/tmp/tmp3dxpusik/deblur_working_dir/dna-sequences',), 'neg_ref_fp': (), 'neg_ref_db_fp': ('/tmp/tmp3dxpusik/deblur_working_dir/artifacts',), 'overwrite': True, 'mean_error': 0.005, 'error_dist': [1.0, 0.06, 0.02, 0.02, 0.01, 0.005, 0.005, 0.005, 0.001, 0.001, 0.001, 0.0005], 'indel_prob': 0.01, 'indel_max': 3, 'trim_length': -1, 'left_trim_length': 0, 'min_reads': 1, 'min_size': 1, 'threads_per_sample': 1, 'keep_tmp_files': True, 'log_level': 2, 'log_file': '/home/luis/Documents/Projects/PUF-PAS_AirDNA/01_QIIME_pt2/01_Deblur/bin/deblur.log', 'jobs_to_start': 1, 'is_worker_thread': True, 'logger': <Logger __main__ (INFO)>}
INFO(124228337936192)2026-02-09 17:08:59,515:error_dist is : [1.0, 0.06, 0.02, 0.02, 0.01, 0.005, 0.005, 0.005, 0.001, 0.001, 0.001, 0.0005]
INFO(124228337936192)2026-02-09 17:08:59,515:deblur worker thread started
INFO(124228337936192)2026-02-09 17:08:59,515:processing per sample fasta files
INFO(124228337936192)2026-02-09 17:08:59,515:--------------------------------------------------------
INFO(124228337936192)2026-02-09 17:08:59,515:launch_workflow for file /tmp/qiime2/luis/data/ac299715-fc82-4941-8417-1f6d0186b43c/data/Ins-Door_3_L001_R1_001.fastq.gz
INFO(124228337936192)2026-02-09 17:08:59,545:dereplicate seqs file /tmp/tmp3dxpusik/deblur_working_dir/Ins-Door_3_L001_R1_001.fastq.gz.trim
INFO(124228337936192)2026-02-09 17:08:59,548:remove_artifacts_seqs file /tmp/tmp3dxpusik/deblur_working_dir/Ins-Door_3_L001_R1_001.fastq.gz.trim.derep
INFO(124228337936192)2026-02-09 17:08:59,836:total sequences 78, passing sequences 78, failing sequences 0
INFO(124228337936192)2026-02-09 17:08:59,836:multiple_sequence_alignment seqs file /tmp/tmp3dxpusik/deblur_working_dir/Ins-Door_3_L001_R1_001.fastq.gz.trim.derep.no_artifacts
INFO(124228337936192)2026-02-09 17:09:03,068:deblurring 78 sequences
INFO(124228337936192)2026-02-09 17:09:03,069:4 unique sequences left following deblurring
INFO(124228337936192)2026-02-09 17:09:03,069:remove_chimeras_denovo_from_seqs seqs file /tmp/tmp3dxpusik/deblur_working_dir/Ins-Door_3_L001_R1_001.fastq.gz.trim.derep.no_artifacts.msa.deblurto working dir /tmp/tmp3dxpusik/deblur_working_dir
INFO(124228337936192)2026-02-09 17:09:03,080:finished processing file
INFO(124228337936192)2026-02-09 17:09:03,080:finished processing per sample fasta files
INFO(124228337936192)2026-02-09 17:09:03,080:worker thread for /tmp/qiime2/luis/data/ac299715-fc82-4941-8417-1f6d0186b43c/data/Ins-Door_3_L001_R1_001.fastq.gz finished
INFO(131665595705152)2026-02-09 17:09:03,848:*************************
INFO(131665595705152)2026-02-09 17:09:03,848:deblurring started
WARNING(131665595705152)2026-02-09 17:09:03,848:deblur version 1.1.1 workflow started on /tmp/qiime2/luis/data/ac299715-fc82-4941-8417-1f6d0186b43c/data/PUF-IPEX-5_26_L001_R1_001.fastq.gz
WARNING(131665595705152)2026-02-09 17:09:03,848:parameters: {'seqs_fp': '/tmp/qiime2/luis/data/ac299715-fc82-4941-8417-1f6d0186b43c/data/PUF-IPEX-5_26_L001_R1_001.fastq.gz', 'output_dir': '/tmp/tmp3dxpusik', 'pos_ref_fp': ('/tmp/qiime2/luis/data/24c3fd7b-d797-45d8-8c62-edb383bdc88c/data/dna-sequences.fasta',), 'pos_ref_db_fp': ('/tmp/tmp3dxpusik/deblur_working_dir/dna-sequences',), 'neg_ref_fp': (), 'neg_ref_db_fp': ('/tmp/tmp3dxpusik/deblur_working_dir/artifacts',), 'overwrite': True, 'mean_error': 0.005, 'error_dist': [1.0, 0.06, 0.02, 0.02, 0.01, 0.005, 0.005, 0.005, 0.001, 0.001, 0.001, 0.0005], 'indel_prob': 0.01, 'indel_max': 3, 'trim_length': -1, 'left_trim_length': 0, 'min_reads': 1, 'min_size': 1, 'threads_per_sample': 1, 'keep_tmp_files': True, 'log_level': 2, 'log_file': '/home/luis/Documents/Projects/PUF-PAS_AirDNA/01_QIIME_pt2/01_Deblur/bin/deblur.log', 'jobs_to_start': 1, 'is_worker_thread': True, 'logger': <Logger __main__ (INFO)>}
INFO(131665595705152)2026-02-09 17:09:03,848:error_dist is : [1.0, 0.06, 0.02, 0.02, 0.01, 0.005, 0.005, 0.005, 0.001, 0.001, 0.001, 0.0005]
INFO(131665595705152)2026-02-09 17:09:03,848:deblur worker thread started
INFO(131665595705152)2026-02-09 17:09:03,848:processing per sample fasta files
INFO(131665595705152)2026-02-09 17:09:03,848:--------------------------------------------------------
INFO(131665595705152)2026-02-09 17:09:03,848:launch_workflow for file /tmp/qiime2/luis/data/ac299715-fc82-4941-8417-1f6d0186b43c/data/PUF-IPEX-5_26_L001_R1_001.fastq.gz
INFO(138760618862400)2026-02-09 17:09:09,931:780 unique sequences left following deblurring
INFO(138760618862400)2026-02-09 17:09:09,939:remove_chimeras_denovo_from_seqs seqs file /tmp/tmp3dxpusik/deblur_working_dir/PUF-MBO-8_45_L001_R1_001.fastq.gz.trim.derep.no_artifacts.msa.deblurto working dir /tmp/tmp3dxpusik/deblur_working_dir
INFO(138760618862400)2026-02-09 17:09:10,487:finished processing file
INFO(138760618862400)2026-02-09 17:09:10,489:finished processing per sample fasta files
INFO(138760618862400)2026-02-09 17:09:10,489:worker thread for /tmp/qiime2/luis/data/ac299715-fc82-4941-8417-1f6d0186b43c/data/PUF-MBO-8_45_L001_R1_001.fastq.gz finished
INFO(131665595705152)2026-02-09 17:09:10,533:dereplicate seqs file /tmp/tmp3dxpusik/deblur_working_dir/PUF-IPEX-5_26_L001_R1_001.fastq.gz.trim
INFO(131665595705152)2026-02-09 17:09:10,622:remove_artifacts_seqs file /tmp/tmp3dxpusik/deblur_working_dir/PUF-IPEX-5_26_L001_R1_001.fastq.gz.trim.derep
INFO(136467575723840)2026-02-09 17:09:11,334:*************************
INFO(136467575723840)2026-02-09 17:09:11,334:deblurring started
WARNING(136467575723840)2026-02-09 17:09:11,334:deblur version 1.1.1 workflow started on /tmp/qiime2/luis/data/ac299715-fc82-4941-8417-1f6d0186b43c/data/PUF-BOT-2_8_L001_R1_001.fastq.gz
WARNING(136467575723840)2026-02-09 17:09:11,334:parameters: {'seqs_fp': '/tmp/qiime2/luis/data/ac299715-fc82-4941-8417-1f6d0186b43c/data/PUF-BOT-2_8_L001_R1_001.fastq.gz', 'output_dir': '/tmp/tmp3dxpusik', 'pos_ref_fp': ('/tmp/qiime2/luis/data/24c3fd7b-d797-45d8-8c62-edb383bdc88c/data/dna-sequences.fasta',), 'pos_ref_db_fp': ('/tmp/tmp3dxpusik/deblur_working_dir/dna-sequences',), 'neg_ref_fp': (), 'neg_ref_db_fp': ('/tmp/tmp3dxpusik/deblur_working_dir/artifacts',), 'overwrite': True, 'mean_error': 0.005, 'error_dist': [1.0, 0.06, 0.02, 0.02, 0.01, 0.005, 0.005, 0.005, 0.001, 0.001, 0.001, 0.0005], 'indel_prob': 0.01, 'indel_max': 3, 'trim_length': -1, 'left_trim_length': 0, 'min_reads': 1, 'min_size': 1, 'threads_per_sample': 1, 'keep_tmp_files': True, 'log_level': 2, 'log_file': '/home/luis/Documents/Projects/PUF-PAS_AirDNA/01_QIIME_pt2/01_Deblur/bin/deblur.log', 'jobs_to_start': 1, 'is_worker_thread': True, 'logger': <Logger __main__ (INFO)>}
INFO(136467575723840)2026-02-09 17:09:11,334:error_dist is : [1.0, 0.06, 0.02, 0.02, 0.01, 0.005, 0.005, 0.005, 0.001, 0.001, 0.001, 0.0005]
INFO(136467575723840)2026-02-09 17:09:11,334:deblur worker thread started
INFO(136467575723840)2026-02-09 17:09:11,334:processing per sample fasta files
INFO(136467575723840)2026-02-09 17:09:11,334:--------------------------------------------------------
INFO(136467575723840)2026-02-09 17:09:11,334:launch_workflow for file /tmp/qiime2/luis/data/ac299715-fc82-4941-8417-1f6d0186b43c/data/PUF-BOT-2_8_L001_R1_001.fastq.gz
INFO(131665595705152)2026-02-09 17:09:11,462:total sequences 16202, passing sequences 16202, failing sequences 0
INFO(131665595705152)2026-02-09 17:09:11,462:multiple_sequence_alignment seqs file /tmp/tmp3dxpusik/deblur_working_dir/PUF-IPEX-5_26_L001_R1_001.fastq.gz.trim.derep.no_artifacts
INFO(136467575723840)2026-02-09 17:09:12,970:dereplicate seqs file /tmp/tmp3dxpusik/deblur_working_dir/PUF-BOT-2_8_L001_R1_001.fastq.gz.trim
INFO(136467575723840)2026-02-09 17:09:12,993:remove_artifacts_seqs file /tmp/tmp3dxpusik/deblur_working_dir/PUF-BOT-2_8_L001_R1_001.fastq.gz.trim.derep
INFO(136467575723840)2026-02-09 17:09:13,422:total sequences 4797, passing sequences 4797, failing sequences 0
INFO(136467575723840)2026-02-09 17:09:13,422:multiple_sequence_alignment seqs file /tmp/tmp3dxpusik/deblur_working_dir/PUF-BOT-2_8_L001_R1_001.fastq.gz.trim.derep.no_artifacts
INFO(126616710113088)2026-02-09 17:09:21,497:deblurring 10831 sequences
INFO(126616710113088)2026-02-09 17:09:28,035:538 unique sequences left following deblurring
INFO(126616710113088)2026-02-09 17:09:28,041:remove_chimeras_denovo_from_seqs seqs file /tmp/tmp3dxpusik/deblur_working_dir/PUF-MBO-10_39_L001_R1_001.fastq.gz.trim.derep.no_artifacts.msa.deblurto working dir /tmp/tmp3dxpusik/deblur_working_dir
INFO(126616710113088)2026-02-09 17:09:28,429:finished processing file
INFO(126616710113088)2026-02-09 17:09:28,430:finished processing per sample fasta files
INFO(126616710113088)2026-02-09 17:09:28,430:worker thread for /tmp/qiime2/luis/data/ac299715-fc82-4941-8417-1f6d0186b43c/data/PUF-MBO-10_39_L001_R1_001.fastq.gz finished
INFO(134201147881280)2026-02-09 17:09:29,245:*************************
INFO(134201147881280)2026-02-09 17:09:29,245:deblurring started
WARNING(134201147881280)2026-02-09 17:09:29,246:deblur version 1.1.1 workflow started on /tmp/qiime2/luis/data/ac299715-fc82-4941-8417-1f6d0186b43c/data/PUF-IPEX-4_25_L001_R1_001.fastq.gz
WARNING(134201147881280)2026-02-09 17:09:29,246:parameters: {'seqs_fp': '/tmp/qiime2/luis/data/ac299715-fc82-4941-8417-1f6d0186b43c/data/PUF-IPEX-4_25_L001_R1_001.fastq.gz', 'output_dir': '/tmp/tmp3dxpusik', 'pos_ref_fp': ('/tmp/qiime2/luis/data/24c3fd7b-d797-45d8-8c62-edb383bdc88c/data/dna-sequences.fasta',), 'pos_ref_db_fp': ('/tmp/tmp3dxpusik/deblur_working_dir/dna-sequences',), 'neg_ref_fp': (), 'neg_ref_db_fp': ('/tmp/tmp3dxpusik/deblur_working_dir/artifacts',), 'overwrite': True, 'mean_error': 0.005, 'error_dist': [1.0, 0.06, 0.02, 0.02, 0.01, 0.005, 0.005, 0.005, 0.001, 0.001, 0.001, 0.0005], 'indel_prob': 0.01, 'indel_max': 3, 'trim_length': -1, 'left_trim_length': 0, 'min_reads': 1, 'min_size': 1, 'threads_per_sample': 1, 'keep_tmp_files': True, 'log_level': 2, 'log_file': '/home/luis/Documents/Projects/PUF-PAS_AirDNA/01_QIIME_pt2/01_Deblur/bin/deblur.log', 'jobs_to_start': 1, 'is_worker_thread': True, 'logger': <Logger __main__ (INFO)>}
INFO(134201147881280)2026-02-09 17:09:29,246:error_dist is : [1.0, 0.06, 0.02, 0.02, 0.01, 0.005, 0.005, 0.005, 0.001, 0.001, 0.001, 0.0005]
INFO(134201147881280)2026-02-09 17:09:29,246:deblur worker thread started
INFO(134201147881280)2026-02-09 17:09:29,246:processing per sample fasta files
INFO(134201147881280)2026-02-09 17:09:29,246:--------------------------------------------------------
INFO(134201147881280)2026-02-09 17:09:29,246:launch_workflow for file /tmp/qiime2/luis/data/ac299715-fc82-4941-8417-1f6d0186b43c/data/PUF-IPEX-4_25_L001_R1_001.fastq.gz
INFO(134201147881280)2026-02-09 17:09:33,870:dereplicate seqs file /tmp/tmp3dxpusik/deblur_working_dir/PUF-IPEX-4_25_L001_R1_001.fastq.gz.trim
INFO(134201147881280)2026-02-09 17:09:33,936:remove_artifacts_seqs file /tmp/tmp3dxpusik/deblur_working_dir/PUF-IPEX-4_25_L001_R1_001.fastq.gz.trim.derep
INFO(134201147881280)2026-02-09 17:09:34,655:total sequences 12547, passing sequences 12547, failing sequences 0
INFO(134201147881280)2026-02-09 17:09:34,655:multiple_sequence_alignment seqs file /tmp/tmp3dxpusik/deblur_working_dir/PUF-IPEX-4_25_L001_R1_001.fastq.gz.trim.derep.no_artifacts
INFO(133176855209792)2026-02-09 17:09:34,658:deblurring 7479 sequences
INFO(133176855209792)2026-02-09 17:09:37,003:279 unique sequences left following deblurring
INFO(133176855209792)2026-02-09 17:09:37,007:remove_chimeras_denovo_from_seqs seqs file /tmp/tmp3dxpusik/deblur_working_dir/PUF-BOT-5_10_L001_R1_001.fastq.gz.trim.derep.no_artifacts.msa.deblurto working dir /tmp/tmp3dxpusik/deblur_working_dir
INFO(133176855209792)2026-02-09 17:09:37,188:finished processing file
INFO(133176855209792)2026-02-09 17:09:37,189:finished processing per sample fasta files
INFO(133176855209792)2026-02-09 17:09:37,189:worker thread for /tmp/qiime2/luis/data/ac299715-fc82-4941-8417-1f6d0186b43c/data/PUF-BOT-5_10_L001_R1_001.fastq.gz finished
INFO(139788121175872)2026-02-09 17:09:38,038:*************************
INFO(139788121175872)2026-02-09 17:09:38,038:deblurring started
WARNING(139788121175872)2026-02-09 17:09:38,039:deblur version 1.1.1 workflow started on /tmp/qiime2/luis/data/ac299715-fc82-4941-8417-1f6d0186b43c/data/PUF-BOU-3_17_L001_R1_001.fastq.gz
WARNING(139788121175872)2026-02-09 17:09:38,039:parameters: {'seqs_fp': '/tmp/qiime2/luis/data/ac299715-fc82-4941-8417-1f6d0186b43c/data/PUF-BOU-3_17_L001_R1_001.fastq.gz', 'output_dir': '/tmp/tmp3dxpusik', 'pos_ref_fp': ('/tmp/qiime2/luis/data/24c3fd7b-d797-45d8-8c62-edb383bdc88c/data/dna-sequences.fasta',), 'pos_ref_db_fp': ('/tmp/tmp3dxpusik/deblur_working_dir/dna-sequences',), 'neg_ref_fp': (), 'neg_ref_db_fp': ('/tmp/tmp3dxpusik/deblur_working_dir/artifacts',), 'overwrite': True, 'mean_error': 0.005, 'error_dist': [1.0, 0.06, 0.02, 0.02, 0.01, 0.005, 0.005, 0.005, 0.001, 0.001, 0.001, 0.0005], 'indel_prob': 0.01, 'indel_max': 3, 'trim_length': -1, 'left_trim_length': 0, 'min_reads': 1, 'min_size': 1, 'threads_per_sample': 1, 'keep_tmp_files': True, 'log_level': 2, 'log_file': '/home/luis/Documents/Projects/PUF-PAS_AirDNA/01_QIIME_pt2/01_Deblur/bin/deblur.log', 'jobs_to_start': 1, 'is_worker_thread': True, 'logger': <Logger __main__ (INFO)>}
INFO(139788121175872)2026-02-09 17:09:38,039:error_dist is : [1.0, 0.06, 0.02, 0.02, 0.01, 0.005, 0.005, 0.005, 0.001, 0.001, 0.001, 0.0005]
INFO(139788121175872)2026-02-09 17:09:38,039:deblur worker thread started
INFO(139788121175872)2026-02-09 17:09:38,039:processing per sample fasta files
INFO(139788121175872)2026-02-09 17:09:38,039:--------------------------------------------------------
INFO(139788121175872)2026-02-09 17:09:38,039:launch_workflow for file /tmp/qiime2/luis/data/ac299715-fc82-4941-8417-1f6d0186b43c/data/PUF-BOU-3_17_L001_R1_001.fastq.gz
INFO(136467575723840)2026-02-09 17:09:38,914:deblurring 4797 sequences
INFO(139788121175872)2026-02-09 17:09:39,219:dereplicate seqs file /tmp/tmp3dxpusik/deblur_working_dir/PUF-BOU-3_17_L001_R1_001.fastq.gz.trim
INFO(139788121175872)2026-02-09 17:09:39,236:remove_artifacts_seqs file /tmp/tmp3dxpusik/deblur_working_dir/PUF-BOU-3_17_L001_R1_001.fastq.gz.trim.derep
INFO(139788121175872)2026-02-09 17:09:39,639:total sequences 3541, passing sequences 3541, failing sequences 0
INFO(139788121175872)2026-02-09 17:09:39,639:multiple_sequence_alignment seqs file /tmp/tmp3dxpusik/deblur_working_dir/PUF-BOU-3_17_L001_R1_001.fastq.gz.trim.derep.no_artifacts
INFO(136467575723840)2026-02-09 17:09:40,548:316 unique sequences left following deblurring
INFO(136467575723840)2026-02-09 17:09:40,551:remove_chimeras_denovo_from_seqs seqs file /tmp/tmp3dxpusik/deblur_working_dir/PUF-BOT-2_8_L001_R1_001.fastq.gz.trim.derep.no_artifacts.msa.deblurto working dir /tmp/tmp3dxpusik/deblur_working_dir
INFO(136467575723840)2026-02-09 17:09:40,755:finished processing file
INFO(136467575723840)2026-02-09 17:09:40,756:finished processing per sample fasta files
INFO(136467575723840)2026-02-09 17:09:40,756:worker thread for /tmp/qiime2/luis/data/ac299715-fc82-4941-8417-1f6d0186b43c/data/PUF-BOT-2_8_L001_R1_001.fastq.gz finished
INFO(134896807049024)2026-02-09 17:09:41,518:*************************
INFO(134896807049024)2026-02-09 17:09:41,518:deblurring started
WARNING(134896807049024)2026-02-09 17:09:41,518:deblur version 1.1.1 workflow started on /tmp/qiime2/luis/data/ac299715-fc82-4941-8417-1f6d0186b43c/data/PUF-MBO-3_41_L001_R1_001.fastq.gz
WARNING(134896807049024)2026-02-09 17:09:41,519:parameters: {'seqs_fp': '/tmp/qiime2/luis/data/ac299715-fc82-4941-8417-1f6d0186b43c/data/PUF-MBO-3_41_L001_R1_001.fastq.gz', 'output_dir': '/tmp/tmp3dxpusik', 'pos_ref_fp': ('/tmp/qiime2/luis/data/24c3fd7b-d797-45d8-8c62-edb383bdc88c/data/dna-sequences.fasta',), 'pos_ref_db_fp': ('/tmp/tmp3dxpusik/deblur_working_dir/dna-sequences',), 'neg_ref_fp': (), 'neg_ref_db_fp': ('/tmp/tmp3dxpusik/deblur_working_dir/artifacts',), 'overwrite': True, 'mean_error': 0.005, 'error_dist': [1.0, 0.06, 0.02, 0.02, 0.01, 0.005, 0.005, 0.005, 0.001, 0.001, 0.001, 0.0005], 'indel_prob': 0.01, 'indel_max': 3, 'trim_length': -1, 'left_trim_length': 0, 'min_reads': 1, 'min_size': 1, 'threads_per_sample': 1, 'keep_tmp_files': True, 'log_level': 2, 'log_file': '/home/luis/Documents/Projects/PUF-PAS_AirDNA/01_QIIME_pt2/01_Deblur/bin/deblur.log', 'jobs_to_start': 1, 'is_worker_thread': True, 'logger': <Logger __main__ (INFO)>}
INFO(134896807049024)2026-02-09 17:09:41,519:error_dist is : [1.0, 0.06, 0.02, 0.02, 0.01, 0.005, 0.005, 0.005, 0.001, 0.001, 0.001, 0.0005]
INFO(134896807049024)2026-02-09 17:09:41,519:deblur worker thread started
INFO(134896807049024)2026-02-09 17:09:41,519:processing per sample fasta files
INFO(134896807049024)2026-02-09 17:09:41,519:--------------------------------------------------------
INFO(134896807049024)2026-02-09 17:09:41,519:launch_workflow for file /tmp/qiime2/luis/data/ac299715-fc82-4941-8417-1f6d0186b43c/data/PUF-MBO-3_41_L001_R1_001.fastq.gz
INFO(134896807049024)2026-02-09 17:09:46,006:dereplicate seqs file /tmp/tmp3dxpusik/deblur_working_dir/PUF-MBO-3_41_L001_R1_001.fastq.gz.trim
INFO(134896807049024)2026-02-09 17:09:46,065:remove_artifacts_seqs file /tmp/tmp3dxpusik/deblur_working_dir/PUF-MBO-3_41_L001_R1_001.fastq.gz.trim.derep
INFO(134896807049024)2026-02-09 17:09:46,670:total sequences 10206, passing sequences 10206, failing sequences 0
INFO(134896807049024)2026-02-09 17:09:46,670:multiple_sequence_alignment seqs file /tmp/tmp3dxpusik/deblur_working_dir/PUF-MBO-3_41_L001_R1_001.fastq.gz.trim.derep.no_artifacts
INFO(124343404443456)2026-02-09 17:09:48,959:deblurring 12792 sequences
INFO(139788121175872)2026-02-09 17:09:54,435:deblurring 3541 sequences
INFO(139788121175872)2026-02-09 17:09:55,161:185 unique sequences left following deblurring
INFO(139788121175872)2026-02-09 17:09:55,162:remove_chimeras_denovo_from_seqs seqs file /tmp/tmp3dxpusik/deblur_working_dir/PUF-BOU-3_17_L001_R1_001.fastq.gz.trim.derep.no_artifacts.msa.deblurto working dir /tmp/tmp3dxpusik/deblur_working_dir
INFO(139788121175872)2026-02-09 17:09:55,278:finished processing file
INFO(139788121175872)2026-02-09 17:09:55,279:finished processing per sample fasta files
INFO(139788121175872)2026-02-09 17:09:55,279:worker thread for /tmp/qiime2/luis/data/ac299715-fc82-4941-8417-1f6d0186b43c/data/PUF-BOU-3_17_L001_R1_001.fastq.gz finished
INFO(136969769023296)2026-02-09 17:09:56,048:*************************
INFO(136969769023296)2026-02-09 17:09:56,049:deblurring started
WARNING(136969769023296)2026-02-09 17:09:56,049:deblur version 1.1.1 workflow started on /tmp/qiime2/luis/data/ac299715-fc82-4941-8417-1f6d0186b43c/data/PUF-JD-3_32_L001_R1_001.fastq.gz
WARNING(136969769023296)2026-02-09 17:09:56,049:parameters: {'seqs_fp': '/tmp/qiime2/luis/data/ac299715-fc82-4941-8417-1f6d0186b43c/data/PUF-JD-3_32_L001_R1_001.fastq.gz', 'output_dir': '/tmp/tmp3dxpusik', 'pos_ref_fp': ('/tmp/qiime2/luis/data/24c3fd7b-d797-45d8-8c62-edb383bdc88c/data/dna-sequences.fasta',), 'pos_ref_db_fp': ('/tmp/tmp3dxpusik/deblur_working_dir/dna-sequences',), 'neg_ref_fp': (), 'neg_ref_db_fp': ('/tmp/tmp3dxpusik/deblur_working_dir/artifacts',), 'overwrite': True, 'mean_error': 0.005, 'error_dist': [1.0, 0.06, 0.02, 0.02, 0.01, 0.005, 0.005, 0.005, 0.001, 0.001, 0.001, 0.0005], 'indel_prob': 0.01, 'indel_max': 3, 'trim_length': -1, 'left_trim_length': 0, 'min_reads': 1, 'min_size': 1, 'threads_per_sample': 1, 'keep_tmp_files': True, 'log_level': 2, 'log_file': '/home/luis/Documents/Projects/PUF-PAS_AirDNA/01_QIIME_pt2/01_Deblur/bin/deblur.log', 'jobs_to_start': 1, 'is_worker_thread': True, 'logger': <Logger __main__ (INFO)>}
INFO(136969769023296)2026-02-09 17:09:56,049:error_dist is : [1.0, 0.06, 0.02, 0.02, 0.01, 0.005, 0.005, 0.005, 0.001, 0.001, 0.001, 0.0005]
INFO(136969769023296)2026-02-09 17:09:56,049:deblur worker thread started
INFO(136969769023296)2026-02-09 17:09:56,049:processing per sample fasta files
INFO(136969769023296)2026-02-09 17:09:56,049:--------------------------------------------------------
INFO(136969769023296)2026-02-09 17:09:56,049:launch_workflow for file /tmp/qiime2/luis/data/ac299715-fc82-4941-8417-1f6d0186b43c/data/PUF-JD-3_32_L001_R1_001.fastq.gz
INFO(136969769023296)2026-02-09 17:09:58,089:dereplicate seqs file /tmp/tmp3dxpusik/deblur_working_dir/PUF-JD-3_32_L001_R1_001.fastq.gz.trim
INFO(136969769023296)2026-02-09 17:09:58,117:remove_artifacts_seqs file /tmp/tmp3dxpusik/deblur_working_dir/PUF-JD-3_32_L001_R1_001.fastq.gz.trim.derep
INFO(136969769023296)2026-02-09 17:09:58,585:total sequences 6143, passing sequences 6143, failing sequences 0
INFO(136969769023296)2026-02-09 17:09:58,585:multiple_sequence_alignment seqs file /tmp/tmp3dxpusik/deblur_working_dir/PUF-JD-3_32_L001_R1_001.fastq.gz.trim.derep.no_artifacts
INFO(124343404443456)2026-02-09 17:10:02,859:970 unique sequences left following deblurring
INFO(124343404443456)2026-02-09 17:10:02,866:remove_chimeras_denovo_from_seqs seqs file /tmp/tmp3dxpusik/deblur_working_dir/PUF-MBO-7_44_L001_R1_001.fastq.gz.trim.derep.no_artifacts.msa.deblurto working dir /tmp/tmp3dxpusik/deblur_working_dir
INFO(124343404443456)2026-02-09 17:10:03,595:finished processing file
INFO(124343404443456)2026-02-09 17:10:03,597:finished processing per sample fasta files
INFO(124343404443456)2026-02-09 17:10:03,597:worker thread for /tmp/qiime2/luis/data/ac299715-fc82-4941-8417-1f6d0186b43c/data/PUF-MBO-7_44_L001_R1_001.fastq.gz finished
INFO(135909395310400)2026-02-09 17:10:04,426:*************************
INFO(135909395310400)2026-02-09 17:10:04,426:deblurring started
WARNING(135909395310400)2026-02-09 17:10:04,426:deblur version 1.1.1 workflow started on /tmp/qiime2/luis/data/ac299715-fc82-4941-8417-1f6d0186b43c/data/PUF-BOT-1_7_L001_R1_001.fastq.gz
WARNING(135909395310400)2026-02-09 17:10:04,426:parameters: {'seqs_fp': '/tmp/qiime2/luis/data/ac299715-fc82-4941-8417-1f6d0186b43c/data/PUF-BOT-1_7_L001_R1_001.fastq.gz', 'output_dir': '/tmp/tmp3dxpusik', 'pos_ref_fp': ('/tmp/qiime2/luis/data/24c3fd7b-d797-45d8-8c62-edb383bdc88c/data/dna-sequences.fasta',), 'pos_ref_db_fp': ('/tmp/tmp3dxpusik/deblur_working_dir/dna-sequences',), 'neg_ref_fp': (), 'neg_ref_db_fp': ('/tmp/tmp3dxpusik/deblur_working_dir/artifacts',), 'overwrite': True, 'mean_error': 0.005, 'error_dist': [1.0, 0.06, 0.02, 0.02, 0.01, 0.005, 0.005, 0.005, 0.001, 0.001, 0.001, 0.0005], 'indel_prob': 0.01, 'indel_max': 3, 'trim_length': -1, 'left_trim_length': 0, 'min_reads': 1, 'min_size': 1, 'threads_per_sample': 1, 'keep_tmp_files': True, 'log_level': 2, 'log_file': '/home/luis/Documents/Projects/PUF-PAS_AirDNA/01_QIIME_pt2/01_Deblur/bin/deblur.log', 'jobs_to_start': 1, 'is_worker_thread': True, 'logger': <Logger __main__ (INFO)>}
INFO(135909395310400)2026-02-09 17:10:04,426:error_dist is : [1.0, 0.06, 0.02, 0.02, 0.01, 0.005, 0.005, 0.005, 0.001, 0.001, 0.001, 0.0005]
INFO(135909395310400)2026-02-09 17:10:04,426:deblur worker thread started
INFO(135909395310400)2026-02-09 17:10:04,426:processing per sample fasta files
INFO(135909395310400)2026-02-09 17:10:04,426:--------------------------------------------------------
INFO(135909395310400)2026-02-09 17:10:04,426:launch_workflow for file /tmp/qiime2/luis/data/ac299715-fc82-4941-8417-1f6d0186b43c/data/PUF-BOT-1_7_L001_R1_001.fastq.gz
INFO(135909395310400)2026-02-09 17:10:06,200:dereplicate seqs file /tmp/tmp3dxpusik/deblur_working_dir/PUF-BOT-1_7_L001_R1_001.fastq.gz.trim
INFO(135909395310400)2026-02-09 17:10:06,224:remove_artifacts_seqs file /tmp/tmp3dxpusik/deblur_working_dir/PUF-BOT-1_7_L001_R1_001.fastq.gz.trim.derep
INFO(135909395310400)2026-02-09 17:10:06,669:total sequences 5058, passing sequences 5058, failing sequences 0
INFO(135909395310400)2026-02-09 17:10:06,669:multiple_sequence_alignment seqs file /tmp/tmp3dxpusik/deblur_working_dir/PUF-BOT-1_7_L001_R1_001.fastq.gz.trim.derep.no_artifacts
INFO(135909395310400)2026-02-09 17:10:34,837:deblurring 5058 sequences
INFO(135909395310400)2026-02-09 17:10:36,354:295 unique sequences left following deblurring
INFO(135909395310400)2026-02-09 17:10:36,356:remove_chimeras_denovo_from_seqs seqs file /tmp/tmp3dxpusik/deblur_working_dir/PUF-BOT-1_7_L001_R1_001.fastq.gz.trim.derep.no_artifacts.msa.deblurto working dir /tmp/tmp3dxpusik/deblur_working_dir
INFO(135909395310400)2026-02-09 17:10:36,546:finished processing file
INFO(135909395310400)2026-02-09 17:10:36,547:finished processing per sample fasta files
INFO(135909395310400)2026-02-09 17:10:36,547:worker thread for /tmp/qiime2/luis/data/ac299715-fc82-4941-8417-1f6d0186b43c/data/PUF-BOT-1_7_L001_R1_001.fastq.gz finished
INFO(136969769023296)2026-02-09 17:10:38,646:deblurring 6143 sequences
INFO(136394732107584)2026-02-09 17:10:41,172:deblurring 10471 sequences
INFO(136969769023296)2026-02-09 17:10:41,461:433 unique sequences left following deblurring
INFO(136969769023296)2026-02-09 17:10:41,464:remove_chimeras_denovo_from_seqs seqs file /tmp/tmp3dxpusik/deblur_working_dir/PUF-JD-3_32_L001_R1_001.fastq.gz.trim.derep.no_artifacts.msa.deblurto working dir /tmp/tmp3dxpusik/deblur_working_dir
INFO(136969769023296)2026-02-09 17:10:41,740:finished processing file
INFO(136969769023296)2026-02-09 17:10:41,740:finished processing per sample fasta files
INFO(136969769023296)2026-02-09 17:10:41,740:worker thread for /tmp/qiime2/luis/data/ac299715-fc82-4941-8417-1f6d0186b43c/data/PUF-JD-3_32_L001_R1_001.fastq.gz finished
INFO(136394732107584)2026-02-09 17:10:50,271:747 unique sequences left following deblurring
INFO(136394732107584)2026-02-09 17:10:50,277:remove_chimeras_denovo_from_seqs seqs file /tmp/tmp3dxpusik/deblur_working_dir/PUF-MBO-6_43_L001_R1_001.fastq.gz.trim.derep.no_artifacts.msa.deblurto working dir /tmp/tmp3dxpusik/deblur_working_dir
INFO(136394732107584)2026-02-09 17:10:50,778:finished processing file
INFO(136394732107584)2026-02-09 17:10:50,779:finished processing per sample fasta files
INFO(136394732107584)2026-02-09 17:10:50,779:worker thread for /tmp/qiime2/luis/data/ac299715-fc82-4941-8417-1f6d0186b43c/data/PUF-MBO-6_43_L001_R1_001.fastq.gz finished
INFO(131726896301888)2026-02-09 17:10:51,511:*************************
INFO(131726896301888)2026-02-09 17:10:51,511:deblurring started
WARNING(131726896301888)2026-02-09 17:10:51,512:deblur version 1.1.1 workflow started on /tmp/qiime2/luis/data/ac299715-fc82-4941-8417-1f6d0186b43c/data/PUF-BOT-7_12_L001_R1_001.fastq.gz
WARNING(131726896301888)2026-02-09 17:10:51,512:parameters: {'seqs_fp': '/tmp/qiime2/luis/data/ac299715-fc82-4941-8417-1f6d0186b43c/data/PUF-BOT-7_12_L001_R1_001.fastq.gz', 'output_dir': '/tmp/tmp3dxpusik', 'pos_ref_fp': ('/tmp/qiime2/luis/data/24c3fd7b-d797-45d8-8c62-edb383bdc88c/data/dna-sequences.fasta',), 'pos_ref_db_fp': ('/tmp/tmp3dxpusik/deblur_working_dir/dna-sequences',), 'neg_ref_fp': (), 'neg_ref_db_fp': ('/tmp/tmp3dxpusik/deblur_working_dir/artifacts',), 'overwrite': True, 'mean_error': 0.005, 'error_dist': [1.0, 0.06, 0.02, 0.02, 0.01, 0.005, 0.005, 0.005, 0.001, 0.001, 0.001, 0.0005], 'indel_prob': 0.01, 'indel_max': 3, 'trim_length': -1, 'left_trim_length': 0, 'min_reads': 1, 'min_size': 1, 'threads_per_sample': 1, 'keep_tmp_files': True, 'log_level': 2, 'log_file': '/home/luis/Documents/Projects/PUF-PAS_AirDNA/01_QIIME_pt2/01_Deblur/bin/deblur.log', 'jobs_to_start': 1, 'is_worker_thread': True, 'logger': <Logger __main__ (INFO)>}
INFO(131726896301888)2026-02-09 17:10:51,512:error_dist is : [1.0, 0.06, 0.02, 0.02, 0.01, 0.005, 0.005, 0.005, 0.001, 0.001, 0.001, 0.0005]
INFO(131726896301888)2026-02-09 17:10:51,512:deblur worker thread started
INFO(131726896301888)2026-02-09 17:10:51,512:processing per sample fasta files
INFO(131726896301888)2026-02-09 17:10:51,512:--------------------------------------------------------
INFO(131726896301888)2026-02-09 17:10:51,512:launch_workflow for file /tmp/qiime2/luis/data/ac299715-fc82-4941-8417-1f6d0186b43c/data/PUF-BOT-7_12_L001_R1_001.fastq.gz
INFO(131726896301888)2026-02-09 17:10:55,055:dereplicate seqs file /tmp/tmp3dxpusik/deblur_working_dir/PUF-BOT-7_12_L001_R1_001.fastq.gz.trim
INFO(131726896301888)2026-02-09 17:10:55,104:remove_artifacts_seqs file /tmp/tmp3dxpusik/deblur_working_dir/PUF-BOT-7_12_L001_R1_001.fastq.gz.trim.derep
INFO(131726896301888)2026-02-09 17:10:55,657:total sequences 9899, passing sequences 9899, failing sequences 0
INFO(131726896301888)2026-02-09 17:10:55,657:multiple_sequence_alignment seqs file /tmp/tmp3dxpusik/deblur_working_dir/PUF-BOT-7_12_L001_R1_001.fastq.gz.trim.derep.no_artifacts
INFO(134896807049024)2026-02-09 17:11:23,077:deblurring 10206 sequences
INFO(134896807049024)2026-02-09 17:11:31,494:769 unique sequences left following deblurring
INFO(134896807049024)2026-02-09 17:11:31,499:remove_chimeras_denovo_from_seqs seqs file /tmp/tmp3dxpusik/deblur_working_dir/PUF-MBO-3_41_L001_R1_001.fastq.gz.trim.derep.no_artifacts.msa.deblurto working dir /tmp/tmp3dxpusik/deblur_working_dir
INFO(134896807049024)2026-02-09 17:11:32,022:finished processing file
INFO(134896807049024)2026-02-09 17:11:32,023:finished processing per sample fasta files
INFO(134896807049024)2026-02-09 17:11:32,023:worker thread for /tmp/qiime2/luis/data/ac299715-fc82-4941-8417-1f6d0186b43c/data/PUF-MBO-3_41_L001_R1_001.fastq.gz finished
INFO(128360784009024)2026-02-09 17:11:32,734:*************************
INFO(128360784009024)2026-02-09 17:11:32,734:deblurring started
WARNING(128360784009024)2026-02-09 17:11:32,735:deblur version 1.1.1 workflow started on /tmp/qiime2/luis/data/ac299715-fc82-4941-8417-1f6d0186b43c/data/PUF-BOT-4_9_L001_R1_001.fastq.gz
WARNING(128360784009024)2026-02-09 17:11:32,735:parameters: {'seqs_fp': '/tmp/qiime2/luis/data/ac299715-fc82-4941-8417-1f6d0186b43c/data/PUF-BOT-4_9_L001_R1_001.fastq.gz', 'output_dir': '/tmp/tmp3dxpusik', 'pos_ref_fp': ('/tmp/qiime2/luis/data/24c3fd7b-d797-45d8-8c62-edb383bdc88c/data/dna-sequences.fasta',), 'pos_ref_db_fp': ('/tmp/tmp3dxpusik/deblur_working_dir/dna-sequences',), 'neg_ref_fp': (), 'neg_ref_db_fp': ('/tmp/tmp3dxpusik/deblur_working_dir/artifacts',), 'overwrite': True, 'mean_error': 0.005, 'error_dist': [1.0, 0.06, 0.02, 0.02, 0.01, 0.005, 0.005, 0.005, 0.001, 0.001, 0.001, 0.0005], 'indel_prob': 0.01, 'indel_max': 3, 'trim_length': -1, 'left_trim_length': 0, 'min_reads': 1, 'min_size': 1, 'threads_per_sample': 1, 'keep_tmp_files': True, 'log_level': 2, 'log_file': '/home/luis/Documents/Projects/PUF-PAS_AirDNA/01_QIIME_pt2/01_Deblur/bin/deblur.log', 'jobs_to_start': 1, 'is_worker_thread': True, 'logger': <Logger __main__ (INFO)>}
INFO(128360784009024)2026-02-09 17:11:32,735:error_dist is : [1.0, 0.06, 0.02, 0.02, 0.01, 0.005, 0.005, 0.005, 0.001, 0.001, 0.001, 0.0005]
INFO(128360784009024)2026-02-09 17:11:32,735:deblur worker thread started
INFO(128360784009024)2026-02-09 17:11:32,735:processing per sample fasta files
INFO(128360784009024)2026-02-09 17:11:32,735:--------------------------------------------------------
INFO(128360784009024)2026-02-09 17:11:32,735:launch_workflow for file /tmp/qiime2/luis/data/ac299715-fc82-4941-8417-1f6d0186b43c/data/PUF-BOT-4_9_L001_R1_001.fastq.gz
INFO(128360784009024)2026-02-09 17:11:34,096:dereplicate seqs file /tmp/tmp3dxpusik/deblur_working_dir/PUF-BOT-4_9_L001_R1_001.fastq.gz.trim
INFO(128360784009024)2026-02-09 17:11:34,115:remove_artifacts_seqs file /tmp/tmp3dxpusik/deblur_working_dir/PUF-BOT-4_9_L001_R1_001.fastq.gz.trim.derep
INFO(128360784009024)2026-02-09 17:11:34,496:total sequences 3910, passing sequences 3910, failing sequences 0
INFO(128360784009024)2026-02-09 17:11:34,497:multiple_sequence_alignment seqs file /tmp/tmp3dxpusik/deblur_working_dir/PUF-BOT-4_9_L001_R1_001.fastq.gz.trim.derep.no_artifacts
INFO(128360784009024)2026-02-09 17:11:51,579:deblurring 3910 sequences
INFO(128360784009024)2026-02-09 17:11:52,703:263 unique sequences left following deblurring
INFO(128360784009024)2026-02-09 17:11:52,705:remove_chimeras_denovo_from_seqs seqs file /tmp/tmp3dxpusik/deblur_working_dir/PUF-BOT-4_9_L001_R1_001.fastq.gz.trim.derep.no_artifacts.msa.deblurto working dir /tmp/tmp3dxpusik/deblur_working_dir
INFO(128360784009024)2026-02-09 17:11:52,882:finished processing file
INFO(128360784009024)2026-02-09 17:11:52,883:finished processing per sample fasta files
INFO(128360784009024)2026-02-09 17:11:52,883:worker thread for /tmp/qiime2/luis/data/ac299715-fc82-4941-8417-1f6d0186b43c/data/PUF-BOT-4_9_L001_R1_001.fastq.gz finished
INFO(134201147881280)2026-02-09 17:12:10,969:deblurring 12547 sequences
INFO(134201147881280)2026-02-09 17:12:16,889:446 unique sequences left following deblurring
INFO(134201147881280)2026-02-09 17:12:16,894:remove_chimeras_denovo_from_seqs seqs file /tmp/tmp3dxpusik/deblur_working_dir/PUF-IPEX-4_25_L001_R1_001.fastq.gz.trim.derep.no_artifacts.msa.deblurto working dir /tmp/tmp3dxpusik/deblur_working_dir
INFO(134201147881280)2026-02-09 17:12:17,182:finished processing file
INFO(134201147881280)2026-02-09 17:12:17,184:finished processing per sample fasta files
INFO(134201147881280)2026-02-09 17:12:17,184:worker thread for /tmp/qiime2/luis/data/ac299715-fc82-4941-8417-1f6d0186b43c/data/PUF-IPEX-4_25_L001_R1_001.fastq.gz finished
INFO(126524928337728)2026-02-09 17:12:17,909:*************************
INFO(126524928337728)2026-02-09 17:12:17,909:deblurring started
WARNING(126524928337728)2026-02-09 17:12:17,910:deblur version 1.1.1 workflow started on /tmp/qiime2/luis/data/ac299715-fc82-4941-8417-1f6d0186b43c/data/PUF-BOU-1_15_L001_R1_001.fastq.gz
WARNING(126524928337728)2026-02-09 17:12:17,910:parameters: {'seqs_fp': '/tmp/qiime2/luis/data/ac299715-fc82-4941-8417-1f6d0186b43c/data/PUF-BOU-1_15_L001_R1_001.fastq.gz', 'output_dir': '/tmp/tmp3dxpusik', 'pos_ref_fp': ('/tmp/qiime2/luis/data/24c3fd7b-d797-45d8-8c62-edb383bdc88c/data/dna-sequences.fasta',), 'pos_ref_db_fp': ('/tmp/tmp3dxpusik/deblur_working_dir/dna-sequences',), 'neg_ref_fp': (), 'neg_ref_db_fp': ('/tmp/tmp3dxpusik/deblur_working_dir/artifacts',), 'overwrite': True, 'mean_error': 0.005, 'error_dist': [1.0, 0.06, 0.02, 0.02, 0.01, 0.005, 0.005, 0.005, 0.001, 0.001, 0.001, 0.0005], 'indel_prob': 0.01, 'indel_max': 3, 'trim_length': -1, 'left_trim_length': 0, 'min_reads': 1, 'min_size': 1, 'threads_per_sample': 1, 'keep_tmp_files': True, 'log_level': 2, 'log_file': '/home/luis/Documents/Projects/PUF-PAS_AirDNA/01_QIIME_pt2/01_Deblur/bin/deblur.log', 'jobs_to_start': 1, 'is_worker_thread': True, 'logger': <Logger __main__ (INFO)>}
INFO(126524928337728)2026-02-09 17:12:17,910:error_dist is : [1.0, 0.06, 0.02, 0.02, 0.01, 0.005, 0.005, 0.005, 0.001, 0.001, 0.001, 0.0005]
INFO(126524928337728)2026-02-09 17:12:17,910:deblur worker thread started
INFO(126524928337728)2026-02-09 17:12:17,910:processing per sample fasta files
INFO(126524928337728)2026-02-09 17:12:17,910:--------------------------------------------------------
INFO(126524928337728)2026-02-09 17:12:17,910:launch_workflow for file /tmp/qiime2/luis/data/ac299715-fc82-4941-8417-1f6d0186b43c/data/PUF-BOU-1_15_L001_R1_001.fastq.gz
INFO(126524928337728)2026-02-09 17:12:18,163:dereplicate seqs file /tmp/tmp3dxpusik/deblur_working_dir/PUF-BOU-1_15_L001_R1_001.fastq.gz.trim
INFO(126524928337728)2026-02-09 17:12:18,168:remove_artifacts_seqs file /tmp/tmp3dxpusik/deblur_working_dir/PUF-BOU-1_15_L001_R1_001.fastq.gz.trim.derep
INFO(126524928337728)2026-02-09 17:12:18,459:total sequences 888, passing sequences 888, failing sequences 0
INFO(126524928337728)2026-02-09 17:12:18,459:multiple_sequence_alignment seqs file /tmp/tmp3dxpusik/deblur_working_dir/PUF-BOU-1_15_L001_R1_001.fastq.gz.trim.derep.no_artifacts
INFO(126524928337728)2026-02-09 17:12:20,307:deblurring 888 sequences
INFO(126524928337728)2026-02-09 17:12:20,413:115 unique sequences left following deblurring
INFO(126524928337728)2026-02-09 17:12:20,414:remove_chimeras_denovo_from_seqs seqs file /tmp/tmp3dxpusik/deblur_working_dir/PUF-BOU-1_15_L001_R1_001.fastq.gz.trim.derep.no_artifacts.msa.deblurto working dir /tmp/tmp3dxpusik/deblur_working_dir
INFO(126524928337728)2026-02-09 17:12:20,484:finished processing file
INFO(126524928337728)2026-02-09 17:12:20,484:finished processing per sample fasta files
INFO(126524928337728)2026-02-09 17:12:20,484:worker thread for /tmp/qiime2/luis/data/ac299715-fc82-4941-8417-1f6d0186b43c/data/PUF-BOU-1_15_L001_R1_001.fastq.gz finished
INFO(131726896301888)2026-02-09 17:12:25,490:deblurring 9899 sequences
INFO(131726896301888)2026-02-09 17:12:29,549:433 unique sequences left following deblurring
INFO(131726896301888)2026-02-09 17:12:29,553:remove_chimeras_denovo_from_seqs seqs file /tmp/tmp3dxpusik/deblur_working_dir/PUF-BOT-7_12_L001_R1_001.fastq.gz.trim.derep.no_artifacts.msa.deblurto working dir /tmp/tmp3dxpusik/deblur_working_dir
INFO(131726896301888)2026-02-09 17:12:29,820:finished processing file
INFO(131726896301888)2026-02-09 17:12:29,821:finished processing per sample fasta files
INFO(131726896301888)2026-02-09 17:12:29,821:worker thread for /tmp/qiime2/luis/data/ac299715-fc82-4941-8417-1f6d0186b43c/data/PUF-BOT-7_12_L001_R1_001.fastq.gz finished
INFO(131665595705152)2026-02-09 17:13:00,404:deblurring 16202 sequences
INFO(131665595705152)2026-02-09 17:13:09,281:623 unique sequences left following deblurring
INFO(131665595705152)2026-02-09 17:13:09,286:remove_chimeras_denovo_from_seqs seqs file /tmp/tmp3dxpusik/deblur_working_dir/PUF-IPEX-5_26_L001_R1_001.fastq.gz.trim.derep.no_artifacts.msa.deblurto working dir /tmp/tmp3dxpusik/deblur_working_dir
INFO(131665595705152)2026-02-09 17:13:09,669:finished processing file
INFO(131665595705152)2026-02-09 17:13:09,671:finished processing per sample fasta files
INFO(131665595705152)2026-02-09 17:13:09,671:worker thread for /tmp/qiime2/luis/data/ac299715-fc82-4941-8417-1f6d0186b43c/data/PUF-IPEX-5_26_L001_R1_001.fastq.gz finished
INFO(137003510744896)2026-02-09 17:13:10,249:*************************
INFO(137003510744896)2026-02-09 17:13:10,250:deblurring started
WARNING(137003510744896)2026-02-09 17:13:10,250:deblur version 1.1.1 workflow started on /tmp/qiime2/luis/data/ac299715-fc82-4941-8417-1f6d0186b43c/data/PUF-BOU-6_20_L001_R1_001.fastq.gz
WARNING(137003510744896)2026-02-09 17:13:10,250:parameters: {'seqs_fp': '/tmp/qiime2/luis/data/ac299715-fc82-4941-8417-1f6d0186b43c/data/PUF-BOU-6_20_L001_R1_001.fastq.gz', 'output_dir': '/tmp/tmp3dxpusik', 'pos_ref_fp': ('/tmp/qiime2/luis/data/24c3fd7b-d797-45d8-8c62-edb383bdc88c/data/dna-sequences.fasta',), 'pos_ref_db_fp': ('/tmp/tmp3dxpusik/deblur_working_dir/dna-sequences',), 'neg_ref_fp': (), 'neg_ref_db_fp': ('/tmp/tmp3dxpusik/deblur_working_dir/artifacts',), 'overwrite': True, 'mean_error': 0.005, 'error_dist': [1.0, 0.06, 0.02, 0.02, 0.01, 0.005, 0.005, 0.005, 0.001, 0.001, 0.001, 0.0005], 'indel_prob': 0.01, 'indel_max': 3, 'trim_length': -1, 'left_trim_length': 0, 'min_reads': 1, 'min_size': 1, 'threads_per_sample': 1, 'keep_tmp_files': True, 'log_level': 2, 'log_file': '/home/luis/Documents/Projects/PUF-PAS_AirDNA/01_QIIME_pt2/01_Deblur/bin/deblur.log', 'jobs_to_start': 1, 'is_worker_thread': True, 'logger': <Logger __main__ (INFO)>}
INFO(137003510744896)2026-02-09 17:13:10,250:error_dist is : [1.0, 0.06, 0.02, 0.02, 0.01, 0.005, 0.005, 0.005, 0.001, 0.001, 0.001, 0.0005]
INFO(137003510744896)2026-02-09 17:13:10,250:deblur worker thread started
INFO(137003510744896)2026-02-09 17:13:10,250:processing per sample fasta files
INFO(137003510744896)2026-02-09 17:13:10,250:--------------------------------------------------------
INFO(137003510744896)2026-02-09 17:13:10,250:launch_workflow for file /tmp/qiime2/luis/data/ac299715-fc82-4941-8417-1f6d0186b43c/data/PUF-BOU-6_20_L001_R1_001.fastq.gz
INFO(137003510744896)2026-02-09 17:13:11,543:dereplicate seqs file /tmp/tmp3dxpusik/deblur_working_dir/PUF-BOU-6_20_L001_R1_001.fastq.gz.trim
INFO(137003510744896)2026-02-09 17:13:11,562:remove_artifacts_seqs file /tmp/tmp3dxpusik/deblur_working_dir/PUF-BOU-6_20_L001_R1_001.fastq.gz.trim.derep
INFO(137003510744896)2026-02-09 17:13:11,921:total sequences 4444, passing sequences 4444, failing sequences 0
INFO(137003510744896)2026-02-09 17:13:11,922:multiple_sequence_alignment seqs file /tmp/tmp3dxpusik/deblur_working_dir/PUF-BOU-6_20_L001_R1_001.fastq.gz.trim.derep.no_artifacts
INFO(137003510744896)2026-02-09 17:13:31,727:deblurring 4444 sequences
INFO(137003510744896)2026-02-09 17:13:32,943:304 unique sequences left following deblurring
INFO(137003510744896)2026-02-09 17:13:32,944:remove_chimeras_denovo_from_seqs seqs file /tmp/tmp3dxpusik/deblur_working_dir/PUF-BOU-6_20_L001_R1_001.fastq.gz.trim.derep.no_artifacts.msa.deblurto working dir /tmp/tmp3dxpusik/deblur_working_dir
INFO(137003510744896)2026-02-09 17:13:33,120:finished processing file
INFO(137003510744896)2026-02-09 17:13:33,120:finished processing per sample fasta files
INFO(137003510744896)2026-02-09 17:13:33,120:worker thread for /tmp/qiime2/luis/data/ac299715-fc82-4941-8417-1f6d0186b43c/data/PUF-BOU-6_20_L001_R1_001.fastq.gz finished
INFO(132144803432256)2026-02-09 17:13:33,220:create_otu_table for 48 samples, into output table /tmp/tmp3dxpusik/all.biom
INFO(132144803432256)2026-02-09 17:13:33,524:for output biom table loaded 48 samples, 9741 unique sequences
INFO(132144803432256)2026-02-09 17:13:33,528:keeping 9741 (out of 9741 sequences) with >=1 reads
INFO(132144803432256)2026-02-09 17:13:33,644:saved to biom file /tmp/tmp3dxpusik/all.biom
INFO(132144803432256)2026-02-09 17:13:33,656:saved sequence fasta file to /tmp/tmp3dxpusik/all.seqs.fa
INFO(132144803432256)2026-02-09 17:13:33,658:getting 16s sequences from the biom table
INFO(132144803432256)2026-02-09 17:13:33,658:remove_artifacts_seqs file /tmp/tmp3dxpusik/all.seqs.fa
INFO(132144803432256)2026-02-09 17:22:17,190:total sequences 9741, passing sequences 9167, failing sequences 574
WARNING(132144803432256)2026-02-09 17:22:17,297:removed 7 samples with reads per sample<1
INFO(132144803432256)2026-02-09 17:22:17,301:wrote artifact only filtered biom table to /tmp/tmp3dxpusik/reference-non-hit.biom
INFO(132144803432256)2026-02-09 17:22:17,302:saved biom table sequences to fasta file /tmp/tmp3dxpusik/reference-non-hit.seqs.fa
INFO(132144803432256)2026-02-09 17:22:17,343:wrote 16s filtered biom table to /tmp/tmp3dxpusik/reference-hit.biom
INFO(132144803432256)2026-02-09 17:22:17,358:saved biom table sequences to fasta file /tmp/tmp3dxpusik/reference-hit.seqs.fa
INFO(132144803432256)2026-02-09 17:22:17,361:Keeping temp files
INFO(132144803432256)2026-02-09 17:22:17,361:deblur workflow finished
INFO(132144803432256)2026-02-09 17:22:17,361:output saved to /tmp/tmp3dxpusik/all.biom
INFO(132144803432256)2026-02-09 17:22:17,361:------------------
INFO(128274575066944)2026-02-09 17:22:47,836:*************************
INFO(128274575066944)2026-02-09 17:22:47,836:deblurring started
WARNING(128274575066944)2026-02-09 17:22:47,837:deblur version 1.1.1 workflow started on /tmp/qiime2/luis/data/984ddec7-55d3-46f2-81a6-13a40d407496/data
WARNING(128274575066944)2026-02-09 17:22:47,837:parameters: {'seqs_fp': '/tmp/qiime2/luis/data/984ddec7-55d3-46f2-81a6-13a40d407496/data', 'output_dir': '/tmp/tmp49nt6dx8', 'pos_ref_fp': ('/tmp/qiime2/luis/data/24c3fd7b-d797-45d8-8c62-edb383bdc88c/data/dna-sequences.fasta',), 'pos_ref_db_fp': (), 'neg_ref_fp': (), 'neg_ref_db_fp': (), 'overwrite': True, 'mean_error': 0.005, 'error_dist': [1.0, 0.06, 0.02, 0.02, 0.01, 0.005, 0.005, 0.005, 0.001, 0.001, 0.001, 0.0005], 'indel_prob': 0.01, 'indel_max': 3, 'trim_length': -1, 'left_trim_length': 0, 'min_reads': 1, 'min_size': 1, 'threads_per_sample': 1, 'keep_tmp_files': True, 'log_level': 2, 'log_file': '/home/luis/Documents/Projects/PUF-PAS_AirDNA/01_QIIME_pt2/01_Deblur/bin/deblur.log', 'jobs_to_start': 6, 'is_worker_thread': False, 'logger': <Logger __main__ (INFO)>}
INFO(128274575066944)2026-02-09 17:22:47,837:error_dist is : [1.0, 0.06, 0.02, 0.02, 0.01, 0.005, 0.005, 0.005, 0.001, 0.001, 0.001, 0.0005]
INFO(128274575066944)2026-02-09 17:22:47,837:deblur main program started
INFO(128274575066944)2026-02-09 17:22:47,837:processing directory /tmp/qiime2/luis/data/984ddec7-55d3-46f2-81a6-13a40d407496/data
INFO(128274575066944)2026-02-09 17:22:47,838:building negative db sortmerna index files
INFO(128274575066944)2026-02-09 17:22:47,838:build_index_sortmerna files ['/home/luis/miniconda3/envs/qiime2/lib/python3.10/site-packages/deblur/support_files/artifacts.fa'] to dir /tmp/tmp49nt6dx8/deblur_working_dir
INFO(128274575066944)2026-02-09 17:22:47,871:building positive db sortmerna index files
INFO(128274575066944)2026-02-09 17:22:47,872:build_index_sortmerna files ('/tmp/qiime2/luis/data/24c3fd7b-d797-45d8-8c62-edb383bdc88c/data/dna-sequences.fasta',) to dir /tmp/tmp49nt6dx8/deblur_working_dir
INFO(128274575066944)2026-02-09 18:15:09,525:parallel processing per sample fasta files
INFO(128274575066944)2026-02-09 18:15:09,535:parallel deblur started for 48 inputs
INFO(129703752361792)2026-02-09 18:15:10,281:*************************
INFO(129703752361792)2026-02-09 18:15:10,281:deblurring started
WARNING(129703752361792)2026-02-09 18:15:10,281:deblur version 1.1.1 workflow started on /tmp/qiime2/luis/data/984ddec7-55d3-46f2-81a6-13a40d407496/data/PUF-MBO-9_46_L001_R1_001.fastq.gz
WARNING(129703752361792)2026-02-09 18:15:10,281:parameters: {'seqs_fp': '/tmp/qiime2/luis/data/984ddec7-55d3-46f2-81a6-13a40d407496/data/PUF-MBO-9_46_L001_R1_001.fastq.gz', 'output_dir': '/tmp/tmp49nt6dx8', 'pos_ref_fp': ('/tmp/qiime2/luis/data/24c3fd7b-d797-45d8-8c62-edb383bdc88c/data/dna-sequences.fasta',), 'pos_ref_db_fp': ('/tmp/tmp49nt6dx8/deblur_working_dir/dna-sequences',), 'neg_ref_fp': (), 'neg_ref_db_fp': ('/tmp/tmp49nt6dx8/deblur_working_dir/artifacts',), 'overwrite': True, 'mean_error': 0.005, 'error_dist': [1.0, 0.06, 0.02, 0.02, 0.01, 0.005, 0.005, 0.005, 0.001, 0.001, 0.001, 0.0005], 'indel_prob': 0.01, 'indel_max': 3, 'trim_length': -1, 'left_trim_length': 0, 'min_reads': 1, 'min_size': 1, 'threads_per_sample': 1, 'keep_tmp_files': True, 'log_level': 2, 'log_file': '/home/luis/Documents/Projects/PUF-PAS_AirDNA/01_QIIME_pt2/01_Deblur/bin/deblur.log', 'jobs_to_start': 1, 'is_worker_thread': True, 'logger': <Logger __main__ (INFO)>}
INFO(129703752361792)2026-02-09 18:15:10,281:error_dist is : [1.0, 0.06, 0.02, 0.02, 0.01, 0.005, 0.005, 0.005, 0.001, 0.001, 0.001, 0.0005]
INFO(129703752361792)2026-02-09 18:15:10,281:deblur worker thread started
INFO(129703752361792)2026-02-09 18:15:10,281:processing per sample fasta files
INFO(129703752361792)2026-02-09 18:15:10,281:--------------------------------------------------------
INFO(129703752361792)2026-02-09 18:15:10,281:launch_workflow for file /tmp/qiime2/luis/data/984ddec7-55d3-46f2-81a6-13a40d407496/data/PUF-MBO-9_46_L001_R1_001.fastq.gz
INFO(131625695455040)2026-02-09 18:15:10,315:*************************
INFO(131625695455040)2026-02-09 18:15:10,315:deblurring started
WARNING(131625695455040)2026-02-09 18:15:10,315:deblur version 1.1.1 workflow started on /tmp/qiime2/luis/data/984ddec7-55d3-46f2-81a6-13a40d407496/data/PUF-JD-7_35_L001_R1_001.fastq.gz
WARNING(131625695455040)2026-02-09 18:15:10,315:parameters: {'seqs_fp': '/tmp/qiime2/luis/data/984ddec7-55d3-46f2-81a6-13a40d407496/data/PUF-JD-7_35_L001_R1_001.fastq.gz', 'output_dir': '/tmp/tmp49nt6dx8', 'pos_ref_fp': ('/tmp/qiime2/luis/data/24c3fd7b-d797-45d8-8c62-edb383bdc88c/data/dna-sequences.fasta',), 'pos_ref_db_fp': ('/tmp/tmp49nt6dx8/deblur_working_dir/dna-sequences',), 'neg_ref_fp': (), 'neg_ref_db_fp': ('/tmp/tmp49nt6dx8/deblur_working_dir/artifacts',), 'overwrite': True, 'mean_error': 0.005, 'error_dist': [1.0, 0.06, 0.02, 0.02, 0.01, 0.005, 0.005, 0.005, 0.001, 0.001, 0.001, 0.0005], 'indel_prob': 0.01, 'indel_max': 3, 'trim_length': -1, 'left_trim_length': 0, 'min_reads': 1, 'min_size': 1, 'threads_per_sample': 1, 'keep_tmp_files': True, 'log_level': 2, 'log_file': '/home/luis/Documents/Projects/PUF-PAS_AirDNA/01_QIIME_pt2/01_Deblur/bin/deblur.log', 'jobs_to_start': 1, 'is_worker_thread': True, 'logger': <Logger __main__ (INFO)>}
INFO(131625695455040)2026-02-09 18:15:10,315:error_dist is : [1.0, 0.06, 0.02, 0.02, 0.01, 0.005, 0.005, 0.005, 0.001, 0.001, 0.001, 0.0005]
INFO(131625695455040)2026-02-09 18:15:10,316:deblur worker thread started
INFO(131625695455040)2026-02-09 18:15:10,316:processing per sample fasta files
INFO(131625695455040)2026-02-09 18:15:10,316:--------------------------------------------------------
INFO(131625695455040)2026-02-09 18:15:10,316:launch_workflow for file /tmp/qiime2/luis/data/984ddec7-55d3-46f2-81a6-13a40d407496/data/PUF-JD-7_35_L001_R1_001.fastq.gz
INFO(135778174261056)2026-02-09 18:15:10,321:*************************
INFO(135778174261056)2026-02-09 18:15:10,321:deblurring started
WARNING(135778174261056)2026-02-09 18:15:10,321:deblur version 1.1.1 workflow started on /tmp/qiime2/luis/data/984ddec7-55d3-46f2-81a6-13a40d407496/data/PUF-BOU-8_21_L001_R1_001.fastq.gz
WARNING(135778174261056)2026-02-09 18:15:10,321:parameters: {'seqs_fp': '/tmp/qiime2/luis/data/984ddec7-55d3-46f2-81a6-13a40d407496/data/PUF-BOU-8_21_L001_R1_001.fastq.gz', 'output_dir': '/tmp/tmp49nt6dx8', 'pos_ref_fp': ('/tmp/qiime2/luis/data/24c3fd7b-d797-45d8-8c62-edb383bdc88c/data/dna-sequences.fasta',), 'pos_ref_db_fp': ('/tmp/tmp49nt6dx8/deblur_working_dir/dna-sequences',), 'neg_ref_fp': (), 'neg_ref_db_fp': ('/tmp/tmp49nt6dx8/deblur_working_dir/artifacts',), 'overwrite': True, 'mean_error': 0.005, 'error_dist': [1.0, 0.06, 0.02, 0.02, 0.01, 0.005, 0.005, 0.005, 0.001, 0.001, 0.001, 0.0005], 'indel_prob': 0.01, 'indel_max': 3, 'trim_length': -1, 'left_trim_length': 0, 'min_reads': 1, 'min_size': 1, 'threads_per_sample': 1, 'keep_tmp_files': True, 'log_level': 2, 'log_file': '/home/luis/Documents/Projects/PUF-PAS_AirDNA/01_QIIME_pt2/01_Deblur/bin/deblur.log', 'jobs_to_start': 1, 'is_worker_thread': True, 'logger': <Logger __main__ (INFO)>}
INFO(135778174261056)2026-02-09 18:15:10,321:error_dist is : [1.0, 0.06, 0.02, 0.02, 0.01, 0.005, 0.005, 0.005, 0.001, 0.001, 0.001, 0.0005]
INFO(135778174261056)2026-02-09 18:15:10,321:deblur worker thread started
INFO(135778174261056)2026-02-09 18:15:10,321:processing per sample fasta files
INFO(135778174261056)2026-02-09 18:15:10,321:--------------------------------------------------------
INFO(135778174261056)2026-02-09 18:15:10,321:launch_workflow for file /tmp/qiime2/luis/data/984ddec7-55d3-46f2-81a6-13a40d407496/data/PUF-BOU-8_21_L001_R1_001.fastq.gz
INFO(130082432530240)2026-02-09 18:15:10,323:*************************
INFO(130082432530240)2026-02-09 18:15:10,323:deblurring started
WARNING(130082432530240)2026-02-09 18:15:10,323:deblur version 1.1.1 workflow started on /tmp/qiime2/luis/data/984ddec7-55d3-46f2-81a6-13a40d407496/data/PUF-BOU-4_18_L001_R1_001.fastq.gz
WARNING(130082432530240)2026-02-09 18:15:10,323:parameters: {'seqs_fp': '/tmp/qiime2/luis/data/984ddec7-55d3-46f2-81a6-13a40d407496/data/PUF-BOU-4_18_L001_R1_001.fastq.gz', 'output_dir': '/tmp/tmp49nt6dx8', 'pos_ref_fp': ('/tmp/qiime2/luis/data/24c3fd7b-d797-45d8-8c62-edb383bdc88c/data/dna-sequences.fasta',), 'pos_ref_db_fp': ('/tmp/tmp49nt6dx8/deblur_working_dir/dna-sequences',), 'neg_ref_fp': (), 'neg_ref_db_fp': ('/tmp/tmp49nt6dx8/deblur_working_dir/artifacts',), 'overwrite': True, 'mean_error': 0.005, 'error_dist': [1.0, 0.06, 0.02, 0.02, 0.01, 0.005, 0.005, 0.005, 0.001, 0.001, 0.001, 0.0005], 'indel_prob': 0.01, 'indel_max': 3, 'trim_length': -1, 'left_trim_length': 0, 'min_reads': 1, 'min_size': 1, 'threads_per_sample': 1, 'keep_tmp_files': True, 'log_level': 2, 'log_file': '/home/luis/Documents/Projects/PUF-PAS_AirDNA/01_QIIME_pt2/01_Deblur/bin/deblur.log', 'jobs_to_start': 1, 'is_worker_thread': True, 'logger': <Logger __main__ (INFO)>}
INFO(130082432530240)2026-02-09 18:15:10,323:error_dist is : [1.0, 0.06, 0.02, 0.02, 0.01, 0.005, 0.005, 0.005, 0.001, 0.001, 0.001, 0.0005]
INFO(130082432530240)2026-02-09 18:15:10,323:deblur worker thread started
INFO(130082432530240)2026-02-09 18:15:10,323:processing per sample fasta files
INFO(130082432530240)2026-02-09 18:15:10,323:--------------------------------------------------------
INFO(130082432530240)2026-02-09 18:15:10,323:launch_workflow for file /tmp/qiime2/luis/data/984ddec7-55d3-46f2-81a6-13a40d407496/data/PUF-BOU-4_18_L001_R1_001.fastq.gz
INFO(134523205207872)2026-02-09 18:15:10,326:*************************
INFO(134523205207872)2026-02-09 18:15:10,326:deblurring started
WARNING(134523205207872)2026-02-09 18:15:10,326:deblur version 1.1.1 workflow started on /tmp/qiime2/luis/data/984ddec7-55d3-46f2-81a6-13a40d407496/data/PUF-JD-1_30_L001_R1_001.fastq.gz
WARNING(134523205207872)2026-02-09 18:15:10,326:parameters: {'seqs_fp': '/tmp/qiime2/luis/data/984ddec7-55d3-46f2-81a6-13a40d407496/data/PUF-JD-1_30_L001_R1_001.fastq.gz', 'output_dir': '/tmp/tmp49nt6dx8', 'pos_ref_fp': ('/tmp/qiime2/luis/data/24c3fd7b-d797-45d8-8c62-edb383bdc88c/data/dna-sequences.fasta',), 'pos_ref_db_fp': ('/tmp/tmp49nt6dx8/deblur_working_dir/dna-sequences',), 'neg_ref_fp': (), 'neg_ref_db_fp': ('/tmp/tmp49nt6dx8/deblur_working_dir/artifacts',), 'overwrite': True, 'mean_error': 0.005, 'error_dist': [1.0, 0.06, 0.02, 0.02, 0.01, 0.005, 0.005, 0.005, 0.001, 0.001, 0.001, 0.0005], 'indel_prob': 0.01, 'indel_max': 3, 'trim_length': -1, 'left_trim_length': 0, 'min_reads': 1, 'min_size': 1, 'threads_per_sample': 1, 'keep_tmp_files': True, 'log_level': 2, 'log_file': '/home/luis/Documents/Projects/PUF-PAS_AirDNA/01_QIIME_pt2/01_Deblur/bin/deblur.log', 'jobs_to_start': 1, 'is_worker_thread': True, 'logger': <Logger __main__ (INFO)>}
INFO(134523205207872)2026-02-09 18:15:10,326:error_dist is : [1.0, 0.06, 0.02, 0.02, 0.01, 0.005, 0.005, 0.005, 0.001, 0.001, 0.001, 0.0005]
INFO(134523205207872)2026-02-09 18:15:10,326:deblur worker thread started
INFO(134523205207872)2026-02-09 18:15:10,326:processing per sample fasta files
INFO(134523205207872)2026-02-09 18:15:10,326:--------------------------------------------------------
INFO(134523205207872)2026-02-09 18:15:10,326:launch_workflow for file /tmp/qiime2/luis/data/984ddec7-55d3-46f2-81a6-13a40d407496/data/PUF-JD-1_30_L001_R1_001.fastq.gz
INFO(131784834291520)2026-02-09 18:15:10,327:*************************
INFO(131784834291520)2026-02-09 18:15:10,327:deblurring started
WARNING(131784834291520)2026-02-09 18:15:10,327:deblur version 1.1.1 workflow started on /tmp/qiime2/luis/data/984ddec7-55d3-46f2-81a6-13a40d407496/data/ctrl-PCR-neg-PUF_47_L001_R1_001.fastq.gz
WARNING(131784834291520)2026-02-09 18:15:10,327:parameters: {'seqs_fp': '/tmp/qiime2/luis/data/984ddec7-55d3-46f2-81a6-13a40d407496/data/ctrl-PCR-neg-PUF_47_L001_R1_001.fastq.gz', 'output_dir': '/tmp/tmp49nt6dx8', 'pos_ref_fp': ('/tmp/qiime2/luis/data/24c3fd7b-d797-45d8-8c62-edb383bdc88c/data/dna-sequences.fasta',), 'pos_ref_db_fp': ('/tmp/tmp49nt6dx8/deblur_working_dir/dna-sequences',), 'neg_ref_fp': (), 'neg_ref_db_fp': ('/tmp/tmp49nt6dx8/deblur_working_dir/artifacts',), 'overwrite': True, 'mean_error': 0.005, 'error_dist': [1.0, 0.06, 0.02, 0.02, 0.01, 0.005, 0.005, 0.005, 0.001, 0.001, 0.001, 0.0005], 'indel_prob': 0.01, 'indel_max': 3, 'trim_length': -1, 'left_trim_length': 0, 'min_reads': 1, 'min_size': 1, 'threads_per_sample': 1, 'keep_tmp_files': True, 'log_level': 2, 'log_file': '/home/luis/Documents/Projects/PUF-PAS_AirDNA/01_QIIME_pt2/01_Deblur/bin/deblur.log', 'jobs_to_start': 1, 'is_worker_thread': True, 'logger': <Logger __main__ (INFO)>}
INFO(131784834291520)2026-02-09 18:15:10,327:error_dist is : [1.0, 0.06, 0.02, 0.02, 0.01, 0.005, 0.005, 0.005, 0.001, 0.001, 0.001, 0.0005]
INFO(131784834291520)2026-02-09 18:15:10,327:deblur worker thread started
INFO(131784834291520)2026-02-09 18:15:10,328:processing per sample fasta files
INFO(131784834291520)2026-02-09 18:15:10,328:--------------------------------------------------------
INFO(131784834291520)2026-02-09 18:15:10,328:launch_workflow for file /tmp/qiime2/luis/data/984ddec7-55d3-46f2-81a6-13a40d407496/data/ctrl-PCR-neg-PUF_47_L001_R1_001.fastq.gz
INFO(131784834291520)2026-02-09 18:15:10,333:dereplicate seqs file /tmp/tmp49nt6dx8/deblur_working_dir/ctrl-PCR-neg-PUF_47_L001_R1_001.fastq.gz.trim
INFO(131784834291520)2026-02-09 18:15:10,335:remove_artifacts_seqs file /tmp/tmp49nt6dx8/deblur_working_dir/ctrl-PCR-neg-PUF_47_L001_R1_001.fastq.gz.trim.derep
INFO(131784834291520)2026-02-09 18:15:10,614:total sequences 9, passing sequences 9, failing sequences 0
INFO(131784834291520)2026-02-09 18:15:10,614:multiple_sequence_alignment seqs file /tmp/tmp49nt6dx8/deblur_working_dir/ctrl-PCR-neg-PUF_47_L001_R1_001.fastq.gz.trim.derep.no_artifacts
INFO(131784834291520)2026-02-09 18:15:10,797:deblurring 9 sequences
INFO(131784834291520)2026-02-09 18:15:10,797:1 unique sequences left following deblurring
INFO(131784834291520)2026-02-09 18:15:10,797:remove_chimeras_denovo_from_seqs seqs file /tmp/tmp49nt6dx8/deblur_working_dir/ctrl-PCR-neg-PUF_47_L001_R1_001.fastq.gz.trim.derep.no_artifacts.msa.deblurto working dir /tmp/tmp49nt6dx8/deblur_working_dir
INFO(131784834291520)2026-02-09 18:15:10,805:finished processing file
INFO(131784834291520)2026-02-09 18:15:10,805:finished processing per sample fasta files
INFO(131784834291520)2026-02-09 18:15:10,806:worker thread for /tmp/qiime2/luis/data/984ddec7-55d3-46f2-81a6-13a40d407496/data/ctrl-PCR-neg-PUF_47_L001_R1_001.fastq.gz finished
INFO(130082432530240)2026-02-09 18:15:11,103:dereplicate seqs file /tmp/tmp49nt6dx8/deblur_working_dir/PUF-BOU-4_18_L001_R1_001.fastq.gz.trim
INFO(130082432530240)2026-02-09 18:15:11,114:remove_artifacts_seqs file /tmp/tmp49nt6dx8/deblur_working_dir/PUF-BOU-4_18_L001_R1_001.fastq.gz.trim.derep
INFO(130082432530240)2026-02-09 18:15:11,478:total sequences 2131, passing sequences 2131, failing sequences 0
INFO(130082432530240)2026-02-09 18:15:11,479:multiple_sequence_alignment seqs file /tmp/tmp49nt6dx8/deblur_working_dir/PUF-BOU-4_18_L001_R1_001.fastq.gz.trim.derep.no_artifacts
INFO(123149305636672)2026-02-09 18:15:11,532:*************************
INFO(123149305636672)2026-02-09 18:15:11,532:deblurring started
WARNING(123149305636672)2026-02-09 18:15:11,532:deblur version 1.1.1 workflow started on /tmp/qiime2/luis/data/984ddec7-55d3-46f2-81a6-13a40d407496/data/PUF-IPEX-7_28_L001_R1_001.fastq.gz
WARNING(123149305636672)2026-02-09 18:15:11,532:parameters: {'seqs_fp': '/tmp/qiime2/luis/data/984ddec7-55d3-46f2-81a6-13a40d407496/data/PUF-IPEX-7_28_L001_R1_001.fastq.gz', 'output_dir': '/tmp/tmp49nt6dx8', 'pos_ref_fp': ('/tmp/qiime2/luis/data/24c3fd7b-d797-45d8-8c62-edb383bdc88c/data/dna-sequences.fasta',), 'pos_ref_db_fp': ('/tmp/tmp49nt6dx8/deblur_working_dir/dna-sequences',), 'neg_ref_fp': (), 'neg_ref_db_fp': ('/tmp/tmp49nt6dx8/deblur_working_dir/artifacts',), 'overwrite': True, 'mean_error': 0.005, 'error_dist': [1.0, 0.06, 0.02, 0.02, 0.01, 0.005, 0.005, 0.005, 0.001, 0.001, 0.001, 0.0005], 'indel_prob': 0.01, 'indel_max': 3, 'trim_length': -1, 'left_trim_length': 0, 'min_reads': 1, 'min_size': 1, 'threads_per_sample': 1, 'keep_tmp_files': True, 'log_level': 2, 'log_file': '/home/luis/Documents/Projects/PUF-PAS_AirDNA/01_QIIME_pt2/01_Deblur/bin/deblur.log', 'jobs_to_start': 1, 'is_worker_thread': True, 'logger': <Logger __main__ (INFO)>}
INFO(123149305636672)2026-02-09 18:15:11,532:error_dist is : [1.0, 0.06, 0.02, 0.02, 0.01, 0.005, 0.005, 0.005, 0.001, 0.001, 0.001, 0.0005]
INFO(123149305636672)2026-02-09 18:15:11,532:deblur worker thread started
INFO(123149305636672)2026-02-09 18:15:11,532:processing per sample fasta files
INFO(123149305636672)2026-02-09 18:15:11,532:--------------------------------------------------------
INFO(123149305636672)2026-02-09 18:15:11,532:launch_workflow for file /tmp/qiime2/luis/data/984ddec7-55d3-46f2-81a6-13a40d407496/data/PUF-IPEX-7_28_L001_R1_001.fastq.gz
INFO(134523205207872)2026-02-09 18:15:11,982:dereplicate seqs file /tmp/tmp49nt6dx8/deblur_working_dir/PUF-JD-1_30_L001_R1_001.fastq.gz.trim
INFO(134523205207872)2026-02-09 18:15:12,003:remove_artifacts_seqs file /tmp/tmp49nt6dx8/deblur_working_dir/PUF-JD-1_30_L001_R1_001.fastq.gz.trim.derep
INFO(134523205207872)2026-02-09 18:15:12,351:total sequences 2676, passing sequences 2676, failing sequences 0
INFO(134523205207872)2026-02-09 18:15:12,351:multiple_sequence_alignment seqs file /tmp/tmp49nt6dx8/deblur_working_dir/PUF-JD-1_30_L001_R1_001.fastq.gz.trim.derep.no_artifacts
INFO(135778174261056)2026-02-09 18:15:12,670:dereplicate seqs file /tmp/tmp49nt6dx8/deblur_working_dir/PUF-BOU-8_21_L001_R1_001.fastq.gz.trim
INFO(135778174261056)2026-02-09 18:15:12,701:remove_artifacts_seqs file /tmp/tmp49nt6dx8/deblur_working_dir/PUF-BOU-8_21_L001_R1_001.fastq.gz.trim.derep
INFO(123149305636672)2026-02-09 18:15:13,104:dereplicate seqs file /tmp/tmp49nt6dx8/deblur_working_dir/PUF-IPEX-7_28_L001_R1_001.fastq.gz.trim
INFO(123149305636672)2026-02-09 18:15:13,126:remove_artifacts_seqs file /tmp/tmp49nt6dx8/deblur_working_dir/PUF-IPEX-7_28_L001_R1_001.fastq.gz.trim.derep
INFO(135778174261056)2026-02-09 18:15:13,145:total sequences 6115, passing sequences 6115, failing sequences 0
INFO(135778174261056)2026-02-09 18:15:13,145:multiple_sequence_alignment seqs file /tmp/tmp49nt6dx8/deblur_working_dir/PUF-BOU-8_21_L001_R1_001.fastq.gz.trim.derep.no_artifacts
INFO(131625695455040)2026-02-09 18:15:13,545:dereplicate seqs file /tmp/tmp49nt6dx8/deblur_working_dir/PUF-JD-7_35_L001_R1_001.fastq.gz.trim
INFO(123149305636672)2026-02-09 18:15:13,562:total sequences 4712, passing sequences 4712, failing sequences 0
INFO(123149305636672)2026-02-09 18:15:13,562:multiple_sequence_alignment seqs file /tmp/tmp49nt6dx8/deblur_working_dir/PUF-IPEX-7_28_L001_R1_001.fastq.gz.trim.derep.no_artifacts
INFO(131625695455040)2026-02-09 18:15:13,586:remove_artifacts_seqs file /tmp/tmp49nt6dx8/deblur_working_dir/PUF-JD-7_35_L001_R1_001.fastq.gz.trim.derep
INFO(129703752361792)2026-02-09 18:15:13,663:dereplicate seqs file /tmp/tmp49nt6dx8/deblur_working_dir/PUF-MBO-9_46_L001_R1_001.fastq.gz.trim
INFO(129703752361792)2026-02-09 18:15:13,706:remove_artifacts_seqs file /tmp/tmp49nt6dx8/deblur_working_dir/PUF-MBO-9_46_L001_R1_001.fastq.gz.trim.derep
INFO(131625695455040)2026-02-09 18:15:14,079:total sequences 6962, passing sequences 6962, failing sequences 0
INFO(131625695455040)2026-02-09 18:15:14,079:multiple_sequence_alignment seqs file /tmp/tmp49nt6dx8/deblur_working_dir/PUF-JD-7_35_L001_R1_001.fastq.gz.trim.derep.no_artifacts
INFO(129703752361792)2026-02-09 18:15:14,232:total sequences 7697, passing sequences 7697, failing sequences 0
INFO(129703752361792)2026-02-09 18:15:14,232:multiple_sequence_alignment seqs file /tmp/tmp49nt6dx8/deblur_working_dir/PUF-MBO-9_46_L001_R1_001.fastq.gz.trim.derep.no_artifacts
INFO(130082432530240)2026-02-09 18:15:18,227:deblurring 2131 sequences
INFO(130082432530240)2026-02-09 18:15:18,677:198 unique sequences left following deblurring
INFO(130082432530240)2026-02-09 18:15:18,678:remove_chimeras_denovo_from_seqs seqs file /tmp/tmp49nt6dx8/deblur_working_dir/PUF-BOU-4_18_L001_R1_001.fastq.gz.trim.derep.no_artifacts.msa.deblurto working dir /tmp/tmp49nt6dx8/deblur_working_dir
INFO(130082432530240)2026-02-09 18:15:18,801:finished processing file
INFO(130082432530240)2026-02-09 18:15:18,802:finished processing per sample fasta files
INFO(130082432530240)2026-02-09 18:15:18,802:worker thread for /tmp/qiime2/luis/data/984ddec7-55d3-46f2-81a6-13a40d407496/data/PUF-BOU-4_18_L001_R1_001.fastq.gz finished
INFO(127819004454720)2026-02-09 18:15:19,631:*************************
INFO(127819004454720)2026-02-09 18:15:19,632:deblurring started
WARNING(127819004454720)2026-02-09 18:15:19,632:deblur version 1.1.1 workflow started on /tmp/qiime2/luis/data/984ddec7-55d3-46f2-81a6-13a40d407496/data/PUF-BOU-5_19_L001_R1_001.fastq.gz
WARNING(127819004454720)2026-02-09 18:15:19,632:parameters: {'seqs_fp': '/tmp/qiime2/luis/data/984ddec7-55d3-46f2-81a6-13a40d407496/data/PUF-BOU-5_19_L001_R1_001.fastq.gz', 'output_dir': '/tmp/tmp49nt6dx8', 'pos_ref_fp': ('/tmp/qiime2/luis/data/24c3fd7b-d797-45d8-8c62-edb383bdc88c/data/dna-sequences.fasta',), 'pos_ref_db_fp': ('/tmp/tmp49nt6dx8/deblur_working_dir/dna-sequences',), 'neg_ref_fp': (), 'neg_ref_db_fp': ('/tmp/tmp49nt6dx8/deblur_working_dir/artifacts',), 'overwrite': True, 'mean_error': 0.005, 'error_dist': [1.0, 0.06, 0.02, 0.02, 0.01, 0.005, 0.005, 0.005, 0.001, 0.001, 0.001, 0.0005], 'indel_prob': 0.01, 'indel_max': 3, 'trim_length': -1, 'left_trim_length': 0, 'min_reads': 1, 'min_size': 1, 'threads_per_sample': 1, 'keep_tmp_files': True, 'log_level': 2, 'log_file': '/home/luis/Documents/Projects/PUF-PAS_AirDNA/01_QIIME_pt2/01_Deblur/bin/deblur.log', 'jobs_to_start': 1, 'is_worker_thread': True, 'logger': <Logger __main__ (INFO)>}
INFO(127819004454720)2026-02-09 18:15:19,632:error_dist is : [1.0, 0.06, 0.02, 0.02, 0.01, 0.005, 0.005, 0.005, 0.001, 0.001, 0.001, 0.0005]
INFO(127819004454720)2026-02-09 18:15:19,632:deblur worker thread started
INFO(127819004454720)2026-02-09 18:15:19,632:processing per sample fasta files
INFO(127819004454720)2026-02-09 18:15:19,632:--------------------------------------------------------
INFO(127819004454720)2026-02-09 18:15:19,632:launch_workflow for file /tmp/qiime2/luis/data/984ddec7-55d3-46f2-81a6-13a40d407496/data/PUF-BOU-5_19_L001_R1_001.fastq.gz
INFO(134523205207872)2026-02-09 18:15:21,678:deblurring 2676 sequences
INFO(127819004454720)2026-02-09 18:15:21,765:dereplicate seqs file /tmp/tmp49nt6dx8/deblur_working_dir/PUF-BOU-5_19_L001_R1_001.fastq.gz.trim
INFO(127819004454720)2026-02-09 18:15:21,794:remove_artifacts_seqs file /tmp/tmp49nt6dx8/deblur_working_dir/PUF-BOU-5_19_L001_R1_001.fastq.gz.trim.derep
INFO(134523205207872)2026-02-09 18:15:22,188:193 unique sequences left following deblurring
INFO(134523205207872)2026-02-09 18:15:22,190:remove_chimeras_denovo_from_seqs seqs file /tmp/tmp49nt6dx8/deblur_working_dir/PUF-JD-1_30_L001_R1_001.fastq.gz.trim.derep.no_artifacts.msa.deblurto working dir /tmp/tmp49nt6dx8/deblur_working_dir
INFO(127819004454720)2026-02-09 18:15:22,252:total sequences 5258, passing sequences 5258, failing sequences 0
INFO(127819004454720)2026-02-09 18:15:22,252:multiple_sequence_alignment seqs file /tmp/tmp49nt6dx8/deblur_working_dir/PUF-BOU-5_19_L001_R1_001.fastq.gz.trim.derep.no_artifacts
INFO(134523205207872)2026-02-09 18:15:22,314:finished processing file
INFO(134523205207872)2026-02-09 18:15:22,314:finished processing per sample fasta files
INFO(134523205207872)2026-02-09 18:15:22,315:worker thread for /tmp/qiime2/luis/data/984ddec7-55d3-46f2-81a6-13a40d407496/data/PUF-JD-1_30_L001_R1_001.fastq.gz finished
INFO(137276369221440)2026-02-09 18:15:23,173:*************************
INFO(137276369221440)2026-02-09 18:15:23,173:deblurring started
WARNING(137276369221440)2026-02-09 18:15:23,173:deblur version 1.1.1 workflow started on /tmp/qiime2/luis/data/984ddec7-55d3-46f2-81a6-13a40d407496/data/PUF-MBO-1_38_L001_R1_001.fastq.gz
WARNING(137276369221440)2026-02-09 18:15:23,173:parameters: {'seqs_fp': '/tmp/qiime2/luis/data/984ddec7-55d3-46f2-81a6-13a40d407496/data/PUF-MBO-1_38_L001_R1_001.fastq.gz', 'output_dir': '/tmp/tmp49nt6dx8', 'pos_ref_fp': ('/tmp/qiime2/luis/data/24c3fd7b-d797-45d8-8c62-edb383bdc88c/data/dna-sequences.fasta',), 'pos_ref_db_fp': ('/tmp/tmp49nt6dx8/deblur_working_dir/dna-sequences',), 'neg_ref_fp': (), 'neg_ref_db_fp': ('/tmp/tmp49nt6dx8/deblur_working_dir/artifacts',), 'overwrite': True, 'mean_error': 0.005, 'error_dist': [1.0, 0.06, 0.02, 0.02, 0.01, 0.005, 0.005, 0.005, 0.001, 0.001, 0.001, 0.0005], 'indel_prob': 0.01, 'indel_max': 3, 'trim_length': -1, 'left_trim_length': 0, 'min_reads': 1, 'min_size': 1, 'threads_per_sample': 1, 'keep_tmp_files': True, 'log_level': 2, 'log_file': '/home/luis/Documents/Projects/PUF-PAS_AirDNA/01_QIIME_pt2/01_Deblur/bin/deblur.log', 'jobs_to_start': 1, 'is_worker_thread': True, 'logger': <Logger __main__ (INFO)>}
INFO(137276369221440)2026-02-09 18:15:23,174:error_dist is : [1.0, 0.06, 0.02, 0.02, 0.01, 0.005, 0.005, 0.005, 0.001, 0.001, 0.001, 0.0005]
INFO(137276369221440)2026-02-09 18:15:23,174:deblur worker thread started
INFO(137276369221440)2026-02-09 18:15:23,174:processing per sample fasta files
INFO(137276369221440)2026-02-09 18:15:23,174:--------------------------------------------------------
INFO(137276369221440)2026-02-09 18:15:23,174:launch_workflow for file /tmp/qiime2/luis/data/984ddec7-55d3-46f2-81a6-13a40d407496/data/PUF-MBO-1_38_L001_R1_001.fastq.gz
INFO(137276369221440)2026-02-09 18:15:24,729:dereplicate seqs file /tmp/tmp49nt6dx8/deblur_working_dir/PUF-MBO-1_38_L001_R1_001.fastq.gz.trim
INFO(137276369221440)2026-02-09 18:15:24,750:remove_artifacts_seqs file /tmp/tmp49nt6dx8/deblur_working_dir/PUF-MBO-1_38_L001_R1_001.fastq.gz.trim.derep
INFO(137276369221440)2026-02-09 18:15:25,159:total sequences 3979, passing sequences 3979, failing sequences 0
INFO(137276369221440)2026-02-09 18:15:25,159:multiple_sequence_alignment seqs file /tmp/tmp49nt6dx8/deblur_working_dir/PUF-MBO-1_38_L001_R1_001.fastq.gz.trim.derep.no_artifacts
INFO(123149305636672)2026-02-09 18:15:38,256:deblurring 4712 sequences
INFO(123149305636672)2026-02-09 18:15:40,631:464 unique sequences left following deblurring
INFO(123149305636672)2026-02-09 18:15:40,635:remove_chimeras_denovo_from_seqs seqs file /tmp/tmp49nt6dx8/deblur_working_dir/PUF-IPEX-7_28_L001_R1_001.fastq.gz.trim.derep.no_artifacts.msa.deblurto working dir /tmp/tmp49nt6dx8/deblur_working_dir
INFO(123149305636672)2026-02-09 18:15:40,951:finished processing file
INFO(123149305636672)2026-02-09 18:15:40,952:finished processing per sample fasta files
INFO(123149305636672)2026-02-09 18:15:40,952:worker thread for /tmp/qiime2/luis/data/984ddec7-55d3-46f2-81a6-13a40d407496/data/PUF-IPEX-7_28_L001_R1_001.fastq.gz finished
INFO(124277754750784)2026-02-09 18:15:41,752:*************************
INFO(124277754750784)2026-02-09 18:15:41,753:deblurring started
WARNING(124277754750784)2026-02-09 18:15:41,753:deblur version 1.1.1 workflow started on /tmp/qiime2/luis/data/984ddec7-55d3-46f2-81a6-13a40d407496/data/PUF-JD-2_31_L001_R1_001.fastq.gz
WARNING(124277754750784)2026-02-09 18:15:41,753:parameters: {'seqs_fp': '/tmp/qiime2/luis/data/984ddec7-55d3-46f2-81a6-13a40d407496/data/PUF-JD-2_31_L001_R1_001.fastq.gz', 'output_dir': '/tmp/tmp49nt6dx8', 'pos_ref_fp': ('/tmp/qiime2/luis/data/24c3fd7b-d797-45d8-8c62-edb383bdc88c/data/dna-sequences.fasta',), 'pos_ref_db_fp': ('/tmp/tmp49nt6dx8/deblur_working_dir/dna-sequences',), 'neg_ref_fp': (), 'neg_ref_db_fp': ('/tmp/tmp49nt6dx8/deblur_working_dir/artifacts',), 'overwrite': True, 'mean_error': 0.005, 'error_dist': [1.0, 0.06, 0.02, 0.02, 0.01, 0.005, 0.005, 0.005, 0.001, 0.001, 0.001, 0.0005], 'indel_prob': 0.01, 'indel_max': 3, 'trim_length': -1, 'left_trim_length': 0, 'min_reads': 1, 'min_size': 1, 'threads_per_sample': 1, 'keep_tmp_files': True, 'log_level': 2, 'log_file': '/home/luis/Documents/Projects/PUF-PAS_AirDNA/01_QIIME_pt2/01_Deblur/bin/deblur.log', 'jobs_to_start': 1, 'is_worker_thread': True, 'logger': <Logger __main__ (INFO)>}
INFO(124277754750784)2026-02-09 18:15:41,753:error_dist is : [1.0, 0.06, 0.02, 0.02, 0.01, 0.005, 0.005, 0.005, 0.001, 0.001, 0.001, 0.0005]
INFO(124277754750784)2026-02-09 18:15:41,753:deblur worker thread started
INFO(124277754750784)2026-02-09 18:15:41,753:processing per sample fasta files
INFO(124277754750784)2026-02-09 18:15:41,753:--------------------------------------------------------
INFO(124277754750784)2026-02-09 18:15:41,753:launch_workflow for file /tmp/qiime2/luis/data/984ddec7-55d3-46f2-81a6-13a40d407496/data/PUF-JD-2_31_L001_R1_001.fastq.gz
INFO(137276369221440)2026-02-09 18:15:44,298:deblurring 3979 sequences
INFO(124277754750784)2026-02-09 18:15:44,371:dereplicate seqs file /tmp/tmp49nt6dx8/deblur_working_dir/PUF-JD-2_31_L001_R1_001.fastq.gz.trim
INFO(124277754750784)2026-02-09 18:15:44,402:remove_artifacts_seqs file /tmp/tmp49nt6dx8/deblur_working_dir/PUF-JD-2_31_L001_R1_001.fastq.gz.trim.derep
INFO(124277754750784)2026-02-09 18:15:44,808:total sequences 3403, passing sequences 3403, failing sequences 0
INFO(124277754750784)2026-02-09 18:15:44,808:multiple_sequence_alignment seqs file /tmp/tmp49nt6dx8/deblur_working_dir/PUF-JD-2_31_L001_R1_001.fastq.gz.trim.derep.no_artifacts
INFO(137276369221440)2026-02-09 18:15:45,614:310 unique sequences left following deblurring
INFO(137276369221440)2026-02-09 18:15:45,617:remove_chimeras_denovo_from_seqs seqs file /tmp/tmp49nt6dx8/deblur_working_dir/PUF-MBO-1_38_L001_R1_001.fastq.gz.trim.derep.no_artifacts.msa.deblurto working dir /tmp/tmp49nt6dx8/deblur_working_dir
INFO(137276369221440)2026-02-09 18:15:45,832:finished processing file
INFO(137276369221440)2026-02-09 18:15:45,833:finished processing per sample fasta files
INFO(137276369221440)2026-02-09 18:15:45,833:worker thread for /tmp/qiime2/luis/data/984ddec7-55d3-46f2-81a6-13a40d407496/data/PUF-MBO-1_38_L001_R1_001.fastq.gz finished
INFO(135224787425088)2026-02-09 18:15:46,694:*************************
INFO(135224787425088)2026-02-09 18:15:46,694:deblurring started
WARNING(135224787425088)2026-02-09 18:15:46,694:deblur version 1.1.1 workflow started on /tmp/qiime2/luis/data/984ddec7-55d3-46f2-81a6-13a40d407496/data/PUF-BOU-9_22_L001_R1_001.fastq.gz
WARNING(135224787425088)2026-02-09 18:15:46,694:parameters: {'seqs_fp': '/tmp/qiime2/luis/data/984ddec7-55d3-46f2-81a6-13a40d407496/data/PUF-BOU-9_22_L001_R1_001.fastq.gz', 'output_dir': '/tmp/tmp49nt6dx8', 'pos_ref_fp': ('/tmp/qiime2/luis/data/24c3fd7b-d797-45d8-8c62-edb383bdc88c/data/dna-sequences.fasta',), 'pos_ref_db_fp': ('/tmp/tmp49nt6dx8/deblur_working_dir/dna-sequences',), 'neg_ref_fp': (), 'neg_ref_db_fp': ('/tmp/tmp49nt6dx8/deblur_working_dir/artifacts',), 'overwrite': True, 'mean_error': 0.005, 'error_dist': [1.0, 0.06, 0.02, 0.02, 0.01, 0.005, 0.005, 0.005, 0.001, 0.001, 0.001, 0.0005], 'indel_prob': 0.01, 'indel_max': 3, 'trim_length': -1, 'left_trim_length': 0, 'min_reads': 1, 'min_size': 1, 'threads_per_sample': 1, 'keep_tmp_files': True, 'log_level': 2, 'log_file': '/home/luis/Documents/Projects/PUF-PAS_AirDNA/01_QIIME_pt2/01_Deblur/bin/deblur.log', 'jobs_to_start': 1, 'is_worker_thread': True, 'logger': <Logger __main__ (INFO)>}
INFO(135224787425088)2026-02-09 18:15:46,694:error_dist is : [1.0, 0.06, 0.02, 0.02, 0.01, 0.005, 0.005, 0.005, 0.001, 0.001, 0.001, 0.0005]
INFO(135224787425088)2026-02-09 18:15:46,694:deblur worker thread started
INFO(135224787425088)2026-02-09 18:15:46,694:processing per sample fasta files
INFO(135224787425088)2026-02-09 18:15:46,694:--------------------------------------------------------
INFO(135224787425088)2026-02-09 18:15:46,694:launch_workflow for file /tmp/qiime2/luis/data/984ddec7-55d3-46f2-81a6-13a40d407496/data/PUF-BOU-9_22_L001_R1_001.fastq.gz
INFO(135224787425088)2026-02-09 18:15:48,743:dereplicate seqs file /tmp/tmp49nt6dx8/deblur_working_dir/PUF-BOU-9_22_L001_R1_001.fastq.gz.trim
INFO(135224787425088)2026-02-09 18:15:48,771:remove_artifacts_seqs file /tmp/tmp49nt6dx8/deblur_working_dir/PUF-BOU-9_22_L001_R1_001.fastq.gz.trim.derep
INFO(135224787425088)2026-02-09 18:15:49,209:total sequences 4501, passing sequences 4501, failing sequences 0
INFO(135224787425088)2026-02-09 18:15:49,209:multiple_sequence_alignment seqs file /tmp/tmp49nt6dx8/deblur_working_dir/PUF-BOU-9_22_L001_R1_001.fastq.gz.trim.derep.no_artifacts
INFO(135778174261056)2026-02-09 18:15:52,057:deblurring 6115 sequences
INFO(127819004454720)2026-02-09 18:15:53,496:deblurring 5258 sequences
INFO(135778174261056)2026-02-09 18:15:53,967:296 unique sequences left following deblurring
INFO(135778174261056)2026-02-09 18:15:53,970:remove_chimeras_denovo_from_seqs seqs file /tmp/tmp49nt6dx8/deblur_working_dir/PUF-BOU-8_21_L001_R1_001.fastq.gz.trim.derep.no_artifacts.msa.deblurto working dir /tmp/tmp49nt6dx8/deblur_working_dir
INFO(135778174261056)2026-02-09 18:15:54,161:finished processing file
INFO(135778174261056)2026-02-09 18:15:54,162:finished processing per sample fasta files
INFO(135778174261056)2026-02-09 18:15:54,162:worker thread for /tmp/qiime2/luis/data/984ddec7-55d3-46f2-81a6-13a40d407496/data/PUF-BOU-8_21_L001_R1_001.fastq.gz finished
INFO(139180442285888)2026-02-09 18:15:54,990:*************************
INFO(139180442285888)2026-02-09 18:15:54,990:deblurring started
WARNING(139180442285888)2026-02-09 18:15:54,990:deblur version 1.1.1 workflow started on /tmp/qiime2/luis/data/984ddec7-55d3-46f2-81a6-13a40d407496/data/Ins-Top_4_L001_R1_001.fastq.gz
WARNING(139180442285888)2026-02-09 18:15:54,990:parameters: {'seqs_fp': '/tmp/qiime2/luis/data/984ddec7-55d3-46f2-81a6-13a40d407496/data/Ins-Top_4_L001_R1_001.fastq.gz', 'output_dir': '/tmp/tmp49nt6dx8', 'pos_ref_fp': ('/tmp/qiime2/luis/data/24c3fd7b-d797-45d8-8c62-edb383bdc88c/data/dna-sequences.fasta',), 'pos_ref_db_fp': ('/tmp/tmp49nt6dx8/deblur_working_dir/dna-sequences',), 'neg_ref_fp': (), 'neg_ref_db_fp': ('/tmp/tmp49nt6dx8/deblur_working_dir/artifacts',), 'overwrite': True, 'mean_error': 0.005, 'error_dist': [1.0, 0.06, 0.02, 0.02, 0.01, 0.005, 0.005, 0.005, 0.001, 0.001, 0.001, 0.0005], 'indel_prob': 0.01, 'indel_max': 3, 'trim_length': -1, 'left_trim_length': 0, 'min_reads': 1, 'min_size': 1, 'threads_per_sample': 1, 'keep_tmp_files': True, 'log_level': 2, 'log_file': '/home/luis/Documents/Projects/PUF-PAS_AirDNA/01_QIIME_pt2/01_Deblur/bin/deblur.log', 'jobs_to_start': 1, 'is_worker_thread': True, 'logger': <Logger __main__ (INFO)>}
INFO(139180442285888)2026-02-09 18:15:54,990:error_dist is : [1.0, 0.06, 0.02, 0.02, 0.01, 0.005, 0.005, 0.005, 0.001, 0.001, 0.001, 0.0005]
INFO(139180442285888)2026-02-09 18:15:54,990:deblur worker thread started
INFO(139180442285888)2026-02-09 18:15:54,990:processing per sample fasta files
INFO(139180442285888)2026-02-09 18:15:54,990:--------------------------------------------------------
INFO(139180442285888)2026-02-09 18:15:54,990:launch_workflow for file /tmp/qiime2/luis/data/984ddec7-55d3-46f2-81a6-13a40d407496/data/Ins-Top_4_L001_R1_001.fastq.gz
INFO(139180442285888)2026-02-09 18:15:55,317:dereplicate seqs file /tmp/tmp49nt6dx8/deblur_working_dir/Ins-Top_4_L001_R1_001.fastq.gz.trim
INFO(139180442285888)2026-02-09 18:15:55,323:remove_artifacts_seqs file /tmp/tmp49nt6dx8/deblur_working_dir/Ins-Top_4_L001_R1_001.fastq.gz.trim.derep
INFO(127819004454720)2026-02-09 18:15:55,465:342 unique sequences left following deblurring
INFO(127819004454720)2026-02-09 18:15:55,468:remove_chimeras_denovo_from_seqs seqs file /tmp/tmp49nt6dx8/deblur_working_dir/PUF-BOU-5_19_L001_R1_001.fastq.gz.trim.derep.no_artifacts.msa.deblurto working dir /tmp/tmp49nt6dx8/deblur_working_dir
INFO(139180442285888)2026-02-09 18:15:55,660:total sequences 529, passing sequences 529, failing sequences 0
INFO(139180442285888)2026-02-09 18:15:55,660:multiple_sequence_alignment seqs file /tmp/tmp49nt6dx8/deblur_working_dir/Ins-Top_4_L001_R1_001.fastq.gz.trim.derep.no_artifacts
INFO(127819004454720)2026-02-09 18:15:55,704:finished processing file
INFO(127819004454720)2026-02-09 18:15:55,705:finished processing per sample fasta files
INFO(127819004454720)2026-02-09 18:15:55,705:worker thread for /tmp/qiime2/luis/data/984ddec7-55d3-46f2-81a6-13a40d407496/data/PUF-BOU-5_19_L001_R1_001.fastq.gz finished
INFO(123819356874560)2026-02-09 18:15:56,558:*************************
INFO(123819356874560)2026-02-09 18:15:56,558:deblurring started
WARNING(123819356874560)2026-02-09 18:15:56,558:deblur version 1.1.1 workflow started on /tmp/qiime2/luis/data/984ddec7-55d3-46f2-81a6-13a40d407496/data/PUF-JD-6_34_L001_R1_001.fastq.gz
WARNING(123819356874560)2026-02-09 18:15:56,559:parameters: {'seqs_fp': '/tmp/qiime2/luis/data/984ddec7-55d3-46f2-81a6-13a40d407496/data/PUF-JD-6_34_L001_R1_001.fastq.gz', 'output_dir': '/tmp/tmp49nt6dx8', 'pos_ref_fp': ('/tmp/qiime2/luis/data/24c3fd7b-d797-45d8-8c62-edb383bdc88c/data/dna-sequences.fasta',), 'pos_ref_db_fp': ('/tmp/tmp49nt6dx8/deblur_working_dir/dna-sequences',), 'neg_ref_fp': (), 'neg_ref_db_fp': ('/tmp/tmp49nt6dx8/deblur_working_dir/artifacts',), 'overwrite': True, 'mean_error': 0.005, 'error_dist': [1.0, 0.06, 0.02, 0.02, 0.01, 0.005, 0.005, 0.005, 0.001, 0.001, 0.001, 0.0005], 'indel_prob': 0.01, 'indel_max': 3, 'trim_length': -1, 'left_trim_length': 0, 'min_reads': 1, 'min_size': 1, 'threads_per_sample': 1, 'keep_tmp_files': True, 'log_level': 2, 'log_file': '/home/luis/Documents/Projects/PUF-PAS_AirDNA/01_QIIME_pt2/01_Deblur/bin/deblur.log', 'jobs_to_start': 1, 'is_worker_thread': True, 'logger': <Logger __main__ (INFO)>}
INFO(123819356874560)2026-02-09 18:15:56,559:error_dist is : [1.0, 0.06, 0.02, 0.02, 0.01, 0.005, 0.005, 0.005, 0.001, 0.001, 0.001, 0.0005]
INFO(123819356874560)2026-02-09 18:15:56,559:deblur worker thread started
INFO(123819356874560)2026-02-09 18:15:56,559:processing per sample fasta files
INFO(123819356874560)2026-02-09 18:15:56,559:--------------------------------------------------------
INFO(123819356874560)2026-02-09 18:15:56,559:launch_workflow for file /tmp/qiime2/luis/data/984ddec7-55d3-46f2-81a6-13a40d407496/data/PUF-JD-6_34_L001_R1_001.fastq.gz
INFO(139180442285888)2026-02-09 18:15:56,729:deblurring 529 sequences
INFO(139180442285888)2026-02-09 18:15:56,734:2 unique sequences left following deblurring
INFO(139180442285888)2026-02-09 18:15:56,734:remove_chimeras_denovo_from_seqs seqs file /tmp/tmp49nt6dx8/deblur_working_dir/Ins-Top_4_L001_R1_001.fastq.gz.trim.derep.no_artifacts.msa.deblurto working dir /tmp/tmp49nt6dx8/deblur_working_dir
INFO(139180442285888)2026-02-09 18:15:56,743:finished processing file
INFO(139180442285888)2026-02-09 18:15:56,743:finished processing per sample fasta files
INFO(139180442285888)2026-02-09 18:15:56,743:worker thread for /tmp/qiime2/luis/data/984ddec7-55d3-46f2-81a6-13a40d407496/data/Ins-Top_4_L001_R1_001.fastq.gz finished
INFO(129192713385792)2026-02-09 18:15:57,582:*************************
INFO(129192713385792)2026-02-09 18:15:57,582:deblurring started
WARNING(129192713385792)2026-02-09 18:15:57,582:deblur version 1.1.1 workflow started on /tmp/qiime2/luis/data/984ddec7-55d3-46f2-81a6-13a40d407496/data/PUF-JD-9_37_L001_R1_001.fastq.gz
WARNING(129192713385792)2026-02-09 18:15:57,582:parameters: {'seqs_fp': '/tmp/qiime2/luis/data/984ddec7-55d3-46f2-81a6-13a40d407496/data/PUF-JD-9_37_L001_R1_001.fastq.gz', 'output_dir': '/tmp/tmp49nt6dx8', 'pos_ref_fp': ('/tmp/qiime2/luis/data/24c3fd7b-d797-45d8-8c62-edb383bdc88c/data/dna-sequences.fasta',), 'pos_ref_db_fp': ('/tmp/tmp49nt6dx8/deblur_working_dir/dna-sequences',), 'neg_ref_fp': (), 'neg_ref_db_fp': ('/tmp/tmp49nt6dx8/deblur_working_dir/artifacts',), 'overwrite': True, 'mean_error': 0.005, 'error_dist': [1.0, 0.06, 0.02, 0.02, 0.01, 0.005, 0.005, 0.005, 0.001, 0.001, 0.001, 0.0005], 'indel_prob': 0.01, 'indel_max': 3, 'trim_length': -1, 'left_trim_length': 0, 'min_reads': 1, 'min_size': 1, 'threads_per_sample': 1, 'keep_tmp_files': True, 'log_level': 2, 'log_file': '/home/luis/Documents/Projects/PUF-PAS_AirDNA/01_QIIME_pt2/01_Deblur/bin/deblur.log', 'jobs_to_start': 1, 'is_worker_thread': True, 'logger': <Logger __main__ (INFO)>}
INFO(129192713385792)2026-02-09 18:15:57,582:error_dist is : [1.0, 0.06, 0.02, 0.02, 0.01, 0.005, 0.005, 0.005, 0.001, 0.001, 0.001, 0.0005]
INFO(129192713385792)2026-02-09 18:15:57,582:deblur worker thread started
INFO(129192713385792)2026-02-09 18:15:57,582:processing per sample fasta files
INFO(129192713385792)2026-02-09 18:15:57,582:--------------------------------------------------------
INFO(129192713385792)2026-02-09 18:15:57,582:launch_workflow for file /tmp/qiime2/luis/data/984ddec7-55d3-46f2-81a6-13a40d407496/data/PUF-JD-9_37_L001_R1_001.fastq.gz
INFO(124277754750784)2026-02-09 18:15:58,307:deblurring 3403 sequences
INFO(129192713385792)2026-02-09 18:15:58,455:dereplicate seqs file /tmp/tmp49nt6dx8/deblur_working_dir/PUF-JD-9_37_L001_R1_001.fastq.gz.trim
INFO(129192713385792)2026-02-09 18:15:58,468:remove_artifacts_seqs file /tmp/tmp49nt6dx8/deblur_working_dir/PUF-JD-9_37_L001_R1_001.fastq.gz.trim.derep
INFO(123819356874560)2026-02-09 18:15:58,617:dereplicate seqs file /tmp/tmp49nt6dx8/deblur_working_dir/PUF-JD-6_34_L001_R1_001.fastq.gz.trim
INFO(123819356874560)2026-02-09 18:15:58,645:remove_artifacts_seqs file /tmp/tmp49nt6dx8/deblur_working_dir/PUF-JD-6_34_L001_R1_001.fastq.gz.trim.derep
INFO(129192713385792)2026-02-09 18:15:58,819:total sequences 2302, passing sequences 2302, failing sequences 0
INFO(129192713385792)2026-02-09 18:15:58,819:multiple_sequence_alignment seqs file /tmp/tmp49nt6dx8/deblur_working_dir/PUF-JD-9_37_L001_R1_001.fastq.gz.trim.derep.no_artifacts
INFO(124277754750784)2026-02-09 18:15:58,963:172 unique sequences left following deblurring
INFO(124277754750784)2026-02-09 18:15:58,967:remove_chimeras_denovo_from_seqs seqs file /tmp/tmp49nt6dx8/deblur_working_dir/PUF-JD-2_31_L001_R1_001.fastq.gz.trim.derep.no_artifacts.msa.deblurto working dir /tmp/tmp49nt6dx8/deblur_working_dir
INFO(124277754750784)2026-02-09 18:15:59,075:finished processing file
INFO(124277754750784)2026-02-09 18:15:59,075:finished processing per sample fasta files
INFO(124277754750784)2026-02-09 18:15:59,075:worker thread for /tmp/qiime2/luis/data/984ddec7-55d3-46f2-81a6-13a40d407496/data/PUF-JD-2_31_L001_R1_001.fastq.gz finished
INFO(123819356874560)2026-02-09 18:15:59,077:total sequences 4903, passing sequences 4903, failing sequences 0
INFO(123819356874560)2026-02-09 18:15:59,077:multiple_sequence_alignment seqs file /tmp/tmp49nt6dx8/deblur_working_dir/PUF-JD-6_34_L001_R1_001.fastq.gz.trim.derep.no_artifacts
INFO(139715727492928)2026-02-09 18:15:59,843:*************************
INFO(139715727492928)2026-02-09 18:15:59,843:deblurring started
WARNING(139715727492928)2026-02-09 18:15:59,843:deblur version 1.1.1 workflow started on /tmp/qiime2/luis/data/984ddec7-55d3-46f2-81a6-13a40d407496/data/PUF-IPEX-10_23_L001_R1_001.fastq.gz
WARNING(139715727492928)2026-02-09 18:15:59,843:parameters: {'seqs_fp': '/tmp/qiime2/luis/data/984ddec7-55d3-46f2-81a6-13a40d407496/data/PUF-IPEX-10_23_L001_R1_001.fastq.gz', 'output_dir': '/tmp/tmp49nt6dx8', 'pos_ref_fp': ('/tmp/qiime2/luis/data/24c3fd7b-d797-45d8-8c62-edb383bdc88c/data/dna-sequences.fasta',), 'pos_ref_db_fp': ('/tmp/tmp49nt6dx8/deblur_working_dir/dna-sequences',), 'neg_ref_fp': (), 'neg_ref_db_fp': ('/tmp/tmp49nt6dx8/deblur_working_dir/artifacts',), 'overwrite': True, 'mean_error': 0.005, 'error_dist': [1.0, 0.06, 0.02, 0.02, 0.01, 0.005, 0.005, 0.005, 0.001, 0.001, 0.001, 0.0005], 'indel_prob': 0.01, 'indel_max': 3, 'trim_length': -1, 'left_trim_length': 0, 'min_reads': 1, 'min_size': 1, 'threads_per_sample': 1, 'keep_tmp_files': True, 'log_level': 2, 'log_file': '/home/luis/Documents/Projects/PUF-PAS_AirDNA/01_QIIME_pt2/01_Deblur/bin/deblur.log', 'jobs_to_start': 1, 'is_worker_thread': True, 'logger': <Logger __main__ (INFO)>}
INFO(139715727492928)2026-02-09 18:15:59,843:error_dist is : [1.0, 0.06, 0.02, 0.02, 0.01, 0.005, 0.005, 0.005, 0.001, 0.001, 0.001, 0.0005]
INFO(139715727492928)2026-02-09 18:15:59,843:deblur worker thread started
INFO(139715727492928)2026-02-09 18:15:59,843:processing per sample fasta files
INFO(139715727492928)2026-02-09 18:15:59,843:--------------------------------------------------------
INFO(139715727492928)2026-02-09 18:15:59,843:launch_workflow for file /tmp/qiime2/luis/data/984ddec7-55d3-46f2-81a6-13a40d407496/data/PUF-IPEX-10_23_L001_R1_001.fastq.gz
INFO(139715727492928)2026-02-09 18:16:03,077:dereplicate seqs file /tmp/tmp49nt6dx8/deblur_working_dir/PUF-IPEX-10_23_L001_R1_001.fastq.gz.trim
INFO(131625695455040)2026-02-09 18:16:03,110:deblurring 6962 sequences
INFO(139715727492928)2026-02-09 18:16:03,120:remove_artifacts_seqs file /tmp/tmp49nt6dx8/deblur_working_dir/PUF-IPEX-10_23_L001_R1_001.fastq.gz.trim.derep
INFO(139715727492928)2026-02-09 18:16:03,650:total sequences 7333, passing sequences 7333, failing sequences 0
INFO(139715727492928)2026-02-09 18:16:03,650:multiple_sequence_alignment seqs file /tmp/tmp49nt6dx8/deblur_working_dir/PUF-IPEX-10_23_L001_R1_001.fastq.gz.trim.derep.no_artifacts
INFO(131625695455040)2026-02-09 18:16:05,302:293 unique sequences left following deblurring
INFO(131625695455040)2026-02-09 18:16:05,306:remove_chimeras_denovo_from_seqs seqs file /tmp/tmp49nt6dx8/deblur_working_dir/PUF-JD-7_35_L001_R1_001.fastq.gz.trim.derep.no_artifacts.msa.deblurto working dir /tmp/tmp49nt6dx8/deblur_working_dir
INFO(131625695455040)2026-02-09 18:16:05,504:finished processing file
INFO(131625695455040)2026-02-09 18:16:05,505:finished processing per sample fasta files
INFO(131625695455040)2026-02-09 18:16:05,505:worker thread for /tmp/qiime2/luis/data/984ddec7-55d3-46f2-81a6-13a40d407496/data/PUF-JD-7_35_L001_R1_001.fastq.gz finished
INFO(133687352874816)2026-02-09 18:16:06,313:*************************
INFO(133687352874816)2026-02-09 18:16:06,313:deblurring started
WARNING(133687352874816)2026-02-09 18:16:06,313:deblur version 1.1.1 workflow started on /tmp/qiime2/luis/data/984ddec7-55d3-46f2-81a6-13a40d407496/data/PUF-BOT-9_14_L001_R1_001.fastq.gz
WARNING(133687352874816)2026-02-09 18:16:06,313:parameters: {'seqs_fp': '/tmp/qiime2/luis/data/984ddec7-55d3-46f2-81a6-13a40d407496/data/PUF-BOT-9_14_L001_R1_001.fastq.gz', 'output_dir': '/tmp/tmp49nt6dx8', 'pos_ref_fp': ('/tmp/qiime2/luis/data/24c3fd7b-d797-45d8-8c62-edb383bdc88c/data/dna-sequences.fasta',), 'pos_ref_db_fp': ('/tmp/tmp49nt6dx8/deblur_working_dir/dna-sequences',), 'neg_ref_fp': (), 'neg_ref_db_fp': ('/tmp/tmp49nt6dx8/deblur_working_dir/artifacts',), 'overwrite': True, 'mean_error': 0.005, 'error_dist': [1.0, 0.06, 0.02, 0.02, 0.01, 0.005, 0.005, 0.005, 0.001, 0.001, 0.001, 0.0005], 'indel_prob': 0.01, 'indel_max': 3, 'trim_length': -1, 'left_trim_length': 0, 'min_reads': 1, 'min_size': 1, 'threads_per_sample': 1, 'keep_tmp_files': True, 'log_level': 2, 'log_file': '/home/luis/Documents/Projects/PUF-PAS_AirDNA/01_QIIME_pt2/01_Deblur/bin/deblur.log', 'jobs_to_start': 1, 'is_worker_thread': True, 'logger': <Logger __main__ (INFO)>}
INFO(133687352874816)2026-02-09 18:16:06,313:error_dist is : [1.0, 0.06, 0.02, 0.02, 0.01, 0.005, 0.005, 0.005, 0.001, 0.001, 0.001, 0.0005]
INFO(133687352874816)2026-02-09 18:16:06,313:deblur worker thread started
INFO(133687352874816)2026-02-09 18:16:06,313:processing per sample fasta files
INFO(133687352874816)2026-02-09 18:16:06,313:--------------------------------------------------------
INFO(133687352874816)2026-02-09 18:16:06,313:launch_workflow for file /tmp/qiime2/luis/data/984ddec7-55d3-46f2-81a6-13a40d407496/data/PUF-BOT-9_14_L001_R1_001.fastq.gz
INFO(129192713385792)2026-02-09 18:16:06,555:deblurring 2302 sequences
INFO(129192713385792)2026-02-09 18:16:06,984:167 unique sequences left following deblurring
INFO(129192713385792)2026-02-09 18:16:06,986:remove_chimeras_denovo_from_seqs seqs file /tmp/tmp49nt6dx8/deblur_working_dir/PUF-JD-9_37_L001_R1_001.fastq.gz.trim.derep.no_artifacts.msa.deblurto working dir /tmp/tmp49nt6dx8/deblur_working_dir
INFO(129192713385792)2026-02-09 18:16:07,092:finished processing file
INFO(129192713385792)2026-02-09 18:16:07,092:finished processing per sample fasta files
INFO(129192713385792)2026-02-09 18:16:07,092:worker thread for /tmp/qiime2/luis/data/984ddec7-55d3-46f2-81a6-13a40d407496/data/PUF-JD-9_37_L001_R1_001.fastq.gz finished
INFO(133687352874816)2026-02-09 18:16:07,669:dereplicate seqs file /tmp/tmp49nt6dx8/deblur_working_dir/PUF-BOT-9_14_L001_R1_001.fastq.gz.trim
INFO(133687352874816)2026-02-09 18:16:07,687:remove_artifacts_seqs file /tmp/tmp49nt6dx8/deblur_working_dir/PUF-BOT-9_14_L001_R1_001.fastq.gz.trim.derep
INFO(133649694160704)2026-02-09 18:16:07,876:*************************
INFO(133649694160704)2026-02-09 18:16:07,876:deblurring started
WARNING(133649694160704)2026-02-09 18:16:07,876:deblur version 1.1.1 workflow started on /tmp/qiime2/luis/data/984ddec7-55d3-46f2-81a6-13a40d407496/data/PUF-IPEX-2_24_L001_R1_001.fastq.gz
WARNING(133649694160704)2026-02-09 18:16:07,877:parameters: {'seqs_fp': '/tmp/qiime2/luis/data/984ddec7-55d3-46f2-81a6-13a40d407496/data/PUF-IPEX-2_24_L001_R1_001.fastq.gz', 'output_dir': '/tmp/tmp49nt6dx8', 'pos_ref_fp': ('/tmp/qiime2/luis/data/24c3fd7b-d797-45d8-8c62-edb383bdc88c/data/dna-sequences.fasta',), 'pos_ref_db_fp': ('/tmp/tmp49nt6dx8/deblur_working_dir/dna-sequences',), 'neg_ref_fp': (), 'neg_ref_db_fp': ('/tmp/tmp49nt6dx8/deblur_working_dir/artifacts',), 'overwrite': True, 'mean_error': 0.005, 'error_dist': [1.0, 0.06, 0.02, 0.02, 0.01, 0.005, 0.005, 0.005, 0.001, 0.001, 0.001, 0.0005], 'indel_prob': 0.01, 'indel_max': 3, 'trim_length': -1, 'left_trim_length': 0, 'min_reads': 1, 'min_size': 1, 'threads_per_sample': 1, 'keep_tmp_files': True, 'log_level': 2, 'log_file': '/home/luis/Documents/Projects/PUF-PAS_AirDNA/01_QIIME_pt2/01_Deblur/bin/deblur.log', 'jobs_to_start': 1, 'is_worker_thread': True, 'logger': <Logger __main__ (INFO)>}
INFO(133649694160704)2026-02-09 18:16:07,877:error_dist is : [1.0, 0.06, 0.02, 0.02, 0.01, 0.005, 0.005, 0.005, 0.001, 0.001, 0.001, 0.0005]
INFO(133649694160704)2026-02-09 18:16:07,877:deblur worker thread started
INFO(133649694160704)2026-02-09 18:16:07,877:processing per sample fasta files
INFO(133649694160704)2026-02-09 18:16:07,877:--------------------------------------------------------
INFO(133649694160704)2026-02-09 18:16:07,877:launch_workflow for file /tmp/qiime2/luis/data/984ddec7-55d3-46f2-81a6-13a40d407496/data/PUF-IPEX-2_24_L001_R1_001.fastq.gz
INFO(133687352874816)2026-02-09 18:16:08,094:total sequences 3615, passing sequences 3615, failing sequences 0
INFO(133687352874816)2026-02-09 18:16:08,094:multiple_sequence_alignment seqs file /tmp/tmp49nt6dx8/deblur_working_dir/PUF-BOT-9_14_L001_R1_001.fastq.gz.trim.derep.no_artifacts
INFO(133649694160704)2026-02-09 18:16:09,098:dereplicate seqs file /tmp/tmp49nt6dx8/deblur_working_dir/PUF-IPEX-2_24_L001_R1_001.fastq.gz.trim
INFO(133649694160704)2026-02-09 18:16:09,115:remove_artifacts_seqs file /tmp/tmp49nt6dx8/deblur_working_dir/PUF-IPEX-2_24_L001_R1_001.fastq.gz.trim.derep
INFO(133649694160704)2026-02-09 18:16:09,522:total sequences 3588, passing sequences 3588, failing sequences 0
INFO(133649694160704)2026-02-09 18:16:09,522:multiple_sequence_alignment seqs file /tmp/tmp49nt6dx8/deblur_working_dir/PUF-IPEX-2_24_L001_R1_001.fastq.gz.trim.derep.no_artifacts
INFO(135224787425088)2026-02-09 18:16:12,310:deblurring 4501 sequences
INFO(129703752361792)2026-02-09 18:16:13,045:deblurring 7697 sequences
INFO(135224787425088)2026-02-09 18:16:13,322:200 unique sequences left following deblurring
INFO(135224787425088)2026-02-09 18:16:13,324:remove_chimeras_denovo_from_seqs seqs file /tmp/tmp49nt6dx8/deblur_working_dir/PUF-BOU-9_22_L001_R1_001.fastq.gz.trim.derep.no_artifacts.msa.deblurto working dir /tmp/tmp49nt6dx8/deblur_working_dir
INFO(135224787425088)2026-02-09 18:16:13,447:finished processing file
INFO(135224787425088)2026-02-09 18:16:13,447:finished processing per sample fasta files
INFO(135224787425088)2026-02-09 18:16:13,447:worker thread for /tmp/qiime2/luis/data/984ddec7-55d3-46f2-81a6-13a40d407496/data/PUF-BOU-9_22_L001_R1_001.fastq.gz finished
INFO(135296930379584)2026-02-09 18:16:14,210:*************************
INFO(135296930379584)2026-02-09 18:16:14,210:deblurring started
WARNING(135296930379584)2026-02-09 18:16:14,210:deblur version 1.1.1 workflow started on /tmp/qiime2/luis/data/984ddec7-55d3-46f2-81a6-13a40d407496/data/C-pos-1_0_L001_R1_001.fastq.gz
WARNING(135296930379584)2026-02-09 18:16:14,210:parameters: {'seqs_fp': '/tmp/qiime2/luis/data/984ddec7-55d3-46f2-81a6-13a40d407496/data/C-pos-1_0_L001_R1_001.fastq.gz', 'output_dir': '/tmp/tmp49nt6dx8', 'pos_ref_fp': ('/tmp/qiime2/luis/data/24c3fd7b-d797-45d8-8c62-edb383bdc88c/data/dna-sequences.fasta',), 'pos_ref_db_fp': ('/tmp/tmp49nt6dx8/deblur_working_dir/dna-sequences',), 'neg_ref_fp': (), 'neg_ref_db_fp': ('/tmp/tmp49nt6dx8/deblur_working_dir/artifacts',), 'overwrite': True, 'mean_error': 0.005, 'error_dist': [1.0, 0.06, 0.02, 0.02, 0.01, 0.005, 0.005, 0.005, 0.001, 0.001, 0.001, 0.0005], 'indel_prob': 0.01, 'indel_max': 3, 'trim_length': -1, 'left_trim_length': 0, 'min_reads': 1, 'min_size': 1, 'threads_per_sample': 1, 'keep_tmp_files': True, 'log_level': 2, 'log_file': '/home/luis/Documents/Projects/PUF-PAS_AirDNA/01_QIIME_pt2/01_Deblur/bin/deblur.log', 'jobs_to_start': 1, 'is_worker_thread': True, 'logger': <Logger __main__ (INFO)>}
INFO(135296930379584)2026-02-09 18:16:14,210:error_dist is : [1.0, 0.06, 0.02, 0.02, 0.01, 0.005, 0.005, 0.005, 0.001, 0.001, 0.001, 0.0005]
INFO(135296930379584)2026-02-09 18:16:14,210:deblur worker thread started
INFO(135296930379584)2026-02-09 18:16:14,210:processing per sample fasta files
INFO(135296930379584)2026-02-09 18:16:14,210:--------------------------------------------------------
INFO(135296930379584)2026-02-09 18:16:14,210:launch_workflow for file /tmp/qiime2/luis/data/984ddec7-55d3-46f2-81a6-13a40d407496/data/C-pos-1_0_L001_R1_001.fastq.gz
INFO(129703752361792)2026-02-09 18:16:15,597:297 unique sequences left following deblurring
INFO(129703752361792)2026-02-09 18:16:15,600:remove_chimeras_denovo_from_seqs seqs file /tmp/tmp49nt6dx8/deblur_working_dir/PUF-MBO-9_46_L001_R1_001.fastq.gz.trim.derep.no_artifacts.msa.deblurto working dir /tmp/tmp49nt6dx8/deblur_working_dir
INFO(129703752361792)2026-02-09 18:16:15,801:finished processing file
INFO(129703752361792)2026-02-09 18:16:15,802:finished processing per sample fasta files
INFO(129703752361792)2026-02-09 18:16:15,802:worker thread for /tmp/qiime2/luis/data/984ddec7-55d3-46f2-81a6-13a40d407496/data/PUF-MBO-9_46_L001_R1_001.fastq.gz finished
INFO(135296930379584)2026-02-09 18:16:16,028:dereplicate seqs file /tmp/tmp49nt6dx8/deblur_working_dir/C-pos-1_0_L001_R1_001.fastq.gz.trim
INFO(135296930379584)2026-02-09 18:16:16,070:remove_artifacts_seqs file /tmp/tmp49nt6dx8/deblur_working_dir/C-pos-1_0_L001_R1_001.fastq.gz.trim.derep
INFO(135296930379584)2026-02-09 18:16:16,452:total sequences 2912, passing sequences 2912, failing sequences 0
INFO(135296930379584)2026-02-09 18:16:16,452:multiple_sequence_alignment seqs file /tmp/tmp49nt6dx8/deblur_working_dir/C-pos-1_0_L001_R1_001.fastq.gz.trim.derep.no_artifacts
INFO(137595472275264)2026-02-09 18:16:16,580:*************************
INFO(137595472275264)2026-02-09 18:16:16,580:deblurring started
WARNING(137595472275264)2026-02-09 18:16:16,580:deblur version 1.1.1 workflow started on /tmp/qiime2/luis/data/984ddec7-55d3-46f2-81a6-13a40d407496/data/Negative-PUF_6_L001_R1_001.fastq.gz
WARNING(137595472275264)2026-02-09 18:16:16,580:parameters: {'seqs_fp': '/tmp/qiime2/luis/data/984ddec7-55d3-46f2-81a6-13a40d407496/data/Negative-PUF_6_L001_R1_001.fastq.gz', 'output_dir': '/tmp/tmp49nt6dx8', 'pos_ref_fp': ('/tmp/qiime2/luis/data/24c3fd7b-d797-45d8-8c62-edb383bdc88c/data/dna-sequences.fasta',), 'pos_ref_db_fp': ('/tmp/tmp49nt6dx8/deblur_working_dir/dna-sequences',), 'neg_ref_fp': (), 'neg_ref_db_fp': ('/tmp/tmp49nt6dx8/deblur_working_dir/artifacts',), 'overwrite': True, 'mean_error': 0.005, 'error_dist': [1.0, 0.06, 0.02, 0.02, 0.01, 0.005, 0.005, 0.005, 0.001, 0.001, 0.001, 0.0005], 'indel_prob': 0.01, 'indel_max': 3, 'trim_length': -1, 'left_trim_length': 0, 'min_reads': 1, 'min_size': 1, 'threads_per_sample': 1, 'keep_tmp_files': True, 'log_level': 2, 'log_file': '/home/luis/Documents/Projects/PUF-PAS_AirDNA/01_QIIME_pt2/01_Deblur/bin/deblur.log', 'jobs_to_start': 1, 'is_worker_thread': True, 'logger': <Logger __main__ (INFO)>}
INFO(137595472275264)2026-02-09 18:16:16,580:error_dist is : [1.0, 0.06, 0.02, 0.02, 0.01, 0.005, 0.005, 0.005, 0.001, 0.001, 0.001, 0.0005]
INFO(137595472275264)2026-02-09 18:16:16,580:deblur worker thread started
INFO(137595472275264)2026-02-09 18:16:16,580:processing per sample fasta files
INFO(137595472275264)2026-02-09 18:16:16,580:--------------------------------------------------------
INFO(137595472275264)2026-02-09 18:16:16,580:launch_workflow for file /tmp/qiime2/luis/data/984ddec7-55d3-46f2-81a6-13a40d407496/data/Negative-PUF_6_L001_R1_001.fastq.gz
INFO(137595472275264)2026-02-09 18:16:16,590:dereplicate seqs file /tmp/tmp49nt6dx8/deblur_working_dir/Negative-PUF_6_L001_R1_001.fastq.gz.trim
INFO(137595472275264)2026-02-09 18:16:16,592:remove_artifacts_seqs file /tmp/tmp49nt6dx8/deblur_working_dir/Negative-PUF_6_L001_R1_001.fastq.gz.trim.derep
INFO(137595472275264)2026-02-09 18:16:16,898:total sequences 19, passing sequences 19, failing sequences 0
INFO(137595472275264)2026-02-09 18:16:16,898:multiple_sequence_alignment seqs file /tmp/tmp49nt6dx8/deblur_working_dir/Negative-PUF_6_L001_R1_001.fastq.gz.trim.derep.no_artifacts
INFO(137595472275264)2026-02-09 18:16:17,219:deblurring 19 sequences
INFO(137595472275264)2026-02-09 18:16:17,220:2 unique sequences left following deblurring
INFO(137595472275264)2026-02-09 18:16:17,220:remove_chimeras_denovo_from_seqs seqs file /tmp/tmp49nt6dx8/deblur_working_dir/Negative-PUF_6_L001_R1_001.fastq.gz.trim.derep.no_artifacts.msa.deblurto working dir /tmp/tmp49nt6dx8/deblur_working_dir
INFO(137595472275264)2026-02-09 18:16:17,232:finished processing file
INFO(137595472275264)2026-02-09 18:16:17,232:finished processing per sample fasta files
INFO(137595472275264)2026-02-09 18:16:17,232:worker thread for /tmp/qiime2/luis/data/984ddec7-55d3-46f2-81a6-13a40d407496/data/Negative-PUF_6_L001_R1_001.fastq.gz finished
INFO(129195663963968)2026-02-09 18:16:18,025:*************************
INFO(129195663963968)2026-02-09 18:16:18,025:deblurring started
WARNING(129195663963968)2026-02-09 18:16:18,025:deblur version 1.1.1 workflow started on /tmp/qiime2/luis/data/984ddec7-55d3-46f2-81a6-13a40d407496/data/PUF-JD-8_36_L001_R1_001.fastq.gz
WARNING(129195663963968)2026-02-09 18:16:18,025:parameters: {'seqs_fp': '/tmp/qiime2/luis/data/984ddec7-55d3-46f2-81a6-13a40d407496/data/PUF-JD-8_36_L001_R1_001.fastq.gz', 'output_dir': '/tmp/tmp49nt6dx8', 'pos_ref_fp': ('/tmp/qiime2/luis/data/24c3fd7b-d797-45d8-8c62-edb383bdc88c/data/dna-sequences.fasta',), 'pos_ref_db_fp': ('/tmp/tmp49nt6dx8/deblur_working_dir/dna-sequences',), 'neg_ref_fp': (), 'neg_ref_db_fp': ('/tmp/tmp49nt6dx8/deblur_working_dir/artifacts',), 'overwrite': True, 'mean_error': 0.005, 'error_dist': [1.0, 0.06, 0.02, 0.02, 0.01, 0.005, 0.005, 0.005, 0.001, 0.001, 0.001, 0.0005], 'indel_prob': 0.01, 'indel_max': 3, 'trim_length': -1, 'left_trim_length': 0, 'min_reads': 1, 'min_size': 1, 'threads_per_sample': 1, 'keep_tmp_files': True, 'log_level': 2, 'log_file': '/home/luis/Documents/Projects/PUF-PAS_AirDNA/01_QIIME_pt2/01_Deblur/bin/deblur.log', 'jobs_to_start': 1, 'is_worker_thread': True, 'logger': <Logger __main__ (INFO)>}
INFO(129195663963968)2026-02-09 18:16:18,025:error_dist is : [1.0, 0.06, 0.02, 0.02, 0.01, 0.005, 0.005, 0.005, 0.001, 0.001, 0.001, 0.0005]
INFO(129195663963968)2026-02-09 18:16:18,025:deblur worker thread started
INFO(129195663963968)2026-02-09 18:16:18,025:processing per sample fasta files
INFO(129195663963968)2026-02-09 18:16:18,025:--------------------------------------------------------
INFO(129195663963968)2026-02-09 18:16:18,025:launch_workflow for file /tmp/qiime2/luis/data/984ddec7-55d3-46f2-81a6-13a40d407496/data/PUF-JD-8_36_L001_R1_001.fastq.gz
INFO(129195663963968)2026-02-09 18:16:19,534:dereplicate seqs file /tmp/tmp49nt6dx8/deblur_working_dir/PUF-JD-8_36_L001_R1_001.fastq.gz.trim
INFO(129195663963968)2026-02-09 18:16:19,553:remove_artifacts_seqs file /tmp/tmp49nt6dx8/deblur_working_dir/PUF-JD-8_36_L001_R1_001.fastq.gz.trim.derep
INFO(129195663963968)2026-02-09 18:16:19,918:total sequences 2020, passing sequences 2020, failing sequences 0
INFO(129195663963968)2026-02-09 18:16:19,918:multiple_sequence_alignment seqs file /tmp/tmp49nt6dx8/deblur_working_dir/PUF-JD-8_36_L001_R1_001.fastq.gz.trim.derep.no_artifacts
INFO(133687352874816)2026-02-09 18:16:24,256:deblurring 3615 sequences
INFO(133649694160704)2026-02-09 18:16:25,110:deblurring 3588 sequences
INFO(133687352874816)2026-02-09 18:16:25,549:350 unique sequences left following deblurring
INFO(133687352874816)2026-02-09 18:16:25,551:remove_chimeras_denovo_from_seqs seqs file /tmp/tmp49nt6dx8/deblur_working_dir/PUF-BOT-9_14_L001_R1_001.fastq.gz.trim.derep.no_artifacts.msa.deblurto working dir /tmp/tmp49nt6dx8/deblur_working_dir
INFO(123819356874560)2026-02-09 18:16:25,768:deblurring 4903 sequences
INFO(129195663963968)2026-02-09 18:16:25,768:deblurring 2020 sequences
INFO(133687352874816)2026-02-09 18:16:25,786:finished processing file
INFO(133687352874816)2026-02-09 18:16:25,787:finished processing per sample fasta files
INFO(133687352874816)2026-02-09 18:16:25,787:worker thread for /tmp/qiime2/luis/data/984ddec7-55d3-46f2-81a6-13a40d407496/data/PUF-BOT-9_14_L001_R1_001.fastq.gz finished
INFO(129195663963968)2026-02-09 18:16:26,313:256 unique sequences left following deblurring
INFO(129195663963968)2026-02-09 18:16:26,314:remove_chimeras_denovo_from_seqs seqs file /tmp/tmp49nt6dx8/deblur_working_dir/PUF-JD-8_36_L001_R1_001.fastq.gz.trim.derep.no_artifacts.msa.deblurto working dir /tmp/tmp49nt6dx8/deblur_working_dir
INFO(129195663963968)2026-02-09 18:16:26,491:finished processing file
INFO(129195663963968)2026-02-09 18:16:26,491:finished processing per sample fasta files
INFO(129195663963968)2026-02-09 18:16:26,491:worker thread for /tmp/qiime2/luis/data/984ddec7-55d3-46f2-81a6-13a40d407496/data/PUF-JD-8_36_L001_R1_001.fastq.gz finished
INFO(132352187909952)2026-02-09 18:16:26,574:*************************
INFO(132352187909952)2026-02-09 18:16:26,574:deblurring started
WARNING(132352187909952)2026-02-09 18:16:26,574:deblur version 1.1.1 workflow started on /tmp/qiime2/luis/data/984ddec7-55d3-46f2-81a6-13a40d407496/data/PUF-JD-5_33_L001_R1_001.fastq.gz
WARNING(132352187909952)2026-02-09 18:16:26,574:parameters: {'seqs_fp': '/tmp/qiime2/luis/data/984ddec7-55d3-46f2-81a6-13a40d407496/data/PUF-JD-5_33_L001_R1_001.fastq.gz', 'output_dir': '/tmp/tmp49nt6dx8', 'pos_ref_fp': ('/tmp/qiime2/luis/data/24c3fd7b-d797-45d8-8c62-edb383bdc88c/data/dna-sequences.fasta',), 'pos_ref_db_fp': ('/tmp/tmp49nt6dx8/deblur_working_dir/dna-sequences',), 'neg_ref_fp': (), 'neg_ref_db_fp': ('/tmp/tmp49nt6dx8/deblur_working_dir/artifacts',), 'overwrite': True, 'mean_error': 0.005, 'error_dist': [1.0, 0.06, 0.02, 0.02, 0.01, 0.005, 0.005, 0.005, 0.001, 0.001, 0.001, 0.0005], 'indel_prob': 0.01, 'indel_max': 3, 'trim_length': -1, 'left_trim_length': 0, 'min_reads': 1, 'min_size': 1, 'threads_per_sample': 1, 'keep_tmp_files': True, 'log_level': 2, 'log_file': '/home/luis/Documents/Projects/PUF-PAS_AirDNA/01_QIIME_pt2/01_Deblur/bin/deblur.log', 'jobs_to_start': 1, 'is_worker_thread': True, 'logger': <Logger __main__ (INFO)>}
INFO(132352187909952)2026-02-09 18:16:26,575:error_dist is : [1.0, 0.06, 0.02, 0.02, 0.01, 0.005, 0.005, 0.005, 0.001, 0.001, 0.001, 0.0005]
INFO(132352187909952)2026-02-09 18:16:26,575:deblur worker thread started
INFO(132352187909952)2026-02-09 18:16:26,575:processing per sample fasta files
INFO(132352187909952)2026-02-09 18:16:26,575:--------------------------------------------------------
INFO(132352187909952)2026-02-09 18:16:26,575:launch_workflow for file /tmp/qiime2/luis/data/984ddec7-55d3-46f2-81a6-13a40d407496/data/PUF-JD-5_33_L001_R1_001.fastq.gz
INFO(133649694160704)2026-02-09 18:16:26,660:396 unique sequences left following deblurring
INFO(133649694160704)2026-02-09 18:16:26,663:remove_chimeras_denovo_from_seqs seqs file /tmp/tmp49nt6dx8/deblur_working_dir/PUF-IPEX-2_24_L001_R1_001.fastq.gz.trim.derep.no_artifacts.msa.deblurto working dir /tmp/tmp49nt6dx8/deblur_working_dir
INFO(135296930379584)2026-02-09 18:16:26,903:deblurring 2912 sequences
INFO(133649694160704)2026-02-09 18:16:26,983:finished processing file
INFO(133649694160704)2026-02-09 18:16:26,983:finished processing per sample fasta files
INFO(133649694160704)2026-02-09 18:16:26,983:worker thread for /tmp/qiime2/luis/data/984ddec7-55d3-46f2-81a6-13a40d407496/data/PUF-IPEX-2_24_L001_R1_001.fastq.gz finished
INFO(135296930379584)2026-02-09 18:16:27,143:74 unique sequences left following deblurring
INFO(135296930379584)2026-02-09 18:16:27,144:remove_chimeras_denovo_from_seqs seqs file /tmp/tmp49nt6dx8/deblur_working_dir/C-pos-1_0_L001_R1_001.fastq.gz.trim.derep.no_artifacts.msa.deblurto working dir /tmp/tmp49nt6dx8/deblur_working_dir
INFO(135296930379584)2026-02-09 18:16:27,229:finished processing file
INFO(135296930379584)2026-02-09 18:16:27,229:finished processing per sample fasta files
INFO(135296930379584)2026-02-09 18:16:27,229:worker thread for /tmp/qiime2/luis/data/984ddec7-55d3-46f2-81a6-13a40d407496/data/C-pos-1_0_L001_R1_001.fastq.gz finished
INFO(124325285246784)2026-02-09 18:16:27,288:*************************
INFO(124325285246784)2026-02-09 18:16:27,288:deblurring started
WARNING(124325285246784)2026-02-09 18:16:27,288:deblur version 1.1.1 workflow started on /tmp/qiime2/luis/data/984ddec7-55d3-46f2-81a6-13a40d407496/data/C-pos-2_1_L001_R1_001.fastq.gz
WARNING(124325285246784)2026-02-09 18:16:27,288:parameters: {'seqs_fp': '/tmp/qiime2/luis/data/984ddec7-55d3-46f2-81a6-13a40d407496/data/C-pos-2_1_L001_R1_001.fastq.gz', 'output_dir': '/tmp/tmp49nt6dx8', 'pos_ref_fp': ('/tmp/qiime2/luis/data/24c3fd7b-d797-45d8-8c62-edb383bdc88c/data/dna-sequences.fasta',), 'pos_ref_db_fp': ('/tmp/tmp49nt6dx8/deblur_working_dir/dna-sequences',), 'neg_ref_fp': (), 'neg_ref_db_fp': ('/tmp/tmp49nt6dx8/deblur_working_dir/artifacts',), 'overwrite': True, 'mean_error': 0.005, 'error_dist': [1.0, 0.06, 0.02, 0.02, 0.01, 0.005, 0.005, 0.005, 0.001, 0.001, 0.001, 0.0005], 'indel_prob': 0.01, 'indel_max': 3, 'trim_length': -1, 'left_trim_length': 0, 'min_reads': 1, 'min_size': 1, 'threads_per_sample': 1, 'keep_tmp_files': True, 'log_level': 2, 'log_file': '/home/luis/Documents/Projects/PUF-PAS_AirDNA/01_QIIME_pt2/01_Deblur/bin/deblur.log', 'jobs_to_start': 1, 'is_worker_thread': True, 'logger': <Logger __main__ (INFO)>}
INFO(124325285246784)2026-02-09 18:16:27,288:error_dist is : [1.0, 0.06, 0.02, 0.02, 0.01, 0.005, 0.005, 0.005, 0.001, 0.001, 0.001, 0.0005]
INFO(124325285246784)2026-02-09 18:16:27,288:deblur worker thread started
INFO(124325285246784)2026-02-09 18:16:27,289:processing per sample fasta files
INFO(124325285246784)2026-02-09 18:16:27,289:--------------------------------------------------------
INFO(124325285246784)2026-02-09 18:16:27,289:launch_workflow for file /tmp/qiime2/luis/data/984ddec7-55d3-46f2-81a6-13a40d407496/data/C-pos-2_1_L001_R1_001.fastq.gz
INFO(131892523915072)2026-02-09 18:16:27,759:*************************
INFO(131892523915072)2026-02-09 18:16:27,759:deblurring started
WARNING(131892523915072)2026-02-09 18:16:27,759:deblur version 1.1.1 workflow started on /tmp/qiime2/luis/data/984ddec7-55d3-46f2-81a6-13a40d407496/data/PUF-BOT-6_11_L001_R1_001.fastq.gz
WARNING(131892523915072)2026-02-09 18:16:27,759:parameters: {'seqs_fp': '/tmp/qiime2/luis/data/984ddec7-55d3-46f2-81a6-13a40d407496/data/PUF-BOT-6_11_L001_R1_001.fastq.gz', 'output_dir': '/tmp/tmp49nt6dx8', 'pos_ref_fp': ('/tmp/qiime2/luis/data/24c3fd7b-d797-45d8-8c62-edb383bdc88c/data/dna-sequences.fasta',), 'pos_ref_db_fp': ('/tmp/tmp49nt6dx8/deblur_working_dir/dna-sequences',), 'neg_ref_fp': (), 'neg_ref_db_fp': ('/tmp/tmp49nt6dx8/deblur_working_dir/artifacts',), 'overwrite': True, 'mean_error': 0.005, 'error_dist': [1.0, 0.06, 0.02, 0.02, 0.01, 0.005, 0.005, 0.005, 0.001, 0.001, 0.001, 0.0005], 'indel_prob': 0.01, 'indel_max': 3, 'trim_length': -1, 'left_trim_length': 0, 'min_reads': 1, 'min_size': 1, 'threads_per_sample': 1, 'keep_tmp_files': True, 'log_level': 2, 'log_file': '/home/luis/Documents/Projects/PUF-PAS_AirDNA/01_QIIME_pt2/01_Deblur/bin/deblur.log', 'jobs_to_start': 1, 'is_worker_thread': True, 'logger': <Logger __main__ (INFO)>}
INFO(131892523915072)2026-02-09 18:16:27,759:error_dist is : [1.0, 0.06, 0.02, 0.02, 0.01, 0.005, 0.005, 0.005, 0.001, 0.001, 0.001, 0.0005]
INFO(131892523915072)2026-02-09 18:16:27,759:deblur worker thread started
INFO(131892523915072)2026-02-09 18:16:27,759:processing per sample fasta files
INFO(131892523915072)2026-02-09 18:16:27,759:--------------------------------------------------------
INFO(131892523915072)2026-02-09 18:16:27,759:launch_workflow for file /tmp/qiime2/luis/data/984ddec7-55d3-46f2-81a6-13a40d407496/data/PUF-BOT-6_11_L001_R1_001.fastq.gz
INFO(140573256701760)2026-02-09 18:16:27,988:*************************
INFO(140573256701760)2026-02-09 18:16:27,988:deblurring started
WARNING(140573256701760)2026-02-09 18:16:27,988:deblur version 1.1.1 workflow started on /tmp/qiime2/luis/data/984ddec7-55d3-46f2-81a6-13a40d407496/data/PUF-MBO-8_45_L001_R1_001.fastq.gz
WARNING(140573256701760)2026-02-09 18:16:27,988:parameters: {'seqs_fp': '/tmp/qiime2/luis/data/984ddec7-55d3-46f2-81a6-13a40d407496/data/PUF-MBO-8_45_L001_R1_001.fastq.gz', 'output_dir': '/tmp/tmp49nt6dx8', 'pos_ref_fp': ('/tmp/qiime2/luis/data/24c3fd7b-d797-45d8-8c62-edb383bdc88c/data/dna-sequences.fasta',), 'pos_ref_db_fp': ('/tmp/tmp49nt6dx8/deblur_working_dir/dna-sequences',), 'neg_ref_fp': (), 'neg_ref_db_fp': ('/tmp/tmp49nt6dx8/deblur_working_dir/artifacts',), 'overwrite': True, 'mean_error': 0.005, 'error_dist': [1.0, 0.06, 0.02, 0.02, 0.01, 0.005, 0.005, 0.005, 0.001, 0.001, 0.001, 0.0005], 'indel_prob': 0.01, 'indel_max': 3, 'trim_length': -1, 'left_trim_length': 0, 'min_reads': 1, 'min_size': 1, 'threads_per_sample': 1, 'keep_tmp_files': True, 'log_level': 2, 'log_file': '/home/luis/Documents/Projects/PUF-PAS_AirDNA/01_QIIME_pt2/01_Deblur/bin/deblur.log', 'jobs_to_start': 1, 'is_worker_thread': True, 'logger': <Logger __main__ (INFO)>}
INFO(140573256701760)2026-02-09 18:16:27,988:error_dist is : [1.0, 0.06, 0.02, 0.02, 0.01, 0.005, 0.005, 0.005, 0.001, 0.001, 0.001, 0.0005]
INFO(140573256701760)2026-02-09 18:16:27,988:deblur worker thread started
INFO(140573256701760)2026-02-09 18:16:27,988:processing per sample fasta files
INFO(140573256701760)2026-02-09 18:16:27,988:--------------------------------------------------------
INFO(140573256701760)2026-02-09 18:16:27,988:launch_workflow for file /tmp/qiime2/luis/data/984ddec7-55d3-46f2-81a6-13a40d407496/data/PUF-MBO-8_45_L001_R1_001.fastq.gz
INFO(132352187909952)2026-02-09 18:16:28,065:dereplicate seqs file /tmp/tmp49nt6dx8/deblur_working_dir/PUF-JD-5_33_L001_R1_001.fastq.gz.trim
INFO(132352187909952)2026-02-09 18:16:28,085:remove_artifacts_seqs file /tmp/tmp49nt6dx8/deblur_working_dir/PUF-JD-5_33_L001_R1_001.fastq.gz.trim.derep
INFO(123819356874560)2026-02-09 18:16:28,311:464 unique sequences left following deblurring
INFO(123819356874560)2026-02-09 18:16:28,314:remove_chimeras_denovo_from_seqs seqs file /tmp/tmp49nt6dx8/deblur_working_dir/PUF-JD-6_34_L001_R1_001.fastq.gz.trim.derep.no_artifacts.msa.deblurto working dir /tmp/tmp49nt6dx8/deblur_working_dir
INFO(132352187909952)2026-02-09 18:16:28,484:total sequences 3753, passing sequences 3753, failing sequences 0
INFO(132352187909952)2026-02-09 18:16:28,485:multiple_sequence_alignment seqs file /tmp/tmp49nt6dx8/deblur_working_dir/PUF-JD-5_33_L001_R1_001.fastq.gz.trim.derep.no_artifacts
INFO(123819356874560)2026-02-09 18:16:28,627:finished processing file
INFO(123819356874560)2026-02-09 18:16:28,627:finished processing per sample fasta files
INFO(123819356874560)2026-02-09 18:16:28,627:worker thread for /tmp/qiime2/luis/data/984ddec7-55d3-46f2-81a6-13a40d407496/data/PUF-JD-6_34_L001_R1_001.fastq.gz finished
INFO(138978118518592)2026-02-09 18:16:29,392:*************************
INFO(138978118518592)2026-02-09 18:16:29,392:deblurring started
WARNING(138978118518592)2026-02-09 18:16:29,392:deblur version 1.1.1 workflow started on /tmp/qiime2/luis/data/984ddec7-55d3-46f2-81a6-13a40d407496/data/Mont-Tremblant_5_L001_R1_001.fastq.gz
WARNING(138978118518592)2026-02-09 18:16:29,392:parameters: {'seqs_fp': '/tmp/qiime2/luis/data/984ddec7-55d3-46f2-81a6-13a40d407496/data/Mont-Tremblant_5_L001_R1_001.fastq.gz', 'output_dir': '/tmp/tmp49nt6dx8', 'pos_ref_fp': ('/tmp/qiime2/luis/data/24c3fd7b-d797-45d8-8c62-edb383bdc88c/data/dna-sequences.fasta',), 'pos_ref_db_fp': ('/tmp/tmp49nt6dx8/deblur_working_dir/dna-sequences',), 'neg_ref_fp': (), 'neg_ref_db_fp': ('/tmp/tmp49nt6dx8/deblur_working_dir/artifacts',), 'overwrite': True, 'mean_error': 0.005, 'error_dist': [1.0, 0.06, 0.02, 0.02, 0.01, 0.005, 0.005, 0.005, 0.001, 0.001, 0.001, 0.0005], 'indel_prob': 0.01, 'indel_max': 3, 'trim_length': -1, 'left_trim_length': 0, 'min_reads': 1, 'min_size': 1, 'threads_per_sample': 1, 'keep_tmp_files': True, 'log_level': 2, 'log_file': '/home/luis/Documents/Projects/PUF-PAS_AirDNA/01_QIIME_pt2/01_Deblur/bin/deblur.log', 'jobs_to_start': 1, 'is_worker_thread': True, 'logger': <Logger __main__ (INFO)>}
INFO(138978118518592)2026-02-09 18:16:29,392:error_dist is : [1.0, 0.06, 0.02, 0.02, 0.01, 0.005, 0.005, 0.005, 0.001, 0.001, 0.001, 0.0005]
INFO(138978118518592)2026-02-09 18:16:29,392:deblur worker thread started
INFO(138978118518592)2026-02-09 18:16:29,392:processing per sample fasta files
INFO(138978118518592)2026-02-09 18:16:29,392:--------------------------------------------------------
INFO(138978118518592)2026-02-09 18:16:29,392:launch_workflow for file /tmp/qiime2/luis/data/984ddec7-55d3-46f2-81a6-13a40d407496/data/Mont-Tremblant_5_L001_R1_001.fastq.gz
INFO(138978118518592)2026-02-09 18:16:29,834:dereplicate seqs file /tmp/tmp49nt6dx8/deblur_working_dir/Mont-Tremblant_5_L001_R1_001.fastq.gz.trim
INFO(138978118518592)2026-02-09 18:16:29,841:remove_artifacts_seqs file /tmp/tmp49nt6dx8/deblur_working_dir/Mont-Tremblant_5_L001_R1_001.fastq.gz.trim.derep
INFO(138978118518592)2026-02-09 18:16:30,164:total sequences 1274, passing sequences 1274, failing sequences 0
INFO(138978118518592)2026-02-09 18:16:30,165:multiple_sequence_alignment seqs file /tmp/tmp49nt6dx8/deblur_working_dir/Mont-Tremblant_5_L001_R1_001.fastq.gz.trim.derep.no_artifacts
INFO(124325285246784)2026-02-09 18:16:30,663:dereplicate seqs file /tmp/tmp49nt6dx8/deblur_working_dir/C-pos-2_1_L001_R1_001.fastq.gz.trim
INFO(124325285246784)2026-02-09 18:16:30,703:remove_artifacts_seqs file /tmp/tmp49nt6dx8/deblur_working_dir/C-pos-2_1_L001_R1_001.fastq.gz.trim.derep
INFO(140573256701760)2026-02-09 18:16:30,942:dereplicate seqs file /tmp/tmp49nt6dx8/deblur_working_dir/PUF-MBO-8_45_L001_R1_001.fastq.gz.trim
INFO(140573256701760)2026-02-09 18:16:30,980:remove_artifacts_seqs file /tmp/tmp49nt6dx8/deblur_working_dir/PUF-MBO-8_45_L001_R1_001.fastq.gz.trim.derep
INFO(124325285246784)2026-02-09 18:16:31,118:total sequences 4248, passing sequences 4248, failing sequences 0
INFO(124325285246784)2026-02-09 18:16:31,118:multiple_sequence_alignment seqs file /tmp/tmp49nt6dx8/deblur_working_dir/C-pos-2_1_L001_R1_001.fastq.gz.trim.derep.no_artifacts
INFO(131892523915072)2026-02-09 18:16:31,160:dereplicate seqs file /tmp/tmp49nt6dx8/deblur_working_dir/PUF-BOT-6_11_L001_R1_001.fastq.gz.trim
INFO(131892523915072)2026-02-09 18:16:31,201:remove_artifacts_seqs file /tmp/tmp49nt6dx8/deblur_working_dir/PUF-BOT-6_11_L001_R1_001.fastq.gz.trim.derep
INFO(140573256701760)2026-02-09 18:16:31,497:total sequences 7602, passing sequences 7602, failing sequences 0
INFO(140573256701760)2026-02-09 18:16:31,497:multiple_sequence_alignment seqs file /tmp/tmp49nt6dx8/deblur_working_dir/PUF-MBO-8_45_L001_R1_001.fastq.gz.trim.derep.no_artifacts
INFO(131892523915072)2026-02-09 18:16:31,623:total sequences 4271, passing sequences 4271, failing sequences 0
INFO(131892523915072)2026-02-09 18:16:31,623:multiple_sequence_alignment seqs file /tmp/tmp49nt6dx8/deblur_working_dir/PUF-BOT-6_11_L001_R1_001.fastq.gz.trim.derep.no_artifacts
INFO(138978118518592)2026-02-09 18:16:33,248:deblurring 1274 sequences
INFO(138978118518592)2026-02-09 18:16:33,364:83 unique sequences left following deblurring
INFO(138978118518592)2026-02-09 18:16:33,365:remove_chimeras_denovo_from_seqs seqs file /tmp/tmp49nt6dx8/deblur_working_dir/Mont-Tremblant_5_L001_R1_001.fastq.gz.trim.derep.no_artifacts.msa.deblurto working dir /tmp/tmp49nt6dx8/deblur_working_dir
INFO(138978118518592)2026-02-09 18:16:33,420:finished processing file
INFO(138978118518592)2026-02-09 18:16:33,420:finished processing per sample fasta files
INFO(138978118518592)2026-02-09 18:16:33,420:worker thread for /tmp/qiime2/luis/data/984ddec7-55d3-46f2-81a6-13a40d407496/data/Mont-Tremblant_5_L001_R1_001.fastq.gz finished
INFO(125199193438016)2026-02-09 18:16:34,213:*************************
INFO(125199193438016)2026-02-09 18:16:34,213:deblurring started
WARNING(125199193438016)2026-02-09 18:16:34,213:deblur version 1.1.1 workflow started on /tmp/qiime2/luis/data/984ddec7-55d3-46f2-81a6-13a40d407496/data/PUF-MBO-5_42_L001_R1_001.fastq.gz
WARNING(125199193438016)2026-02-09 18:16:34,213:parameters: {'seqs_fp': '/tmp/qiime2/luis/data/984ddec7-55d3-46f2-81a6-13a40d407496/data/PUF-MBO-5_42_L001_R1_001.fastq.gz', 'output_dir': '/tmp/tmp49nt6dx8', 'pos_ref_fp': ('/tmp/qiime2/luis/data/24c3fd7b-d797-45d8-8c62-edb383bdc88c/data/dna-sequences.fasta',), 'pos_ref_db_fp': ('/tmp/tmp49nt6dx8/deblur_working_dir/dna-sequences',), 'neg_ref_fp': (), 'neg_ref_db_fp': ('/tmp/tmp49nt6dx8/deblur_working_dir/artifacts',), 'overwrite': True, 'mean_error': 0.005, 'error_dist': [1.0, 0.06, 0.02, 0.02, 0.01, 0.005, 0.005, 0.005, 0.001, 0.001, 0.001, 0.0005], 'indel_prob': 0.01, 'indel_max': 3, 'trim_length': -1, 'left_trim_length': 0, 'min_reads': 1, 'min_size': 1, 'threads_per_sample': 1, 'keep_tmp_files': True, 'log_level': 2, 'log_file': '/home/luis/Documents/Projects/PUF-PAS_AirDNA/01_QIIME_pt2/01_Deblur/bin/deblur.log', 'jobs_to_start': 1, 'is_worker_thread': True, 'logger': <Logger __main__ (INFO)>}
INFO(125199193438016)2026-02-09 18:16:34,213:error_dist is : [1.0, 0.06, 0.02, 0.02, 0.01, 0.005, 0.005, 0.005, 0.001, 0.001, 0.001, 0.0005]
INFO(125199193438016)2026-02-09 18:16:34,213:deblur worker thread started
INFO(125199193438016)2026-02-09 18:16:34,213:processing per sample fasta files
INFO(125199193438016)2026-02-09 18:16:34,213:--------------------------------------------------------
INFO(125199193438016)2026-02-09 18:16:34,213:launch_workflow for file /tmp/qiime2/luis/data/984ddec7-55d3-46f2-81a6-13a40d407496/data/PUF-MBO-5_42_L001_R1_001.fastq.gz
INFO(125199193438016)2026-02-09 18:16:37,308:dereplicate seqs file /tmp/tmp49nt6dx8/deblur_working_dir/PUF-MBO-5_42_L001_R1_001.fastq.gz.trim
INFO(125199193438016)2026-02-09 18:16:37,345:remove_artifacts_seqs file /tmp/tmp49nt6dx8/deblur_working_dir/PUF-MBO-5_42_L001_R1_001.fastq.gz.trim.derep
INFO(125199193438016)2026-02-09 18:16:37,768:total sequences 4607, passing sequences 4607, failing sequences 0
INFO(125199193438016)2026-02-09 18:16:37,768:multiple_sequence_alignment seqs file /tmp/tmp49nt6dx8/deblur_working_dir/PUF-MBO-5_42_L001_R1_001.fastq.gz.trim.derep.no_artifacts
INFO(132352187909952)2026-02-09 18:16:45,736:deblurring 3753 sequences
INFO(132352187909952)2026-02-09 18:16:46,636:238 unique sequences left following deblurring
INFO(132352187909952)2026-02-09 18:16:46,638:remove_chimeras_denovo_from_seqs seqs file /tmp/tmp49nt6dx8/deblur_working_dir/PUF-JD-5_33_L001_R1_001.fastq.gz.trim.derep.no_artifacts.msa.deblurto working dir /tmp/tmp49nt6dx8/deblur_working_dir
INFO(132352187909952)2026-02-09 18:16:46,794:finished processing file
INFO(132352187909952)2026-02-09 18:16:46,795:finished processing per sample fasta files
INFO(132352187909952)2026-02-09 18:16:46,795:worker thread for /tmp/qiime2/luis/data/984ddec7-55d3-46f2-81a6-13a40d407496/data/PUF-JD-5_33_L001_R1_001.fastq.gz finished
INFO(133699826009920)2026-02-09 18:16:47,634:*************************
INFO(133699826009920)2026-02-09 18:16:47,634:deblurring started
WARNING(133699826009920)2026-02-09 18:16:47,634:deblur version 1.1.1 workflow started on /tmp/qiime2/luis/data/984ddec7-55d3-46f2-81a6-13a40d407496/data/PUF-BOT-8_13_L001_R1_001.fastq.gz
WARNING(133699826009920)2026-02-09 18:16:47,634:parameters: {'seqs_fp': '/tmp/qiime2/luis/data/984ddec7-55d3-46f2-81a6-13a40d407496/data/PUF-BOT-8_13_L001_R1_001.fastq.gz', 'output_dir': '/tmp/tmp49nt6dx8', 'pos_ref_fp': ('/tmp/qiime2/luis/data/24c3fd7b-d797-45d8-8c62-edb383bdc88c/data/dna-sequences.fasta',), 'pos_ref_db_fp': ('/tmp/tmp49nt6dx8/deblur_working_dir/dna-sequences',), 'neg_ref_fp': (), 'neg_ref_db_fp': ('/tmp/tmp49nt6dx8/deblur_working_dir/artifacts',), 'overwrite': True, 'mean_error': 0.005, 'error_dist': [1.0, 0.06, 0.02, 0.02, 0.01, 0.005, 0.005, 0.005, 0.001, 0.001, 0.001, 0.0005], 'indel_prob': 0.01, 'indel_max': 3, 'trim_length': -1, 'left_trim_length': 0, 'min_reads': 1, 'min_size': 1, 'threads_per_sample': 1, 'keep_tmp_files': True, 'log_level': 2, 'log_file': '/home/luis/Documents/Projects/PUF-PAS_AirDNA/01_QIIME_pt2/01_Deblur/bin/deblur.log', 'jobs_to_start': 1, 'is_worker_thread': True, 'logger': <Logger __main__ (INFO)>}
INFO(133699826009920)2026-02-09 18:16:47,634:error_dist is : [1.0, 0.06, 0.02, 0.02, 0.01, 0.005, 0.005, 0.005, 0.001, 0.001, 0.001, 0.0005]
INFO(133699826009920)2026-02-09 18:16:47,634:deblur worker thread started
INFO(133699826009920)2026-02-09 18:16:47,634:processing per sample fasta files
INFO(133699826009920)2026-02-09 18:16:47,634:--------------------------------------------------------
INFO(133699826009920)2026-02-09 18:16:47,634:launch_workflow for file /tmp/qiime2/luis/data/984ddec7-55d3-46f2-81a6-13a40d407496/data/PUF-BOT-8_13_L001_R1_001.fastq.gz
INFO(133699826009920)2026-02-09 18:16:48,807:dereplicate seqs file /tmp/tmp49nt6dx8/deblur_working_dir/PUF-BOT-8_13_L001_R1_001.fastq.gz.trim
INFO(133699826009920)2026-02-09 18:16:48,824:remove_artifacts_seqs file /tmp/tmp49nt6dx8/deblur_working_dir/PUF-BOT-8_13_L001_R1_001.fastq.gz.trim.derep
INFO(133699826009920)2026-02-09 18:16:49,230:total sequences 3376, passing sequences 3376, failing sequences 0
INFO(133699826009920)2026-02-09 18:16:49,230:multiple_sequence_alignment seqs file /tmp/tmp49nt6dx8/deblur_working_dir/PUF-BOT-8_13_L001_R1_001.fastq.gz.trim.derep.no_artifacts
INFO(124325285246784)2026-02-09 18:16:50,320:deblurring 4248 sequences
INFO(124325285246784)2026-02-09 18:16:50,755:89 unique sequences left following deblurring
INFO(124325285246784)2026-02-09 18:16:50,757:remove_chimeras_denovo_from_seqs seqs file /tmp/tmp49nt6dx8/deblur_working_dir/C-pos-2_1_L001_R1_001.fastq.gz.trim.derep.no_artifacts.msa.deblurto working dir /tmp/tmp49nt6dx8/deblur_working_dir
INFO(124325285246784)2026-02-09 18:16:50,811:finished processing file
INFO(124325285246784)2026-02-09 18:16:50,812:finished processing per sample fasta files
INFO(124325285246784)2026-02-09 18:16:50,812:worker thread for /tmp/qiime2/luis/data/984ddec7-55d3-46f2-81a6-13a40d407496/data/C-pos-2_1_L001_R1_001.fastq.gz finished
INFO(131476873434944)2026-02-09 18:16:51,656:*************************
INFO(131476873434944)2026-02-09 18:16:51,656:deblurring started
WARNING(131476873434944)2026-02-09 18:16:51,656:deblur version 1.1.1 workflow started on /tmp/qiime2/luis/data/984ddec7-55d3-46f2-81a6-13a40d407496/data/PUF-BOU-2_16_L001_R1_001.fastq.gz
WARNING(131476873434944)2026-02-09 18:16:51,657:parameters: {'seqs_fp': '/tmp/qiime2/luis/data/984ddec7-55d3-46f2-81a6-13a40d407496/data/PUF-BOU-2_16_L001_R1_001.fastq.gz', 'output_dir': '/tmp/tmp49nt6dx8', 'pos_ref_fp': ('/tmp/qiime2/luis/data/24c3fd7b-d797-45d8-8c62-edb383bdc88c/data/dna-sequences.fasta',), 'pos_ref_db_fp': ('/tmp/tmp49nt6dx8/deblur_working_dir/dna-sequences',), 'neg_ref_fp': (), 'neg_ref_db_fp': ('/tmp/tmp49nt6dx8/deblur_working_dir/artifacts',), 'overwrite': True, 'mean_error': 0.005, 'error_dist': [1.0, 0.06, 0.02, 0.02, 0.01, 0.005, 0.005, 0.005, 0.001, 0.001, 0.001, 0.0005], 'indel_prob': 0.01, 'indel_max': 3, 'trim_length': -1, 'left_trim_length': 0, 'min_reads': 1, 'min_size': 1, 'threads_per_sample': 1, 'keep_tmp_files': True, 'log_level': 2, 'log_file': '/home/luis/Documents/Projects/PUF-PAS_AirDNA/01_QIIME_pt2/01_Deblur/bin/deblur.log', 'jobs_to_start': 1, 'is_worker_thread': True, 'logger': <Logger __main__ (INFO)>}
INFO(131476873434944)2026-02-09 18:16:51,657:error_dist is : [1.0, 0.06, 0.02, 0.02, 0.01, 0.005, 0.005, 0.005, 0.001, 0.001, 0.001, 0.0005]
INFO(131476873434944)2026-02-09 18:16:51,657:deblur worker thread started
INFO(131476873434944)2026-02-09 18:16:51,657:processing per sample fasta files
INFO(131476873434944)2026-02-09 18:16:51,657:--------------------------------------------------------
INFO(131476873434944)2026-02-09 18:16:51,657:launch_workflow for file /tmp/qiime2/luis/data/984ddec7-55d3-46f2-81a6-13a40d407496/data/PUF-BOU-2_16_L001_R1_001.fastq.gz
INFO(131892523915072)2026-02-09 18:16:52,003:deblurring 4271 sequences
INFO(131476873434944)2026-02-09 18:16:52,410:dereplicate seqs file /tmp/tmp49nt6dx8/deblur_working_dir/PUF-BOU-2_16_L001_R1_001.fastq.gz.trim
INFO(131476873434944)2026-02-09 18:16:52,422:remove_artifacts_seqs file /tmp/tmp49nt6dx8/deblur_working_dir/PUF-BOU-2_16_L001_R1_001.fastq.gz.trim.derep
INFO(131476873434944)2026-02-09 18:16:52,776:total sequences 2184, passing sequences 2184, failing sequences 0
INFO(131476873434944)2026-02-09 18:16:52,776:multiple_sequence_alignment seqs file /tmp/tmp49nt6dx8/deblur_working_dir/PUF-BOU-2_16_L001_R1_001.fastq.gz.trim.derep.no_artifacts
INFO(131892523915072)2026-02-09 18:16:53,499:349 unique sequences left following deblurring
INFO(131892523915072)2026-02-09 18:16:53,502:remove_chimeras_denovo_from_seqs seqs file /tmp/tmp49nt6dx8/deblur_working_dir/PUF-BOT-6_11_L001_R1_001.fastq.gz.trim.derep.no_artifacts.msa.deblurto working dir /tmp/tmp49nt6dx8/deblur_working_dir
INFO(131892523915072)2026-02-09 18:16:53,727:finished processing file
INFO(131892523915072)2026-02-09 18:16:53,728:finished processing per sample fasta files
INFO(131892523915072)2026-02-09 18:16:53,728:worker thread for /tmp/qiime2/luis/data/984ddec7-55d3-46f2-81a6-13a40d407496/data/PUF-BOT-6_11_L001_R1_001.fastq.gz finished
INFO(127823114307392)2026-02-09 18:16:54,521:*************************
INFO(127823114307392)2026-02-09 18:16:54,521:deblurring started
WARNING(127823114307392)2026-02-09 18:16:54,521:deblur version 1.1.1 workflow started on /tmp/qiime2/luis/data/984ddec7-55d3-46f2-81a6-13a40d407496/data/Ins-Cocoon_2_L001_R1_001.fastq.gz
WARNING(127823114307392)2026-02-09 18:16:54,522:parameters: {'seqs_fp': '/tmp/qiime2/luis/data/984ddec7-55d3-46f2-81a6-13a40d407496/data/Ins-Cocoon_2_L001_R1_001.fastq.gz', 'output_dir': '/tmp/tmp49nt6dx8', 'pos_ref_fp': ('/tmp/qiime2/luis/data/24c3fd7b-d797-45d8-8c62-edb383bdc88c/data/dna-sequences.fasta',), 'pos_ref_db_fp': ('/tmp/tmp49nt6dx8/deblur_working_dir/dna-sequences',), 'neg_ref_fp': (), 'neg_ref_db_fp': ('/tmp/tmp49nt6dx8/deblur_working_dir/artifacts',), 'overwrite': True, 'mean_error': 0.005, 'error_dist': [1.0, 0.06, 0.02, 0.02, 0.01, 0.005, 0.005, 0.005, 0.001, 0.001, 0.001, 0.0005], 'indel_prob': 0.01, 'indel_max': 3, 'trim_length': -1, 'left_trim_length': 0, 'min_reads': 1, 'min_size': 1, 'threads_per_sample': 1, 'keep_tmp_files': True, 'log_level': 2, 'log_file': '/home/luis/Documents/Projects/PUF-PAS_AirDNA/01_QIIME_pt2/01_Deblur/bin/deblur.log', 'jobs_to_start': 1, 'is_worker_thread': True, 'logger': <Logger __main__ (INFO)>}
INFO(127823114307392)2026-02-09 18:16:54,522:error_dist is : [1.0, 0.06, 0.02, 0.02, 0.01, 0.005, 0.005, 0.005, 0.001, 0.001, 0.001, 0.0005]
INFO(127823114307392)2026-02-09 18:16:54,522:deblur worker thread started
INFO(127823114307392)2026-02-09 18:16:54,522:processing per sample fasta files
INFO(127823114307392)2026-02-09 18:16:54,522:--------------------------------------------------------
INFO(127823114307392)2026-02-09 18:16:54,522:launch_workflow for file /tmp/qiime2/luis/data/984ddec7-55d3-46f2-81a6-13a40d407496/data/Ins-Cocoon_2_L001_R1_001.fastq.gz
INFO(127823114307392)2026-02-09 18:16:54,576:dereplicate seqs file /tmp/tmp49nt6dx8/deblur_working_dir/Ins-Cocoon_2_L001_R1_001.fastq.gz.trim
INFO(127823114307392)2026-02-09 18:16:54,579:remove_artifacts_seqs file /tmp/tmp49nt6dx8/deblur_working_dir/Ins-Cocoon_2_L001_R1_001.fastq.gz.trim.derep
INFO(127823114307392)2026-02-09 18:16:54,886:total sequences 121, passing sequences 121, failing sequences 0
INFO(127823114307392)2026-02-09 18:16:54,886:multiple_sequence_alignment seqs file /tmp/tmp49nt6dx8/deblur_working_dir/Ins-Cocoon_2_L001_R1_001.fastq.gz.trim.derep.no_artifacts
INFO(139715727492928)2026-02-09 18:16:58,813:deblurring 7333 sequences
INFO(131476873434944)2026-02-09 18:16:59,751:deblurring 2184 sequences
INFO(131476873434944)2026-02-09 18:17:00,204:203 unique sequences left following deblurring
INFO(131476873434944)2026-02-09 18:17:00,208:remove_chimeras_denovo_from_seqs seqs file /tmp/tmp49nt6dx8/deblur_working_dir/PUF-BOU-2_16_L001_R1_001.fastq.gz.trim.derep.no_artifacts.msa.deblurto working dir /tmp/tmp49nt6dx8/deblur_working_dir
INFO(131476873434944)2026-02-09 18:17:00,335:finished processing file
INFO(131476873434944)2026-02-09 18:17:00,336:finished processing per sample fasta files
INFO(131476873434944)2026-02-09 18:17:00,336:worker thread for /tmp/qiime2/luis/data/984ddec7-55d3-46f2-81a6-13a40d407496/data/PUF-BOU-2_16_L001_R1_001.fastq.gz finished
INFO(125199193438016)2026-02-09 18:17:01,050:deblurring 4607 sequences
INFO(123907484813120)2026-02-09 18:17:01,096:*************************
INFO(123907484813120)2026-02-09 18:17:01,096:deblurring started
WARNING(123907484813120)2026-02-09 18:17:01,097:deblur version 1.1.1 workflow started on /tmp/qiime2/luis/data/984ddec7-55d3-46f2-81a6-13a40d407496/data/PUF-MBO-10_39_L001_R1_001.fastq.gz
WARNING(123907484813120)2026-02-09 18:17:01,097:parameters: {'seqs_fp': '/tmp/qiime2/luis/data/984ddec7-55d3-46f2-81a6-13a40d407496/data/PUF-MBO-10_39_L001_R1_001.fastq.gz', 'output_dir': '/tmp/tmp49nt6dx8', 'pos_ref_fp': ('/tmp/qiime2/luis/data/24c3fd7b-d797-45d8-8c62-edb383bdc88c/data/dna-sequences.fasta',), 'pos_ref_db_fp': ('/tmp/tmp49nt6dx8/deblur_working_dir/dna-sequences',), 'neg_ref_fp': (), 'neg_ref_db_fp': ('/tmp/tmp49nt6dx8/deblur_working_dir/artifacts',), 'overwrite': True, 'mean_error': 0.005, 'error_dist': [1.0, 0.06, 0.02, 0.02, 0.01, 0.005, 0.005, 0.005, 0.001, 0.001, 0.001, 0.0005], 'indel_prob': 0.01, 'indel_max': 3, 'trim_length': -1, 'left_trim_length': 0, 'min_reads': 1, 'min_size': 1, 'threads_per_sample': 1, 'keep_tmp_files': True, 'log_level': 2, 'log_file': '/home/luis/Documents/Projects/PUF-PAS_AirDNA/01_QIIME_pt2/01_Deblur/bin/deblur.log', 'jobs_to_start': 1, 'is_worker_thread': True, 'logger': <Logger __main__ (INFO)>}
INFO(123907484813120)2026-02-09 18:17:01,097:error_dist is : [1.0, 0.06, 0.02, 0.02, 0.01, 0.005, 0.005, 0.005, 0.001, 0.001, 0.001, 0.0005]
INFO(123907484813120)2026-02-09 18:17:01,097:deblur worker thread started
INFO(123907484813120)2026-02-09 18:17:01,097:processing per sample fasta files
INFO(123907484813120)2026-02-09 18:17:01,097:--------------------------------------------------------
INFO(123907484813120)2026-02-09 18:17:01,097:launch_workflow for file /tmp/qiime2/luis/data/984ddec7-55d3-46f2-81a6-13a40d407496/data/PUF-MBO-10_39_L001_R1_001.fastq.gz
INFO(125199193438016)2026-02-09 18:17:02,712:346 unique sequences left following deblurring
INFO(125199193438016)2026-02-09 18:17:02,714:remove_chimeras_denovo_from_seqs seqs file /tmp/tmp49nt6dx8/deblur_working_dir/PUF-MBO-5_42_L001_R1_001.fastq.gz.trim.derep.no_artifacts.msa.deblurto working dir /tmp/tmp49nt6dx8/deblur_working_dir
INFO(127823114307392)2026-02-09 18:17:02,801:deblurring 121 sequences
INFO(127823114307392)2026-02-09 18:17:02,804:7 unique sequences left following deblurring
INFO(127823114307392)2026-02-09 18:17:02,804:remove_chimeras_denovo_from_seqs seqs file /tmp/tmp49nt6dx8/deblur_working_dir/Ins-Cocoon_2_L001_R1_001.fastq.gz.trim.derep.no_artifacts.msa.deblurto working dir /tmp/tmp49nt6dx8/deblur_working_dir
INFO(127823114307392)2026-02-09 18:17:02,815:finished processing file
INFO(127823114307392)2026-02-09 18:17:02,815:finished processing per sample fasta files
INFO(127823114307392)2026-02-09 18:17:02,815:worker thread for /tmp/qiime2/luis/data/984ddec7-55d3-46f2-81a6-13a40d407496/data/Ins-Cocoon_2_L001_R1_001.fastq.gz finished
INFO(125199193438016)2026-02-09 18:17:02,948:finished processing file
INFO(125199193438016)2026-02-09 18:17:02,948:finished processing per sample fasta files
INFO(125199193438016)2026-02-09 18:17:02,948:worker thread for /tmp/qiime2/luis/data/984ddec7-55d3-46f2-81a6-13a40d407496/data/PUF-MBO-5_42_L001_R1_001.fastq.gz finished
INFO(139715727492928)2026-02-09 18:17:03,146:550 unique sequences left following deblurring
INFO(139715727492928)2026-02-09 18:17:03,151:remove_chimeras_denovo_from_seqs seqs file /tmp/tmp49nt6dx8/deblur_working_dir/PUF-IPEX-10_23_L001_R1_001.fastq.gz.trim.derep.no_artifacts.msa.deblurto working dir /tmp/tmp49nt6dx8/deblur_working_dir
INFO(123907484813120)2026-02-09 18:17:03,212:dereplicate seqs file /tmp/tmp49nt6dx8/deblur_working_dir/PUF-MBO-10_39_L001_R1_001.fastq.gz.trim
INFO(123907484813120)2026-02-09 18:17:03,248:remove_artifacts_seqs file /tmp/tmp49nt6dx8/deblur_working_dir/PUF-MBO-10_39_L001_R1_001.fastq.gz.trim.derep
INFO(133699826009920)2026-02-09 18:17:03,346:deblurring 3376 sequences
INFO(139715727492928)2026-02-09 18:17:03,569:finished processing file
INFO(139715727492928)2026-02-09 18:17:03,570:finished processing per sample fasta files
INFO(139715727492928)2026-02-09 18:17:03,570:worker thread for /tmp/qiime2/luis/data/984ddec7-55d3-46f2-81a6-13a40d407496/data/PUF-IPEX-10_23_L001_R1_001.fastq.gz finished
INFO(138325069002560)2026-02-09 18:17:03,640:*************************
INFO(138325069002560)2026-02-09 18:17:03,640:deblurring started
WARNING(138325069002560)2026-02-09 18:17:03,640:deblur version 1.1.1 workflow started on /tmp/qiime2/luis/data/984ddec7-55d3-46f2-81a6-13a40d407496/data/PUF-IPEX-9_29_L001_R1_001.fastq.gz
WARNING(138325069002560)2026-02-09 18:17:03,640:parameters: {'seqs_fp': '/tmp/qiime2/luis/data/984ddec7-55d3-46f2-81a6-13a40d407496/data/PUF-IPEX-9_29_L001_R1_001.fastq.gz', 'output_dir': '/tmp/tmp49nt6dx8', 'pos_ref_fp': ('/tmp/qiime2/luis/data/24c3fd7b-d797-45d8-8c62-edb383bdc88c/data/dna-sequences.fasta',), 'pos_ref_db_fp': ('/tmp/tmp49nt6dx8/deblur_working_dir/dna-sequences',), 'neg_ref_fp': (), 'neg_ref_db_fp': ('/tmp/tmp49nt6dx8/deblur_working_dir/artifacts',), 'overwrite': True, 'mean_error': 0.005, 'error_dist': [1.0, 0.06, 0.02, 0.02, 0.01, 0.005, 0.005, 0.005, 0.001, 0.001, 0.001, 0.0005], 'indel_prob': 0.01, 'indel_max': 3, 'trim_length': -1, 'left_trim_length': 0, 'min_reads': 1, 'min_size': 1, 'threads_per_sample': 1, 'keep_tmp_files': True, 'log_level': 2, 'log_file': '/home/luis/Documents/Projects/PUF-PAS_AirDNA/01_QIIME_pt2/01_Deblur/bin/deblur.log', 'jobs_to_start': 1, 'is_worker_thread': True, 'logger': <Logger __main__ (INFO)>}
INFO(138325069002560)2026-02-09 18:17:03,641:error_dist is : [1.0, 0.06, 0.02, 0.02, 0.01, 0.005, 0.005, 0.005, 0.001, 0.001, 0.001, 0.0005]
INFO(138325069002560)2026-02-09 18:17:03,641:deblur worker thread started
INFO(138325069002560)2026-02-09 18:17:03,641:processing per sample fasta files
INFO(138325069002560)2026-02-09 18:17:03,641:--------------------------------------------------------
INFO(138325069002560)2026-02-09 18:17:03,641:launch_workflow for file /tmp/qiime2/luis/data/984ddec7-55d3-46f2-81a6-13a40d407496/data/PUF-IPEX-9_29_L001_R1_001.fastq.gz
INFO(123907484813120)2026-02-09 18:17:03,715:total sequences 5773, passing sequences 5773, failing sequences 0
INFO(123907484813120)2026-02-09 18:17:03,715:multiple_sequence_alignment seqs file /tmp/tmp49nt6dx8/deblur_working_dir/PUF-MBO-10_39_L001_R1_001.fastq.gz.trim.derep.no_artifacts
INFO(132083786200896)2026-02-09 18:17:03,748:*************************
INFO(132083786200896)2026-02-09 18:17:03,748:deblurring started
WARNING(132083786200896)2026-02-09 18:17:03,748:deblur version 1.1.1 workflow started on /tmp/qiime2/luis/data/984ddec7-55d3-46f2-81a6-13a40d407496/data/PUF-IPEX-6_27_L001_R1_001.fastq.gz
WARNING(132083786200896)2026-02-09 18:17:03,749:parameters: {'seqs_fp': '/tmp/qiime2/luis/data/984ddec7-55d3-46f2-81a6-13a40d407496/data/PUF-IPEX-6_27_L001_R1_001.fastq.gz', 'output_dir': '/tmp/tmp49nt6dx8', 'pos_ref_fp': ('/tmp/qiime2/luis/data/24c3fd7b-d797-45d8-8c62-edb383bdc88c/data/dna-sequences.fasta',), 'pos_ref_db_fp': ('/tmp/tmp49nt6dx8/deblur_working_dir/dna-sequences',), 'neg_ref_fp': (), 'neg_ref_db_fp': ('/tmp/tmp49nt6dx8/deblur_working_dir/artifacts',), 'overwrite': True, 'mean_error': 0.005, 'error_dist': [1.0, 0.06, 0.02, 0.02, 0.01, 0.005, 0.005, 0.005, 0.001, 0.001, 0.001, 0.0005], 'indel_prob': 0.01, 'indel_max': 3, 'trim_length': -1, 'left_trim_length': 0, 'min_reads': 1, 'min_size': 1, 'threads_per_sample': 1, 'keep_tmp_files': True, 'log_level': 2, 'log_file': '/home/luis/Documents/Projects/PUF-PAS_AirDNA/01_QIIME_pt2/01_Deblur/bin/deblur.log', 'jobs_to_start': 1, 'is_worker_thread': True, 'logger': <Logger __main__ (INFO)>}
INFO(132083786200896)2026-02-09 18:17:03,749:error_dist is : [1.0, 0.06, 0.02, 0.02, 0.01, 0.005, 0.005, 0.005, 0.001, 0.001, 0.001, 0.0005]
INFO(132083786200896)2026-02-09 18:17:03,749:deblur worker thread started
INFO(132083786200896)2026-02-09 18:17:03,749:processing per sample fasta files
INFO(132083786200896)2026-02-09 18:17:03,749:--------------------------------------------------------
INFO(132083786200896)2026-02-09 18:17:03,749:launch_workflow for file /tmp/qiime2/luis/data/984ddec7-55d3-46f2-81a6-13a40d407496/data/PUF-IPEX-6_27_L001_R1_001.fastq.gz
INFO(127930925111104)2026-02-09 18:17:04,315:*************************
INFO(127930925111104)2026-02-09 18:17:04,315:deblurring started
WARNING(127930925111104)2026-02-09 18:17:04,315:deblur version 1.1.1 workflow started on /tmp/qiime2/luis/data/984ddec7-55d3-46f2-81a6-13a40d407496/data/PUF-MBO-7_44_L001_R1_001.fastq.gz
WARNING(127930925111104)2026-02-09 18:17:04,315:parameters: {'seqs_fp': '/tmp/qiime2/luis/data/984ddec7-55d3-46f2-81a6-13a40d407496/data/PUF-MBO-7_44_L001_R1_001.fastq.gz', 'output_dir': '/tmp/tmp49nt6dx8', 'pos_ref_fp': ('/tmp/qiime2/luis/data/24c3fd7b-d797-45d8-8c62-edb383bdc88c/data/dna-sequences.fasta',), 'pos_ref_db_fp': ('/tmp/tmp49nt6dx8/deblur_working_dir/dna-sequences',), 'neg_ref_fp': (), 'neg_ref_db_fp': ('/tmp/tmp49nt6dx8/deblur_working_dir/artifacts',), 'overwrite': True, 'mean_error': 0.005, 'error_dist': [1.0, 0.06, 0.02, 0.02, 0.01, 0.005, 0.005, 0.005, 0.001, 0.001, 0.001, 0.0005], 'indel_prob': 0.01, 'indel_max': 3, 'trim_length': -1, 'left_trim_length': 0, 'min_reads': 1, 'min_size': 1, 'threads_per_sample': 1, 'keep_tmp_files': True, 'log_level': 2, 'log_file': '/home/luis/Documents/Projects/PUF-PAS_AirDNA/01_QIIME_pt2/01_Deblur/bin/deblur.log', 'jobs_to_start': 1, 'is_worker_thread': True, 'logger': <Logger __main__ (INFO)>}
INFO(127930925111104)2026-02-09 18:17:04,315:error_dist is : [1.0, 0.06, 0.02, 0.02, 0.01, 0.005, 0.005, 0.005, 0.001, 0.001, 0.001, 0.0005]
INFO(127930925111104)2026-02-09 18:17:04,315:deblur worker thread started
INFO(127930925111104)2026-02-09 18:17:04,315:processing per sample fasta files
INFO(127930925111104)2026-02-09 18:17:04,315:--------------------------------------------------------
INFO(127930925111104)2026-02-09 18:17:04,316:launch_workflow for file /tmp/qiime2/luis/data/984ddec7-55d3-46f2-81a6-13a40d407496/data/PUF-MBO-7_44_L001_R1_001.fastq.gz
INFO(133699826009920)2026-02-09 18:17:04,662:365 unique sequences left following deblurring
INFO(133699826009920)2026-02-09 18:17:04,664:remove_chimeras_denovo_from_seqs seqs file /tmp/tmp49nt6dx8/deblur_working_dir/PUF-BOT-8_13_L001_R1_001.fastq.gz.trim.derep.no_artifacts.msa.deblurto working dir /tmp/tmp49nt6dx8/deblur_working_dir
INFO(133699826009920)2026-02-09 18:17:04,901:finished processing file
INFO(133699826009920)2026-02-09 18:17:04,901:finished processing per sample fasta files
INFO(133699826009920)2026-02-09 18:17:04,901:worker thread for /tmp/qiime2/luis/data/984ddec7-55d3-46f2-81a6-13a40d407496/data/PUF-BOT-8_13_L001_R1_001.fastq.gz finished
INFO(124574274324288)2026-02-09 18:17:05,641:*************************
INFO(124574274324288)2026-02-09 18:17:05,641:deblurring started
WARNING(124574274324288)2026-02-09 18:17:05,641:deblur version 1.1.1 workflow started on /tmp/qiime2/luis/data/984ddec7-55d3-46f2-81a6-13a40d407496/data/PUF-MBO-2_40_L001_R1_001.fastq.gz
WARNING(124574274324288)2026-02-09 18:17:05,641:parameters: {'seqs_fp': '/tmp/qiime2/luis/data/984ddec7-55d3-46f2-81a6-13a40d407496/data/PUF-MBO-2_40_L001_R1_001.fastq.gz', 'output_dir': '/tmp/tmp49nt6dx8', 'pos_ref_fp': ('/tmp/qiime2/luis/data/24c3fd7b-d797-45d8-8c62-edb383bdc88c/data/dna-sequences.fasta',), 'pos_ref_db_fp': ('/tmp/tmp49nt6dx8/deblur_working_dir/dna-sequences',), 'neg_ref_fp': (), 'neg_ref_db_fp': ('/tmp/tmp49nt6dx8/deblur_working_dir/artifacts',), 'overwrite': True, 'mean_error': 0.005, 'error_dist': [1.0, 0.06, 0.02, 0.02, 0.01, 0.005, 0.005, 0.005, 0.001, 0.001, 0.001, 0.0005], 'indel_prob': 0.01, 'indel_max': 3, 'trim_length': -1, 'left_trim_length': 0, 'min_reads': 1, 'min_size': 1, 'threads_per_sample': 1, 'keep_tmp_files': True, 'log_level': 2, 'log_file': '/home/luis/Documents/Projects/PUF-PAS_AirDNA/01_QIIME_pt2/01_Deblur/bin/deblur.log', 'jobs_to_start': 1, 'is_worker_thread': True, 'logger': <Logger __main__ (INFO)>}
INFO(124574274324288)2026-02-09 18:17:05,641:error_dist is : [1.0, 0.06, 0.02, 0.02, 0.01, 0.005, 0.005, 0.005, 0.001, 0.001, 0.001, 0.0005]
INFO(124574274324288)2026-02-09 18:17:05,641:deblur worker thread started
INFO(124574274324288)2026-02-09 18:17:05,641:processing per sample fasta files
INFO(124574274324288)2026-02-09 18:17:05,641:--------------------------------------------------------
INFO(124574274324288)2026-02-09 18:17:05,641:launch_workflow for file /tmp/qiime2/luis/data/984ddec7-55d3-46f2-81a6-13a40d407496/data/PUF-MBO-2_40_L001_R1_001.fastq.gz
INFO(132083786200896)2026-02-09 18:17:05,860:dereplicate seqs file /tmp/tmp49nt6dx8/deblur_working_dir/PUF-IPEX-6_27_L001_R1_001.fastq.gz.trim
INFO(132083786200896)2026-02-09 18:17:05,887:remove_artifacts_seqs file /tmp/tmp49nt6dx8/deblur_working_dir/PUF-IPEX-6_27_L001_R1_001.fastq.gz.trim.derep
INFO(138325069002560)2026-02-09 18:17:06,166:dereplicate seqs file /tmp/tmp49nt6dx8/deblur_working_dir/PUF-IPEX-9_29_L001_R1_001.fastq.gz.trim
INFO(138325069002560)2026-02-09 18:17:06,199:remove_artifacts_seqs file /tmp/tmp49nt6dx8/deblur_working_dir/PUF-IPEX-9_29_L001_R1_001.fastq.gz.trim.derep
INFO(132083786200896)2026-02-09 18:17:06,304:total sequences 4654, passing sequences 4654, failing sequences 0
INFO(132083786200896)2026-02-09 18:17:06,304:multiple_sequence_alignment seqs file /tmp/tmp49nt6dx8/deblur_working_dir/PUF-IPEX-6_27_L001_R1_001.fastq.gz.trim.derep.no_artifacts
INFO(138325069002560)2026-02-09 18:17:06,653:total sequences 5653, passing sequences 5653, failing sequences 0
INFO(138325069002560)2026-02-09 18:17:06,653:multiple_sequence_alignment seqs file /tmp/tmp49nt6dx8/deblur_working_dir/PUF-IPEX-9_29_L001_R1_001.fastq.gz.trim.derep.no_artifacts
INFO(127930925111104)2026-02-09 18:17:06,952:dereplicate seqs file /tmp/tmp49nt6dx8/deblur_working_dir/PUF-MBO-7_44_L001_R1_001.fastq.gz.trim
INFO(127930925111104)2026-02-09 18:17:06,988:remove_artifacts_seqs file /tmp/tmp49nt6dx8/deblur_working_dir/PUF-MBO-7_44_L001_R1_001.fastq.gz.trim.derep
INFO(127930925111104)2026-02-09 18:17:07,486:total sequences 6659, passing sequences 6659, failing sequences 0
INFO(127930925111104)2026-02-09 18:17:07,486:multiple_sequence_alignment seqs file /tmp/tmp49nt6dx8/deblur_working_dir/PUF-MBO-7_44_L001_R1_001.fastq.gz.trim.derep.no_artifacts
INFO(124574274324288)2026-02-09 18:17:08,339:dereplicate seqs file /tmp/tmp49nt6dx8/deblur_working_dir/PUF-MBO-2_40_L001_R1_001.fastq.gz.trim
INFO(124574274324288)2026-02-09 18:17:08,372:remove_artifacts_seqs file /tmp/tmp49nt6dx8/deblur_working_dir/PUF-MBO-2_40_L001_R1_001.fastq.gz.trim.derep
INFO(124574274324288)2026-02-09 18:17:08,784:total sequences 3674, passing sequences 3674, failing sequences 0
INFO(124574274324288)2026-02-09 18:17:08,784:multiple_sequence_alignment seqs file /tmp/tmp49nt6dx8/deblur_working_dir/PUF-MBO-2_40_L001_R1_001.fastq.gz.trim.derep.no_artifacts
INFO(124574274324288)2026-02-09 18:17:24,047:deblurring 3674 sequences
INFO(124574274324288)2026-02-09 18:17:25,292:288 unique sequences left following deblurring
INFO(124574274324288)2026-02-09 18:17:25,294:remove_chimeras_denovo_from_seqs seqs file /tmp/tmp49nt6dx8/deblur_working_dir/PUF-MBO-2_40_L001_R1_001.fastq.gz.trim.derep.no_artifacts.msa.deblurto working dir /tmp/tmp49nt6dx8/deblur_working_dir
INFO(124574274324288)2026-02-09 18:17:25,527:finished processing file
INFO(124574274324288)2026-02-09 18:17:25,527:finished processing per sample fasta files
INFO(124574274324288)2026-02-09 18:17:25,528:worker thread for /tmp/qiime2/luis/data/984ddec7-55d3-46f2-81a6-13a40d407496/data/PUF-MBO-2_40_L001_R1_001.fastq.gz finished
INFO(123680612296512)2026-02-09 18:17:26,366:*************************
INFO(123680612296512)2026-02-09 18:17:26,366:deblurring started
WARNING(123680612296512)2026-02-09 18:17:26,366:deblur version 1.1.1 workflow started on /tmp/qiime2/luis/data/984ddec7-55d3-46f2-81a6-13a40d407496/data/PUF-BOT-5_10_L001_R1_001.fastq.gz
WARNING(123680612296512)2026-02-09 18:17:26,366:parameters: {'seqs_fp': '/tmp/qiime2/luis/data/984ddec7-55d3-46f2-81a6-13a40d407496/data/PUF-BOT-5_10_L001_R1_001.fastq.gz', 'output_dir': '/tmp/tmp49nt6dx8', 'pos_ref_fp': ('/tmp/qiime2/luis/data/24c3fd7b-d797-45d8-8c62-edb383bdc88c/data/dna-sequences.fasta',), 'pos_ref_db_fp': ('/tmp/tmp49nt6dx8/deblur_working_dir/dna-sequences',), 'neg_ref_fp': (), 'neg_ref_db_fp': ('/tmp/tmp49nt6dx8/deblur_working_dir/artifacts',), 'overwrite': True, 'mean_error': 0.005, 'error_dist': [1.0, 0.06, 0.02, 0.02, 0.01, 0.005, 0.005, 0.005, 0.001, 0.001, 0.001, 0.0005], 'indel_prob': 0.01, 'indel_max': 3, 'trim_length': -1, 'left_trim_length': 0, 'min_reads': 1, 'min_size': 1, 'threads_per_sample': 1, 'keep_tmp_files': True, 'log_level': 2, 'log_file': '/home/luis/Documents/Projects/PUF-PAS_AirDNA/01_QIIME_pt2/01_Deblur/bin/deblur.log', 'jobs_to_start': 1, 'is_worker_thread': True, 'logger': <Logger __main__ (INFO)>}
INFO(123680612296512)2026-02-09 18:17:26,366:error_dist is : [1.0, 0.06, 0.02, 0.02, 0.01, 0.005, 0.005, 0.005, 0.001, 0.001, 0.001, 0.0005]
INFO(123680612296512)2026-02-09 18:17:26,366:deblur worker thread started
INFO(123680612296512)2026-02-09 18:17:26,366:processing per sample fasta files
INFO(123680612296512)2026-02-09 18:17:26,366:--------------------------------------------------------
INFO(123680612296512)2026-02-09 18:17:26,366:launch_workflow for file /tmp/qiime2/luis/data/984ddec7-55d3-46f2-81a6-13a40d407496/data/PUF-BOT-5_10_L001_R1_001.fastq.gz
INFO(123680612296512)2026-02-09 18:17:27,579:dereplicate seqs file /tmp/tmp49nt6dx8/deblur_working_dir/PUF-BOT-5_10_L001_R1_001.fastq.gz.trim
INFO(123680612296512)2026-02-09 18:17:27,596:remove_artifacts_seqs file /tmp/tmp49nt6dx8/deblur_working_dir/PUF-BOT-5_10_L001_R1_001.fastq.gz.trim.derep
INFO(123680612296512)2026-02-09 18:17:28,023:total sequences 3163, passing sequences 3163, failing sequences 0
INFO(123680612296512)2026-02-09 18:17:28,023:multiple_sequence_alignment seqs file /tmp/tmp49nt6dx8/deblur_working_dir/PUF-BOT-5_10_L001_R1_001.fastq.gz.trim.derep.no_artifacts
INFO(132083786200896)2026-02-09 18:17:30,673:deblurring 4654 sequences
INFO(140573256701760)2026-02-09 18:17:31,929:deblurring 7602 sequences
INFO(132083786200896)2026-02-09 18:17:33,168:500 unique sequences left following deblurring
INFO(132083786200896)2026-02-09 18:17:33,171:remove_chimeras_denovo_from_seqs seqs file /tmp/tmp49nt6dx8/deblur_working_dir/PUF-IPEX-6_27_L001_R1_001.fastq.gz.trim.derep.no_artifacts.msa.deblurto working dir /tmp/tmp49nt6dx8/deblur_working_dir
INFO(132083786200896)2026-02-09 18:17:33,524:finished processing file
INFO(132083786200896)2026-02-09 18:17:33,525:finished processing per sample fasta files
INFO(132083786200896)2026-02-09 18:17:33,525:worker thread for /tmp/qiime2/luis/data/984ddec7-55d3-46f2-81a6-13a40d407496/data/PUF-IPEX-6_27_L001_R1_001.fastq.gz finished
INFO(124317961504576)2026-02-09 18:17:34,347:*************************
INFO(124317961504576)2026-02-09 18:17:34,347:deblurring started
WARNING(124317961504576)2026-02-09 18:17:34,347:deblur version 1.1.1 workflow started on /tmp/qiime2/luis/data/984ddec7-55d3-46f2-81a6-13a40d407496/data/PUF-MBO-6_43_L001_R1_001.fastq.gz
WARNING(124317961504576)2026-02-09 18:17:34,347:parameters: {'seqs_fp': '/tmp/qiime2/luis/data/984ddec7-55d3-46f2-81a6-13a40d407496/data/PUF-MBO-6_43_L001_R1_001.fastq.gz', 'output_dir': '/tmp/tmp49nt6dx8', 'pos_ref_fp': ('/tmp/qiime2/luis/data/24c3fd7b-d797-45d8-8c62-edb383bdc88c/data/dna-sequences.fasta',), 'pos_ref_db_fp': ('/tmp/tmp49nt6dx8/deblur_working_dir/dna-sequences',), 'neg_ref_fp': (), 'neg_ref_db_fp': ('/tmp/tmp49nt6dx8/deblur_working_dir/artifacts',), 'overwrite': True, 'mean_error': 0.005, 'error_dist': [1.0, 0.06, 0.02, 0.02, 0.01, 0.005, 0.005, 0.005, 0.001, 0.001, 0.001, 0.0005], 'indel_prob': 0.01, 'indel_max': 3, 'trim_length': -1, 'left_trim_length': 0, 'min_reads': 1, 'min_size': 1, 'threads_per_sample': 1, 'keep_tmp_files': True, 'log_level': 2, 'log_file': '/home/luis/Documents/Projects/PUF-PAS_AirDNA/01_QIIME_pt2/01_Deblur/bin/deblur.log', 'jobs_to_start': 1, 'is_worker_thread': True, 'logger': <Logger __main__ (INFO)>}
INFO(124317961504576)2026-02-09 18:17:34,347:error_dist is : [1.0, 0.06, 0.02, 0.02, 0.01, 0.005, 0.005, 0.005, 0.001, 0.001, 0.001, 0.0005]
INFO(124317961504576)2026-02-09 18:17:34,347:deblur worker thread started
INFO(124317961504576)2026-02-09 18:17:34,347:processing per sample fasta files
INFO(124317961504576)2026-02-09 18:17:34,347:--------------------------------------------------------
INFO(124317961504576)2026-02-09 18:17:34,347:launch_workflow for file /tmp/qiime2/luis/data/984ddec7-55d3-46f2-81a6-13a40d407496/data/PUF-MBO-6_43_L001_R1_001.fastq.gz
INFO(124317961504576)2026-02-09 18:17:36,493:dereplicate seqs file /tmp/tmp49nt6dx8/deblur_working_dir/PUF-MBO-6_43_L001_R1_001.fastq.gz.trim
INFO(124317961504576)2026-02-09 18:17:36,524:remove_artifacts_seqs file /tmp/tmp49nt6dx8/deblur_working_dir/PUF-MBO-6_43_L001_R1_001.fastq.gz.trim.derep
INFO(124317961504576)2026-02-09 18:17:37,015:total sequences 5635, passing sequences 5635, failing sequences 0
INFO(124317961504576)2026-02-09 18:17:37,015:multiple_sequence_alignment seqs file /tmp/tmp49nt6dx8/deblur_working_dir/PUF-MBO-6_43_L001_R1_001.fastq.gz.trim.derep.no_artifacts
INFO(140573256701760)2026-02-09 18:17:37,639:663 unique sequences left following deblurring
INFO(140573256701760)2026-02-09 18:17:37,643:remove_chimeras_denovo_from_seqs seqs file /tmp/tmp49nt6dx8/deblur_working_dir/PUF-MBO-8_45_L001_R1_001.fastq.gz.trim.derep.no_artifacts.msa.deblurto working dir /tmp/tmp49nt6dx8/deblur_working_dir
INFO(140573256701760)2026-02-09 18:17:38,187:finished processing file
INFO(140573256701760)2026-02-09 18:17:38,188:finished processing per sample fasta files
INFO(140573256701760)2026-02-09 18:17:38,188:worker thread for /tmp/qiime2/luis/data/984ddec7-55d3-46f2-81a6-13a40d407496/data/PUF-MBO-8_45_L001_R1_001.fastq.gz finished
INFO(133002405316416)2026-02-09 18:17:39,002:*************************
INFO(133002405316416)2026-02-09 18:17:39,002:deblurring started
WARNING(133002405316416)2026-02-09 18:17:39,003:deblur version 1.1.1 workflow started on /tmp/qiime2/luis/data/984ddec7-55d3-46f2-81a6-13a40d407496/data/PUF-BOT-2_8_L001_R1_001.fastq.gz
WARNING(133002405316416)2026-02-09 18:17:39,003:parameters: {'seqs_fp': '/tmp/qiime2/luis/data/984ddec7-55d3-46f2-81a6-13a40d407496/data/PUF-BOT-2_8_L001_R1_001.fastq.gz', 'output_dir': '/tmp/tmp49nt6dx8', 'pos_ref_fp': ('/tmp/qiime2/luis/data/24c3fd7b-d797-45d8-8c62-edb383bdc88c/data/dna-sequences.fasta',), 'pos_ref_db_fp': ('/tmp/tmp49nt6dx8/deblur_working_dir/dna-sequences',), 'neg_ref_fp': (), 'neg_ref_db_fp': ('/tmp/tmp49nt6dx8/deblur_working_dir/artifacts',), 'overwrite': True, 'mean_error': 0.005, 'error_dist': [1.0, 0.06, 0.02, 0.02, 0.01, 0.005, 0.005, 0.005, 0.001, 0.001, 0.001, 0.0005], 'indel_prob': 0.01, 'indel_max': 3, 'trim_length': -1, 'left_trim_length': 0, 'min_reads': 1, 'min_size': 1, 'threads_per_sample': 1, 'keep_tmp_files': True, 'log_level': 2, 'log_file': '/home/luis/Documents/Projects/PUF-PAS_AirDNA/01_QIIME_pt2/01_Deblur/bin/deblur.log', 'jobs_to_start': 1, 'is_worker_thread': True, 'logger': <Logger __main__ (INFO)>}
INFO(133002405316416)2026-02-09 18:17:39,003:error_dist is : [1.0, 0.06, 0.02, 0.02, 0.01, 0.005, 0.005, 0.005, 0.001, 0.001, 0.001, 0.0005]
INFO(133002405316416)2026-02-09 18:17:39,003:deblur worker thread started
INFO(133002405316416)2026-02-09 18:17:39,003:processing per sample fasta files
INFO(133002405316416)2026-02-09 18:17:39,003:--------------------------------------------------------
INFO(133002405316416)2026-02-09 18:17:39,003:launch_workflow for file /tmp/qiime2/luis/data/984ddec7-55d3-46f2-81a6-13a40d407496/data/PUF-BOT-2_8_L001_R1_001.fastq.gz
INFO(133002405316416)2026-02-09 18:17:40,003:dereplicate seqs file /tmp/tmp49nt6dx8/deblur_working_dir/PUF-BOT-2_8_L001_R1_001.fastq.gz.trim
INFO(133002405316416)2026-02-09 18:17:40,017:remove_artifacts_seqs file /tmp/tmp49nt6dx8/deblur_working_dir/PUF-BOT-2_8_L001_R1_001.fastq.gz.trim.derep
INFO(133002405316416)2026-02-09 18:17:40,405:total sequences 2576, passing sequences 2576, failing sequences 0
INFO(133002405316416)2026-02-09 18:17:40,405:multiple_sequence_alignment seqs file /tmp/tmp49nt6dx8/deblur_working_dir/PUF-BOT-2_8_L001_R1_001.fastq.gz.trim.derep.no_artifacts
INFO(123680612296512)2026-02-09 18:17:40,780:deblurring 3163 sequences
INFO(138325069002560)2026-02-09 18:17:41,366:deblurring 5653 sequences
INFO(123907484813120)2026-02-09 18:17:41,368:deblurring 5773 sequences
INFO(123680612296512)2026-02-09 18:17:41,671:263 unique sequences left following deblurring
INFO(123680612296512)2026-02-09 18:17:41,672:remove_chimeras_denovo_from_seqs seqs file /tmp/tmp49nt6dx8/deblur_working_dir/PUF-BOT-5_10_L001_R1_001.fastq.gz.trim.derep.no_artifacts.msa.deblurto working dir /tmp/tmp49nt6dx8/deblur_working_dir
INFO(123680612296512)2026-02-09 18:17:41,844:finished processing file
INFO(123680612296512)2026-02-09 18:17:41,844:finished processing per sample fasta files
INFO(123680612296512)2026-02-09 18:17:41,844:worker thread for /tmp/qiime2/luis/data/984ddec7-55d3-46f2-81a6-13a40d407496/data/PUF-BOT-5_10_L001_R1_001.fastq.gz finished
INFO(139339894589248)2026-02-09 18:17:42,651:*************************
INFO(139339894589248)2026-02-09 18:17:42,651:deblurring started
WARNING(139339894589248)2026-02-09 18:17:42,652:deblur version 1.1.1 workflow started on /tmp/qiime2/luis/data/984ddec7-55d3-46f2-81a6-13a40d407496/data/PUF-IPEX-5_26_L001_R1_001.fastq.gz
WARNING(139339894589248)2026-02-09 18:17:42,652:parameters: {'seqs_fp': '/tmp/qiime2/luis/data/984ddec7-55d3-46f2-81a6-13a40d407496/data/PUF-IPEX-5_26_L001_R1_001.fastq.gz', 'output_dir': '/tmp/tmp49nt6dx8', 'pos_ref_fp': ('/tmp/qiime2/luis/data/24c3fd7b-d797-45d8-8c62-edb383bdc88c/data/dna-sequences.fasta',), 'pos_ref_db_fp': ('/tmp/tmp49nt6dx8/deblur_working_dir/dna-sequences',), 'neg_ref_fp': (), 'neg_ref_db_fp': ('/tmp/tmp49nt6dx8/deblur_working_dir/artifacts',), 'overwrite': True, 'mean_error': 0.005, 'error_dist': [1.0, 0.06, 0.02, 0.02, 0.01, 0.005, 0.005, 0.005, 0.001, 0.001, 0.001, 0.0005], 'indel_prob': 0.01, 'indel_max': 3, 'trim_length': -1, 'left_trim_length': 0, 'min_reads': 1, 'min_size': 1, 'threads_per_sample': 1, 'keep_tmp_files': True, 'log_level': 2, 'log_file': '/home/luis/Documents/Projects/PUF-PAS_AirDNA/01_QIIME_pt2/01_Deblur/bin/deblur.log', 'jobs_to_start': 1, 'is_worker_thread': True, 'logger': <Logger __main__ (INFO)>}
INFO(139339894589248)2026-02-09 18:17:42,652:error_dist is : [1.0, 0.06, 0.02, 0.02, 0.01, 0.005, 0.005, 0.005, 0.001, 0.001, 0.001, 0.0005]
INFO(139339894589248)2026-02-09 18:17:42,652:deblur worker thread started
INFO(139339894589248)2026-02-09 18:17:42,652:processing per sample fasta files
INFO(139339894589248)2026-02-09 18:17:42,652:--------------------------------------------------------
INFO(139339894589248)2026-02-09 18:17:42,652:launch_workflow for file /tmp/qiime2/luis/data/984ddec7-55d3-46f2-81a6-13a40d407496/data/PUF-IPEX-5_26_L001_R1_001.fastq.gz
INFO(123907484813120)2026-02-09 18:17:44,353:471 unique sequences left following deblurring
INFO(123907484813120)2026-02-09 18:17:44,357:remove_chimeras_denovo_from_seqs seqs file /tmp/tmp49nt6dx8/deblur_working_dir/PUF-MBO-10_39_L001_R1_001.fastq.gz.trim.derep.no_artifacts.msa.deblurto working dir /tmp/tmp49nt6dx8/deblur_working_dir
INFO(123907484813120)2026-02-09 18:17:44,699:finished processing file
INFO(123907484813120)2026-02-09 18:17:44,700:finished processing per sample fasta files
INFO(123907484813120)2026-02-09 18:17:44,700:worker thread for /tmp/qiime2/luis/data/984ddec7-55d3-46f2-81a6-13a40d407496/data/PUF-MBO-10_39_L001_R1_001.fastq.gz finished
INFO(138325069002560)2026-02-09 18:17:44,870:552 unique sequences left following deblurring
INFO(138325069002560)2026-02-09 18:17:44,875:remove_chimeras_denovo_from_seqs seqs file /tmp/tmp49nt6dx8/deblur_working_dir/PUF-IPEX-9_29_L001_R1_001.fastq.gz.trim.derep.no_artifacts.msa.deblurto working dir /tmp/tmp49nt6dx8/deblur_working_dir
INFO(138325069002560)2026-02-09 18:17:45,526:finished processing file
INFO(138325069002560)2026-02-09 18:17:45,526:finished processing per sample fasta files
INFO(138325069002560)2026-02-09 18:17:45,527:worker thread for /tmp/qiime2/luis/data/984ddec7-55d3-46f2-81a6-13a40d407496/data/PUF-IPEX-9_29_L001_R1_001.fastq.gz finished
INFO(138493104727872)2026-02-09 18:17:45,681:*************************
INFO(138493104727872)2026-02-09 18:17:45,681:deblurring started
WARNING(138493104727872)2026-02-09 18:17:45,681:deblur version 1.1.1 workflow started on /tmp/qiime2/luis/data/984ddec7-55d3-46f2-81a6-13a40d407496/data/PUF-IPEX-4_25_L001_R1_001.fastq.gz
WARNING(138493104727872)2026-02-09 18:17:45,681:parameters: {'seqs_fp': '/tmp/qiime2/luis/data/984ddec7-55d3-46f2-81a6-13a40d407496/data/PUF-IPEX-4_25_L001_R1_001.fastq.gz', 'output_dir': '/tmp/tmp49nt6dx8', 'pos_ref_fp': ('/tmp/qiime2/luis/data/24c3fd7b-d797-45d8-8c62-edb383bdc88c/data/dna-sequences.fasta',), 'pos_ref_db_fp': ('/tmp/tmp49nt6dx8/deblur_working_dir/dna-sequences',), 'neg_ref_fp': (), 'neg_ref_db_fp': ('/tmp/tmp49nt6dx8/deblur_working_dir/artifacts',), 'overwrite': True, 'mean_error': 0.005, 'error_dist': [1.0, 0.06, 0.02, 0.02, 0.01, 0.005, 0.005, 0.005, 0.001, 0.001, 0.001, 0.0005], 'indel_prob': 0.01, 'indel_max': 3, 'trim_length': -1, 'left_trim_length': 0, 'min_reads': 1, 'min_size': 1, 'threads_per_sample': 1, 'keep_tmp_files': True, 'log_level': 2, 'log_file': '/home/luis/Documents/Projects/PUF-PAS_AirDNA/01_QIIME_pt2/01_Deblur/bin/deblur.log', 'jobs_to_start': 1, 'is_worker_thread': True, 'logger': <Logger __main__ (INFO)>}
INFO(138493104727872)2026-02-09 18:17:45,681:error_dist is : [1.0, 0.06, 0.02, 0.02, 0.01, 0.005, 0.005, 0.005, 0.001, 0.001, 0.001, 0.0005]
INFO(138493104727872)2026-02-09 18:17:45,681:deblur worker thread started
INFO(138493104727872)2026-02-09 18:17:45,681:processing per sample fasta files
INFO(138493104727872)2026-02-09 18:17:45,681:--------------------------------------------------------
INFO(138493104727872)2026-02-09 18:17:45,681:launch_workflow for file /tmp/qiime2/luis/data/984ddec7-55d3-46f2-81a6-13a40d407496/data/PUF-IPEX-4_25_L001_R1_001.fastq.gz
INFO(129025440184128)2026-02-09 18:17:46,464:*************************
INFO(129025440184128)2026-02-09 18:17:46,464:deblurring started
WARNING(129025440184128)2026-02-09 18:17:46,464:deblur version 1.1.1 workflow started on /tmp/qiime2/luis/data/984ddec7-55d3-46f2-81a6-13a40d407496/data/Ins-Door_3_L001_R1_001.fastq.gz
WARNING(129025440184128)2026-02-09 18:17:46,464:parameters: {'seqs_fp': '/tmp/qiime2/luis/data/984ddec7-55d3-46f2-81a6-13a40d407496/data/Ins-Door_3_L001_R1_001.fastq.gz', 'output_dir': '/tmp/tmp49nt6dx8', 'pos_ref_fp': ('/tmp/qiime2/luis/data/24c3fd7b-d797-45d8-8c62-edb383bdc88c/data/dna-sequences.fasta',), 'pos_ref_db_fp': ('/tmp/tmp49nt6dx8/deblur_working_dir/dna-sequences',), 'neg_ref_fp': (), 'neg_ref_db_fp': ('/tmp/tmp49nt6dx8/deblur_working_dir/artifacts',), 'overwrite': True, 'mean_error': 0.005, 'error_dist': [1.0, 0.06, 0.02, 0.02, 0.01, 0.005, 0.005, 0.005, 0.001, 0.001, 0.001, 0.0005], 'indel_prob': 0.01, 'indel_max': 3, 'trim_length': -1, 'left_trim_length': 0, 'min_reads': 1, 'min_size': 1, 'threads_per_sample': 1, 'keep_tmp_files': True, 'log_level': 2, 'log_file': '/home/luis/Documents/Projects/PUF-PAS_AirDNA/01_QIIME_pt2/01_Deblur/bin/deblur.log', 'jobs_to_start': 1, 'is_worker_thread': True, 'logger': <Logger __main__ (INFO)>}
INFO(129025440184128)2026-02-09 18:17:46,464:error_dist is : [1.0, 0.06, 0.02, 0.02, 0.01, 0.005, 0.005, 0.005, 0.001, 0.001, 0.001, 0.0005]
INFO(129025440184128)2026-02-09 18:17:46,464:deblur worker thread started
INFO(129025440184128)2026-02-09 18:17:46,464:processing per sample fasta files
INFO(129025440184128)2026-02-09 18:17:46,464:--------------------------------------------------------
INFO(129025440184128)2026-02-09 18:17:46,464:launch_workflow for file /tmp/qiime2/luis/data/984ddec7-55d3-46f2-81a6-13a40d407496/data/Ins-Door_3_L001_R1_001.fastq.gz
INFO(129025440184128)2026-02-09 18:17:46,490:dereplicate seqs file /tmp/tmp49nt6dx8/deblur_working_dir/Ins-Door_3_L001_R1_001.fastq.gz.trim
INFO(129025440184128)2026-02-09 18:17:46,498:remove_artifacts_seqs file /tmp/tmp49nt6dx8/deblur_working_dir/Ins-Door_3_L001_R1_001.fastq.gz.trim.derep
INFO(129025440184128)2026-02-09 18:17:46,873:total sequences 34, passing sequences 34, failing sequences 0
INFO(129025440184128)2026-02-09 18:17:46,873:multiple_sequence_alignment seqs file /tmp/tmp49nt6dx8/deblur_working_dir/Ins-Door_3_L001_R1_001.fastq.gz.trim.derep.no_artifacts
INFO(139339894589248)2026-02-09 18:17:46,915:dereplicate seqs file /tmp/tmp49nt6dx8/deblur_working_dir/PUF-IPEX-5_26_L001_R1_001.fastq.gz.trim
INFO(139339894589248)2026-02-09 18:17:46,966:remove_artifacts_seqs file /tmp/tmp49nt6dx8/deblur_working_dir/PUF-IPEX-5_26_L001_R1_001.fastq.gz.trim.derep
INFO(139339894589248)2026-02-09 18:17:47,524:total sequences 8446, passing sequences 8446, failing sequences 0
INFO(139339894589248)2026-02-09 18:17:47,524:multiple_sequence_alignment seqs file /tmp/tmp49nt6dx8/deblur_working_dir/PUF-IPEX-5_26_L001_R1_001.fastq.gz.trim.derep.no_artifacts
INFO(129025440184128)2026-02-09 18:17:47,632:deblurring 34 sequences
INFO(129025440184128)2026-02-09 18:17:47,634:4 unique sequences left following deblurring
INFO(129025440184128)2026-02-09 18:17:47,634:remove_chimeras_denovo_from_seqs seqs file /tmp/tmp49nt6dx8/deblur_working_dir/Ins-Door_3_L001_R1_001.fastq.gz.trim.derep.no_artifacts.msa.deblurto working dir /tmp/tmp49nt6dx8/deblur_working_dir
INFO(129025440184128)2026-02-09 18:17:47,645:finished processing file
INFO(129025440184128)2026-02-09 18:17:47,645:finished processing per sample fasta files
INFO(129025440184128)2026-02-09 18:17:47,645:worker thread for /tmp/qiime2/luis/data/984ddec7-55d3-46f2-81a6-13a40d407496/data/Ins-Door_3_L001_R1_001.fastq.gz finished
INFO(131725927610176)2026-02-09 18:17:48,477:*************************
INFO(131725927610176)2026-02-09 18:17:48,477:deblurring started
WARNING(131725927610176)2026-02-09 18:17:48,478:deblur version 1.1.1 workflow started on /tmp/qiime2/luis/data/984ddec7-55d3-46f2-81a6-13a40d407496/data/PUF-BOU-3_17_L001_R1_001.fastq.gz
WARNING(131725927610176)2026-02-09 18:17:48,478:parameters: {'seqs_fp': '/tmp/qiime2/luis/data/984ddec7-55d3-46f2-81a6-13a40d407496/data/PUF-BOU-3_17_L001_R1_001.fastq.gz', 'output_dir': '/tmp/tmp49nt6dx8', 'pos_ref_fp': ('/tmp/qiime2/luis/data/24c3fd7b-d797-45d8-8c62-edb383bdc88c/data/dna-sequences.fasta',), 'pos_ref_db_fp': ('/tmp/tmp49nt6dx8/deblur_working_dir/dna-sequences',), 'neg_ref_fp': (), 'neg_ref_db_fp': ('/tmp/tmp49nt6dx8/deblur_working_dir/artifacts',), 'overwrite': True, 'mean_error': 0.005, 'error_dist': [1.0, 0.06, 0.02, 0.02, 0.01, 0.005, 0.005, 0.005, 0.001, 0.001, 0.001, 0.0005], 'indel_prob': 0.01, 'indel_max': 3, 'trim_length': -1, 'left_trim_length': 0, 'min_reads': 1, 'min_size': 1, 'threads_per_sample': 1, 'keep_tmp_files': True, 'log_level': 2, 'log_file': '/home/luis/Documents/Projects/PUF-PAS_AirDNA/01_QIIME_pt2/01_Deblur/bin/deblur.log', 'jobs_to_start': 1, 'is_worker_thread': True, 'logger': <Logger __main__ (INFO)>}
INFO(131725927610176)2026-02-09 18:17:48,478:error_dist is : [1.0, 0.06, 0.02, 0.02, 0.01, 0.005, 0.005, 0.005, 0.001, 0.001, 0.001, 0.0005]
INFO(131725927610176)2026-02-09 18:17:48,478:deblur worker thread started
INFO(131725927610176)2026-02-09 18:17:48,478:processing per sample fasta files
INFO(131725927610176)2026-02-09 18:17:48,478:--------------------------------------------------------
INFO(131725927610176)2026-02-09 18:17:48,478:launch_workflow for file /tmp/qiime2/luis/data/984ddec7-55d3-46f2-81a6-13a40d407496/data/PUF-BOU-3_17_L001_R1_001.fastq.gz
INFO(138493104727872)2026-02-09 18:17:48,609:dereplicate seqs file /tmp/tmp49nt6dx8/deblur_working_dir/PUF-IPEX-4_25_L001_R1_001.fastq.gz.trim
INFO(138493104727872)2026-02-09 18:17:48,648:remove_artifacts_seqs file /tmp/tmp49nt6dx8/deblur_working_dir/PUF-IPEX-4_25_L001_R1_001.fastq.gz.trim.derep
INFO(138493104727872)2026-02-09 18:17:49,174:total sequences 6651, passing sequences 6651, failing sequences 0
INFO(138493104727872)2026-02-09 18:17:49,174:multiple_sequence_alignment seqs file /tmp/tmp49nt6dx8/deblur_working_dir/PUF-IPEX-4_25_L001_R1_001.fastq.gz.trim.derep.no_artifacts
INFO(131725927610176)2026-02-09 18:17:49,192:dereplicate seqs file /tmp/tmp49nt6dx8/deblur_working_dir/PUF-BOU-3_17_L001_R1_001.fastq.gz.trim
INFO(131725927610176)2026-02-09 18:17:49,203:remove_artifacts_seqs file /tmp/tmp49nt6dx8/deblur_working_dir/PUF-BOU-3_17_L001_R1_001.fastq.gz.trim.derep
INFO(131725927610176)2026-02-09 18:17:49,574:total sequences 1825, passing sequences 1825, failing sequences 0
INFO(131725927610176)2026-02-09 18:17:49,574:multiple_sequence_alignment seqs file /tmp/tmp49nt6dx8/deblur_working_dir/PUF-BOU-3_17_L001_R1_001.fastq.gz.trim.derep.no_artifacts
INFO(133002405316416)2026-02-09 18:17:49,970:deblurring 2576 sequences
INFO(133002405316416)2026-02-09 18:17:50,755:282 unique sequences left following deblurring
INFO(133002405316416)2026-02-09 18:17:50,757:remove_chimeras_denovo_from_seqs seqs file /tmp/tmp49nt6dx8/deblur_working_dir/PUF-BOT-2_8_L001_R1_001.fastq.gz.trim.derep.no_artifacts.msa.deblurto working dir /tmp/tmp49nt6dx8/deblur_working_dir
INFO(133002405316416)2026-02-09 18:17:50,942:finished processing file
INFO(133002405316416)2026-02-09 18:17:50,942:finished processing per sample fasta files
INFO(133002405316416)2026-02-09 18:17:50,942:worker thread for /tmp/qiime2/luis/data/984ddec7-55d3-46f2-81a6-13a40d407496/data/PUF-BOT-2_8_L001_R1_001.fastq.gz finished
INFO(129023377053504)2026-02-09 18:17:51,719:*************************
INFO(129023377053504)2026-02-09 18:17:51,719:deblurring started
WARNING(129023377053504)2026-02-09 18:17:51,719:deblur version 1.1.1 workflow started on /tmp/qiime2/luis/data/984ddec7-55d3-46f2-81a6-13a40d407496/data/PUF-MBO-3_41_L001_R1_001.fastq.gz
WARNING(129023377053504)2026-02-09 18:17:51,719:parameters: {'seqs_fp': '/tmp/qiime2/luis/data/984ddec7-55d3-46f2-81a6-13a40d407496/data/PUF-MBO-3_41_L001_R1_001.fastq.gz', 'output_dir': '/tmp/tmp49nt6dx8', 'pos_ref_fp': ('/tmp/qiime2/luis/data/24c3fd7b-d797-45d8-8c62-edb383bdc88c/data/dna-sequences.fasta',), 'pos_ref_db_fp': ('/tmp/tmp49nt6dx8/deblur_working_dir/dna-sequences',), 'neg_ref_fp': (), 'neg_ref_db_fp': ('/tmp/tmp49nt6dx8/deblur_working_dir/artifacts',), 'overwrite': True, 'mean_error': 0.005, 'error_dist': [1.0, 0.06, 0.02, 0.02, 0.01, 0.005, 0.005, 0.005, 0.001, 0.001, 0.001, 0.0005], 'indel_prob': 0.01, 'indel_max': 3, 'trim_length': -1, 'left_trim_length': 0, 'min_reads': 1, 'min_size': 1, 'threads_per_sample': 1, 'keep_tmp_files': True, 'log_level': 2, 'log_file': '/home/luis/Documents/Projects/PUF-PAS_AirDNA/01_QIIME_pt2/01_Deblur/bin/deblur.log', 'jobs_to_start': 1, 'is_worker_thread': True, 'logger': <Logger __main__ (INFO)>}
INFO(129023377053504)2026-02-09 18:17:51,719:error_dist is : [1.0, 0.06, 0.02, 0.02, 0.01, 0.005, 0.005, 0.005, 0.001, 0.001, 0.001, 0.0005]
INFO(129023377053504)2026-02-09 18:17:51,720:deblur worker thread started
INFO(129023377053504)2026-02-09 18:17:51,720:processing per sample fasta files
INFO(129023377053504)2026-02-09 18:17:51,720:--------------------------------------------------------
INFO(129023377053504)2026-02-09 18:17:51,720:launch_workflow for file /tmp/qiime2/luis/data/984ddec7-55d3-46f2-81a6-13a40d407496/data/PUF-MBO-3_41_L001_R1_001.fastq.gz
INFO(129023377053504)2026-02-09 18:17:54,379:dereplicate seqs file /tmp/tmp49nt6dx8/deblur_working_dir/PUF-MBO-3_41_L001_R1_001.fastq.gz.trim
INFO(129023377053504)2026-02-09 18:17:54,413:remove_artifacts_seqs file /tmp/tmp49nt6dx8/deblur_working_dir/PUF-MBO-3_41_L001_R1_001.fastq.gz.trim.derep
INFO(127930925111104)2026-02-09 18:17:54,610:deblurring 6659 sequences
INFO(129023377053504)2026-02-09 18:17:54,867:total sequences 5540, passing sequences 5540, failing sequences 0
INFO(129023377053504)2026-02-09 18:17:54,867:multiple_sequence_alignment seqs file /tmp/tmp49nt6dx8/deblur_working_dir/PUF-MBO-3_41_L001_R1_001.fastq.gz.trim.derep.no_artifacts
INFO(131725927610176)2026-02-09 18:17:54,915:deblurring 1825 sequences
INFO(131725927610176)2026-02-09 18:17:55,228:172 unique sequences left following deblurring
INFO(131725927610176)2026-02-09 18:17:55,229:remove_chimeras_denovo_from_seqs seqs file /tmp/tmp49nt6dx8/deblur_working_dir/PUF-BOU-3_17_L001_R1_001.fastq.gz.trim.derep.no_artifacts.msa.deblurto working dir /tmp/tmp49nt6dx8/deblur_working_dir
INFO(131725927610176)2026-02-09 18:17:55,335:finished processing file
INFO(131725927610176)2026-02-09 18:17:55,335:finished processing per sample fasta files
INFO(131725927610176)2026-02-09 18:17:55,336:worker thread for /tmp/qiime2/luis/data/984ddec7-55d3-46f2-81a6-13a40d407496/data/PUF-BOU-3_17_L001_R1_001.fastq.gz finished
INFO(127486806800192)2026-02-09 18:17:56,135:*************************
INFO(127486806800192)2026-02-09 18:17:56,135:deblurring started
WARNING(127486806800192)2026-02-09 18:17:56,135:deblur version 1.1.1 workflow started on /tmp/qiime2/luis/data/984ddec7-55d3-46f2-81a6-13a40d407496/data/PUF-JD-3_32_L001_R1_001.fastq.gz
WARNING(127486806800192)2026-02-09 18:17:56,135:parameters: {'seqs_fp': '/tmp/qiime2/luis/data/984ddec7-55d3-46f2-81a6-13a40d407496/data/PUF-JD-3_32_L001_R1_001.fastq.gz', 'output_dir': '/tmp/tmp49nt6dx8', 'pos_ref_fp': ('/tmp/qiime2/luis/data/24c3fd7b-d797-45d8-8c62-edb383bdc88c/data/dna-sequences.fasta',), 'pos_ref_db_fp': ('/tmp/tmp49nt6dx8/deblur_working_dir/dna-sequences',), 'neg_ref_fp': (), 'neg_ref_db_fp': ('/tmp/tmp49nt6dx8/deblur_working_dir/artifacts',), 'overwrite': True, 'mean_error': 0.005, 'error_dist': [1.0, 0.06, 0.02, 0.02, 0.01, 0.005, 0.005, 0.005, 0.001, 0.001, 0.001, 0.0005], 'indel_prob': 0.01, 'indel_max': 3, 'trim_length': -1, 'left_trim_length': 0, 'min_reads': 1, 'min_size': 1, 'threads_per_sample': 1, 'keep_tmp_files': True, 'log_level': 2, 'log_file': '/home/luis/Documents/Projects/PUF-PAS_AirDNA/01_QIIME_pt2/01_Deblur/bin/deblur.log', 'jobs_to_start': 1, 'is_worker_thread': True, 'logger': <Logger __main__ (INFO)>}
INFO(127486806800192)2026-02-09 18:17:56,135:error_dist is : [1.0, 0.06, 0.02, 0.02, 0.01, 0.005, 0.005, 0.005, 0.001, 0.001, 0.001, 0.0005]
INFO(127486806800192)2026-02-09 18:17:56,135:deblur worker thread started
INFO(127486806800192)2026-02-09 18:17:56,135:processing per sample fasta files
INFO(127486806800192)2026-02-09 18:17:56,135:--------------------------------------------------------
INFO(127486806800192)2026-02-09 18:17:56,135:launch_workflow for file /tmp/qiime2/luis/data/984ddec7-55d3-46f2-81a6-13a40d407496/data/PUF-JD-3_32_L001_R1_001.fastq.gz
INFO(127486806800192)2026-02-09 18:17:57,285:dereplicate seqs file /tmp/tmp49nt6dx8/deblur_working_dir/PUF-JD-3_32_L001_R1_001.fastq.gz.trim
INFO(127486806800192)2026-02-09 18:17:57,302:remove_artifacts_seqs file /tmp/tmp49nt6dx8/deblur_working_dir/PUF-JD-3_32_L001_R1_001.fastq.gz.trim.derep
INFO(127486806800192)2026-02-09 18:17:57,692:total sequences 3190, passing sequences 3190, failing sequences 0
INFO(127486806800192)2026-02-09 18:17:57,692:multiple_sequence_alignment seqs file /tmp/tmp49nt6dx8/deblur_working_dir/PUF-JD-3_32_L001_R1_001.fastq.gz.trim.derep.no_artifacts
INFO(127930925111104)2026-02-09 18:18:00,539:778 unique sequences left following deblurring
INFO(127930925111104)2026-02-09 18:18:00,544:remove_chimeras_denovo_from_seqs seqs file /tmp/tmp49nt6dx8/deblur_working_dir/PUF-MBO-7_44_L001_R1_001.fastq.gz.trim.derep.no_artifacts.msa.deblurto working dir /tmp/tmp49nt6dx8/deblur_working_dir
INFO(127930925111104)2026-02-09 18:18:01,110:finished processing file
INFO(127930925111104)2026-02-09 18:18:01,111:finished processing per sample fasta files
INFO(127930925111104)2026-02-09 18:18:01,111:worker thread for /tmp/qiime2/luis/data/984ddec7-55d3-46f2-81a6-13a40d407496/data/PUF-MBO-7_44_L001_R1_001.fastq.gz finished
INFO(124183875262272)2026-02-09 18:18:01,910:*************************
INFO(124183875262272)2026-02-09 18:18:01,911:deblurring started
WARNING(124183875262272)2026-02-09 18:18:01,911:deblur version 1.1.1 workflow started on /tmp/qiime2/luis/data/984ddec7-55d3-46f2-81a6-13a40d407496/data/PUF-BOT-1_7_L001_R1_001.fastq.gz
WARNING(124183875262272)2026-02-09 18:18:01,911:parameters: {'seqs_fp': '/tmp/qiime2/luis/data/984ddec7-55d3-46f2-81a6-13a40d407496/data/PUF-BOT-1_7_L001_R1_001.fastq.gz', 'output_dir': '/tmp/tmp49nt6dx8', 'pos_ref_fp': ('/tmp/qiime2/luis/data/24c3fd7b-d797-45d8-8c62-edb383bdc88c/data/dna-sequences.fasta',), 'pos_ref_db_fp': ('/tmp/tmp49nt6dx8/deblur_working_dir/dna-sequences',), 'neg_ref_fp': (), 'neg_ref_db_fp': ('/tmp/tmp49nt6dx8/deblur_working_dir/artifacts',), 'overwrite': True, 'mean_error': 0.005, 'error_dist': [1.0, 0.06, 0.02, 0.02, 0.01, 0.005, 0.005, 0.005, 0.001, 0.001, 0.001, 0.0005], 'indel_prob': 0.01, 'indel_max': 3, 'trim_length': -1, 'left_trim_length': 0, 'min_reads': 1, 'min_size': 1, 'threads_per_sample': 1, 'keep_tmp_files': True, 'log_level': 2, 'log_file': '/home/luis/Documents/Projects/PUF-PAS_AirDNA/01_QIIME_pt2/01_Deblur/bin/deblur.log', 'jobs_to_start': 1, 'is_worker_thread': True, 'logger': <Logger __main__ (INFO)>}
INFO(124183875262272)2026-02-09 18:18:01,911:error_dist is : [1.0, 0.06, 0.02, 0.02, 0.01, 0.005, 0.005, 0.005, 0.001, 0.001, 0.001, 0.0005]
INFO(124183875262272)2026-02-09 18:18:01,911:deblur worker thread started
INFO(124183875262272)2026-02-09 18:18:01,911:processing per sample fasta files
INFO(124183875262272)2026-02-09 18:18:01,911:--------------------------------------------------------
INFO(124183875262272)2026-02-09 18:18:01,911:launch_workflow for file /tmp/qiime2/luis/data/984ddec7-55d3-46f2-81a6-13a40d407496/data/PUF-BOT-1_7_L001_R1_001.fastq.gz
INFO(124183875262272)2026-02-09 18:18:02,949:dereplicate seqs file /tmp/tmp49nt6dx8/deblur_working_dir/PUF-BOT-1_7_L001_R1_001.fastq.gz.trim
INFO(124183875262272)2026-02-09 18:18:02,966:remove_artifacts_seqs file /tmp/tmp49nt6dx8/deblur_working_dir/PUF-BOT-1_7_L001_R1_001.fastq.gz.trim.derep
INFO(124183875262272)2026-02-09 18:18:03,360:total sequences 2774, passing sequences 2774, failing sequences 0
INFO(124183875262272)2026-02-09 18:18:03,360:multiple_sequence_alignment seqs file /tmp/tmp49nt6dx8/deblur_working_dir/PUF-BOT-1_7_L001_R1_001.fastq.gz.trim.derep.no_artifacts
INFO(127486806800192)2026-02-09 18:18:10,747:deblurring 3190 sequences
INFO(127486806800192)2026-02-09 18:18:12,043:385 unique sequences left following deblurring
INFO(127486806800192)2026-02-09 18:18:12,045:remove_chimeras_denovo_from_seqs seqs file /tmp/tmp49nt6dx8/deblur_working_dir/PUF-JD-3_32_L001_R1_001.fastq.gz.trim.derep.no_artifacts.msa.deblurto working dir /tmp/tmp49nt6dx8/deblur_working_dir
INFO(124317961504576)2026-02-09 18:18:12,174:deblurring 5635 sequences
INFO(127486806800192)2026-02-09 18:18:12,301:finished processing file
INFO(127486806800192)2026-02-09 18:18:12,302:finished processing per sample fasta files
INFO(127486806800192)2026-02-09 18:18:12,302:worker thread for /tmp/qiime2/luis/data/984ddec7-55d3-46f2-81a6-13a40d407496/data/PUF-JD-3_32_L001_R1_001.fastq.gz finished
INFO(124183875262272)2026-02-09 18:18:13,580:deblurring 2774 sequences
INFO(124183875262272)2026-02-09 18:18:14,335:266 unique sequences left following deblurring
INFO(124183875262272)2026-02-09 18:18:14,337:remove_chimeras_denovo_from_seqs seqs file /tmp/tmp49nt6dx8/deblur_working_dir/PUF-BOT-1_7_L001_R1_001.fastq.gz.trim.derep.no_artifacts.msa.deblurto working dir /tmp/tmp49nt6dx8/deblur_working_dir
INFO(124183875262272)2026-02-09 18:18:14,508:finished processing file
INFO(124183875262272)2026-02-09 18:18:14,508:finished processing per sample fasta files
INFO(124183875262272)2026-02-09 18:18:14,508:worker thread for /tmp/qiime2/luis/data/984ddec7-55d3-46f2-81a6-13a40d407496/data/PUF-BOT-1_7_L001_R1_001.fastq.gz finished
INFO(124317961504576)2026-02-09 18:18:16,181:631 unique sequences left following deblurring
INFO(124317961504576)2026-02-09 18:18:16,184:remove_chimeras_denovo_from_seqs seqs file /tmp/tmp49nt6dx8/deblur_working_dir/PUF-MBO-6_43_L001_R1_001.fastq.gz.trim.derep.no_artifacts.msa.deblurto working dir /tmp/tmp49nt6dx8/deblur_working_dir
INFO(124317961504576)2026-02-09 18:18:16,635:finished processing file
INFO(124317961504576)2026-02-09 18:18:16,636:finished processing per sample fasta files
INFO(124317961504576)2026-02-09 18:18:16,636:worker thread for /tmp/qiime2/luis/data/984ddec7-55d3-46f2-81a6-13a40d407496/data/PUF-MBO-6_43_L001_R1_001.fastq.gz finished
INFO(128616596141888)2026-02-09 18:18:17,403:*************************
INFO(128616596141888)2026-02-09 18:18:17,403:deblurring started
WARNING(128616596141888)2026-02-09 18:18:17,403:deblur version 1.1.1 workflow started on /tmp/qiime2/luis/data/984ddec7-55d3-46f2-81a6-13a40d407496/data/PUF-BOT-7_12_L001_R1_001.fastq.gz
WARNING(128616596141888)2026-02-09 18:18:17,403:parameters: {'seqs_fp': '/tmp/qiime2/luis/data/984ddec7-55d3-46f2-81a6-13a40d407496/data/PUF-BOT-7_12_L001_R1_001.fastq.gz', 'output_dir': '/tmp/tmp49nt6dx8', 'pos_ref_fp': ('/tmp/qiime2/luis/data/24c3fd7b-d797-45d8-8c62-edb383bdc88c/data/dna-sequences.fasta',), 'pos_ref_db_fp': ('/tmp/tmp49nt6dx8/deblur_working_dir/dna-sequences',), 'neg_ref_fp': (), 'neg_ref_db_fp': ('/tmp/tmp49nt6dx8/deblur_working_dir/artifacts',), 'overwrite': True, 'mean_error': 0.005, 'error_dist': [1.0, 0.06, 0.02, 0.02, 0.01, 0.005, 0.005, 0.005, 0.001, 0.001, 0.001, 0.0005], 'indel_prob': 0.01, 'indel_max': 3, 'trim_length': -1, 'left_trim_length': 0, 'min_reads': 1, 'min_size': 1, 'threads_per_sample': 1, 'keep_tmp_files': True, 'log_level': 2, 'log_file': '/home/luis/Documents/Projects/PUF-PAS_AirDNA/01_QIIME_pt2/01_Deblur/bin/deblur.log', 'jobs_to_start': 1, 'is_worker_thread': True, 'logger': <Logger __main__ (INFO)>}
INFO(128616596141888)2026-02-09 18:18:17,403:error_dist is : [1.0, 0.06, 0.02, 0.02, 0.01, 0.005, 0.005, 0.005, 0.001, 0.001, 0.001, 0.0005]
INFO(128616596141888)2026-02-09 18:18:17,403:deblur worker thread started
INFO(128616596141888)2026-02-09 18:18:17,403:processing per sample fasta files
INFO(128616596141888)2026-02-09 18:18:17,403:--------------------------------------------------------
INFO(128616596141888)2026-02-09 18:18:17,403:launch_workflow for file /tmp/qiime2/luis/data/984ddec7-55d3-46f2-81a6-13a40d407496/data/PUF-BOT-7_12_L001_R1_001.fastq.gz
INFO(128616596141888)2026-02-09 18:18:19,365:dereplicate seqs file /tmp/tmp49nt6dx8/deblur_working_dir/PUF-BOT-7_12_L001_R1_001.fastq.gz.trim
INFO(128616596141888)2026-02-09 18:18:19,393:remove_artifacts_seqs file /tmp/tmp49nt6dx8/deblur_working_dir/PUF-BOT-7_12_L001_R1_001.fastq.gz.trim.derep
INFO(128616596141888)2026-02-09 18:18:19,823:total sequences 5086, passing sequences 5086, failing sequences 0
INFO(128616596141888)2026-02-09 18:18:19,823:multiple_sequence_alignment seqs file /tmp/tmp49nt6dx8/deblur_working_dir/PUF-BOT-7_12_L001_R1_001.fastq.gz.trim.derep.no_artifacts
INFO(129023377053504)2026-02-09 18:18:27,048:deblurring 5540 sequences
INFO(129023377053504)2026-02-09 18:18:30,978:649 unique sequences left following deblurring
INFO(129023377053504)2026-02-09 18:18:30,981:remove_chimeras_denovo_from_seqs seqs file /tmp/tmp49nt6dx8/deblur_working_dir/PUF-MBO-3_41_L001_R1_001.fastq.gz.trim.derep.no_artifacts.msa.deblurto working dir /tmp/tmp49nt6dx8/deblur_working_dir
INFO(129023377053504)2026-02-09 18:18:31,434:finished processing file
INFO(129023377053504)2026-02-09 18:18:31,434:finished processing per sample fasta files
INFO(129023377053504)2026-02-09 18:18:31,434:worker thread for /tmp/qiime2/luis/data/984ddec7-55d3-46f2-81a6-13a40d407496/data/PUF-MBO-3_41_L001_R1_001.fastq.gz finished
INFO(137626171025216)2026-02-09 18:18:32,146:*************************
INFO(137626171025216)2026-02-09 18:18:32,146:deblurring started
WARNING(137626171025216)2026-02-09 18:18:32,146:deblur version 1.1.1 workflow started on /tmp/qiime2/luis/data/984ddec7-55d3-46f2-81a6-13a40d407496/data/PUF-BOT-4_9_L001_R1_001.fastq.gz
WARNING(137626171025216)2026-02-09 18:18:32,146:parameters: {'seqs_fp': '/tmp/qiime2/luis/data/984ddec7-55d3-46f2-81a6-13a40d407496/data/PUF-BOT-4_9_L001_R1_001.fastq.gz', 'output_dir': '/tmp/tmp49nt6dx8', 'pos_ref_fp': ('/tmp/qiime2/luis/data/24c3fd7b-d797-45d8-8c62-edb383bdc88c/data/dna-sequences.fasta',), 'pos_ref_db_fp': ('/tmp/tmp49nt6dx8/deblur_working_dir/dna-sequences',), 'neg_ref_fp': (), 'neg_ref_db_fp': ('/tmp/tmp49nt6dx8/deblur_working_dir/artifacts',), 'overwrite': True, 'mean_error': 0.005, 'error_dist': [1.0, 0.06, 0.02, 0.02, 0.01, 0.005, 0.005, 0.005, 0.001, 0.001, 0.001, 0.0005], 'indel_prob': 0.01, 'indel_max': 3, 'trim_length': -1, 'left_trim_length': 0, 'min_reads': 1, 'min_size': 1, 'threads_per_sample': 1, 'keep_tmp_files': True, 'log_level': 2, 'log_file': '/home/luis/Documents/Projects/PUF-PAS_AirDNA/01_QIIME_pt2/01_Deblur/bin/deblur.log', 'jobs_to_start': 1, 'is_worker_thread': True, 'logger': <Logger __main__ (INFO)>}
INFO(137626171025216)2026-02-09 18:18:32,146:error_dist is : [1.0, 0.06, 0.02, 0.02, 0.01, 0.005, 0.005, 0.005, 0.001, 0.001, 0.001, 0.0005]
INFO(137626171025216)2026-02-09 18:18:32,146:deblur worker thread started
INFO(137626171025216)2026-02-09 18:18:32,146:processing per sample fasta files
INFO(137626171025216)2026-02-09 18:18:32,146:--------------------------------------------------------
INFO(137626171025216)2026-02-09 18:18:32,146:launch_workflow for file /tmp/qiime2/luis/data/984ddec7-55d3-46f2-81a6-13a40d407496/data/PUF-BOT-4_9_L001_R1_001.fastq.gz
INFO(137626171025216)2026-02-09 18:18:32,913:dereplicate seqs file /tmp/tmp49nt6dx8/deblur_working_dir/PUF-BOT-4_9_L001_R1_001.fastq.gz.trim
INFO(137626171025216)2026-02-09 18:18:32,924:remove_artifacts_seqs file /tmp/tmp49nt6dx8/deblur_working_dir/PUF-BOT-4_9_L001_R1_001.fastq.gz.trim.derep
INFO(137626171025216)2026-02-09 18:18:33,263:total sequences 2017, passing sequences 2017, failing sequences 0
INFO(137626171025216)2026-02-09 18:18:33,263:multiple_sequence_alignment seqs file /tmp/tmp49nt6dx8/deblur_working_dir/PUF-BOT-4_9_L001_R1_001.fastq.gz.trim.derep.no_artifacts
INFO(138493104727872)2026-02-09 18:18:35,340:deblurring 6651 sequences
INFO(138493104727872)2026-02-09 18:18:38,280:413 unique sequences left following deblurring
INFO(138493104727872)2026-02-09 18:18:38,283:remove_chimeras_denovo_from_seqs seqs file /tmp/tmp49nt6dx8/deblur_working_dir/PUF-IPEX-4_25_L001_R1_001.fastq.gz.trim.derep.no_artifacts.msa.deblurto working dir /tmp/tmp49nt6dx8/deblur_working_dir
INFO(138493104727872)2026-02-09 18:18:38,560:finished processing file
INFO(138493104727872)2026-02-09 18:18:38,561:finished processing per sample fasta files
INFO(138493104727872)2026-02-09 18:18:38,561:worker thread for /tmp/qiime2/luis/data/984ddec7-55d3-46f2-81a6-13a40d407496/data/PUF-IPEX-4_25_L001_R1_001.fastq.gz finished
INFO(137626171025216)2026-02-09 18:18:39,268:deblurring 2017 sequences
INFO(139453122651968)2026-02-09 18:18:39,293:*************************
INFO(139453122651968)2026-02-09 18:18:39,293:deblurring started
WARNING(139453122651968)2026-02-09 18:18:39,293:deblur version 1.1.1 workflow started on /tmp/qiime2/luis/data/984ddec7-55d3-46f2-81a6-13a40d407496/data/PUF-BOU-1_15_L001_R1_001.fastq.gz
WARNING(139453122651968)2026-02-09 18:18:39,293:parameters: {'seqs_fp': '/tmp/qiime2/luis/data/984ddec7-55d3-46f2-81a6-13a40d407496/data/PUF-BOU-1_15_L001_R1_001.fastq.gz', 'output_dir': '/tmp/tmp49nt6dx8', 'pos_ref_fp': ('/tmp/qiime2/luis/data/24c3fd7b-d797-45d8-8c62-edb383bdc88c/data/dna-sequences.fasta',), 'pos_ref_db_fp': ('/tmp/tmp49nt6dx8/deblur_working_dir/dna-sequences',), 'neg_ref_fp': (), 'neg_ref_db_fp': ('/tmp/tmp49nt6dx8/deblur_working_dir/artifacts',), 'overwrite': True, 'mean_error': 0.005, 'error_dist': [1.0, 0.06, 0.02, 0.02, 0.01, 0.005, 0.005, 0.005, 0.001, 0.001, 0.001, 0.0005], 'indel_prob': 0.01, 'indel_max': 3, 'trim_length': -1, 'left_trim_length': 0, 'min_reads': 1, 'min_size': 1, 'threads_per_sample': 1, 'keep_tmp_files': True, 'log_level': 2, 'log_file': '/home/luis/Documents/Projects/PUF-PAS_AirDNA/01_QIIME_pt2/01_Deblur/bin/deblur.log', 'jobs_to_start': 1, 'is_worker_thread': True, 'logger': <Logger __main__ (INFO)>}
INFO(139453122651968)2026-02-09 18:18:39,293:error_dist is : [1.0, 0.06, 0.02, 0.02, 0.01, 0.005, 0.005, 0.005, 0.001, 0.001, 0.001, 0.0005]
INFO(139453122651968)2026-02-09 18:18:39,293:deblur worker thread started
INFO(139453122651968)2026-02-09 18:18:39,293:processing per sample fasta files
INFO(139453122651968)2026-02-09 18:18:39,294:--------------------------------------------------------
INFO(139453122651968)2026-02-09 18:18:39,294:launch_workflow for file /tmp/qiime2/luis/data/984ddec7-55d3-46f2-81a6-13a40d407496/data/PUF-BOU-1_15_L001_R1_001.fastq.gz
INFO(139453122651968)2026-02-09 18:18:39,441:dereplicate seqs file /tmp/tmp49nt6dx8/deblur_working_dir/PUF-BOU-1_15_L001_R1_001.fastq.gz.trim
INFO(139453122651968)2026-02-09 18:18:39,446:remove_artifacts_seqs file /tmp/tmp49nt6dx8/deblur_working_dir/PUF-BOU-1_15_L001_R1_001.fastq.gz.trim.derep
INFO(137626171025216)2026-02-09 18:18:39,739:243 unique sequences left following deblurring
INFO(137626171025216)2026-02-09 18:18:39,740:remove_chimeras_denovo_from_seqs seqs file /tmp/tmp49nt6dx8/deblur_working_dir/PUF-BOT-4_9_L001_R1_001.fastq.gz.trim.derep.no_artifacts.msa.deblurto working dir /tmp/tmp49nt6dx8/deblur_working_dir
INFO(139453122651968)2026-02-09 18:18:39,742:total sequences 462, passing sequences 462, failing sequences 0
INFO(139453122651968)2026-02-09 18:18:39,743:multiple_sequence_alignment seqs file /tmp/tmp49nt6dx8/deblur_working_dir/PUF-BOU-1_15_L001_R1_001.fastq.gz.trim.derep.no_artifacts
INFO(137626171025216)2026-02-09 18:18:39,896:finished processing file
INFO(137626171025216)2026-02-09 18:18:39,896:finished processing per sample fasta files
INFO(137626171025216)2026-02-09 18:18:39,897:worker thread for /tmp/qiime2/luis/data/984ddec7-55d3-46f2-81a6-13a40d407496/data/PUF-BOT-4_9_L001_R1_001.fastq.gz finished
INFO(139453122651968)2026-02-09 18:18:45,550:deblurring 462 sequences
INFO(139453122651968)2026-02-09 18:18:45,593:88 unique sequences left following deblurring
INFO(139453122651968)2026-02-09 18:18:45,593:remove_chimeras_denovo_from_seqs seqs file /tmp/tmp49nt6dx8/deblur_working_dir/PUF-BOU-1_15_L001_R1_001.fastq.gz.trim.derep.no_artifacts.msa.deblurto working dir /tmp/tmp49nt6dx8/deblur_working_dir
INFO(139453122651968)2026-02-09 18:18:45,647:finished processing file
INFO(139453122651968)2026-02-09 18:18:45,647:finished processing per sample fasta files
INFO(139453122651968)2026-02-09 18:18:45,647:worker thread for /tmp/qiime2/luis/data/984ddec7-55d3-46f2-81a6-13a40d407496/data/PUF-BOU-1_15_L001_R1_001.fastq.gz finished
INFO(128616596141888)2026-02-09 18:18:47,359:deblurring 5086 sequences
INFO(128616596141888)2026-02-09 18:18:49,215:374 unique sequences left following deblurring
INFO(128616596141888)2026-02-09 18:18:49,220:remove_chimeras_denovo_from_seqs seqs file /tmp/tmp49nt6dx8/deblur_working_dir/PUF-BOT-7_12_L001_R1_001.fastq.gz.trim.derep.no_artifacts.msa.deblurto working dir /tmp/tmp49nt6dx8/deblur_working_dir
INFO(128616596141888)2026-02-09 18:18:49,450:finished processing file
INFO(128616596141888)2026-02-09 18:18:49,451:finished processing per sample fasta files
INFO(128616596141888)2026-02-09 18:18:49,451:worker thread for /tmp/qiime2/luis/data/984ddec7-55d3-46f2-81a6-13a40d407496/data/PUF-BOT-7_12_L001_R1_001.fastq.gz finished
INFO(139339894589248)2026-02-09 18:18:57,057:deblurring 8446 sequences
INFO(139339894589248)2026-02-09 18:19:00,968:548 unique sequences left following deblurring
INFO(139339894589248)2026-02-09 18:19:00,971:remove_chimeras_denovo_from_seqs seqs file /tmp/tmp49nt6dx8/deblur_working_dir/PUF-IPEX-5_26_L001_R1_001.fastq.gz.trim.derep.no_artifacts.msa.deblurto working dir /tmp/tmp49nt6dx8/deblur_working_dir
INFO(139339894589248)2026-02-09 18:19:01,310:finished processing file
INFO(139339894589248)2026-02-09 18:19:01,311:finished processing per sample fasta files
INFO(139339894589248)2026-02-09 18:19:01,311:worker thread for /tmp/qiime2/luis/data/984ddec7-55d3-46f2-81a6-13a40d407496/data/PUF-IPEX-5_26_L001_R1_001.fastq.gz finished
INFO(133597866915648)2026-02-09 18:19:01,899:*************************
INFO(133597866915648)2026-02-09 18:19:01,899:deblurring started
WARNING(133597866915648)2026-02-09 18:19:01,900:deblur version 1.1.1 workflow started on /tmp/qiime2/luis/data/984ddec7-55d3-46f2-81a6-13a40d407496/data/PUF-BOU-6_20_L001_R1_001.fastq.gz
WARNING(133597866915648)2026-02-09 18:19:01,900:parameters: {'seqs_fp': '/tmp/qiime2/luis/data/984ddec7-55d3-46f2-81a6-13a40d407496/data/PUF-BOU-6_20_L001_R1_001.fastq.gz', 'output_dir': '/tmp/tmp49nt6dx8', 'pos_ref_fp': ('/tmp/qiime2/luis/data/24c3fd7b-d797-45d8-8c62-edb383bdc88c/data/dna-sequences.fasta',), 'pos_ref_db_fp': ('/tmp/tmp49nt6dx8/deblur_working_dir/dna-sequences',), 'neg_ref_fp': (), 'neg_ref_db_fp': ('/tmp/tmp49nt6dx8/deblur_working_dir/artifacts',), 'overwrite': True, 'mean_error': 0.005, 'error_dist': [1.0, 0.06, 0.02, 0.02, 0.01, 0.005, 0.005, 0.005, 0.001, 0.001, 0.001, 0.0005], 'indel_prob': 0.01, 'indel_max': 3, 'trim_length': -1, 'left_trim_length': 0, 'min_reads': 1, 'min_size': 1, 'threads_per_sample': 1, 'keep_tmp_files': True, 'log_level': 2, 'log_file': '/home/luis/Documents/Projects/PUF-PAS_AirDNA/01_QIIME_pt2/01_Deblur/bin/deblur.log', 'jobs_to_start': 1, 'is_worker_thread': True, 'logger': <Logger __main__ (INFO)>}
INFO(133597866915648)2026-02-09 18:19:01,900:error_dist is : [1.0, 0.06, 0.02, 0.02, 0.01, 0.005, 0.005, 0.005, 0.001, 0.001, 0.001, 0.0005]
INFO(133597866915648)2026-02-09 18:19:01,900:deblur worker thread started
INFO(133597866915648)2026-02-09 18:19:01,900:processing per sample fasta files
INFO(133597866915648)2026-02-09 18:19:01,900:--------------------------------------------------------
INFO(133597866915648)2026-02-09 18:19:01,900:launch_workflow for file /tmp/qiime2/luis/data/984ddec7-55d3-46f2-81a6-13a40d407496/data/PUF-BOU-6_20_L001_R1_001.fastq.gz
INFO(133597866915648)2026-02-09 18:19:02,664:dereplicate seqs file /tmp/tmp49nt6dx8/deblur_working_dir/PUF-BOU-6_20_L001_R1_001.fastq.gz.trim
INFO(133597866915648)2026-02-09 18:19:02,676:remove_artifacts_seqs file /tmp/tmp49nt6dx8/deblur_working_dir/PUF-BOU-6_20_L001_R1_001.fastq.gz.trim.derep
INFO(133597866915648)2026-02-09 18:19:02,989:total sequences 2302, passing sequences 2302, failing sequences 0
INFO(133597866915648)2026-02-09 18:19:02,989:multiple_sequence_alignment seqs file /tmp/tmp49nt6dx8/deblur_working_dir/PUF-BOU-6_20_L001_R1_001.fastq.gz.trim.derep.no_artifacts
INFO(133597866915648)2026-02-09 18:19:09,563:deblurring 2302 sequences
INFO(133597866915648)2026-02-09 18:19:10,094:260 unique sequences left following deblurring
INFO(133597866915648)2026-02-09 18:19:10,095:remove_chimeras_denovo_from_seqs seqs file /tmp/tmp49nt6dx8/deblur_working_dir/PUF-BOU-6_20_L001_R1_001.fastq.gz.trim.derep.no_artifacts.msa.deblurto working dir /tmp/tmp49nt6dx8/deblur_working_dir
INFO(133597866915648)2026-02-09 18:19:10,250:finished processing file
INFO(133597866915648)2026-02-09 18:19:10,250:finished processing per sample fasta files
INFO(133597866915648)2026-02-09 18:19:10,250:worker thread for /tmp/qiime2/luis/data/984ddec7-55d3-46f2-81a6-13a40d407496/data/PUF-BOU-6_20_L001_R1_001.fastq.gz finished
INFO(128274575066944)2026-02-09 18:19:10,353:create_otu_table for 48 samples, into output table /tmp/tmp49nt6dx8/all.biom
INFO(128274575066944)2026-02-09 18:19:10,619:for output biom table loaded 48 samples, 7826 unique sequences
INFO(128274575066944)2026-02-09 18:19:10,623:keeping 7826 (out of 7826 sequences) with >=1 reads
INFO(128274575066944)2026-02-09 18:19:10,719:saved to biom file /tmp/tmp49nt6dx8/all.biom
INFO(128274575066944)2026-02-09 18:19:10,728:saved sequence fasta file to /tmp/tmp49nt6dx8/all.seqs.fa
INFO(128274575066944)2026-02-09 18:19:10,730:getting 16s sequences from the biom table
INFO(128274575066944)2026-02-09 18:19:10,730:remove_artifacts_seqs file /tmp/tmp49nt6dx8/all.seqs.fa
INFO(128274575066944)2026-02-09 18:26:23,815:total sequences 7826, passing sequences 7387, failing sequences 439
WARNING(128274575066944)2026-02-09 18:26:23,899:removed 7 samples with reads per sample<1
INFO(128274575066944)2026-02-09 18:26:23,903:wrote artifact only filtered biom table to /tmp/tmp49nt6dx8/reference-non-hit.biom
INFO(128274575066944)2026-02-09 18:26:23,904:saved biom table sequences to fasta file /tmp/tmp49nt6dx8/reference-non-hit.seqs.fa
INFO(128274575066944)2026-02-09 18:26:23,935:wrote 16s filtered biom table to /tmp/tmp49nt6dx8/reference-hit.biom
INFO(128274575066944)2026-02-09 18:26:23,947:saved biom table sequences to fasta file /tmp/tmp49nt6dx8/reference-hit.seqs.fa
INFO(128274575066944)2026-02-09 18:26:23,949:Keeping temp files
INFO(128274575066944)2026-02-09 18:26:23,949:deblur workflow finished
INFO(128274575066944)2026-02-09 18:26:23,949:output saved to /tmp/tmp49nt6dx8/all.biom
INFO(128274575066944)2026-02-09 18:26:23,950:------------------
INFO(128444582831936)2026-02-09 18:26:50,891:*************************
INFO(128444582831936)2026-02-09 18:26:50,891:deblurring started
WARNING(128444582831936)2026-02-09 18:26:50,891:deblur version 1.1.1 workflow started on /tmp/qiime2/luis/data/a8dd656d-6ec7-4475-a5b8-fb56bffea0d4/data
WARNING(128444582831936)2026-02-09 18:26:50,891:parameters: {'seqs_fp': '/tmp/qiime2/luis/data/a8dd656d-6ec7-4475-a5b8-fb56bffea0d4/data', 'output_dir': '/tmp/tmpv7136rbh', 'pos_ref_fp': ('/tmp/qiime2/luis/data/24c3fd7b-d797-45d8-8c62-edb383bdc88c/data/dna-sequences.fasta',), 'pos_ref_db_fp': (), 'neg_ref_fp': (), 'neg_ref_db_fp': (), 'overwrite': True, 'mean_error': 0.005, 'error_dist': [1.0, 0.06, 0.02, 0.02, 0.01, 0.005, 0.005, 0.005, 0.001, 0.001, 0.001, 0.0005], 'indel_prob': 0.01, 'indel_max': 3, 'trim_length': -1, 'left_trim_length': 0, 'min_reads': 1, 'min_size': 1, 'threads_per_sample': 1, 'keep_tmp_files': True, 'log_level': 2, 'log_file': '/home/luis/Documents/Projects/PUF-PAS_AirDNA/01_QIIME_pt2/01_Deblur/bin/deblur.log', 'jobs_to_start': 6, 'is_worker_thread': False, 'logger': <Logger __main__ (INFO)>}
INFO(128444582831936)2026-02-09 18:26:50,892:error_dist is : [1.0, 0.06, 0.02, 0.02, 0.01, 0.005, 0.005, 0.005, 0.001, 0.001, 0.001, 0.0005]
INFO(128444582831936)2026-02-09 18:26:50,892:deblur main program started
INFO(128444582831936)2026-02-09 18:26:50,892:processing directory /tmp/qiime2/luis/data/a8dd656d-6ec7-4475-a5b8-fb56bffea0d4/data
INFO(128444582831936)2026-02-09 18:26:50,893:building negative db sortmerna index files
INFO(128444582831936)2026-02-09 18:26:50,893:build_index_sortmerna files ['/home/luis/miniconda3/envs/qiime2/lib/python3.10/site-packages/deblur/support_files/artifacts.fa'] to dir /tmp/tmpv7136rbh/deblur_working_dir
INFO(128444582831936)2026-02-09 18:26:50,920:building positive db sortmerna index files
INFO(128444582831936)2026-02-09 18:26:50,920:build_index_sortmerna files ('/tmp/qiime2/luis/data/24c3fd7b-d797-45d8-8c62-edb383bdc88c/data/dna-sequences.fasta',) to dir /tmp/tmpv7136rbh/deblur_working_dir
INFO(128444582831936)2026-02-09 19:19:32,239:parallel processing per sample fasta files
INFO(128444582831936)2026-02-09 19:19:32,247:parallel deblur started for 48 inputs
INFO(126819003885376)2026-02-09 19:19:32,915:*************************
INFO(126819003885376)2026-02-09 19:19:32,915:deblurring started
WARNING(126819003885376)2026-02-09 19:19:32,916:deblur version 1.1.1 workflow started on /tmp/qiime2/luis/data/a8dd656d-6ec7-4475-a5b8-fb56bffea0d4/data/PUF-JD-7_35_L001_R1_001.fastq.gz
WARNING(126819003885376)2026-02-09 19:19:32,916:parameters: {'seqs_fp': '/tmp/qiime2/luis/data/a8dd656d-6ec7-4475-a5b8-fb56bffea0d4/data/PUF-JD-7_35_L001_R1_001.fastq.gz', 'output_dir': '/tmp/tmpv7136rbh', 'pos_ref_fp': ('/tmp/qiime2/luis/data/24c3fd7b-d797-45d8-8c62-edb383bdc88c/data/dna-sequences.fasta',), 'pos_ref_db_fp': ('/tmp/tmpv7136rbh/deblur_working_dir/dna-sequences',), 'neg_ref_fp': (), 'neg_ref_db_fp': ('/tmp/tmpv7136rbh/deblur_working_dir/artifacts',), 'overwrite': True, 'mean_error': 0.005, 'error_dist': [1.0, 0.06, 0.02, 0.02, 0.01, 0.005, 0.005, 0.005, 0.001, 0.001, 0.001, 0.0005], 'indel_prob': 0.01, 'indel_max': 3, 'trim_length': -1, 'left_trim_length': 0, 'min_reads': 1, 'min_size': 1, 'threads_per_sample': 1, 'keep_tmp_files': True, 'log_level': 2, 'log_file': '/home/luis/Documents/Projects/PUF-PAS_AirDNA/01_QIIME_pt2/01_Deblur/bin/deblur.log', 'jobs_to_start': 1, 'is_worker_thread': True, 'logger': <Logger __main__ (INFO)>}
INFO(126819003885376)2026-02-09 19:19:32,916:error_dist is : [1.0, 0.06, 0.02, 0.02, 0.01, 0.005, 0.005, 0.005, 0.001, 0.001, 0.001, 0.0005]
INFO(126819003885376)2026-02-09 19:19:32,916:deblur worker thread started
INFO(126819003885376)2026-02-09 19:19:32,916:processing per sample fasta files
INFO(126819003885376)2026-02-09 19:19:32,916:--------------------------------------------------------
INFO(126819003885376)2026-02-09 19:19:32,916:launch_workflow for file /tmp/qiime2/luis/data/a8dd656d-6ec7-4475-a5b8-fb56bffea0d4/data/PUF-JD-7_35_L001_R1_001.fastq.gz
INFO(125040975972160)2026-02-09 19:19:32,918:*************************
INFO(125040975972160)2026-02-09 19:19:32,918:deblurring started
WARNING(125040975972160)2026-02-09 19:19:32,918:deblur version 1.1.1 workflow started on /tmp/qiime2/luis/data/a8dd656d-6ec7-4475-a5b8-fb56bffea0d4/data/PUF-BOU-4_18_L001_R1_001.fastq.gz
WARNING(125040975972160)2026-02-09 19:19:32,918:parameters: {'seqs_fp': '/tmp/qiime2/luis/data/a8dd656d-6ec7-4475-a5b8-fb56bffea0d4/data/PUF-BOU-4_18_L001_R1_001.fastq.gz', 'output_dir': '/tmp/tmpv7136rbh', 'pos_ref_fp': ('/tmp/qiime2/luis/data/24c3fd7b-d797-45d8-8c62-edb383bdc88c/data/dna-sequences.fasta',), 'pos_ref_db_fp': ('/tmp/tmpv7136rbh/deblur_working_dir/dna-sequences',), 'neg_ref_fp': (), 'neg_ref_db_fp': ('/tmp/tmpv7136rbh/deblur_working_dir/artifacts',), 'overwrite': True, 'mean_error': 0.005, 'error_dist': [1.0, 0.06, 0.02, 0.02, 0.01, 0.005, 0.005, 0.005, 0.001, 0.001, 0.001, 0.0005], 'indel_prob': 0.01, 'indel_max': 3, 'trim_length': -1, 'left_trim_length': 0, 'min_reads': 1, 'min_size': 1, 'threads_per_sample': 1, 'keep_tmp_files': True, 'log_level': 2, 'log_file': '/home/luis/Documents/Projects/PUF-PAS_AirDNA/01_QIIME_pt2/01_Deblur/bin/deblur.log', 'jobs_to_start': 1, 'is_worker_thread': True, 'logger': <Logger __main__ (INFO)>}
INFO(125040975972160)2026-02-09 19:19:32,918:error_dist is : [1.0, 0.06, 0.02, 0.02, 0.01, 0.005, 0.005, 0.005, 0.001, 0.001, 0.001, 0.0005]
INFO(125040975972160)2026-02-09 19:19:32,918:deblur worker thread started
INFO(125040975972160)2026-02-09 19:19:32,918:processing per sample fasta files
INFO(125040975972160)2026-02-09 19:19:32,918:--------------------------------------------------------
INFO(125040975972160)2026-02-09 19:19:32,918:launch_workflow for file /tmp/qiime2/luis/data/a8dd656d-6ec7-4475-a5b8-fb56bffea0d4/data/PUF-BOU-4_18_L001_R1_001.fastq.gz
INFO(128660790495040)2026-02-09 19:19:32,919:*************************
INFO(128660790495040)2026-02-09 19:19:32,919:deblurring started
WARNING(128660790495040)2026-02-09 19:19:32,919:deblur version 1.1.1 workflow started on /tmp/qiime2/luis/data/a8dd656d-6ec7-4475-a5b8-fb56bffea0d4/data/PUF-MBO-9_46_L001_R1_001.fastq.gz
WARNING(128660790495040)2026-02-09 19:19:32,919:parameters: {'seqs_fp': '/tmp/qiime2/luis/data/a8dd656d-6ec7-4475-a5b8-fb56bffea0d4/data/PUF-MBO-9_46_L001_R1_001.fastq.gz', 'output_dir': '/tmp/tmpv7136rbh', 'pos_ref_fp': ('/tmp/qiime2/luis/data/24c3fd7b-d797-45d8-8c62-edb383bdc88c/data/dna-sequences.fasta',), 'pos_ref_db_fp': ('/tmp/tmpv7136rbh/deblur_working_dir/dna-sequences',), 'neg_ref_fp': (), 'neg_ref_db_fp': ('/tmp/tmpv7136rbh/deblur_working_dir/artifacts',), 'overwrite': True, 'mean_error': 0.005, 'error_dist': [1.0, 0.06, 0.02, 0.02, 0.01, 0.005, 0.005, 0.005, 0.001, 0.001, 0.001, 0.0005], 'indel_prob': 0.01, 'indel_max': 3, 'trim_length': -1, 'left_trim_length': 0, 'min_reads': 1, 'min_size': 1, 'threads_per_sample': 1, 'keep_tmp_files': True, 'log_level': 2, 'log_file': '/home/luis/Documents/Projects/PUF-PAS_AirDNA/01_QIIME_pt2/01_Deblur/bin/deblur.log', 'jobs_to_start': 1, 'is_worker_thread': True, 'logger': <Logger __main__ (INFO)>}
INFO(128660790495040)2026-02-09 19:19:32,919:error_dist is : [1.0, 0.06, 0.02, 0.02, 0.01, 0.005, 0.005, 0.005, 0.001, 0.001, 0.001, 0.0005]
INFO(128660790495040)2026-02-09 19:19:32,919:deblur worker thread started
INFO(128660790495040)2026-02-09 19:19:32,919:processing per sample fasta files
INFO(128660790495040)2026-02-09 19:19:32,919:--------------------------------------------------------
INFO(128660790495040)2026-02-09 19:19:32,919:launch_workflow for file /tmp/qiime2/luis/data/a8dd656d-6ec7-4475-a5b8-fb56bffea0d4/data/PUF-MBO-9_46_L001_R1_001.fastq.gz
INFO(132051142477632)2026-02-09 19:19:32,931:*************************
INFO(132051142477632)2026-02-09 19:19:32,931:deblurring started
WARNING(132051142477632)2026-02-09 19:19:32,931:deblur version 1.1.1 workflow started on /tmp/qiime2/luis/data/a8dd656d-6ec7-4475-a5b8-fb56bffea0d4/data/ctrl-PCR-neg-PUF_47_L001_R1_001.fastq.gz
WARNING(132051142477632)2026-02-09 19:19:32,932:parameters: {'seqs_fp': '/tmp/qiime2/luis/data/a8dd656d-6ec7-4475-a5b8-fb56bffea0d4/data/ctrl-PCR-neg-PUF_47_L001_R1_001.fastq.gz', 'output_dir': '/tmp/tmpv7136rbh', 'pos_ref_fp': ('/tmp/qiime2/luis/data/24c3fd7b-d797-45d8-8c62-edb383bdc88c/data/dna-sequences.fasta',), 'pos_ref_db_fp': ('/tmp/tmpv7136rbh/deblur_working_dir/dna-sequences',), 'neg_ref_fp': (), 'neg_ref_db_fp': ('/tmp/tmpv7136rbh/deblur_working_dir/artifacts',), 'overwrite': True, 'mean_error': 0.005, 'error_dist': [1.0, 0.06, 0.02, 0.02, 0.01, 0.005, 0.005, 0.005, 0.001, 0.001, 0.001, 0.0005], 'indel_prob': 0.01, 'indel_max': 3, 'trim_length': -1, 'left_trim_length': 0, 'min_reads': 1, 'min_size': 1, 'threads_per_sample': 1, 'keep_tmp_files': True, 'log_level': 2, 'log_file': '/home/luis/Documents/Projects/PUF-PAS_AirDNA/01_QIIME_pt2/01_Deblur/bin/deblur.log', 'jobs_to_start': 1, 'is_worker_thread': True, 'logger': <Logger __main__ (INFO)>}
INFO(132051142477632)2026-02-09 19:19:32,932:error_dist is : [1.0, 0.06, 0.02, 0.02, 0.01, 0.005, 0.005, 0.005, 0.001, 0.001, 0.001, 0.0005]
INFO(132051142477632)2026-02-09 19:19:32,932:deblur worker thread started
INFO(132051142477632)2026-02-09 19:19:32,932:processing per sample fasta files
INFO(132051142477632)2026-02-09 19:19:32,932:--------------------------------------------------------
INFO(132051142477632)2026-02-09 19:19:32,932:launch_workflow for file /tmp/qiime2/luis/data/a8dd656d-6ec7-4475-a5b8-fb56bffea0d4/data/ctrl-PCR-neg-PUF_47_L001_R1_001.fastq.gz
INFO(132069484455744)2026-02-09 19:19:32,934:*************************
INFO(132069484455744)2026-02-09 19:19:32,934:deblurring started
WARNING(132069484455744)2026-02-09 19:19:32,935:deblur version 1.1.1 workflow started on /tmp/qiime2/luis/data/a8dd656d-6ec7-4475-a5b8-fb56bffea0d4/data/PUF-JD-1_30_L001_R1_001.fastq.gz
WARNING(132069484455744)2026-02-09 19:19:32,935:parameters: {'seqs_fp': '/tmp/qiime2/luis/data/a8dd656d-6ec7-4475-a5b8-fb56bffea0d4/data/PUF-JD-1_30_L001_R1_001.fastq.gz', 'output_dir': '/tmp/tmpv7136rbh', 'pos_ref_fp': ('/tmp/qiime2/luis/data/24c3fd7b-d797-45d8-8c62-edb383bdc88c/data/dna-sequences.fasta',), 'pos_ref_db_fp': ('/tmp/tmpv7136rbh/deblur_working_dir/dna-sequences',), 'neg_ref_fp': (), 'neg_ref_db_fp': ('/tmp/tmpv7136rbh/deblur_working_dir/artifacts',), 'overwrite': True, 'mean_error': 0.005, 'error_dist': [1.0, 0.06, 0.02, 0.02, 0.01, 0.005, 0.005, 0.005, 0.001, 0.001, 0.001, 0.0005], 'indel_prob': 0.01, 'indel_max': 3, 'trim_length': -1, 'left_trim_length': 0, 'min_reads': 1, 'min_size': 1, 'threads_per_sample': 1, 'keep_tmp_files': True, 'log_level': 2, 'log_file': '/home/luis/Documents/Projects/PUF-PAS_AirDNA/01_QIIME_pt2/01_Deblur/bin/deblur.log', 'jobs_to_start': 1, 'is_worker_thread': True, 'logger': <Logger __main__ (INFO)>}
INFO(132069484455744)2026-02-09 19:19:32,935:error_dist is : [1.0, 0.06, 0.02, 0.02, 0.01, 0.005, 0.005, 0.005, 0.001, 0.001, 0.001, 0.0005]
INFO(132069484455744)2026-02-09 19:19:32,935:deblur worker thread started
INFO(132069484455744)2026-02-09 19:19:32,935:processing per sample fasta files
INFO(132069484455744)2026-02-09 19:19:32,935:--------------------------------------------------------
INFO(132069484455744)2026-02-09 19:19:32,935:launch_workflow for file /tmp/qiime2/luis/data/a8dd656d-6ec7-4475-a5b8-fb56bffea0d4/data/PUF-JD-1_30_L001_R1_001.fastq.gz
INFO(132051142477632)2026-02-09 19:19:32,936:dereplicate seqs file /tmp/tmpv7136rbh/deblur_working_dir/ctrl-PCR-neg-PUF_47_L001_R1_001.fastq.gz.trim
INFO(132051142477632)2026-02-09 19:19:32,939:remove_artifacts_seqs file /tmp/tmpv7136rbh/deblur_working_dir/ctrl-PCR-neg-PUF_47_L001_R1_001.fastq.gz.trim.derep
INFO(124525199333184)2026-02-09 19:19:32,959:*************************
INFO(124525199333184)2026-02-09 19:19:32,959:deblurring started
WARNING(124525199333184)2026-02-09 19:19:32,959:deblur version 1.1.1 workflow started on /tmp/qiime2/luis/data/a8dd656d-6ec7-4475-a5b8-fb56bffea0d4/data/PUF-BOU-8_21_L001_R1_001.fastq.gz
WARNING(124525199333184)2026-02-09 19:19:32,959:parameters: {'seqs_fp': '/tmp/qiime2/luis/data/a8dd656d-6ec7-4475-a5b8-fb56bffea0d4/data/PUF-BOU-8_21_L001_R1_001.fastq.gz', 'output_dir': '/tmp/tmpv7136rbh', 'pos_ref_fp': ('/tmp/qiime2/luis/data/24c3fd7b-d797-45d8-8c62-edb383bdc88c/data/dna-sequences.fasta',), 'pos_ref_db_fp': ('/tmp/tmpv7136rbh/deblur_working_dir/dna-sequences',), 'neg_ref_fp': (), 'neg_ref_db_fp': ('/tmp/tmpv7136rbh/deblur_working_dir/artifacts',), 'overwrite': True, 'mean_error': 0.005, 'error_dist': [1.0, 0.06, 0.02, 0.02, 0.01, 0.005, 0.005, 0.005, 0.001, 0.001, 0.001, 0.0005], 'indel_prob': 0.01, 'indel_max': 3, 'trim_length': -1, 'left_trim_length': 0, 'min_reads': 1, 'min_size': 1, 'threads_per_sample': 1, 'keep_tmp_files': True, 'log_level': 2, 'log_file': '/home/luis/Documents/Projects/PUF-PAS_AirDNA/01_QIIME_pt2/01_Deblur/bin/deblur.log', 'jobs_to_start': 1, 'is_worker_thread': True, 'logger': <Logger __main__ (INFO)>}
INFO(124525199333184)2026-02-09 19:19:32,960:error_dist is : [1.0, 0.06, 0.02, 0.02, 0.01, 0.005, 0.005, 0.005, 0.001, 0.001, 0.001, 0.0005]
INFO(124525199333184)2026-02-09 19:19:32,960:deblur worker thread started
INFO(124525199333184)2026-02-09 19:19:32,960:processing per sample fasta files
INFO(124525199333184)2026-02-09 19:19:32,960:--------------------------------------------------------
INFO(124525199333184)2026-02-09 19:19:32,960:launch_workflow for file /tmp/qiime2/luis/data/a8dd656d-6ec7-4475-a5b8-fb56bffea0d4/data/PUF-BOU-8_21_L001_R1_001.fastq.gz
INFO(132051142477632)2026-02-09 19:19:33,247:total sequences 6, passing sequences 6, failing sequences 0
INFO(132051142477632)2026-02-09 19:19:33,247:multiple_sequence_alignment seqs file /tmp/tmpv7136rbh/deblur_working_dir/ctrl-PCR-neg-PUF_47_L001_R1_001.fastq.gz.trim.derep.no_artifacts
INFO(132051142477632)2026-02-09 19:19:33,387:deblurring 6 sequences
INFO(132051142477632)2026-02-09 19:19:33,387:1 unique sequences left following deblurring
INFO(132051142477632)2026-02-09 19:19:33,387:remove_chimeras_denovo_from_seqs seqs file /tmp/tmpv7136rbh/deblur_working_dir/ctrl-PCR-neg-PUF_47_L001_R1_001.fastq.gz.trim.derep.no_artifacts.msa.deblurto working dir /tmp/tmpv7136rbh/deblur_working_dir
INFO(132051142477632)2026-02-09 19:19:33,396:finished processing file
INFO(132051142477632)2026-02-09 19:19:33,396:finished processing per sample fasta files
INFO(132051142477632)2026-02-09 19:19:33,396:worker thread for /tmp/qiime2/luis/data/a8dd656d-6ec7-4475-a5b8-fb56bffea0d4/data/ctrl-PCR-neg-PUF_47_L001_R1_001.fastq.gz finished
INFO(125040975972160)2026-02-09 19:19:33,602:dereplicate seqs file /tmp/tmpv7136rbh/deblur_working_dir/PUF-BOU-4_18_L001_R1_001.fastq.gz.trim
INFO(125040975972160)2026-02-09 19:19:33,617:remove_artifacts_seqs file /tmp/tmpv7136rbh/deblur_working_dir/PUF-BOU-4_18_L001_R1_001.fastq.gz.trim.derep
INFO(125040975972160)2026-02-09 19:19:33,990:total sequences 1891, passing sequences 1891, failing sequences 0
INFO(125040975972160)2026-02-09 19:19:33,990:multiple_sequence_alignment seqs file /tmp/tmpv7136rbh/deblur_working_dir/PUF-BOU-4_18_L001_R1_001.fastq.gz.trim.derep.no_artifacts
INFO(127638032832320)2026-02-09 19:19:34,141:*************************
INFO(127638032832320)2026-02-09 19:19:34,141:deblurring started
WARNING(127638032832320)2026-02-09 19:19:34,141:deblur version 1.1.1 workflow started on /tmp/qiime2/luis/data/a8dd656d-6ec7-4475-a5b8-fb56bffea0d4/data/PUF-IPEX-7_28_L001_R1_001.fastq.gz
WARNING(127638032832320)2026-02-09 19:19:34,141:parameters: {'seqs_fp': '/tmp/qiime2/luis/data/a8dd656d-6ec7-4475-a5b8-fb56bffea0d4/data/PUF-IPEX-7_28_L001_R1_001.fastq.gz', 'output_dir': '/tmp/tmpv7136rbh', 'pos_ref_fp': ('/tmp/qiime2/luis/data/24c3fd7b-d797-45d8-8c62-edb383bdc88c/data/dna-sequences.fasta',), 'pos_ref_db_fp': ('/tmp/tmpv7136rbh/deblur_working_dir/dna-sequences',), 'neg_ref_fp': (), 'neg_ref_db_fp': ('/tmp/tmpv7136rbh/deblur_working_dir/artifacts',), 'overwrite': True, 'mean_error': 0.005, 'error_dist': [1.0, 0.06, 0.02, 0.02, 0.01, 0.005, 0.005, 0.005, 0.001, 0.001, 0.001, 0.0005], 'indel_prob': 0.01, 'indel_max': 3, 'trim_length': -1, 'left_trim_length': 0, 'min_reads': 1, 'min_size': 1, 'threads_per_sample': 1, 'keep_tmp_files': True, 'log_level': 2, 'log_file': '/home/luis/Documents/Projects/PUF-PAS_AirDNA/01_QIIME_pt2/01_Deblur/bin/deblur.log', 'jobs_to_start': 1, 'is_worker_thread': True, 'logger': <Logger __main__ (INFO)>}
INFO(127638032832320)2026-02-09 19:19:34,141:error_dist is : [1.0, 0.06, 0.02, 0.02, 0.01, 0.005, 0.005, 0.005, 0.001, 0.001, 0.001, 0.0005]
INFO(127638032832320)2026-02-09 19:19:34,141:deblur worker thread started
INFO(127638032832320)2026-02-09 19:19:34,141:processing per sample fasta files
INFO(127638032832320)2026-02-09 19:19:34,142:--------------------------------------------------------
INFO(127638032832320)2026-02-09 19:19:34,142:launch_workflow for file /tmp/qiime2/luis/data/a8dd656d-6ec7-4475-a5b8-fb56bffea0d4/data/PUF-IPEX-7_28_L001_R1_001.fastq.gz
INFO(132069484455744)2026-02-09 19:19:34,469:dereplicate seqs file /tmp/tmpv7136rbh/deblur_working_dir/PUF-JD-1_30_L001_R1_001.fastq.gz.trim
INFO(132069484455744)2026-02-09 19:19:34,491:remove_artifacts_seqs file /tmp/tmpv7136rbh/deblur_working_dir/PUF-JD-1_30_L001_R1_001.fastq.gz.trim.derep
INFO(132069484455744)2026-02-09 19:19:34,851:total sequences 2421, passing sequences 2421, failing sequences 0
INFO(132069484455744)2026-02-09 19:19:34,851:multiple_sequence_alignment seqs file /tmp/tmpv7136rbh/deblur_working_dir/PUF-JD-1_30_L001_R1_001.fastq.gz.trim.derep.no_artifacts
INFO(124525199333184)2026-02-09 19:19:35,061:dereplicate seqs file /tmp/tmpv7136rbh/deblur_working_dir/PUF-BOU-8_21_L001_R1_001.fastq.gz.trim
INFO(124525199333184)2026-02-09 19:19:35,090:remove_artifacts_seqs file /tmp/tmpv7136rbh/deblur_working_dir/PUF-BOU-8_21_L001_R1_001.fastq.gz.trim.derep
INFO(124525199333184)2026-02-09 19:19:35,531:total sequences 5496, passing sequences 5496, failing sequences 0
INFO(124525199333184)2026-02-09 19:19:35,531:multiple_sequence_alignment seqs file /tmp/tmpv7136rbh/deblur_working_dir/PUF-BOU-8_21_L001_R1_001.fastq.gz.trim.derep.no_artifacts
INFO(127638032832320)2026-02-09 19:19:35,600:dereplicate seqs file /tmp/tmpv7136rbh/deblur_working_dir/PUF-IPEX-7_28_L001_R1_001.fastq.gz.trim
INFO(127638032832320)2026-02-09 19:19:35,621:remove_artifacts_seqs file /tmp/tmpv7136rbh/deblur_working_dir/PUF-IPEX-7_28_L001_R1_001.fastq.gz.trim.derep
INFO(126819003885376)2026-02-09 19:19:35,876:dereplicate seqs file /tmp/tmpv7136rbh/deblur_working_dir/PUF-JD-7_35_L001_R1_001.fastq.gz.trim
INFO(126819003885376)2026-02-09 19:19:35,915:remove_artifacts_seqs file /tmp/tmpv7136rbh/deblur_working_dir/PUF-JD-7_35_L001_R1_001.fastq.gz.trim.derep
INFO(128660790495040)2026-02-09 19:19:36,036:dereplicate seqs file /tmp/tmpv7136rbh/deblur_working_dir/PUF-MBO-9_46_L001_R1_001.fastq.gz.trim
INFO(127638032832320)2026-02-09 19:19:36,041:total sequences 4285, passing sequences 4285, failing sequences 0
INFO(127638032832320)2026-02-09 19:19:36,041:multiple_sequence_alignment seqs file /tmp/tmpv7136rbh/deblur_working_dir/PUF-IPEX-7_28_L001_R1_001.fastq.gz.trim.derep.no_artifacts
INFO(128660790495040)2026-02-09 19:19:36,076:remove_artifacts_seqs file /tmp/tmpv7136rbh/deblur_working_dir/PUF-MBO-9_46_L001_R1_001.fastq.gz.trim.derep
INFO(126819003885376)2026-02-09 19:19:36,418:total sequences 6388, passing sequences 6388, failing sequences 0
INFO(126819003885376)2026-02-09 19:19:36,418:multiple_sequence_alignment seqs file /tmp/tmpv7136rbh/deblur_working_dir/PUF-JD-7_35_L001_R1_001.fastq.gz.trim.derep.no_artifacts
INFO(128660790495040)2026-02-09 19:19:36,603:total sequences 6953, passing sequences 6953, failing sequences 0
INFO(128660790495040)2026-02-09 19:19:36,603:multiple_sequence_alignment seqs file /tmp/tmpv7136rbh/deblur_working_dir/PUF-MBO-9_46_L001_R1_001.fastq.gz.trim.derep.no_artifacts
INFO(125040975972160)2026-02-09 19:19:39,520:deblurring 1891 sequences
INFO(125040975972160)2026-02-09 19:19:39,953:196 unique sequences left following deblurring
INFO(125040975972160)2026-02-09 19:19:39,954:remove_chimeras_denovo_from_seqs seqs file /tmp/tmpv7136rbh/deblur_working_dir/PUF-BOU-4_18_L001_R1_001.fastq.gz.trim.derep.no_artifacts.msa.deblurto working dir /tmp/tmpv7136rbh/deblur_working_dir
INFO(125040975972160)2026-02-09 19:19:40,079:finished processing file
INFO(125040975972160)2026-02-09 19:19:40,079:finished processing per sample fasta files
INFO(125040975972160)2026-02-09 19:19:40,079:worker thread for /tmp/qiime2/luis/data/a8dd656d-6ec7-4475-a5b8-fb56bffea0d4/data/PUF-BOU-4_18_L001_R1_001.fastq.gz finished
INFO(134816911738688)2026-02-09 19:19:40,905:*************************
INFO(134816911738688)2026-02-09 19:19:40,905:deblurring started
WARNING(134816911738688)2026-02-09 19:19:40,906:deblur version 1.1.1 workflow started on /tmp/qiime2/luis/data/a8dd656d-6ec7-4475-a5b8-fb56bffea0d4/data/PUF-BOU-5_19_L001_R1_001.fastq.gz
WARNING(134816911738688)2026-02-09 19:19:40,906:parameters: {'seqs_fp': '/tmp/qiime2/luis/data/a8dd656d-6ec7-4475-a5b8-fb56bffea0d4/data/PUF-BOU-5_19_L001_R1_001.fastq.gz', 'output_dir': '/tmp/tmpv7136rbh', 'pos_ref_fp': ('/tmp/qiime2/luis/data/24c3fd7b-d797-45d8-8c62-edb383bdc88c/data/dna-sequences.fasta',), 'pos_ref_db_fp': ('/tmp/tmpv7136rbh/deblur_working_dir/dna-sequences',), 'neg_ref_fp': (), 'neg_ref_db_fp': ('/tmp/tmpv7136rbh/deblur_working_dir/artifacts',), 'overwrite': True, 'mean_error': 0.005, 'error_dist': [1.0, 0.06, 0.02, 0.02, 0.01, 0.005, 0.005, 0.005, 0.001, 0.001, 0.001, 0.0005], 'indel_prob': 0.01, 'indel_max': 3, 'trim_length': -1, 'left_trim_length': 0, 'min_reads': 1, 'min_size': 1, 'threads_per_sample': 1, 'keep_tmp_files': True, 'log_level': 2, 'log_file': '/home/luis/Documents/Projects/PUF-PAS_AirDNA/01_QIIME_pt2/01_Deblur/bin/deblur.log', 'jobs_to_start': 1, 'is_worker_thread': True, 'logger': <Logger __main__ (INFO)>}
INFO(134816911738688)2026-02-09 19:19:40,906:error_dist is : [1.0, 0.06, 0.02, 0.02, 0.01, 0.005, 0.005, 0.005, 0.001, 0.001, 0.001, 0.0005]
INFO(134816911738688)2026-02-09 19:19:40,906:deblur worker thread started
INFO(134816911738688)2026-02-09 19:19:40,906:processing per sample fasta files
INFO(134816911738688)2026-02-09 19:19:40,906:--------------------------------------------------------
INFO(134816911738688)2026-02-09 19:19:40,906:launch_workflow for file /tmp/qiime2/luis/data/a8dd656d-6ec7-4475-a5b8-fb56bffea0d4/data/PUF-BOU-5_19_L001_R1_001.fastq.gz
INFO(134816911738688)2026-02-09 19:19:42,878:dereplicate seqs file /tmp/tmpv7136rbh/deblur_working_dir/PUF-BOU-5_19_L001_R1_001.fastq.gz.trim
INFO(134816911738688)2026-02-09 19:19:42,905:remove_artifacts_seqs file /tmp/tmpv7136rbh/deblur_working_dir/PUF-BOU-5_19_L001_R1_001.fastq.gz.trim.derep
INFO(132069484455744)2026-02-09 19:19:43,106:deblurring 2421 sequences
INFO(134816911738688)2026-02-09 19:19:43,355:total sequences 4741, passing sequences 4741, failing sequences 0
INFO(134816911738688)2026-02-09 19:19:43,355:multiple_sequence_alignment seqs file /tmp/tmpv7136rbh/deblur_working_dir/PUF-BOU-5_19_L001_R1_001.fastq.gz.trim.derep.no_artifacts
INFO(132069484455744)2026-02-09 19:19:43,591:193 unique sequences left following deblurring
INFO(132069484455744)2026-02-09 19:19:43,592:remove_chimeras_denovo_from_seqs seqs file /tmp/tmpv7136rbh/deblur_working_dir/PUF-JD-1_30_L001_R1_001.fastq.gz.trim.derep.no_artifacts.msa.deblurto working dir /tmp/tmpv7136rbh/deblur_working_dir
INFO(132069484455744)2026-02-09 19:19:43,713:finished processing file
INFO(132069484455744)2026-02-09 19:19:43,714:finished processing per sample fasta files
INFO(132069484455744)2026-02-09 19:19:43,714:worker thread for /tmp/qiime2/luis/data/a8dd656d-6ec7-4475-a5b8-fb56bffea0d4/data/PUF-JD-1_30_L001_R1_001.fastq.gz finished
INFO(132073209997120)2026-02-09 19:19:44,586:*************************
INFO(132073209997120)2026-02-09 19:19:44,586:deblurring started
WARNING(132073209997120)2026-02-09 19:19:44,586:deblur version 1.1.1 workflow started on /tmp/qiime2/luis/data/a8dd656d-6ec7-4475-a5b8-fb56bffea0d4/data/PUF-MBO-1_38_L001_R1_001.fastq.gz
WARNING(132073209997120)2026-02-09 19:19:44,586:parameters: {'seqs_fp': '/tmp/qiime2/luis/data/a8dd656d-6ec7-4475-a5b8-fb56bffea0d4/data/PUF-MBO-1_38_L001_R1_001.fastq.gz', 'output_dir': '/tmp/tmpv7136rbh', 'pos_ref_fp': ('/tmp/qiime2/luis/data/24c3fd7b-d797-45d8-8c62-edb383bdc88c/data/dna-sequences.fasta',), 'pos_ref_db_fp': ('/tmp/tmpv7136rbh/deblur_working_dir/dna-sequences',), 'neg_ref_fp': (), 'neg_ref_db_fp': ('/tmp/tmpv7136rbh/deblur_working_dir/artifacts',), 'overwrite': True, 'mean_error': 0.005, 'error_dist': [1.0, 0.06, 0.02, 0.02, 0.01, 0.005, 0.005, 0.005, 0.001, 0.001, 0.001, 0.0005], 'indel_prob': 0.01, 'indel_max': 3, 'trim_length': -1, 'left_trim_length': 0, 'min_reads': 1, 'min_size': 1, 'threads_per_sample': 1, 'keep_tmp_files': True, 'log_level': 2, 'log_file': '/home/luis/Documents/Projects/PUF-PAS_AirDNA/01_QIIME_pt2/01_Deblur/bin/deblur.log', 'jobs_to_start': 1, 'is_worker_thread': True, 'logger': <Logger __main__ (INFO)>}
INFO(132073209997120)2026-02-09 19:19:44,586:error_dist is : [1.0, 0.06, 0.02, 0.02, 0.01, 0.005, 0.005, 0.005, 0.001, 0.001, 0.001, 0.0005]
INFO(132073209997120)2026-02-09 19:19:44,586:deblur worker thread started
INFO(132073209997120)2026-02-09 19:19:44,586:processing per sample fasta files
INFO(132073209997120)2026-02-09 19:19:44,586:--------------------------------------------------------
INFO(132073209997120)2026-02-09 19:19:44,586:launch_workflow for file /tmp/qiime2/luis/data/a8dd656d-6ec7-4475-a5b8-fb56bffea0d4/data/PUF-MBO-1_38_L001_R1_001.fastq.gz
INFO(132073209997120)2026-02-09 19:19:46,023:dereplicate seqs file /tmp/tmpv7136rbh/deblur_working_dir/PUF-MBO-1_38_L001_R1_001.fastq.gz.trim
INFO(132073209997120)2026-02-09 19:19:46,043:remove_artifacts_seqs file /tmp/tmpv7136rbh/deblur_working_dir/PUF-MBO-1_38_L001_R1_001.fastq.gz.trim.derep
INFO(132073209997120)2026-02-09 19:19:46,472:total sequences 3598, passing sequences 3598, failing sequences 0
INFO(132073209997120)2026-02-09 19:19:46,472:multiple_sequence_alignment seqs file /tmp/tmpv7136rbh/deblur_working_dir/PUF-MBO-1_38_L001_R1_001.fastq.gz.trim.derep.no_artifacts
INFO(127638032832320)2026-02-09 19:19:57,743:deblurring 4285 sequences
INFO(127638032832320)2026-02-09 19:20:00,010:471 unique sequences left following deblurring
INFO(127638032832320)2026-02-09 19:20:00,013:remove_chimeras_denovo_from_seqs seqs file /tmp/tmpv7136rbh/deblur_working_dir/PUF-IPEX-7_28_L001_R1_001.fastq.gz.trim.derep.no_artifacts.msa.deblurto working dir /tmp/tmpv7136rbh/deblur_working_dir
INFO(127638032832320)2026-02-09 19:20:00,343:finished processing file
INFO(127638032832320)2026-02-09 19:20:00,343:finished processing per sample fasta files
INFO(127638032832320)2026-02-09 19:20:00,343:worker thread for /tmp/qiime2/luis/data/a8dd656d-6ec7-4475-a5b8-fb56bffea0d4/data/PUF-IPEX-7_28_L001_R1_001.fastq.gz finished
INFO(124238877767488)2026-02-09 19:20:01,146:*************************
INFO(124238877767488)2026-02-09 19:20:01,146:deblurring started
WARNING(124238877767488)2026-02-09 19:20:01,146:deblur version 1.1.1 workflow started on /tmp/qiime2/luis/data/a8dd656d-6ec7-4475-a5b8-fb56bffea0d4/data/PUF-JD-2_31_L001_R1_001.fastq.gz
WARNING(124238877767488)2026-02-09 19:20:01,146:parameters: {'seqs_fp': '/tmp/qiime2/luis/data/a8dd656d-6ec7-4475-a5b8-fb56bffea0d4/data/PUF-JD-2_31_L001_R1_001.fastq.gz', 'output_dir': '/tmp/tmpv7136rbh', 'pos_ref_fp': ('/tmp/qiime2/luis/data/24c3fd7b-d797-45d8-8c62-edb383bdc88c/data/dna-sequences.fasta',), 'pos_ref_db_fp': ('/tmp/tmpv7136rbh/deblur_working_dir/dna-sequences',), 'neg_ref_fp': (), 'neg_ref_db_fp': ('/tmp/tmpv7136rbh/deblur_working_dir/artifacts',), 'overwrite': True, 'mean_error': 0.005, 'error_dist': [1.0, 0.06, 0.02, 0.02, 0.01, 0.005, 0.005, 0.005, 0.001, 0.001, 0.001, 0.0005], 'indel_prob': 0.01, 'indel_max': 3, 'trim_length': -1, 'left_trim_length': 0, 'min_reads': 1, 'min_size': 1, 'threads_per_sample': 1, 'keep_tmp_files': True, 'log_level': 2, 'log_file': '/home/luis/Documents/Projects/PUF-PAS_AirDNA/01_QIIME_pt2/01_Deblur/bin/deblur.log', 'jobs_to_start': 1, 'is_worker_thread': True, 'logger': <Logger __main__ (INFO)>}
INFO(124238877767488)2026-02-09 19:20:01,146:error_dist is : [1.0, 0.06, 0.02, 0.02, 0.01, 0.005, 0.005, 0.005, 0.001, 0.001, 0.001, 0.0005]
INFO(124238877767488)2026-02-09 19:20:01,146:deblur worker thread started
INFO(124238877767488)2026-02-09 19:20:01,146:processing per sample fasta files
INFO(124238877767488)2026-02-09 19:20:01,146:--------------------------------------------------------
INFO(124238877767488)2026-02-09 19:20:01,146:launch_workflow for file /tmp/qiime2/luis/data/a8dd656d-6ec7-4475-a5b8-fb56bffea0d4/data/PUF-JD-2_31_L001_R1_001.fastq.gz
INFO(132073209997120)2026-02-09 19:20:02,033:deblurring 3598 sequences
INFO(132073209997120)2026-02-09 19:20:03,206:303 unique sequences left following deblurring
INFO(132073209997120)2026-02-09 19:20:03,209:remove_chimeras_denovo_from_seqs seqs file /tmp/tmpv7136rbh/deblur_working_dir/PUF-MBO-1_38_L001_R1_001.fastq.gz.trim.derep.no_artifacts.msa.deblurto working dir /tmp/tmpv7136rbh/deblur_working_dir
INFO(132073209997120)2026-02-09 19:20:03,408:finished processing file
INFO(132073209997120)2026-02-09 19:20:03,408:finished processing per sample fasta files
INFO(132073209997120)2026-02-09 19:20:03,409:worker thread for /tmp/qiime2/luis/data/a8dd656d-6ec7-4475-a5b8-fb56bffea0d4/data/PUF-MBO-1_38_L001_R1_001.fastq.gz finished
INFO(124238877767488)2026-02-09 19:20:03,502:dereplicate seqs file /tmp/tmpv7136rbh/deblur_working_dir/PUF-JD-2_31_L001_R1_001.fastq.gz.trim
INFO(124238877767488)2026-02-09 19:20:03,530:remove_artifacts_seqs file /tmp/tmpv7136rbh/deblur_working_dir/PUF-JD-2_31_L001_R1_001.fastq.gz.trim.derep
INFO(124238877767488)2026-02-09 19:20:03,977:total sequences 3058, passing sequences 3058, failing sequences 0
INFO(124238877767488)2026-02-09 19:20:03,977:multiple_sequence_alignment seqs file /tmp/tmpv7136rbh/deblur_working_dir/PUF-JD-2_31_L001_R1_001.fastq.gz.trim.derep.no_artifacts
INFO(130685271975744)2026-02-09 19:20:04,229:*************************
INFO(130685271975744)2026-02-09 19:20:04,229:deblurring started
WARNING(130685271975744)2026-02-09 19:20:04,229:deblur version 1.1.1 workflow started on /tmp/qiime2/luis/data/a8dd656d-6ec7-4475-a5b8-fb56bffea0d4/data/PUF-BOU-9_22_L001_R1_001.fastq.gz
WARNING(130685271975744)2026-02-09 19:20:04,229:parameters: {'seqs_fp': '/tmp/qiime2/luis/data/a8dd656d-6ec7-4475-a5b8-fb56bffea0d4/data/PUF-BOU-9_22_L001_R1_001.fastq.gz', 'output_dir': '/tmp/tmpv7136rbh', 'pos_ref_fp': ('/tmp/qiime2/luis/data/24c3fd7b-d797-45d8-8c62-edb383bdc88c/data/dna-sequences.fasta',), 'pos_ref_db_fp': ('/tmp/tmpv7136rbh/deblur_working_dir/dna-sequences',), 'neg_ref_fp': (), 'neg_ref_db_fp': ('/tmp/tmpv7136rbh/deblur_working_dir/artifacts',), 'overwrite': True, 'mean_error': 0.005, 'error_dist': [1.0, 0.06, 0.02, 0.02, 0.01, 0.005, 0.005, 0.005, 0.001, 0.001, 0.001, 0.0005], 'indel_prob': 0.01, 'indel_max': 3, 'trim_length': -1, 'left_trim_length': 0, 'min_reads': 1, 'min_size': 1, 'threads_per_sample': 1, 'keep_tmp_files': True, 'log_level': 2, 'log_file': '/home/luis/Documents/Projects/PUF-PAS_AirDNA/01_QIIME_pt2/01_Deblur/bin/deblur.log', 'jobs_to_start': 1, 'is_worker_thread': True, 'logger': <Logger __main__ (INFO)>}
INFO(130685271975744)2026-02-09 19:20:04,229:error_dist is : [1.0, 0.06, 0.02, 0.02, 0.01, 0.005, 0.005, 0.005, 0.001, 0.001, 0.001, 0.0005]
INFO(130685271975744)2026-02-09 19:20:04,229:deblur worker thread started
INFO(130685271975744)2026-02-09 19:20:04,229:processing per sample fasta files
INFO(130685271975744)2026-02-09 19:20:04,230:--------------------------------------------------------
INFO(130685271975744)2026-02-09 19:20:04,230:launch_workflow for file /tmp/qiime2/luis/data/a8dd656d-6ec7-4475-a5b8-fb56bffea0d4/data/PUF-BOU-9_22_L001_R1_001.fastq.gz
INFO(130685271975744)2026-02-09 19:20:06,069:dereplicate seqs file /tmp/tmpv7136rbh/deblur_working_dir/PUF-BOU-9_22_L001_R1_001.fastq.gz.trim
INFO(130685271975744)2026-02-09 19:20:06,091:remove_artifacts_seqs file /tmp/tmpv7136rbh/deblur_working_dir/PUF-BOU-9_22_L001_R1_001.fastq.gz.trim.derep
INFO(130685271975744)2026-02-09 19:20:06,529:total sequences 3873, passing sequences 3873, failing sequences 0
INFO(130685271975744)2026-02-09 19:20:06,529:multiple_sequence_alignment seqs file /tmp/tmpv7136rbh/deblur_working_dir/PUF-BOU-9_22_L001_R1_001.fastq.gz.trim.derep.no_artifacts
INFO(134816911738688)2026-02-09 19:20:09,002:deblurring 4741 sequences
INFO(124525199333184)2026-02-09 19:20:09,749:deblurring 5496 sequences
INFO(134816911738688)2026-02-09 19:20:10,718:336 unique sequences left following deblurring
INFO(134816911738688)2026-02-09 19:20:10,720:remove_chimeras_denovo_from_seqs seqs file /tmp/tmpv7136rbh/deblur_working_dir/PUF-BOU-5_19_L001_R1_001.fastq.gz.trim.derep.no_artifacts.msa.deblurto working dir /tmp/tmpv7136rbh/deblur_working_dir
INFO(134816911738688)2026-02-09 19:20:10,946:finished processing file
INFO(134816911738688)2026-02-09 19:20:10,947:finished processing per sample fasta files
INFO(134816911738688)2026-02-09 19:20:10,947:worker thread for /tmp/qiime2/luis/data/a8dd656d-6ec7-4475-a5b8-fb56bffea0d4/data/PUF-BOU-5_19_L001_R1_001.fastq.gz finished
INFO(124525199333184)2026-02-09 19:20:11,502:290 unique sequences left following deblurring
INFO(124525199333184)2026-02-09 19:20:11,505:remove_chimeras_denovo_from_seqs seqs file /tmp/tmpv7136rbh/deblur_working_dir/PUF-BOU-8_21_L001_R1_001.fastq.gz.trim.derep.no_artifacts.msa.deblurto working dir /tmp/tmpv7136rbh/deblur_working_dir
INFO(124525199333184)2026-02-09 19:20:11,695:finished processing file
INFO(124525199333184)2026-02-09 19:20:11,696:finished processing per sample fasta files
INFO(124525199333184)2026-02-09 19:20:11,696:worker thread for /tmp/qiime2/luis/data/a8dd656d-6ec7-4475-a5b8-fb56bffea0d4/data/PUF-BOU-8_21_L001_R1_001.fastq.gz finished
INFO(123936688650048)2026-02-09 19:20:11,751:*************************
INFO(123936688650048)2026-02-09 19:20:11,751:deblurring started
WARNING(123936688650048)2026-02-09 19:20:11,751:deblur version 1.1.1 workflow started on /tmp/qiime2/luis/data/a8dd656d-6ec7-4475-a5b8-fb56bffea0d4/data/PUF-JD-6_34_L001_R1_001.fastq.gz
WARNING(123936688650048)2026-02-09 19:20:11,752:parameters: {'seqs_fp': '/tmp/qiime2/luis/data/a8dd656d-6ec7-4475-a5b8-fb56bffea0d4/data/PUF-JD-6_34_L001_R1_001.fastq.gz', 'output_dir': '/tmp/tmpv7136rbh', 'pos_ref_fp': ('/tmp/qiime2/luis/data/24c3fd7b-d797-45d8-8c62-edb383bdc88c/data/dna-sequences.fasta',), 'pos_ref_db_fp': ('/tmp/tmpv7136rbh/deblur_working_dir/dna-sequences',), 'neg_ref_fp': (), 'neg_ref_db_fp': ('/tmp/tmpv7136rbh/deblur_working_dir/artifacts',), 'overwrite': True, 'mean_error': 0.005, 'error_dist': [1.0, 0.06, 0.02, 0.02, 0.01, 0.005, 0.005, 0.005, 0.001, 0.001, 0.001, 0.0005], 'indel_prob': 0.01, 'indel_max': 3, 'trim_length': -1, 'left_trim_length': 0, 'min_reads': 1, 'min_size': 1, 'threads_per_sample': 1, 'keep_tmp_files': True, 'log_level': 2, 'log_file': '/home/luis/Documents/Projects/PUF-PAS_AirDNA/01_QIIME_pt2/01_Deblur/bin/deblur.log', 'jobs_to_start': 1, 'is_worker_thread': True, 'logger': <Logger __main__ (INFO)>}
INFO(123936688650048)2026-02-09 19:20:11,752:error_dist is : [1.0, 0.06, 0.02, 0.02, 0.01, 0.005, 0.005, 0.005, 0.001, 0.001, 0.001, 0.0005]
INFO(123936688650048)2026-02-09 19:20:11,752:deblur worker thread started
INFO(123936688650048)2026-02-09 19:20:11,752:processing per sample fasta files
INFO(123936688650048)2026-02-09 19:20:11,752:--------------------------------------------------------
INFO(123936688650048)2026-02-09 19:20:11,752:launch_workflow for file /tmp/qiime2/luis/data/a8dd656d-6ec7-4475-a5b8-fb56bffea0d4/data/PUF-JD-6_34_L001_R1_001.fastq.gz
INFO(131680054007616)2026-02-09 19:20:12,567:*************************
INFO(131680054007616)2026-02-09 19:20:12,567:deblurring started
WARNING(131680054007616)2026-02-09 19:20:12,567:deblur version 1.1.1 workflow started on /tmp/qiime2/luis/data/a8dd656d-6ec7-4475-a5b8-fb56bffea0d4/data/Ins-Top_4_L001_R1_001.fastq.gz
WARNING(131680054007616)2026-02-09 19:20:12,567:parameters: {'seqs_fp': '/tmp/qiime2/luis/data/a8dd656d-6ec7-4475-a5b8-fb56bffea0d4/data/Ins-Top_4_L001_R1_001.fastq.gz', 'output_dir': '/tmp/tmpv7136rbh', 'pos_ref_fp': ('/tmp/qiime2/luis/data/24c3fd7b-d797-45d8-8c62-edb383bdc88c/data/dna-sequences.fasta',), 'pos_ref_db_fp': ('/tmp/tmpv7136rbh/deblur_working_dir/dna-sequences',), 'neg_ref_fp': (), 'neg_ref_db_fp': ('/tmp/tmpv7136rbh/deblur_working_dir/artifacts',), 'overwrite': True, 'mean_error': 0.005, 'error_dist': [1.0, 0.06, 0.02, 0.02, 0.01, 0.005, 0.005, 0.005, 0.001, 0.001, 0.001, 0.0005], 'indel_prob': 0.01, 'indel_max': 3, 'trim_length': -1, 'left_trim_length': 0, 'min_reads': 1, 'min_size': 1, 'threads_per_sample': 1, 'keep_tmp_files': True, 'log_level': 2, 'log_file': '/home/luis/Documents/Projects/PUF-PAS_AirDNA/01_QIIME_pt2/01_Deblur/bin/deblur.log', 'jobs_to_start': 1, 'is_worker_thread': True, 'logger': <Logger __main__ (INFO)>}
INFO(131680054007616)2026-02-09 19:20:12,567:error_dist is : [1.0, 0.06, 0.02, 0.02, 0.01, 0.005, 0.005, 0.005, 0.001, 0.001, 0.001, 0.0005]
INFO(131680054007616)2026-02-09 19:20:12,567:deblur worker thread started
INFO(131680054007616)2026-02-09 19:20:12,567:processing per sample fasta files
INFO(131680054007616)2026-02-09 19:20:12,567:--------------------------------------------------------
INFO(131680054007616)2026-02-09 19:20:12,568:launch_workflow for file /tmp/qiime2/luis/data/a8dd656d-6ec7-4475-a5b8-fb56bffea0d4/data/Ins-Top_4_L001_R1_001.fastq.gz
INFO(131680054007616)2026-02-09 19:20:12,840:dereplicate seqs file /tmp/tmpv7136rbh/deblur_working_dir/Ins-Top_4_L001_R1_001.fastq.gz.trim
INFO(131680054007616)2026-02-09 19:20:12,845:remove_artifacts_seqs file /tmp/tmpv7136rbh/deblur_working_dir/Ins-Top_4_L001_R1_001.fastq.gz.trim.derep
INFO(131680054007616)2026-02-09 19:20:13,184:total sequences 457, passing sequences 457, failing sequences 0
INFO(131680054007616)2026-02-09 19:20:13,184:multiple_sequence_alignment seqs file /tmp/tmpv7136rbh/deblur_working_dir/Ins-Top_4_L001_R1_001.fastq.gz.trim.derep.no_artifacts
INFO(123936688650048)2026-02-09 19:20:13,617:dereplicate seqs file /tmp/tmpv7136rbh/deblur_working_dir/PUF-JD-6_34_L001_R1_001.fastq.gz.trim
INFO(123936688650048)2026-02-09 19:20:13,643:remove_artifacts_seqs file /tmp/tmpv7136rbh/deblur_working_dir/PUF-JD-6_34_L001_R1_001.fastq.gz.trim.derep
INFO(123936688650048)2026-02-09 19:20:14,093:total sequences 4350, passing sequences 4350, failing sequences 0
INFO(123936688650048)2026-02-09 19:20:14,093:multiple_sequence_alignment seqs file /tmp/tmpv7136rbh/deblur_working_dir/PUF-JD-6_34_L001_R1_001.fastq.gz.trim.derep.no_artifacts
INFO(124238877767488)2026-02-09 19:20:15,459:deblurring 3058 sequences
INFO(124238877767488)2026-02-09 19:20:16,094:170 unique sequences left following deblurring
INFO(124238877767488)2026-02-09 19:20:16,095:remove_chimeras_denovo_from_seqs seqs file /tmp/tmpv7136rbh/deblur_working_dir/PUF-JD-2_31_L001_R1_001.fastq.gz.trim.derep.no_artifacts.msa.deblurto working dir /tmp/tmpv7136rbh/deblur_working_dir
INFO(124238877767488)2026-02-09 19:20:16,205:finished processing file
INFO(124238877767488)2026-02-09 19:20:16,206:finished processing per sample fasta files
INFO(124238877767488)2026-02-09 19:20:16,206:worker thread for /tmp/qiime2/luis/data/a8dd656d-6ec7-4475-a5b8-fb56bffea0d4/data/PUF-JD-2_31_L001_R1_001.fastq.gz finished
INFO(132450594023232)2026-02-09 19:20:17,026:*************************
INFO(132450594023232)2026-02-09 19:20:17,027:deblurring started
WARNING(132450594023232)2026-02-09 19:20:17,027:deblur version 1.1.1 workflow started on /tmp/qiime2/luis/data/a8dd656d-6ec7-4475-a5b8-fb56bffea0d4/data/PUF-IPEX-10_23_L001_R1_001.fastq.gz
WARNING(132450594023232)2026-02-09 19:20:17,027:parameters: {'seqs_fp': '/tmp/qiime2/luis/data/a8dd656d-6ec7-4475-a5b8-fb56bffea0d4/data/PUF-IPEX-10_23_L001_R1_001.fastq.gz', 'output_dir': '/tmp/tmpv7136rbh', 'pos_ref_fp': ('/tmp/qiime2/luis/data/24c3fd7b-d797-45d8-8c62-edb383bdc88c/data/dna-sequences.fasta',), 'pos_ref_db_fp': ('/tmp/tmpv7136rbh/deblur_working_dir/dna-sequences',), 'neg_ref_fp': (), 'neg_ref_db_fp': ('/tmp/tmpv7136rbh/deblur_working_dir/artifacts',), 'overwrite': True, 'mean_error': 0.005, 'error_dist': [1.0, 0.06, 0.02, 0.02, 0.01, 0.005, 0.005, 0.005, 0.001, 0.001, 0.001, 0.0005], 'indel_prob': 0.01, 'indel_max': 3, 'trim_length': -1, 'left_trim_length': 0, 'min_reads': 1, 'min_size': 1, 'threads_per_sample': 1, 'keep_tmp_files': True, 'log_level': 2, 'log_file': '/home/luis/Documents/Projects/PUF-PAS_AirDNA/01_QIIME_pt2/01_Deblur/bin/deblur.log', 'jobs_to_start': 1, 'is_worker_thread': True, 'logger': <Logger __main__ (INFO)>}
INFO(132450594023232)2026-02-09 19:20:17,027:error_dist is : [1.0, 0.06, 0.02, 0.02, 0.01, 0.005, 0.005, 0.005, 0.001, 0.001, 0.001, 0.0005]
INFO(132450594023232)2026-02-09 19:20:17,027:deblur worker thread started
INFO(132450594023232)2026-02-09 19:20:17,027:processing per sample fasta files
INFO(132450594023232)2026-02-09 19:20:17,027:--------------------------------------------------------
INFO(132450594023232)2026-02-09 19:20:17,027:launch_workflow for file /tmp/qiime2/luis/data/a8dd656d-6ec7-4475-a5b8-fb56bffea0d4/data/PUF-IPEX-10_23_L001_R1_001.fastq.gz
INFO(131680054007616)2026-02-09 19:20:18,734:deblurring 457 sequences
INFO(131680054007616)2026-02-09 19:20:18,738:2 unique sequences left following deblurring
INFO(131680054007616)2026-02-09 19:20:18,738:remove_chimeras_denovo_from_seqs seqs file /tmp/tmpv7136rbh/deblur_working_dir/Ins-Top_4_L001_R1_001.fastq.gz.trim.derep.no_artifacts.msa.deblurto working dir /tmp/tmpv7136rbh/deblur_working_dir
INFO(131680054007616)2026-02-09 19:20:18,747:finished processing file
INFO(131680054007616)2026-02-09 19:20:18,748:finished processing per sample fasta files
INFO(131680054007616)2026-02-09 19:20:18,748:worker thread for /tmp/qiime2/luis/data/a8dd656d-6ec7-4475-a5b8-fb56bffea0d4/data/Ins-Top_4_L001_R1_001.fastq.gz finished
INFO(131492392826688)2026-02-09 19:20:19,563:*************************
INFO(131492392826688)2026-02-09 19:20:19,563:deblurring started
WARNING(131492392826688)2026-02-09 19:20:19,563:deblur version 1.1.1 workflow started on /tmp/qiime2/luis/data/a8dd656d-6ec7-4475-a5b8-fb56bffea0d4/data/PUF-JD-9_37_L001_R1_001.fastq.gz
WARNING(131492392826688)2026-02-09 19:20:19,563:parameters: {'seqs_fp': '/tmp/qiime2/luis/data/a8dd656d-6ec7-4475-a5b8-fb56bffea0d4/data/PUF-JD-9_37_L001_R1_001.fastq.gz', 'output_dir': '/tmp/tmpv7136rbh', 'pos_ref_fp': ('/tmp/qiime2/luis/data/24c3fd7b-d797-45d8-8c62-edb383bdc88c/data/dna-sequences.fasta',), 'pos_ref_db_fp': ('/tmp/tmpv7136rbh/deblur_working_dir/dna-sequences',), 'neg_ref_fp': (), 'neg_ref_db_fp': ('/tmp/tmpv7136rbh/deblur_working_dir/artifacts',), 'overwrite': True, 'mean_error': 0.005, 'error_dist': [1.0, 0.06, 0.02, 0.02, 0.01, 0.005, 0.005, 0.005, 0.001, 0.001, 0.001, 0.0005], 'indel_prob': 0.01, 'indel_max': 3, 'trim_length': -1, 'left_trim_length': 0, 'min_reads': 1, 'min_size': 1, 'threads_per_sample': 1, 'keep_tmp_files': True, 'log_level': 2, 'log_file': '/home/luis/Documents/Projects/PUF-PAS_AirDNA/01_QIIME_pt2/01_Deblur/bin/deblur.log', 'jobs_to_start': 1, 'is_worker_thread': True, 'logger': <Logger __main__ (INFO)>}
INFO(131492392826688)2026-02-09 19:20:19,563:error_dist is : [1.0, 0.06, 0.02, 0.02, 0.01, 0.005, 0.005, 0.005, 0.001, 0.001, 0.001, 0.0005]
INFO(131492392826688)2026-02-09 19:20:19,563:deblur worker thread started
INFO(131492392826688)2026-02-09 19:20:19,563:processing per sample fasta files
INFO(131492392826688)2026-02-09 19:20:19,563:--------------------------------------------------------
INFO(131492392826688)2026-02-09 19:20:19,563:launch_workflow for file /tmp/qiime2/luis/data/a8dd656d-6ec7-4475-a5b8-fb56bffea0d4/data/PUF-JD-9_37_L001_R1_001.fastq.gz
INFO(132450594023232)2026-02-09 19:20:20,002:dereplicate seqs file /tmp/tmpv7136rbh/deblur_working_dir/PUF-IPEX-10_23_L001_R1_001.fastq.gz.trim
INFO(132450594023232)2026-02-09 19:20:20,039:remove_artifacts_seqs file /tmp/tmpv7136rbh/deblur_working_dir/PUF-IPEX-10_23_L001_R1_001.fastq.gz.trim.derep
INFO(126819003885376)2026-02-09 19:20:20,111:deblurring 6388 sequences
INFO(131492392826688)2026-02-09 19:20:20,369:dereplicate seqs file /tmp/tmpv7136rbh/deblur_working_dir/PUF-JD-9_37_L001_R1_001.fastq.gz.trim
INFO(131492392826688)2026-02-09 19:20:20,381:remove_artifacts_seqs file /tmp/tmpv7136rbh/deblur_working_dir/PUF-JD-9_37_L001_R1_001.fastq.gz.trim.derep
INFO(132450594023232)2026-02-09 19:20:20,533:total sequences 6675, passing sequences 6675, failing sequences 0
INFO(132450594023232)2026-02-09 19:20:20,533:multiple_sequence_alignment seqs file /tmp/tmpv7136rbh/deblur_working_dir/PUF-IPEX-10_23_L001_R1_001.fastq.gz.trim.derep.no_artifacts
INFO(131492392826688)2026-02-09 19:20:20,756:total sequences 2052, passing sequences 2052, failing sequences 0
INFO(131492392826688)2026-02-09 19:20:20,756:multiple_sequence_alignment seqs file /tmp/tmpv7136rbh/deblur_working_dir/PUF-JD-9_37_L001_R1_001.fastq.gz.trim.derep.no_artifacts
INFO(126819003885376)2026-02-09 19:20:22,192:291 unique sequences left following deblurring
INFO(126819003885376)2026-02-09 19:20:22,196:remove_chimeras_denovo_from_seqs seqs file /tmp/tmpv7136rbh/deblur_working_dir/PUF-JD-7_35_L001_R1_001.fastq.gz.trim.derep.no_artifacts.msa.deblurto working dir /tmp/tmpv7136rbh/deblur_working_dir
INFO(126819003885376)2026-02-09 19:20:22,400:finished processing file
INFO(126819003885376)2026-02-09 19:20:22,401:finished processing per sample fasta files
INFO(126819003885376)2026-02-09 19:20:22,401:worker thread for /tmp/qiime2/luis/data/a8dd656d-6ec7-4475-a5b8-fb56bffea0d4/data/PUF-JD-7_35_L001_R1_001.fastq.gz finished
INFO(136921863845696)2026-02-09 19:20:23,242:*************************
INFO(136921863845696)2026-02-09 19:20:23,243:deblurring started
WARNING(136921863845696)2026-02-09 19:20:23,243:deblur version 1.1.1 workflow started on /tmp/qiime2/luis/data/a8dd656d-6ec7-4475-a5b8-fb56bffea0d4/data/PUF-BOT-9_14_L001_R1_001.fastq.gz
WARNING(136921863845696)2026-02-09 19:20:23,243:parameters: {'seqs_fp': '/tmp/qiime2/luis/data/a8dd656d-6ec7-4475-a5b8-fb56bffea0d4/data/PUF-BOT-9_14_L001_R1_001.fastq.gz', 'output_dir': '/tmp/tmpv7136rbh', 'pos_ref_fp': ('/tmp/qiime2/luis/data/24c3fd7b-d797-45d8-8c62-edb383bdc88c/data/dna-sequences.fasta',), 'pos_ref_db_fp': ('/tmp/tmpv7136rbh/deblur_working_dir/dna-sequences',), 'neg_ref_fp': (), 'neg_ref_db_fp': ('/tmp/tmpv7136rbh/deblur_working_dir/artifacts',), 'overwrite': True, 'mean_error': 0.005, 'error_dist': [1.0, 0.06, 0.02, 0.02, 0.01, 0.005, 0.005, 0.005, 0.001, 0.001, 0.001, 0.0005], 'indel_prob': 0.01, 'indel_max': 3, 'trim_length': -1, 'left_trim_length': 0, 'min_reads': 1, 'min_size': 1, 'threads_per_sample': 1, 'keep_tmp_files': True, 'log_level': 2, 'log_file': '/home/luis/Documents/Projects/PUF-PAS_AirDNA/01_QIIME_pt2/01_Deblur/bin/deblur.log', 'jobs_to_start': 1, 'is_worker_thread': True, 'logger': <Logger __main__ (INFO)>}
INFO(136921863845696)2026-02-09 19:20:23,243:error_dist is : [1.0, 0.06, 0.02, 0.02, 0.01, 0.005, 0.005, 0.005, 0.001, 0.001, 0.001, 0.0005]
INFO(136921863845696)2026-02-09 19:20:23,243:deblur worker thread started
INFO(136921863845696)2026-02-09 19:20:23,243:processing per sample fasta files
INFO(136921863845696)2026-02-09 19:20:23,243:--------------------------------------------------------
INFO(136921863845696)2026-02-09 19:20:23,243:launch_workflow for file /tmp/qiime2/luis/data/a8dd656d-6ec7-4475-a5b8-fb56bffea0d4/data/PUF-BOT-9_14_L001_R1_001.fastq.gz
INFO(136921863845696)2026-02-09 19:20:24,387:dereplicate seqs file /tmp/tmpv7136rbh/deblur_working_dir/PUF-BOT-9_14_L001_R1_001.fastq.gz.trim
INFO(136921863845696)2026-02-09 19:20:24,404:remove_artifacts_seqs file /tmp/tmpv7136rbh/deblur_working_dir/PUF-BOT-9_14_L001_R1_001.fastq.gz.trim.derep
INFO(136921863845696)2026-02-09 19:20:24,806:total sequences 3181, passing sequences 3181, failing sequences 0
INFO(136921863845696)2026-02-09 19:20:24,807:multiple_sequence_alignment seqs file /tmp/tmpv7136rbh/deblur_working_dir/PUF-BOT-9_14_L001_R1_001.fastq.gz.trim.derep.no_artifacts
INFO(130685271975744)2026-02-09 19:20:25,024:deblurring 3873 sequences
INFO(130685271975744)2026-02-09 19:20:25,888:197 unique sequences left following deblurring
INFO(130685271975744)2026-02-09 19:20:25,890:remove_chimeras_denovo_from_seqs seqs file /tmp/tmpv7136rbh/deblur_working_dir/PUF-BOU-9_22_L001_R1_001.fastq.gz.trim.derep.no_artifacts.msa.deblurto working dir /tmp/tmpv7136rbh/deblur_working_dir
INFO(130685271975744)2026-02-09 19:20:26,013:finished processing file
INFO(130685271975744)2026-02-09 19:20:26,013:finished processing per sample fasta files
INFO(130685271975744)2026-02-09 19:20:26,013:worker thread for /tmp/qiime2/luis/data/a8dd656d-6ec7-4475-a5b8-fb56bffea0d4/data/PUF-BOU-9_22_L001_R1_001.fastq.gz finished
INFO(138195352090432)2026-02-09 19:20:26,814:*************************
INFO(138195352090432)2026-02-09 19:20:26,814:deblurring started
WARNING(138195352090432)2026-02-09 19:20:26,814:deblur version 1.1.1 workflow started on /tmp/qiime2/luis/data/a8dd656d-6ec7-4475-a5b8-fb56bffea0d4/data/C-pos-1_0_L001_R1_001.fastq.gz
WARNING(138195352090432)2026-02-09 19:20:26,814:parameters: {'seqs_fp': '/tmp/qiime2/luis/data/a8dd656d-6ec7-4475-a5b8-fb56bffea0d4/data/C-pos-1_0_L001_R1_001.fastq.gz', 'output_dir': '/tmp/tmpv7136rbh', 'pos_ref_fp': ('/tmp/qiime2/luis/data/24c3fd7b-d797-45d8-8c62-edb383bdc88c/data/dna-sequences.fasta',), 'pos_ref_db_fp': ('/tmp/tmpv7136rbh/deblur_working_dir/dna-sequences',), 'neg_ref_fp': (), 'neg_ref_db_fp': ('/tmp/tmpv7136rbh/deblur_working_dir/artifacts',), 'overwrite': True, 'mean_error': 0.005, 'error_dist': [1.0, 0.06, 0.02, 0.02, 0.01, 0.005, 0.005, 0.005, 0.001, 0.001, 0.001, 0.0005], 'indel_prob': 0.01, 'indel_max': 3, 'trim_length': -1, 'left_trim_length': 0, 'min_reads': 1, 'min_size': 1, 'threads_per_sample': 1, 'keep_tmp_files': True, 'log_level': 2, 'log_file': '/home/luis/Documents/Projects/PUF-PAS_AirDNA/01_QIIME_pt2/01_Deblur/bin/deblur.log', 'jobs_to_start': 1, 'is_worker_thread': True, 'logger': <Logger __main__ (INFO)>}
INFO(138195352090432)2026-02-09 19:20:26,814:error_dist is : [1.0, 0.06, 0.02, 0.02, 0.01, 0.005, 0.005, 0.005, 0.001, 0.001, 0.001, 0.0005]
INFO(138195352090432)2026-02-09 19:20:26,814:deblur worker thread started
INFO(138195352090432)2026-02-09 19:20:26,814:processing per sample fasta files
INFO(138195352090432)2026-02-09 19:20:26,814:--------------------------------------------------------
INFO(138195352090432)2026-02-09 19:20:26,814:launch_workflow for file /tmp/qiime2/luis/data/a8dd656d-6ec7-4475-a5b8-fb56bffea0d4/data/C-pos-1_0_L001_R1_001.fastq.gz
INFO(131492392826688)2026-02-09 19:20:27,213:deblurring 2052 sequences
INFO(131492392826688)2026-02-09 19:20:27,578:169 unique sequences left following deblurring
INFO(131492392826688)2026-02-09 19:20:27,580:remove_chimeras_denovo_from_seqs seqs file /tmp/tmpv7136rbh/deblur_working_dir/PUF-JD-9_37_L001_R1_001.fastq.gz.trim.derep.no_artifacts.msa.deblurto working dir /tmp/tmpv7136rbh/deblur_working_dir
INFO(131492392826688)2026-02-09 19:20:27,692:finished processing file
INFO(131492392826688)2026-02-09 19:20:27,693:finished processing per sample fasta files
INFO(131492392826688)2026-02-09 19:20:27,693:worker thread for /tmp/qiime2/luis/data/a8dd656d-6ec7-4475-a5b8-fb56bffea0d4/data/PUF-JD-9_37_L001_R1_001.fastq.gz finished
INFO(123416696842048)2026-02-09 19:20:28,483:*************************
INFO(123416696842048)2026-02-09 19:20:28,484:deblurring started
WARNING(123416696842048)2026-02-09 19:20:28,484:deblur version 1.1.1 workflow started on /tmp/qiime2/luis/data/a8dd656d-6ec7-4475-a5b8-fb56bffea0d4/data/PUF-IPEX-2_24_L001_R1_001.fastq.gz
WARNING(123416696842048)2026-02-09 19:20:28,484:parameters: {'seqs_fp': '/tmp/qiime2/luis/data/a8dd656d-6ec7-4475-a5b8-fb56bffea0d4/data/PUF-IPEX-2_24_L001_R1_001.fastq.gz', 'output_dir': '/tmp/tmpv7136rbh', 'pos_ref_fp': ('/tmp/qiime2/luis/data/24c3fd7b-d797-45d8-8c62-edb383bdc88c/data/dna-sequences.fasta',), 'pos_ref_db_fp': ('/tmp/tmpv7136rbh/deblur_working_dir/dna-sequences',), 'neg_ref_fp': (), 'neg_ref_db_fp': ('/tmp/tmpv7136rbh/deblur_working_dir/artifacts',), 'overwrite': True, 'mean_error': 0.005, 'error_dist': [1.0, 0.06, 0.02, 0.02, 0.01, 0.005, 0.005, 0.005, 0.001, 0.001, 0.001, 0.0005], 'indel_prob': 0.01, 'indel_max': 3, 'trim_length': -1, 'left_trim_length': 0, 'min_reads': 1, 'min_size': 1, 'threads_per_sample': 1, 'keep_tmp_files': True, 'log_level': 2, 'log_file': '/home/luis/Documents/Projects/PUF-PAS_AirDNA/01_QIIME_pt2/01_Deblur/bin/deblur.log', 'jobs_to_start': 1, 'is_worker_thread': True, 'logger': <Logger __main__ (INFO)>}
INFO(123416696842048)2026-02-09 19:20:28,484:error_dist is : [1.0, 0.06, 0.02, 0.02, 0.01, 0.005, 0.005, 0.005, 0.001, 0.001, 0.001, 0.0005]
INFO(123416696842048)2026-02-09 19:20:28,484:deblur worker thread started
INFO(123416696842048)2026-02-09 19:20:28,484:processing per sample fasta files
INFO(123416696842048)2026-02-09 19:20:28,484:--------------------------------------------------------
INFO(123416696842048)2026-02-09 19:20:28,484:launch_workflow for file /tmp/qiime2/luis/data/a8dd656d-6ec7-4475-a5b8-fb56bffea0d4/data/PUF-IPEX-2_24_L001_R1_001.fastq.gz
INFO(138195352090432)2026-02-09 19:20:28,504:dereplicate seqs file /tmp/tmpv7136rbh/deblur_working_dir/C-pos-1_0_L001_R1_001.fastq.gz.trim
INFO(138195352090432)2026-02-09 19:20:28,524:remove_artifacts_seqs file /tmp/tmpv7136rbh/deblur_working_dir/C-pos-1_0_L001_R1_001.fastq.gz.trim.derep
INFO(138195352090432)2026-02-09 19:20:28,909:total sequences 2638, passing sequences 2638, failing sequences 0
INFO(138195352090432)2026-02-09 19:20:28,909:multiple_sequence_alignment seqs file /tmp/tmpv7136rbh/deblur_working_dir/C-pos-1_0_L001_R1_001.fastq.gz.trim.derep.no_artifacts
INFO(123416696842048)2026-02-09 19:20:29,562:dereplicate seqs file /tmp/tmpv7136rbh/deblur_working_dir/PUF-IPEX-2_24_L001_R1_001.fastq.gz.trim
INFO(123416696842048)2026-02-09 19:20:29,578:remove_artifacts_seqs file /tmp/tmpv7136rbh/deblur_working_dir/PUF-IPEX-2_24_L001_R1_001.fastq.gz.trim.derep
INFO(128660790495040)2026-02-09 19:20:29,959:deblurring 6953 sequences
INFO(123416696842048)2026-02-09 19:20:29,990:total sequences 3176, passing sequences 3176, failing sequences 0
INFO(123416696842048)2026-02-09 19:20:29,990:multiple_sequence_alignment seqs file /tmp/tmpv7136rbh/deblur_working_dir/PUF-IPEX-2_24_L001_R1_001.fastq.gz.trim.derep.no_artifacts
INFO(128660790495040)2026-02-09 19:20:32,331:296 unique sequences left following deblurring
INFO(128660790495040)2026-02-09 19:20:32,335:remove_chimeras_denovo_from_seqs seqs file /tmp/tmpv7136rbh/deblur_working_dir/PUF-MBO-9_46_L001_R1_001.fastq.gz.trim.derep.no_artifacts.msa.deblurto working dir /tmp/tmpv7136rbh/deblur_working_dir
INFO(128660790495040)2026-02-09 19:20:32,542:finished processing file
INFO(128660790495040)2026-02-09 19:20:32,542:finished processing per sample fasta files
INFO(128660790495040)2026-02-09 19:20:32,543:worker thread for /tmp/qiime2/luis/data/a8dd656d-6ec7-4475-a5b8-fb56bffea0d4/data/PUF-MBO-9_46_L001_R1_001.fastq.gz finished
INFO(124672285939520)2026-02-09 19:20:33,422:*************************
INFO(124672285939520)2026-02-09 19:20:33,422:deblurring started
WARNING(124672285939520)2026-02-09 19:20:33,422:deblur version 1.1.1 workflow started on /tmp/qiime2/luis/data/a8dd656d-6ec7-4475-a5b8-fb56bffea0d4/data/Negative-PUF_6_L001_R1_001.fastq.gz
WARNING(124672285939520)2026-02-09 19:20:33,422:parameters: {'seqs_fp': '/tmp/qiime2/luis/data/a8dd656d-6ec7-4475-a5b8-fb56bffea0d4/data/Negative-PUF_6_L001_R1_001.fastq.gz', 'output_dir': '/tmp/tmpv7136rbh', 'pos_ref_fp': ('/tmp/qiime2/luis/data/24c3fd7b-d797-45d8-8c62-edb383bdc88c/data/dna-sequences.fasta',), 'pos_ref_db_fp': ('/tmp/tmpv7136rbh/deblur_working_dir/dna-sequences',), 'neg_ref_fp': (), 'neg_ref_db_fp': ('/tmp/tmpv7136rbh/deblur_working_dir/artifacts',), 'overwrite': True, 'mean_error': 0.005, 'error_dist': [1.0, 0.06, 0.02, 0.02, 0.01, 0.005, 0.005, 0.005, 0.001, 0.001, 0.001, 0.0005], 'indel_prob': 0.01, 'indel_max': 3, 'trim_length': -1, 'left_trim_length': 0, 'min_reads': 1, 'min_size': 1, 'threads_per_sample': 1, 'keep_tmp_files': True, 'log_level': 2, 'log_file': '/home/luis/Documents/Projects/PUF-PAS_AirDNA/01_QIIME_pt2/01_Deblur/bin/deblur.log', 'jobs_to_start': 1, 'is_worker_thread': True, 'logger': <Logger __main__ (INFO)>}
INFO(124672285939520)2026-02-09 19:20:33,422:error_dist is : [1.0, 0.06, 0.02, 0.02, 0.01, 0.005, 0.005, 0.005, 0.001, 0.001, 0.001, 0.0005]
INFO(124672285939520)2026-02-09 19:20:33,422:deblur worker thread started
INFO(124672285939520)2026-02-09 19:20:33,422:processing per sample fasta files
INFO(124672285939520)2026-02-09 19:20:33,422:--------------------------------------------------------
INFO(124672285939520)2026-02-09 19:20:33,422:launch_workflow for file /tmp/qiime2/luis/data/a8dd656d-6ec7-4475-a5b8-fb56bffea0d4/data/Negative-PUF_6_L001_R1_001.fastq.gz
INFO(124672285939520)2026-02-09 19:20:33,437:dereplicate seqs file /tmp/tmpv7136rbh/deblur_working_dir/Negative-PUF_6_L001_R1_001.fastq.gz.trim
INFO(124672285939520)2026-02-09 19:20:33,440:remove_artifacts_seqs file /tmp/tmpv7136rbh/deblur_working_dir/Negative-PUF_6_L001_R1_001.fastq.gz.trim.derep
INFO(124672285939520)2026-02-09 19:20:33,747:total sequences 17, passing sequences 17, failing sequences 0
INFO(124672285939520)2026-02-09 19:20:33,747:multiple_sequence_alignment seqs file /tmp/tmpv7136rbh/deblur_working_dir/Negative-PUF_6_L001_R1_001.fastq.gz.trim.derep.no_artifacts
INFO(124672285939520)2026-02-09 19:20:34,032:deblurring 17 sequences
INFO(124672285939520)2026-02-09 19:20:34,032:2 unique sequences left following deblurring
INFO(124672285939520)2026-02-09 19:20:34,032:remove_chimeras_denovo_from_seqs seqs file /tmp/tmpv7136rbh/deblur_working_dir/Negative-PUF_6_L001_R1_001.fastq.gz.trim.derep.no_artifacts.msa.deblurto working dir /tmp/tmpv7136rbh/deblur_working_dir
INFO(124672285939520)2026-02-09 19:20:34,041:finished processing file
INFO(124672285939520)2026-02-09 19:20:34,042:finished processing per sample fasta files
INFO(124672285939520)2026-02-09 19:20:34,042:worker thread for /tmp/qiime2/luis/data/a8dd656d-6ec7-4475-a5b8-fb56bffea0d4/data/Negative-PUF_6_L001_R1_001.fastq.gz finished
INFO(123327258687296)2026-02-09 19:20:34,790:*************************
INFO(123327258687296)2026-02-09 19:20:34,791:deblurring started
WARNING(123327258687296)2026-02-09 19:20:34,791:deblur version 1.1.1 workflow started on /tmp/qiime2/luis/data/a8dd656d-6ec7-4475-a5b8-fb56bffea0d4/data/PUF-JD-8_36_L001_R1_001.fastq.gz
WARNING(123327258687296)2026-02-09 19:20:34,791:parameters: {'seqs_fp': '/tmp/qiime2/luis/data/a8dd656d-6ec7-4475-a5b8-fb56bffea0d4/data/PUF-JD-8_36_L001_R1_001.fastq.gz', 'output_dir': '/tmp/tmpv7136rbh', 'pos_ref_fp': ('/tmp/qiime2/luis/data/24c3fd7b-d797-45d8-8c62-edb383bdc88c/data/dna-sequences.fasta',), 'pos_ref_db_fp': ('/tmp/tmpv7136rbh/deblur_working_dir/dna-sequences',), 'neg_ref_fp': (), 'neg_ref_db_fp': ('/tmp/tmpv7136rbh/deblur_working_dir/artifacts',), 'overwrite': True, 'mean_error': 0.005, 'error_dist': [1.0, 0.06, 0.02, 0.02, 0.01, 0.005, 0.005, 0.005, 0.001, 0.001, 0.001, 0.0005], 'indel_prob': 0.01, 'indel_max': 3, 'trim_length': -1, 'left_trim_length': 0, 'min_reads': 1, 'min_size': 1, 'threads_per_sample': 1, 'keep_tmp_files': True, 'log_level': 2, 'log_file': '/home/luis/Documents/Projects/PUF-PAS_AirDNA/01_QIIME_pt2/01_Deblur/bin/deblur.log', 'jobs_to_start': 1, 'is_worker_thread': True, 'logger': <Logger __main__ (INFO)>}
INFO(123327258687296)2026-02-09 19:20:34,791:error_dist is : [1.0, 0.06, 0.02, 0.02, 0.01, 0.005, 0.005, 0.005, 0.001, 0.001, 0.001, 0.0005]
INFO(123327258687296)2026-02-09 19:20:34,791:deblur worker thread started
INFO(123327258687296)2026-02-09 19:20:34,791:processing per sample fasta files
INFO(123327258687296)2026-02-09 19:20:34,791:--------------------------------------------------------
INFO(123327258687296)2026-02-09 19:20:34,791:launch_workflow for file /tmp/qiime2/luis/data/a8dd656d-6ec7-4475-a5b8-fb56bffea0d4/data/PUF-JD-8_36_L001_R1_001.fastq.gz
INFO(123327258687296)2026-02-09 19:20:36,134:dereplicate seqs file /tmp/tmpv7136rbh/deblur_working_dir/PUF-JD-8_36_L001_R1_001.fastq.gz.trim
INFO(123327258687296)2026-02-09 19:20:36,150:remove_artifacts_seqs file /tmp/tmpv7136rbh/deblur_working_dir/PUF-JD-8_36_L001_R1_001.fastq.gz.trim.derep
INFO(123327258687296)2026-02-09 19:20:36,521:total sequences 1787, passing sequences 1787, failing sequences 0
INFO(123327258687296)2026-02-09 19:20:36,521:multiple_sequence_alignment seqs file /tmp/tmpv7136rbh/deblur_working_dir/PUF-JD-8_36_L001_R1_001.fastq.gz.trim.derep.no_artifacts
INFO(123936688650048)2026-02-09 19:20:36,689:deblurring 4350 sequences
INFO(136921863845696)2026-02-09 19:20:38,126:deblurring 3181 sequences
INFO(138195352090432)2026-02-09 19:20:38,172:deblurring 2638 sequences
INFO(138195352090432)2026-02-09 19:20:38,400:70 unique sequences left following deblurring
INFO(138195352090432)2026-02-09 19:20:38,401:remove_chimeras_denovo_from_seqs seqs file /tmp/tmpv7136rbh/deblur_working_dir/C-pos-1_0_L001_R1_001.fastq.gz.trim.derep.no_artifacts.msa.deblurto working dir /tmp/tmpv7136rbh/deblur_working_dir
INFO(138195352090432)2026-02-09 19:20:38,441:finished processing file
INFO(138195352090432)2026-02-09 19:20:38,441:finished processing per sample fasta files
INFO(138195352090432)2026-02-09 19:20:38,442:worker thread for /tmp/qiime2/luis/data/a8dd656d-6ec7-4475-a5b8-fb56bffea0d4/data/C-pos-1_0_L001_R1_001.fastq.gz finished
INFO(123936688650048)2026-02-09 19:20:38,967:452 unique sequences left following deblurring
INFO(123936688650048)2026-02-09 19:20:38,971:remove_chimeras_denovo_from_seqs seqs file /tmp/tmpv7136rbh/deblur_working_dir/PUF-JD-6_34_L001_R1_001.fastq.gz.trim.derep.no_artifacts.msa.deblurto working dir /tmp/tmpv7136rbh/deblur_working_dir
INFO(136849758078784)2026-02-09 19:20:39,247:*************************
INFO(136849758078784)2026-02-09 19:20:39,247:deblurring started
WARNING(136849758078784)2026-02-09 19:20:39,247:deblur version 1.1.1 workflow started on /tmp/qiime2/luis/data/a8dd656d-6ec7-4475-a5b8-fb56bffea0d4/data/PUF-JD-5_33_L001_R1_001.fastq.gz
WARNING(136849758078784)2026-02-09 19:20:39,247:parameters: {'seqs_fp': '/tmp/qiime2/luis/data/a8dd656d-6ec7-4475-a5b8-fb56bffea0d4/data/PUF-JD-5_33_L001_R1_001.fastq.gz', 'output_dir': '/tmp/tmpv7136rbh', 'pos_ref_fp': ('/tmp/qiime2/luis/data/24c3fd7b-d797-45d8-8c62-edb383bdc88c/data/dna-sequences.fasta',), 'pos_ref_db_fp': ('/tmp/tmpv7136rbh/deblur_working_dir/dna-sequences',), 'neg_ref_fp': (), 'neg_ref_db_fp': ('/tmp/tmpv7136rbh/deblur_working_dir/artifacts',), 'overwrite': True, 'mean_error': 0.005, 'error_dist': [1.0, 0.06, 0.02, 0.02, 0.01, 0.005, 0.005, 0.005, 0.001, 0.001, 0.001, 0.0005], 'indel_prob': 0.01, 'indel_max': 3, 'trim_length': -1, 'left_trim_length': 0, 'min_reads': 1, 'min_size': 1, 'threads_per_sample': 1, 'keep_tmp_files': True, 'log_level': 2, 'log_file': '/home/luis/Documents/Projects/PUF-PAS_AirDNA/01_QIIME_pt2/01_Deblur/bin/deblur.log', 'jobs_to_start': 1, 'is_worker_thread': True, 'logger': <Logger __main__ (INFO)>}
INFO(136849758078784)2026-02-09 19:20:39,247:error_dist is : [1.0, 0.06, 0.02, 0.02, 0.01, 0.005, 0.005, 0.005, 0.001, 0.001, 0.001, 0.0005]
INFO(136849758078784)2026-02-09 19:20:39,247:deblur worker thread started
INFO(136849758078784)2026-02-09 19:20:39,247:processing per sample fasta files
INFO(136849758078784)2026-02-09 19:20:39,247:--------------------------------------------------------
INFO(136849758078784)2026-02-09 19:20:39,247:launch_workflow for file /tmp/qiime2/luis/data/a8dd656d-6ec7-4475-a5b8-fb56bffea0d4/data/PUF-JD-5_33_L001_R1_001.fastq.gz
INFO(136921863845696)2026-02-09 19:20:39,285:330 unique sequences left following deblurring
INFO(123936688650048)2026-02-09 19:20:39,286:finished processing file
INFO(123936688650048)2026-02-09 19:20:39,287:finished processing per sample fasta files
INFO(123936688650048)2026-02-09 19:20:39,287:worker thread for /tmp/qiime2/luis/data/a8dd656d-6ec7-4475-a5b8-fb56bffea0d4/data/PUF-JD-6_34_L001_R1_001.fastq.gz finished
INFO(136921863845696)2026-02-09 19:20:39,288:remove_chimeras_denovo_from_seqs seqs file /tmp/tmpv7136rbh/deblur_working_dir/PUF-BOT-9_14_L001_R1_001.fastq.gz.trim.derep.no_artifacts.msa.deblurto working dir /tmp/tmpv7136rbh/deblur_working_dir
INFO(136921863845696)2026-02-09 19:20:39,548:finished processing file
INFO(136921863845696)2026-02-09 19:20:39,548:finished processing per sample fasta files
INFO(136921863845696)2026-02-09 19:20:39,548:worker thread for /tmp/qiime2/luis/data/a8dd656d-6ec7-4475-a5b8-fb56bffea0d4/data/PUF-BOT-9_14_L001_R1_001.fastq.gz finished
INFO(130800817207104)2026-02-09 19:20:40,114:*************************
INFO(130800817207104)2026-02-09 19:20:40,114:deblurring started
WARNING(130800817207104)2026-02-09 19:20:40,114:deblur version 1.1.1 workflow started on /tmp/qiime2/luis/data/a8dd656d-6ec7-4475-a5b8-fb56bffea0d4/data/Mont-Tremblant_5_L001_R1_001.fastq.gz
WARNING(130800817207104)2026-02-09 19:20:40,114:parameters: {'seqs_fp': '/tmp/qiime2/luis/data/a8dd656d-6ec7-4475-a5b8-fb56bffea0d4/data/Mont-Tremblant_5_L001_R1_001.fastq.gz', 'output_dir': '/tmp/tmpv7136rbh', 'pos_ref_fp': ('/tmp/qiime2/luis/data/24c3fd7b-d797-45d8-8c62-edb383bdc88c/data/dna-sequences.fasta',), 'pos_ref_db_fp': ('/tmp/tmpv7136rbh/deblur_working_dir/dna-sequences',), 'neg_ref_fp': (), 'neg_ref_db_fp': ('/tmp/tmpv7136rbh/deblur_working_dir/artifacts',), 'overwrite': True, 'mean_error': 0.005, 'error_dist': [1.0, 0.06, 0.02, 0.02, 0.01, 0.005, 0.005, 0.005, 0.001, 0.001, 0.001, 0.0005], 'indel_prob': 0.01, 'indel_max': 3, 'trim_length': -1, 'left_trim_length': 0, 'min_reads': 1, 'min_size': 1, 'threads_per_sample': 1, 'keep_tmp_files': True, 'log_level': 2, 'log_file': '/home/luis/Documents/Projects/PUF-PAS_AirDNA/01_QIIME_pt2/01_Deblur/bin/deblur.log', 'jobs_to_start': 1, 'is_worker_thread': True, 'logger': <Logger __main__ (INFO)>}
INFO(130800817207104)2026-02-09 19:20:40,114:error_dist is : [1.0, 0.06, 0.02, 0.02, 0.01, 0.005, 0.005, 0.005, 0.001, 0.001, 0.001, 0.0005]
INFO(130800817207104)2026-02-09 19:20:40,114:deblur worker thread started
INFO(130800817207104)2026-02-09 19:20:40,114:processing per sample fasta files
INFO(130800817207104)2026-02-09 19:20:40,114:--------------------------------------------------------
INFO(130800817207104)2026-02-09 19:20:40,114:launch_workflow for file /tmp/qiime2/luis/data/a8dd656d-6ec7-4475-a5b8-fb56bffea0d4/data/Mont-Tremblant_5_L001_R1_001.fastq.gz
INFO(126758916310848)2026-02-09 19:20:40,364:*************************
INFO(126758916310848)2026-02-09 19:20:40,364:deblurring started
WARNING(126758916310848)2026-02-09 19:20:40,365:deblur version 1.1.1 workflow started on /tmp/qiime2/luis/data/a8dd656d-6ec7-4475-a5b8-fb56bffea0d4/data/PUF-BOT-6_11_L001_R1_001.fastq.gz
WARNING(126758916310848)2026-02-09 19:20:40,365:parameters: {'seqs_fp': '/tmp/qiime2/luis/data/a8dd656d-6ec7-4475-a5b8-fb56bffea0d4/data/PUF-BOT-6_11_L001_R1_001.fastq.gz', 'output_dir': '/tmp/tmpv7136rbh', 'pos_ref_fp': ('/tmp/qiime2/luis/data/24c3fd7b-d797-45d8-8c62-edb383bdc88c/data/dna-sequences.fasta',), 'pos_ref_db_fp': ('/tmp/tmpv7136rbh/deblur_working_dir/dna-sequences',), 'neg_ref_fp': (), 'neg_ref_db_fp': ('/tmp/tmpv7136rbh/deblur_working_dir/artifacts',), 'overwrite': True, 'mean_error': 0.005, 'error_dist': [1.0, 0.06, 0.02, 0.02, 0.01, 0.005, 0.005, 0.005, 0.001, 0.001, 0.001, 0.0005], 'indel_prob': 0.01, 'indel_max': 3, 'trim_length': -1, 'left_trim_length': 0, 'min_reads': 1, 'min_size': 1, 'threads_per_sample': 1, 'keep_tmp_files': True, 'log_level': 2, 'log_file': '/home/luis/Documents/Projects/PUF-PAS_AirDNA/01_QIIME_pt2/01_Deblur/bin/deblur.log', 'jobs_to_start': 1, 'is_worker_thread': True, 'logger': <Logger __main__ (INFO)>}
INFO(126758916310848)2026-02-09 19:20:40,365:error_dist is : [1.0, 0.06, 0.02, 0.02, 0.01, 0.005, 0.005, 0.005, 0.001, 0.001, 0.001, 0.0005]
INFO(126758916310848)2026-02-09 19:20:40,365:deblur worker thread started
INFO(126758916310848)2026-02-09 19:20:40,365:processing per sample fasta files
INFO(126758916310848)2026-02-09 19:20:40,365:--------------------------------------------------------
INFO(126758916310848)2026-02-09 19:20:40,365:launch_workflow for file /tmp/qiime2/luis/data/a8dd656d-6ec7-4475-a5b8-fb56bffea0d4/data/PUF-BOT-6_11_L001_R1_001.fastq.gz
INFO(136849758078784)2026-02-09 19:20:40,515:dereplicate seqs file /tmp/tmpv7136rbh/deblur_working_dir/PUF-JD-5_33_L001_R1_001.fastq.gz.trim
INFO(130800817207104)2026-02-09 19:20:40,520:dereplicate seqs file /tmp/tmpv7136rbh/deblur_working_dir/Mont-Tremblant_5_L001_R1_001.fastq.gz.trim
INFO(130800817207104)2026-02-09 19:20:40,528:remove_artifacts_seqs file /tmp/tmpv7136rbh/deblur_working_dir/Mont-Tremblant_5_L001_R1_001.fastq.gz.trim.derep
INFO(136849758078784)2026-02-09 19:20:40,532:remove_artifacts_seqs file /tmp/tmpv7136rbh/deblur_working_dir/PUF-JD-5_33_L001_R1_001.fastq.gz.trim.derep
INFO(130800817207104)2026-02-09 19:20:40,879:total sequences 1140, passing sequences 1140, failing sequences 0
INFO(130800817207104)2026-02-09 19:20:40,879:multiple_sequence_alignment seqs file /tmp/tmpv7136rbh/deblur_working_dir/Mont-Tremblant_5_L001_R1_001.fastq.gz.trim.derep.no_artifacts
INFO(136849758078784)2026-02-09 19:20:40,931:total sequences 3257, passing sequences 3257, failing sequences 0
INFO(136849758078784)2026-02-09 19:20:40,931:multiple_sequence_alignment seqs file /tmp/tmpv7136rbh/deblur_working_dir/PUF-JD-5_33_L001_R1_001.fastq.gz.trim.derep.no_artifacts
INFO(123327258687296)2026-02-09 19:20:41,657:deblurring 1787 sequences
INFO(123327258687296)2026-02-09 19:20:42,096:238 unique sequences left following deblurring
INFO(123327258687296)2026-02-09 19:20:42,097:remove_chimeras_denovo_from_seqs seqs file /tmp/tmpv7136rbh/deblur_working_dir/PUF-JD-8_36_L001_R1_001.fastq.gz.trim.derep.no_artifacts.msa.deblurto working dir /tmp/tmpv7136rbh/deblur_working_dir
INFO(123327258687296)2026-02-09 19:20:42,254:finished processing file
INFO(123327258687296)2026-02-09 19:20:42,254:finished processing per sample fasta files
INFO(123327258687296)2026-02-09 19:20:42,254:worker thread for /tmp/qiime2/luis/data/a8dd656d-6ec7-4475-a5b8-fb56bffea0d4/data/PUF-JD-8_36_L001_R1_001.fastq.gz finished
INFO(140331768948544)2026-02-09 19:20:43,035:*************************
INFO(140331768948544)2026-02-09 19:20:43,035:deblurring started
WARNING(140331768948544)2026-02-09 19:20:43,035:deblur version 1.1.1 workflow started on /tmp/qiime2/luis/data/a8dd656d-6ec7-4475-a5b8-fb56bffea0d4/data/C-pos-2_1_L001_R1_001.fastq.gz
WARNING(140331768948544)2026-02-09 19:20:43,035:parameters: {'seqs_fp': '/tmp/qiime2/luis/data/a8dd656d-6ec7-4475-a5b8-fb56bffea0d4/data/C-pos-2_1_L001_R1_001.fastq.gz', 'output_dir': '/tmp/tmpv7136rbh', 'pos_ref_fp': ('/tmp/qiime2/luis/data/24c3fd7b-d797-45d8-8c62-edb383bdc88c/data/dna-sequences.fasta',), 'pos_ref_db_fp': ('/tmp/tmpv7136rbh/deblur_working_dir/dna-sequences',), 'neg_ref_fp': (), 'neg_ref_db_fp': ('/tmp/tmpv7136rbh/deblur_working_dir/artifacts',), 'overwrite': True, 'mean_error': 0.005, 'error_dist': [1.0, 0.06, 0.02, 0.02, 0.01, 0.005, 0.005, 0.005, 0.001, 0.001, 0.001, 0.0005], 'indel_prob': 0.01, 'indel_max': 3, 'trim_length': -1, 'left_trim_length': 0, 'min_reads': 1, 'min_size': 1, 'threads_per_sample': 1, 'keep_tmp_files': True, 'log_level': 2, 'log_file': '/home/luis/Documents/Projects/PUF-PAS_AirDNA/01_QIIME_pt2/01_Deblur/bin/deblur.log', 'jobs_to_start': 1, 'is_worker_thread': True, 'logger': <Logger __main__ (INFO)>}
INFO(140331768948544)2026-02-09 19:20:43,035:error_dist is : [1.0, 0.06, 0.02, 0.02, 0.01, 0.005, 0.005, 0.005, 0.001, 0.001, 0.001, 0.0005]
INFO(140331768948544)2026-02-09 19:20:43,035:deblur worker thread started
INFO(140331768948544)2026-02-09 19:20:43,035:processing per sample fasta files
INFO(140331768948544)2026-02-09 19:20:43,035:--------------------------------------------------------
INFO(140331768948544)2026-02-09 19:20:43,035:launch_workflow for file /tmp/qiime2/luis/data/a8dd656d-6ec7-4475-a5b8-fb56bffea0d4/data/C-pos-2_1_L001_R1_001.fastq.gz
INFO(123416696842048)2026-02-09 19:20:43,204:deblurring 3176 sequences
INFO(130800817207104)2026-02-09 19:20:43,589:deblurring 1140 sequences
INFO(126758916310848)2026-02-09 19:20:43,609:dereplicate seqs file /tmp/tmpv7136rbh/deblur_working_dir/PUF-BOT-6_11_L001_R1_001.fastq.gz.trim
INFO(126758916310848)2026-02-09 19:20:43,645:remove_artifacts_seqs file /tmp/tmpv7136rbh/deblur_working_dir/PUF-BOT-6_11_L001_R1_001.fastq.gz.trim.derep
INFO(130800817207104)2026-02-09 19:20:43,688:84 unique sequences left following deblurring
INFO(130800817207104)2026-02-09 19:20:43,689:remove_chimeras_denovo_from_seqs seqs file /tmp/tmpv7136rbh/deblur_working_dir/Mont-Tremblant_5_L001_R1_001.fastq.gz.trim.derep.no_artifacts.msa.deblurto working dir /tmp/tmpv7136rbh/deblur_working_dir
INFO(130800817207104)2026-02-09 19:20:43,742:finished processing file
INFO(130800817207104)2026-02-09 19:20:43,743:finished processing per sample fasta files
INFO(130800817207104)2026-02-09 19:20:43,743:worker thread for /tmp/qiime2/luis/data/a8dd656d-6ec7-4475-a5b8-fb56bffea0d4/data/Mont-Tremblant_5_L001_R1_001.fastq.gz finished
INFO(126758916310848)2026-02-09 19:20:44,110:total sequences 3864, passing sequences 3864, failing sequences 0
INFO(126758916310848)2026-02-09 19:20:44,110:multiple_sequence_alignment seqs file /tmp/tmpv7136rbh/deblur_working_dir/PUF-BOT-6_11_L001_R1_001.fastq.gz.trim.derep.no_artifacts
INFO(137031293863744)2026-02-09 19:20:44,577:*************************
INFO(137031293863744)2026-02-09 19:20:44,578:deblurring started
WARNING(137031293863744)2026-02-09 19:20:44,578:deblur version 1.1.1 workflow started on /tmp/qiime2/luis/data/a8dd656d-6ec7-4475-a5b8-fb56bffea0d4/data/PUF-MBO-8_45_L001_R1_001.fastq.gz
WARNING(137031293863744)2026-02-09 19:20:44,578:parameters: {'seqs_fp': '/tmp/qiime2/luis/data/a8dd656d-6ec7-4475-a5b8-fb56bffea0d4/data/PUF-MBO-8_45_L001_R1_001.fastq.gz', 'output_dir': '/tmp/tmpv7136rbh', 'pos_ref_fp': ('/tmp/qiime2/luis/data/24c3fd7b-d797-45d8-8c62-edb383bdc88c/data/dna-sequences.fasta',), 'pos_ref_db_fp': ('/tmp/tmpv7136rbh/deblur_working_dir/dna-sequences',), 'neg_ref_fp': (), 'neg_ref_db_fp': ('/tmp/tmpv7136rbh/deblur_working_dir/artifacts',), 'overwrite': True, 'mean_error': 0.005, 'error_dist': [1.0, 0.06, 0.02, 0.02, 0.01, 0.005, 0.005, 0.005, 0.001, 0.001, 0.001, 0.0005], 'indel_prob': 0.01, 'indel_max': 3, 'trim_length': -1, 'left_trim_length': 0, 'min_reads': 1, 'min_size': 1, 'threads_per_sample': 1, 'keep_tmp_files': True, 'log_level': 2, 'log_file': '/home/luis/Documents/Projects/PUF-PAS_AirDNA/01_QIIME_pt2/01_Deblur/bin/deblur.log', 'jobs_to_start': 1, 'is_worker_thread': True, 'logger': <Logger __main__ (INFO)>}
INFO(137031293863744)2026-02-09 19:20:44,578:error_dist is : [1.0, 0.06, 0.02, 0.02, 0.01, 0.005, 0.005, 0.005, 0.001, 0.001, 0.001, 0.0005]
INFO(137031293863744)2026-02-09 19:20:44,578:deblur worker thread started
INFO(137031293863744)2026-02-09 19:20:44,578:processing per sample fasta files
INFO(137031293863744)2026-02-09 19:20:44,578:--------------------------------------------------------
INFO(137031293863744)2026-02-09 19:20:44,578:launch_workflow for file /tmp/qiime2/luis/data/a8dd656d-6ec7-4475-a5b8-fb56bffea0d4/data/PUF-MBO-8_45_L001_R1_001.fastq.gz
INFO(123416696842048)2026-02-09 19:20:44,599:389 unique sequences left following deblurring
INFO(123416696842048)2026-02-09 19:20:44,601:remove_chimeras_denovo_from_seqs seqs file /tmp/tmpv7136rbh/deblur_working_dir/PUF-IPEX-2_24_L001_R1_001.fastq.gz.trim.derep.no_artifacts.msa.deblurto working dir /tmp/tmpv7136rbh/deblur_working_dir
INFO(123416696842048)2026-02-09 19:20:44,870:finished processing file
INFO(123416696842048)2026-02-09 19:20:44,870:finished processing per sample fasta files
INFO(123416696842048)2026-02-09 19:20:44,870:worker thread for /tmp/qiime2/luis/data/a8dd656d-6ec7-4475-a5b8-fb56bffea0d4/data/PUF-IPEX-2_24_L001_R1_001.fastq.gz finished
INFO(138819088713536)2026-02-09 19:20:45,666:*************************
INFO(138819088713536)2026-02-09 19:20:45,666:deblurring started
WARNING(138819088713536)2026-02-09 19:20:45,666:deblur version 1.1.1 workflow started on /tmp/qiime2/luis/data/a8dd656d-6ec7-4475-a5b8-fb56bffea0d4/data/PUF-MBO-5_42_L001_R1_001.fastq.gz
WARNING(138819088713536)2026-02-09 19:20:45,667:parameters: {'seqs_fp': '/tmp/qiime2/luis/data/a8dd656d-6ec7-4475-a5b8-fb56bffea0d4/data/PUF-MBO-5_42_L001_R1_001.fastq.gz', 'output_dir': '/tmp/tmpv7136rbh', 'pos_ref_fp': ('/tmp/qiime2/luis/data/24c3fd7b-d797-45d8-8c62-edb383bdc88c/data/dna-sequences.fasta',), 'pos_ref_db_fp': ('/tmp/tmpv7136rbh/deblur_working_dir/dna-sequences',), 'neg_ref_fp': (), 'neg_ref_db_fp': ('/tmp/tmpv7136rbh/deblur_working_dir/artifacts',), 'overwrite': True, 'mean_error': 0.005, 'error_dist': [1.0, 0.06, 0.02, 0.02, 0.01, 0.005, 0.005, 0.005, 0.001, 0.001, 0.001, 0.0005], 'indel_prob': 0.01, 'indel_max': 3, 'trim_length': -1, 'left_trim_length': 0, 'min_reads': 1, 'min_size': 1, 'threads_per_sample': 1, 'keep_tmp_files': True, 'log_level': 2, 'log_file': '/home/luis/Documents/Projects/PUF-PAS_AirDNA/01_QIIME_pt2/01_Deblur/bin/deblur.log', 'jobs_to_start': 1, 'is_worker_thread': True, 'logger': <Logger __main__ (INFO)>}
INFO(138819088713536)2026-02-09 19:20:45,667:error_dist is : [1.0, 0.06, 0.02, 0.02, 0.01, 0.005, 0.005, 0.005, 0.001, 0.001, 0.001, 0.0005]
INFO(138819088713536)2026-02-09 19:20:45,667:deblur worker thread started
INFO(138819088713536)2026-02-09 19:20:45,667:processing per sample fasta files
INFO(138819088713536)2026-02-09 19:20:45,667:--------------------------------------------------------
INFO(138819088713536)2026-02-09 19:20:45,667:launch_workflow for file /tmp/qiime2/luis/data/a8dd656d-6ec7-4475-a5b8-fb56bffea0d4/data/PUF-MBO-5_42_L001_R1_001.fastq.gz
INFO(140331768948544)2026-02-09 19:20:46,141:dereplicate seqs file /tmp/tmpv7136rbh/deblur_working_dir/C-pos-2_1_L001_R1_001.fastq.gz.trim
INFO(140331768948544)2026-02-09 19:20:46,177:remove_artifacts_seqs file /tmp/tmpv7136rbh/deblur_working_dir/C-pos-2_1_L001_R1_001.fastq.gz.trim.derep
INFO(140331768948544)2026-02-09 19:20:46,602:total sequences 3864, passing sequences 3864, failing sequences 0
INFO(140331768948544)2026-02-09 19:20:46,602:multiple_sequence_alignment seqs file /tmp/tmpv7136rbh/deblur_working_dir/C-pos-2_1_L001_R1_001.fastq.gz.trim.derep.no_artifacts
INFO(137031293863744)2026-02-09 19:20:47,324:dereplicate seqs file /tmp/tmpv7136rbh/deblur_working_dir/PUF-MBO-8_45_L001_R1_001.fastq.gz.trim
INFO(137031293863744)2026-02-09 19:20:47,359:remove_artifacts_seqs file /tmp/tmpv7136rbh/deblur_working_dir/PUF-MBO-8_45_L001_R1_001.fastq.gz.trim.derep
INFO(137031293863744)2026-02-09 19:20:47,893:total sequences 6825, passing sequences 6825, failing sequences 0
INFO(137031293863744)2026-02-09 19:20:47,893:multiple_sequence_alignment seqs file /tmp/tmpv7136rbh/deblur_working_dir/PUF-MBO-8_45_L001_R1_001.fastq.gz.trim.derep.no_artifacts
INFO(138819088713536)2026-02-09 19:20:48,465:dereplicate seqs file /tmp/tmpv7136rbh/deblur_working_dir/PUF-MBO-5_42_L001_R1_001.fastq.gz.trim
INFO(138819088713536)2026-02-09 19:20:48,500:remove_artifacts_seqs file /tmp/tmpv7136rbh/deblur_working_dir/PUF-MBO-5_42_L001_R1_001.fastq.gz.trim.derep
INFO(138819088713536)2026-02-09 19:20:48,926:total sequences 4152, passing sequences 4152, failing sequences 0
INFO(138819088713536)2026-02-09 19:20:48,926:multiple_sequence_alignment seqs file /tmp/tmpv7136rbh/deblur_working_dir/PUF-MBO-5_42_L001_R1_001.fastq.gz.trim.derep.no_artifacts
INFO(136849758078784)2026-02-09 19:20:54,566:deblurring 3257 sequences
INFO(136849758078784)2026-02-09 19:20:55,419:245 unique sequences left following deblurring
INFO(136849758078784)2026-02-09 19:20:55,421:remove_chimeras_denovo_from_seqs seqs file /tmp/tmpv7136rbh/deblur_working_dir/PUF-JD-5_33_L001_R1_001.fastq.gz.trim.derep.no_artifacts.msa.deblurto working dir /tmp/tmpv7136rbh/deblur_working_dir
INFO(136849758078784)2026-02-09 19:20:55,590:finished processing file
INFO(136849758078784)2026-02-09 19:20:55,590:finished processing per sample fasta files
INFO(136849758078784)2026-02-09 19:20:55,590:worker thread for /tmp/qiime2/luis/data/a8dd656d-6ec7-4475-a5b8-fb56bffea0d4/data/PUF-JD-5_33_L001_R1_001.fastq.gz finished
INFO(123214631110464)2026-02-09 19:20:56,509:*************************
INFO(123214631110464)2026-02-09 19:20:56,509:deblurring started
WARNING(123214631110464)2026-02-09 19:20:56,509:deblur version 1.1.1 workflow started on /tmp/qiime2/luis/data/a8dd656d-6ec7-4475-a5b8-fb56bffea0d4/data/PUF-BOT-8_13_L001_R1_001.fastq.gz
WARNING(123214631110464)2026-02-09 19:20:56,509:parameters: {'seqs_fp': '/tmp/qiime2/luis/data/a8dd656d-6ec7-4475-a5b8-fb56bffea0d4/data/PUF-BOT-8_13_L001_R1_001.fastq.gz', 'output_dir': '/tmp/tmpv7136rbh', 'pos_ref_fp': ('/tmp/qiime2/luis/data/24c3fd7b-d797-45d8-8c62-edb383bdc88c/data/dna-sequences.fasta',), 'pos_ref_db_fp': ('/tmp/tmpv7136rbh/deblur_working_dir/dna-sequences',), 'neg_ref_fp': (), 'neg_ref_db_fp': ('/tmp/tmpv7136rbh/deblur_working_dir/artifacts',), 'overwrite': True, 'mean_error': 0.005, 'error_dist': [1.0, 0.06, 0.02, 0.02, 0.01, 0.005, 0.005, 0.005, 0.001, 0.001, 0.001, 0.0005], 'indel_prob': 0.01, 'indel_max': 3, 'trim_length': -1, 'left_trim_length': 0, 'min_reads': 1, 'min_size': 1, 'threads_per_sample': 1, 'keep_tmp_files': True, 'log_level': 2, 'log_file': '/home/luis/Documents/Projects/PUF-PAS_AirDNA/01_QIIME_pt2/01_Deblur/bin/deblur.log', 'jobs_to_start': 1, 'is_worker_thread': True, 'logger': <Logger __main__ (INFO)>}
INFO(123214631110464)2026-02-09 19:20:56,509:error_dist is : [1.0, 0.06, 0.02, 0.02, 0.01, 0.005, 0.005, 0.005, 0.001, 0.001, 0.001, 0.0005]
INFO(123214631110464)2026-02-09 19:20:56,509:deblur worker thread started
INFO(123214631110464)2026-02-09 19:20:56,509:processing per sample fasta files
INFO(123214631110464)2026-02-09 19:20:56,509:--------------------------------------------------------
INFO(123214631110464)2026-02-09 19:20:56,509:launch_workflow for file /tmp/qiime2/luis/data/a8dd656d-6ec7-4475-a5b8-fb56bffea0d4/data/PUF-BOT-8_13_L001_R1_001.fastq.gz
INFO(123214631110464)2026-02-09 19:20:57,667:dereplicate seqs file /tmp/tmpv7136rbh/deblur_working_dir/PUF-BOT-8_13_L001_R1_001.fastq.gz.trim
INFO(123214631110464)2026-02-09 19:20:57,684:remove_artifacts_seqs file /tmp/tmpv7136rbh/deblur_working_dir/PUF-BOT-8_13_L001_R1_001.fastq.gz.trim.derep
INFO(123214631110464)2026-02-09 19:20:58,098:total sequences 3036, passing sequences 3036, failing sequences 0
INFO(123214631110464)2026-02-09 19:20:58,098:multiple_sequence_alignment seqs file /tmp/tmpv7136rbh/deblur_working_dir/PUF-BOT-8_13_L001_R1_001.fastq.gz.trim.derep.no_artifacts
INFO(126758916310848)2026-02-09 19:21:01,969:deblurring 3864 sequences
INFO(126758916310848)2026-02-09 19:21:03,484:338 unique sequences left following deblurring
INFO(126758916310848)2026-02-09 19:21:03,486:remove_chimeras_denovo_from_seqs seqs file /tmp/tmpv7136rbh/deblur_working_dir/PUF-BOT-6_11_L001_R1_001.fastq.gz.trim.derep.no_artifacts.msa.deblurto working dir /tmp/tmpv7136rbh/deblur_working_dir
INFO(126758916310848)2026-02-09 19:21:03,714:finished processing file
INFO(126758916310848)2026-02-09 19:21:03,714:finished processing per sample fasta files
INFO(126758916310848)2026-02-09 19:21:03,714:worker thread for /tmp/qiime2/luis/data/a8dd656d-6ec7-4475-a5b8-fb56bffea0d4/data/PUF-BOT-6_11_L001_R1_001.fastq.gz finished
INFO(140331768948544)2026-02-09 19:21:03,880:deblurring 3864 sequences
INFO(140331768948544)2026-02-09 19:21:04,275:84 unique sequences left following deblurring
INFO(140331768948544)2026-02-09 19:21:04,277:remove_chimeras_denovo_from_seqs seqs file /tmp/tmpv7136rbh/deblur_working_dir/C-pos-2_1_L001_R1_001.fastq.gz.trim.derep.no_artifacts.msa.deblurto working dir /tmp/tmpv7136rbh/deblur_working_dir
INFO(140331768948544)2026-02-09 19:21:04,329:finished processing file
INFO(140331768948544)2026-02-09 19:21:04,330:finished processing per sample fasta files
INFO(140331768948544)2026-02-09 19:21:04,330:worker thread for /tmp/qiime2/luis/data/a8dd656d-6ec7-4475-a5b8-fb56bffea0d4/data/C-pos-2_1_L001_R1_001.fastq.gz finished
INFO(125921488754496)2026-02-09 19:21:04,515:*************************
INFO(125921488754496)2026-02-09 19:21:04,516:deblurring started
WARNING(125921488754496)2026-02-09 19:21:04,516:deblur version 1.1.1 workflow started on /tmp/qiime2/luis/data/a8dd656d-6ec7-4475-a5b8-fb56bffea0d4/data/Ins-Cocoon_2_L001_R1_001.fastq.gz
WARNING(125921488754496)2026-02-09 19:21:04,516:parameters: {'seqs_fp': '/tmp/qiime2/luis/data/a8dd656d-6ec7-4475-a5b8-fb56bffea0d4/data/Ins-Cocoon_2_L001_R1_001.fastq.gz', 'output_dir': '/tmp/tmpv7136rbh', 'pos_ref_fp': ('/tmp/qiime2/luis/data/24c3fd7b-d797-45d8-8c62-edb383bdc88c/data/dna-sequences.fasta',), 'pos_ref_db_fp': ('/tmp/tmpv7136rbh/deblur_working_dir/dna-sequences',), 'neg_ref_fp': (), 'neg_ref_db_fp': ('/tmp/tmpv7136rbh/deblur_working_dir/artifacts',), 'overwrite': True, 'mean_error': 0.005, 'error_dist': [1.0, 0.06, 0.02, 0.02, 0.01, 0.005, 0.005, 0.005, 0.001, 0.001, 0.001, 0.0005], 'indel_prob': 0.01, 'indel_max': 3, 'trim_length': -1, 'left_trim_length': 0, 'min_reads': 1, 'min_size': 1, 'threads_per_sample': 1, 'keep_tmp_files': True, 'log_level': 2, 'log_file': '/home/luis/Documents/Projects/PUF-PAS_AirDNA/01_QIIME_pt2/01_Deblur/bin/deblur.log', 'jobs_to_start': 1, 'is_worker_thread': True, 'logger': <Logger __main__ (INFO)>}
INFO(125921488754496)2026-02-09 19:21:04,516:error_dist is : [1.0, 0.06, 0.02, 0.02, 0.01, 0.005, 0.005, 0.005, 0.001, 0.001, 0.001, 0.0005]
INFO(125921488754496)2026-02-09 19:21:04,516:deblur worker thread started
INFO(125921488754496)2026-02-09 19:21:04,516:processing per sample fasta files
INFO(125921488754496)2026-02-09 19:21:04,516:--------------------------------------------------------
INFO(125921488754496)2026-02-09 19:21:04,516:launch_workflow for file /tmp/qiime2/luis/data/a8dd656d-6ec7-4475-a5b8-fb56bffea0d4/data/Ins-Cocoon_2_L001_R1_001.fastq.gz
INFO(125921488754496)2026-02-09 19:21:04,609:dereplicate seqs file /tmp/tmpv7136rbh/deblur_working_dir/Ins-Cocoon_2_L001_R1_001.fastq.gz.trim
INFO(125921488754496)2026-02-09 19:21:04,613:remove_artifacts_seqs file /tmp/tmpv7136rbh/deblur_working_dir/Ins-Cocoon_2_L001_R1_001.fastq.gz.trim.derep
INFO(125921488754496)2026-02-09 19:21:04,928:total sequences 94, passing sequences 94, failing sequences 0
INFO(125921488754496)2026-02-09 19:21:04,929:multiple_sequence_alignment seqs file /tmp/tmpv7136rbh/deblur_working_dir/Ins-Cocoon_2_L001_R1_001.fastq.gz.trim.derep.no_artifacts
INFO(136471683012416)2026-02-09 19:21:05,109:*************************
INFO(136471683012416)2026-02-09 19:21:05,109:deblurring started
WARNING(136471683012416)2026-02-09 19:21:05,109:deblur version 1.1.1 workflow started on /tmp/qiime2/luis/data/a8dd656d-6ec7-4475-a5b8-fb56bffea0d4/data/PUF-BOU-2_16_L001_R1_001.fastq.gz
WARNING(136471683012416)2026-02-09 19:21:05,109:parameters: {'seqs_fp': '/tmp/qiime2/luis/data/a8dd656d-6ec7-4475-a5b8-fb56bffea0d4/data/PUF-BOU-2_16_L001_R1_001.fastq.gz', 'output_dir': '/tmp/tmpv7136rbh', 'pos_ref_fp': ('/tmp/qiime2/luis/data/24c3fd7b-d797-45d8-8c62-edb383bdc88c/data/dna-sequences.fasta',), 'pos_ref_db_fp': ('/tmp/tmpv7136rbh/deblur_working_dir/dna-sequences',), 'neg_ref_fp': (), 'neg_ref_db_fp': ('/tmp/tmpv7136rbh/deblur_working_dir/artifacts',), 'overwrite': True, 'mean_error': 0.005, 'error_dist': [1.0, 0.06, 0.02, 0.02, 0.01, 0.005, 0.005, 0.005, 0.001, 0.001, 0.001, 0.0005], 'indel_prob': 0.01, 'indel_max': 3, 'trim_length': -1, 'left_trim_length': 0, 'min_reads': 1, 'min_size': 1, 'threads_per_sample': 1, 'keep_tmp_files': True, 'log_level': 2, 'log_file': '/home/luis/Documents/Projects/PUF-PAS_AirDNA/01_QIIME_pt2/01_Deblur/bin/deblur.log', 'jobs_to_start': 1, 'is_worker_thread': True, 'logger': <Logger __main__ (INFO)>}
INFO(136471683012416)2026-02-09 19:21:05,109:error_dist is : [1.0, 0.06, 0.02, 0.02, 0.01, 0.005, 0.005, 0.005, 0.001, 0.001, 0.001, 0.0005]
INFO(136471683012416)2026-02-09 19:21:05,109:deblur worker thread started
INFO(136471683012416)2026-02-09 19:21:05,109:processing per sample fasta files
INFO(136471683012416)2026-02-09 19:21:05,109:--------------------------------------------------------
INFO(136471683012416)2026-02-09 19:21:05,109:launch_workflow for file /tmp/qiime2/luis/data/a8dd656d-6ec7-4475-a5b8-fb56bffea0d4/data/PUF-BOU-2_16_L001_R1_001.fastq.gz
INFO(136471683012416)2026-02-09 19:21:05,784:dereplicate seqs file /tmp/tmpv7136rbh/deblur_working_dir/PUF-BOU-2_16_L001_R1_001.fastq.gz.trim
INFO(136471683012416)2026-02-09 19:21:05,795:remove_artifacts_seqs file /tmp/tmpv7136rbh/deblur_working_dir/PUF-BOU-2_16_L001_R1_001.fastq.gz.trim.derep
INFO(136471683012416)2026-02-09 19:21:06,160:total sequences 1917, passing sequences 1917, failing sequences 0
INFO(136471683012416)2026-02-09 19:21:06,160:multiple_sequence_alignment seqs file /tmp/tmpv7136rbh/deblur_working_dir/PUF-BOU-2_16_L001_R1_001.fastq.gz.trim.derep.no_artifacts
INFO(132450594023232)2026-02-09 19:21:08,795:deblurring 6675 sequences
INFO(138819088713536)2026-02-09 19:21:09,266:deblurring 4152 sequences
INFO(125921488754496)2026-02-09 19:21:09,805:deblurring 94 sequences
INFO(125921488754496)2026-02-09 19:21:09,807:6 unique sequences left following deblurring
INFO(125921488754496)2026-02-09 19:21:09,807:remove_chimeras_denovo_from_seqs seqs file /tmp/tmpv7136rbh/deblur_working_dir/Ins-Cocoon_2_L001_R1_001.fastq.gz.trim.derep.no_artifacts.msa.deblurto working dir /tmp/tmpv7136rbh/deblur_working_dir
INFO(125921488754496)2026-02-09 19:21:09,818:finished processing file
INFO(125921488754496)2026-02-09 19:21:09,818:finished processing per sample fasta files
INFO(125921488754496)2026-02-09 19:21:09,818:worker thread for /tmp/qiime2/luis/data/a8dd656d-6ec7-4475-a5b8-fb56bffea0d4/data/Ins-Cocoon_2_L001_R1_001.fastq.gz finished
INFO(123214631110464)2026-02-09 19:21:10,217:deblurring 3036 sequences
INFO(130680898135872)2026-02-09 19:21:10,624:*************************
INFO(130680898135872)2026-02-09 19:21:10,624:deblurring started
WARNING(130680898135872)2026-02-09 19:21:10,625:deblur version 1.1.1 workflow started on /tmp/qiime2/luis/data/a8dd656d-6ec7-4475-a5b8-fb56bffea0d4/data/PUF-IPEX-9_29_L001_R1_001.fastq.gz
WARNING(130680898135872)2026-02-09 19:21:10,625:parameters: {'seqs_fp': '/tmp/qiime2/luis/data/a8dd656d-6ec7-4475-a5b8-fb56bffea0d4/data/PUF-IPEX-9_29_L001_R1_001.fastq.gz', 'output_dir': '/tmp/tmpv7136rbh', 'pos_ref_fp': ('/tmp/qiime2/luis/data/24c3fd7b-d797-45d8-8c62-edb383bdc88c/data/dna-sequences.fasta',), 'pos_ref_db_fp': ('/tmp/tmpv7136rbh/deblur_working_dir/dna-sequences',), 'neg_ref_fp': (), 'neg_ref_db_fp': ('/tmp/tmpv7136rbh/deblur_working_dir/artifacts',), 'overwrite': True, 'mean_error': 0.005, 'error_dist': [1.0, 0.06, 0.02, 0.02, 0.01, 0.005, 0.005, 0.005, 0.001, 0.001, 0.001, 0.0005], 'indel_prob': 0.01, 'indel_max': 3, 'trim_length': -1, 'left_trim_length': 0, 'min_reads': 1, 'min_size': 1, 'threads_per_sample': 1, 'keep_tmp_files': True, 'log_level': 2, 'log_file': '/home/luis/Documents/Projects/PUF-PAS_AirDNA/01_QIIME_pt2/01_Deblur/bin/deblur.log', 'jobs_to_start': 1, 'is_worker_thread': True, 'logger': <Logger __main__ (INFO)>}
INFO(130680898135872)2026-02-09 19:21:10,625:error_dist is : [1.0, 0.06, 0.02, 0.02, 0.01, 0.005, 0.005, 0.005, 0.001, 0.001, 0.001, 0.0005]
INFO(130680898135872)2026-02-09 19:21:10,625:deblur worker thread started
INFO(130680898135872)2026-02-09 19:21:10,625:processing per sample fasta files
INFO(130680898135872)2026-02-09 19:21:10,625:--------------------------------------------------------
INFO(130680898135872)2026-02-09 19:21:10,625:launch_workflow for file /tmp/qiime2/luis/data/a8dd656d-6ec7-4475-a5b8-fb56bffea0d4/data/PUF-IPEX-9_29_L001_R1_001.fastq.gz
INFO(138819088713536)2026-02-09 19:21:10,846:348 unique sequences left following deblurring
INFO(138819088713536)2026-02-09 19:21:10,849:remove_chimeras_denovo_from_seqs seqs file /tmp/tmpv7136rbh/deblur_working_dir/PUF-MBO-5_42_L001_R1_001.fastq.gz.trim.derep.no_artifacts.msa.deblurto working dir /tmp/tmpv7136rbh/deblur_working_dir
INFO(138819088713536)2026-02-09 19:21:11,088:finished processing file
INFO(138819088713536)2026-02-09 19:21:11,088:finished processing per sample fasta files
INFO(138819088713536)2026-02-09 19:21:11,088:worker thread for /tmp/qiime2/luis/data/a8dd656d-6ec7-4475-a5b8-fb56bffea0d4/data/PUF-MBO-5_42_L001_R1_001.fastq.gz finished
INFO(123214631110464)2026-02-09 19:21:11,384:352 unique sequences left following deblurring
INFO(123214631110464)2026-02-09 19:21:11,386:remove_chimeras_denovo_from_seqs seqs file /tmp/tmpv7136rbh/deblur_working_dir/PUF-BOT-8_13_L001_R1_001.fastq.gz.trim.derep.no_artifacts.msa.deblurto working dir /tmp/tmpv7136rbh/deblur_working_dir
INFO(123214631110464)2026-02-09 19:21:11,618:finished processing file
INFO(123214631110464)2026-02-09 19:21:11,618:finished processing per sample fasta files
INFO(123214631110464)2026-02-09 19:21:11,618:worker thread for /tmp/qiime2/luis/data/a8dd656d-6ec7-4475-a5b8-fb56bffea0d4/data/PUF-BOT-8_13_L001_R1_001.fastq.gz finished
INFO(127539801900864)2026-02-09 19:21:11,896:*************************
INFO(127539801900864)2026-02-09 19:21:11,896:deblurring started
WARNING(127539801900864)2026-02-09 19:21:11,896:deblur version 1.1.1 workflow started on /tmp/qiime2/luis/data/a8dd656d-6ec7-4475-a5b8-fb56bffea0d4/data/PUF-IPEX-6_27_L001_R1_001.fastq.gz
WARNING(127539801900864)2026-02-09 19:21:11,896:parameters: {'seqs_fp': '/tmp/qiime2/luis/data/a8dd656d-6ec7-4475-a5b8-fb56bffea0d4/data/PUF-IPEX-6_27_L001_R1_001.fastq.gz', 'output_dir': '/tmp/tmpv7136rbh', 'pos_ref_fp': ('/tmp/qiime2/luis/data/24c3fd7b-d797-45d8-8c62-edb383bdc88c/data/dna-sequences.fasta',), 'pos_ref_db_fp': ('/tmp/tmpv7136rbh/deblur_working_dir/dna-sequences',), 'neg_ref_fp': (), 'neg_ref_db_fp': ('/tmp/tmpv7136rbh/deblur_working_dir/artifacts',), 'overwrite': True, 'mean_error': 0.005, 'error_dist': [1.0, 0.06, 0.02, 0.02, 0.01, 0.005, 0.005, 0.005, 0.001, 0.001, 0.001, 0.0005], 'indel_prob': 0.01, 'indel_max': 3, 'trim_length': -1, 'left_trim_length': 0, 'min_reads': 1, 'min_size': 1, 'threads_per_sample': 1, 'keep_tmp_files': True, 'log_level': 2, 'log_file': '/home/luis/Documents/Projects/PUF-PAS_AirDNA/01_QIIME_pt2/01_Deblur/bin/deblur.log', 'jobs_to_start': 1, 'is_worker_thread': True, 'logger': <Logger __main__ (INFO)>}
INFO(127539801900864)2026-02-09 19:21:11,896:error_dist is : [1.0, 0.06, 0.02, 0.02, 0.01, 0.005, 0.005, 0.005, 0.001, 0.001, 0.001, 0.0005]
INFO(127539801900864)2026-02-09 19:21:11,896:deblur worker thread started
INFO(127539801900864)2026-02-09 19:21:11,896:processing per sample fasta files
INFO(127539801900864)2026-02-09 19:21:11,896:--------------------------------------------------------
INFO(127539801900864)2026-02-09 19:21:11,896:launch_workflow for file /tmp/qiime2/luis/data/a8dd656d-6ec7-4475-a5b8-fb56bffea0d4/data/PUF-IPEX-6_27_L001_R1_001.fastq.gz
INFO(136471683012416)2026-02-09 19:21:11,927:deblurring 1917 sequences
INFO(136471683012416)2026-02-09 19:21:12,307:197 unique sequences left following deblurring
INFO(136471683012416)2026-02-09 19:21:12,308:remove_chimeras_denovo_from_seqs seqs file /tmp/tmpv7136rbh/deblur_working_dir/PUF-BOU-2_16_L001_R1_001.fastq.gz.trim.derep.no_artifacts.msa.deblurto working dir /tmp/tmpv7136rbh/deblur_working_dir
INFO(136240768411456)2026-02-09 19:21:12,404:*************************
INFO(136240768411456)2026-02-09 19:21:12,404:deblurring started
WARNING(136240768411456)2026-02-09 19:21:12,405:deblur version 1.1.1 workflow started on /tmp/qiime2/luis/data/a8dd656d-6ec7-4475-a5b8-fb56bffea0d4/data/PUF-MBO-7_44_L001_R1_001.fastq.gz
WARNING(136240768411456)2026-02-09 19:21:12,405:parameters: {'seqs_fp': '/tmp/qiime2/luis/data/a8dd656d-6ec7-4475-a5b8-fb56bffea0d4/data/PUF-MBO-7_44_L001_R1_001.fastq.gz', 'output_dir': '/tmp/tmpv7136rbh', 'pos_ref_fp': ('/tmp/qiime2/luis/data/24c3fd7b-d797-45d8-8c62-edb383bdc88c/data/dna-sequences.fasta',), 'pos_ref_db_fp': ('/tmp/tmpv7136rbh/deblur_working_dir/dna-sequences',), 'neg_ref_fp': (), 'neg_ref_db_fp': ('/tmp/tmpv7136rbh/deblur_working_dir/artifacts',), 'overwrite': True, 'mean_error': 0.005, 'error_dist': [1.0, 0.06, 0.02, 0.02, 0.01, 0.005, 0.005, 0.005, 0.001, 0.001, 0.001, 0.0005], 'indel_prob': 0.01, 'indel_max': 3, 'trim_length': -1, 'left_trim_length': 0, 'min_reads': 1, 'min_size': 1, 'threads_per_sample': 1, 'keep_tmp_files': True, 'log_level': 2, 'log_file': '/home/luis/Documents/Projects/PUF-PAS_AirDNA/01_QIIME_pt2/01_Deblur/bin/deblur.log', 'jobs_to_start': 1, 'is_worker_thread': True, 'logger': <Logger __main__ (INFO)>}
INFO(136240768411456)2026-02-09 19:21:12,405:error_dist is : [1.0, 0.06, 0.02, 0.02, 0.01, 0.005, 0.005, 0.005, 0.001, 0.001, 0.001, 0.0005]
INFO(136240768411456)2026-02-09 19:21:12,405:deblur worker thread started
INFO(136240768411456)2026-02-09 19:21:12,405:processing per sample fasta files
INFO(136240768411456)2026-02-09 19:21:12,405:--------------------------------------------------------
INFO(136240768411456)2026-02-09 19:21:12,405:launch_workflow for file /tmp/qiime2/luis/data/a8dd656d-6ec7-4475-a5b8-fb56bffea0d4/data/PUF-MBO-7_44_L001_R1_001.fastq.gz
INFO(136471683012416)2026-02-09 19:21:12,432:finished processing file
INFO(136471683012416)2026-02-09 19:21:12,432:finished processing per sample fasta files
INFO(136471683012416)2026-02-09 19:21:12,433:worker thread for /tmp/qiime2/luis/data/a8dd656d-6ec7-4475-a5b8-fb56bffea0d4/data/PUF-BOU-2_16_L001_R1_001.fastq.gz finished
INFO(130680898135872)2026-02-09 19:21:12,921:dereplicate seqs file /tmp/tmpv7136rbh/deblur_working_dir/PUF-IPEX-9_29_L001_R1_001.fastq.gz.trim
INFO(132450594023232)2026-02-09 19:21:12,936:552 unique sequences left following deblurring
INFO(132450594023232)2026-02-09 19:21:12,939:remove_chimeras_denovo_from_seqs seqs file /tmp/tmpv7136rbh/deblur_working_dir/PUF-IPEX-10_23_L001_R1_001.fastq.gz.trim.derep.no_artifacts.msa.deblurto working dir /tmp/tmpv7136rbh/deblur_working_dir
INFO(130680898135872)2026-02-09 19:21:12,951:remove_artifacts_seqs file /tmp/tmpv7136rbh/deblur_working_dir/PUF-IPEX-9_29_L001_R1_001.fastq.gz.trim.derep
INFO(128038388262720)2026-02-09 19:21:13,213:*************************
INFO(128038388262720)2026-02-09 19:21:13,213:deblurring started
WARNING(128038388262720)2026-02-09 19:21:13,213:deblur version 1.1.1 workflow started on /tmp/qiime2/luis/data/a8dd656d-6ec7-4475-a5b8-fb56bffea0d4/data/PUF-MBO-10_39_L001_R1_001.fastq.gz
WARNING(128038388262720)2026-02-09 19:21:13,213:parameters: {'seqs_fp': '/tmp/qiime2/luis/data/a8dd656d-6ec7-4475-a5b8-fb56bffea0d4/data/PUF-MBO-10_39_L001_R1_001.fastq.gz', 'output_dir': '/tmp/tmpv7136rbh', 'pos_ref_fp': ('/tmp/qiime2/luis/data/24c3fd7b-d797-45d8-8c62-edb383bdc88c/data/dna-sequences.fasta',), 'pos_ref_db_fp': ('/tmp/tmpv7136rbh/deblur_working_dir/dna-sequences',), 'neg_ref_fp': (), 'neg_ref_db_fp': ('/tmp/tmpv7136rbh/deblur_working_dir/artifacts',), 'overwrite': True, 'mean_error': 0.005, 'error_dist': [1.0, 0.06, 0.02, 0.02, 0.01, 0.005, 0.005, 0.005, 0.001, 0.001, 0.001, 0.0005], 'indel_prob': 0.01, 'indel_max': 3, 'trim_length': -1, 'left_trim_length': 0, 'min_reads': 1, 'min_size': 1, 'threads_per_sample': 1, 'keep_tmp_files': True, 'log_level': 2, 'log_file': '/home/luis/Documents/Projects/PUF-PAS_AirDNA/01_QIIME_pt2/01_Deblur/bin/deblur.log', 'jobs_to_start': 1, 'is_worker_thread': True, 'logger': <Logger __main__ (INFO)>}
INFO(128038388262720)2026-02-09 19:21:13,214:error_dist is : [1.0, 0.06, 0.02, 0.02, 0.01, 0.005, 0.005, 0.005, 0.001, 0.001, 0.001, 0.0005]
INFO(128038388262720)2026-02-09 19:21:13,214:deblur worker thread started
INFO(128038388262720)2026-02-09 19:21:13,214:processing per sample fasta files
INFO(128038388262720)2026-02-09 19:21:13,214:--------------------------------------------------------
INFO(128038388262720)2026-02-09 19:21:13,214:launch_workflow for file /tmp/qiime2/luis/data/a8dd656d-6ec7-4475-a5b8-fb56bffea0d4/data/PUF-MBO-10_39_L001_R1_001.fastq.gz
INFO(132450594023232)2026-02-09 19:21:13,326:finished processing file
INFO(132450594023232)2026-02-09 19:21:13,327:finished processing per sample fasta files
INFO(132450594023232)2026-02-09 19:21:13,327:worker thread for /tmp/qiime2/luis/data/a8dd656d-6ec7-4475-a5b8-fb56bffea0d4/data/PUF-IPEX-10_23_L001_R1_001.fastq.gz finished
INFO(130680898135872)2026-02-09 19:21:13,416:total sequences 5113, passing sequences 5113, failing sequences 0
INFO(130680898135872)2026-02-09 19:21:13,417:multiple_sequence_alignment seqs file /tmp/tmpv7136rbh/deblur_working_dir/PUF-IPEX-9_29_L001_R1_001.fastq.gz.trim.derep.no_artifacts
INFO(127539801900864)2026-02-09 19:21:13,757:dereplicate seqs file /tmp/tmpv7136rbh/deblur_working_dir/PUF-IPEX-6_27_L001_R1_001.fastq.gz.trim
INFO(127539801900864)2026-02-09 19:21:13,782:remove_artifacts_seqs file /tmp/tmpv7136rbh/deblur_working_dir/PUF-IPEX-6_27_L001_R1_001.fastq.gz.trim.derep
INFO(131237446907712)2026-02-09 19:21:14,105:*************************
INFO(131237446907712)2026-02-09 19:21:14,105:deblurring started
WARNING(131237446907712)2026-02-09 19:21:14,105:deblur version 1.1.1 workflow started on /tmp/qiime2/luis/data/a8dd656d-6ec7-4475-a5b8-fb56bffea0d4/data/PUF-MBO-2_40_L001_R1_001.fastq.gz
WARNING(131237446907712)2026-02-09 19:21:14,105:parameters: {'seqs_fp': '/tmp/qiime2/luis/data/a8dd656d-6ec7-4475-a5b8-fb56bffea0d4/data/PUF-MBO-2_40_L001_R1_001.fastq.gz', 'output_dir': '/tmp/tmpv7136rbh', 'pos_ref_fp': ('/tmp/qiime2/luis/data/24c3fd7b-d797-45d8-8c62-edb383bdc88c/data/dna-sequences.fasta',), 'pos_ref_db_fp': ('/tmp/tmpv7136rbh/deblur_working_dir/dna-sequences',), 'neg_ref_fp': (), 'neg_ref_db_fp': ('/tmp/tmpv7136rbh/deblur_working_dir/artifacts',), 'overwrite': True, 'mean_error': 0.005, 'error_dist': [1.0, 0.06, 0.02, 0.02, 0.01, 0.005, 0.005, 0.005, 0.001, 0.001, 0.001, 0.0005], 'indel_prob': 0.01, 'indel_max': 3, 'trim_length': -1, 'left_trim_length': 0, 'min_reads': 1, 'min_size': 1, 'threads_per_sample': 1, 'keep_tmp_files': True, 'log_level': 2, 'log_file': '/home/luis/Documents/Projects/PUF-PAS_AirDNA/01_QIIME_pt2/01_Deblur/bin/deblur.log', 'jobs_to_start': 1, 'is_worker_thread': True, 'logger': <Logger __main__ (INFO)>}
INFO(131237446907712)2026-02-09 19:21:14,105:error_dist is : [1.0, 0.06, 0.02, 0.02, 0.01, 0.005, 0.005, 0.005, 0.001, 0.001, 0.001, 0.0005]
INFO(131237446907712)2026-02-09 19:21:14,105:deblur worker thread started
INFO(131237446907712)2026-02-09 19:21:14,105:processing per sample fasta files
INFO(131237446907712)2026-02-09 19:21:14,105:--------------------------------------------------------
INFO(131237446907712)2026-02-09 19:21:14,105:launch_workflow for file /tmp/qiime2/luis/data/a8dd656d-6ec7-4475-a5b8-fb56bffea0d4/data/PUF-MBO-2_40_L001_R1_001.fastq.gz
INFO(127539801900864)2026-02-09 19:21:14,223:total sequences 4213, passing sequences 4213, failing sequences 0
INFO(127539801900864)2026-02-09 19:21:14,223:multiple_sequence_alignment seqs file /tmp/tmpv7136rbh/deblur_working_dir/PUF-IPEX-6_27_L001_R1_001.fastq.gz.trim.derep.no_artifacts
INFO(136240768411456)2026-02-09 19:21:14,826:dereplicate seqs file /tmp/tmpv7136rbh/deblur_working_dir/PUF-MBO-7_44_L001_R1_001.fastq.gz.trim
INFO(136240768411456)2026-02-09 19:21:14,858:remove_artifacts_seqs file /tmp/tmpv7136rbh/deblur_working_dir/PUF-MBO-7_44_L001_R1_001.fastq.gz.trim.derep
INFO(128038388262720)2026-02-09 19:21:15,097:dereplicate seqs file /tmp/tmpv7136rbh/deblur_working_dir/PUF-MBO-10_39_L001_R1_001.fastq.gz.trim
INFO(128038388262720)2026-02-09 19:21:15,124:remove_artifacts_seqs file /tmp/tmpv7136rbh/deblur_working_dir/PUF-MBO-10_39_L001_R1_001.fastq.gz.trim.derep
INFO(136240768411456)2026-02-09 19:21:15,341:total sequences 6008, passing sequences 6008, failing sequences 0
INFO(136240768411456)2026-02-09 19:21:15,342:multiple_sequence_alignment seqs file /tmp/tmpv7136rbh/deblur_working_dir/PUF-MBO-7_44_L001_R1_001.fastq.gz.trim.derep.no_artifacts
INFO(128038388262720)2026-02-09 19:21:15,596:total sequences 5229, passing sequences 5229, failing sequences 0
INFO(128038388262720)2026-02-09 19:21:15,596:multiple_sequence_alignment seqs file /tmp/tmpv7136rbh/deblur_working_dir/PUF-MBO-10_39_L001_R1_001.fastq.gz.trim.derep.no_artifacts
INFO(131237446907712)2026-02-09 19:21:16,470:dereplicate seqs file /tmp/tmpv7136rbh/deblur_working_dir/PUF-MBO-2_40_L001_R1_001.fastq.gz.trim
INFO(131237446907712)2026-02-09 19:21:16,498:remove_artifacts_seqs file /tmp/tmpv7136rbh/deblur_working_dir/PUF-MBO-2_40_L001_R1_001.fastq.gz.trim.derep
INFO(131237446907712)2026-02-09 19:21:16,912:total sequences 3199, passing sequences 3199, failing sequences 0
INFO(131237446907712)2026-02-09 19:21:16,912:multiple_sequence_alignment seqs file /tmp/tmpv7136rbh/deblur_working_dir/PUF-MBO-2_40_L001_R1_001.fastq.gz.trim.derep.no_artifacts
INFO(131237446907712)2026-02-09 19:21:29,528:deblurring 3199 sequences
INFO(131237446907712)2026-02-09 19:21:30,504:271 unique sequences left following deblurring
INFO(131237446907712)2026-02-09 19:21:30,506:remove_chimeras_denovo_from_seqs seqs file /tmp/tmpv7136rbh/deblur_working_dir/PUF-MBO-2_40_L001_R1_001.fastq.gz.trim.derep.no_artifacts.msa.deblurto working dir /tmp/tmpv7136rbh/deblur_working_dir
INFO(131237446907712)2026-02-09 19:21:30,692:finished processing file
INFO(131237446907712)2026-02-09 19:21:30,692:finished processing per sample fasta files
INFO(131237446907712)2026-02-09 19:21:30,693:worker thread for /tmp/qiime2/luis/data/a8dd656d-6ec7-4475-a5b8-fb56bffea0d4/data/PUF-MBO-2_40_L001_R1_001.fastq.gz finished
INFO(132238152787776)2026-02-09 19:21:31,547:*************************
INFO(132238152787776)2026-02-09 19:21:31,547:deblurring started
WARNING(132238152787776)2026-02-09 19:21:31,548:deblur version 1.1.1 workflow started on /tmp/qiime2/luis/data/a8dd656d-6ec7-4475-a5b8-fb56bffea0d4/data/PUF-BOT-5_10_L001_R1_001.fastq.gz
WARNING(132238152787776)2026-02-09 19:21:31,548:parameters: {'seqs_fp': '/tmp/qiime2/luis/data/a8dd656d-6ec7-4475-a5b8-fb56bffea0d4/data/PUF-BOT-5_10_L001_R1_001.fastq.gz', 'output_dir': '/tmp/tmpv7136rbh', 'pos_ref_fp': ('/tmp/qiime2/luis/data/24c3fd7b-d797-45d8-8c62-edb383bdc88c/data/dna-sequences.fasta',), 'pos_ref_db_fp': ('/tmp/tmpv7136rbh/deblur_working_dir/dna-sequences',), 'neg_ref_fp': (), 'neg_ref_db_fp': ('/tmp/tmpv7136rbh/deblur_working_dir/artifacts',), 'overwrite': True, 'mean_error': 0.005, 'error_dist': [1.0, 0.06, 0.02, 0.02, 0.01, 0.005, 0.005, 0.005, 0.001, 0.001, 0.001, 0.0005], 'indel_prob': 0.01, 'indel_max': 3, 'trim_length': -1, 'left_trim_length': 0, 'min_reads': 1, 'min_size': 1, 'threads_per_sample': 1, 'keep_tmp_files': True, 'log_level': 2, 'log_file': '/home/luis/Documents/Projects/PUF-PAS_AirDNA/01_QIIME_pt2/01_Deblur/bin/deblur.log', 'jobs_to_start': 1, 'is_worker_thread': True, 'logger': <Logger __main__ (INFO)>}
INFO(132238152787776)2026-02-09 19:21:31,548:error_dist is : [1.0, 0.06, 0.02, 0.02, 0.01, 0.005, 0.005, 0.005, 0.001, 0.001, 0.001, 0.0005]
INFO(132238152787776)2026-02-09 19:21:31,548:deblur worker thread started
INFO(132238152787776)2026-02-09 19:21:31,548:processing per sample fasta files
INFO(132238152787776)2026-02-09 19:21:31,548:--------------------------------------------------------
INFO(132238152787776)2026-02-09 19:21:31,548:launch_workflow for file /tmp/qiime2/luis/data/a8dd656d-6ec7-4475-a5b8-fb56bffea0d4/data/PUF-BOT-5_10_L001_R1_001.fastq.gz
INFO(132238152787776)2026-02-09 19:21:32,506:dereplicate seqs file /tmp/tmpv7136rbh/deblur_working_dir/PUF-BOT-5_10_L001_R1_001.fastq.gz.trim
INFO(132238152787776)2026-02-09 19:21:32,520:remove_artifacts_seqs file /tmp/tmpv7136rbh/deblur_working_dir/PUF-BOT-5_10_L001_R1_001.fastq.gz.trim.derep
INFO(132238152787776)2026-02-09 19:21:32,911:total sequences 2698, passing sequences 2698, failing sequences 0
INFO(132238152787776)2026-02-09 19:21:32,911:multiple_sequence_alignment seqs file /tmp/tmpv7136rbh/deblur_working_dir/PUF-BOT-5_10_L001_R1_001.fastq.gz.trim.derep.no_artifacts
INFO(127539801900864)2026-02-09 19:21:35,281:deblurring 4213 sequences
INFO(127539801900864)2026-02-09 19:21:37,560:482 unique sequences left following deblurring
INFO(127539801900864)2026-02-09 19:21:37,564:remove_chimeras_denovo_from_seqs seqs file /tmp/tmpv7136rbh/deblur_working_dir/PUF-IPEX-6_27_L001_R1_001.fastq.gz.trim.derep.no_artifacts.msa.deblurto working dir /tmp/tmpv7136rbh/deblur_working_dir
INFO(127539801900864)2026-02-09 19:21:37,900:finished processing file
INFO(127539801900864)2026-02-09 19:21:37,900:finished processing per sample fasta files
INFO(127539801900864)2026-02-09 19:21:37,901:worker thread for /tmp/qiime2/luis/data/a8dd656d-6ec7-4475-a5b8-fb56bffea0d4/data/PUF-IPEX-6_27_L001_R1_001.fastq.gz finished
INFO(140099142219584)2026-02-09 19:21:38,783:*************************
INFO(140099142219584)2026-02-09 19:21:38,783:deblurring started
WARNING(140099142219584)2026-02-09 19:21:38,784:deblur version 1.1.1 workflow started on /tmp/qiime2/luis/data/a8dd656d-6ec7-4475-a5b8-fb56bffea0d4/data/PUF-MBO-6_43_L001_R1_001.fastq.gz
WARNING(140099142219584)2026-02-09 19:21:38,784:parameters: {'seqs_fp': '/tmp/qiime2/luis/data/a8dd656d-6ec7-4475-a5b8-fb56bffea0d4/data/PUF-MBO-6_43_L001_R1_001.fastq.gz', 'output_dir': '/tmp/tmpv7136rbh', 'pos_ref_fp': ('/tmp/qiime2/luis/data/24c3fd7b-d797-45d8-8c62-edb383bdc88c/data/dna-sequences.fasta',), 'pos_ref_db_fp': ('/tmp/tmpv7136rbh/deblur_working_dir/dna-sequences',), 'neg_ref_fp': (), 'neg_ref_db_fp': ('/tmp/tmpv7136rbh/deblur_working_dir/artifacts',), 'overwrite': True, 'mean_error': 0.005, 'error_dist': [1.0, 0.06, 0.02, 0.02, 0.01, 0.005, 0.005, 0.005, 0.001, 0.001, 0.001, 0.0005], 'indel_prob': 0.01, 'indel_max': 3, 'trim_length': -1, 'left_trim_length': 0, 'min_reads': 1, 'min_size': 1, 'threads_per_sample': 1, 'keep_tmp_files': True, 'log_level': 2, 'log_file': '/home/luis/Documents/Projects/PUF-PAS_AirDNA/01_QIIME_pt2/01_Deblur/bin/deblur.log', 'jobs_to_start': 1, 'is_worker_thread': True, 'logger': <Logger __main__ (INFO)>}
INFO(140099142219584)2026-02-09 19:21:38,784:error_dist is : [1.0, 0.06, 0.02, 0.02, 0.01, 0.005, 0.005, 0.005, 0.001, 0.001, 0.001, 0.0005]
INFO(140099142219584)2026-02-09 19:21:38,784:deblur worker thread started
INFO(140099142219584)2026-02-09 19:21:38,784:processing per sample fasta files
INFO(140099142219584)2026-02-09 19:21:38,784:--------------------------------------------------------
INFO(140099142219584)2026-02-09 19:21:38,784:launch_workflow for file /tmp/qiime2/luis/data/a8dd656d-6ec7-4475-a5b8-fb56bffea0d4/data/PUF-MBO-6_43_L001_R1_001.fastq.gz
INFO(137031293863744)2026-02-09 19:21:39,536:deblurring 6825 sequences
INFO(140099142219584)2026-02-09 19:21:40,676:dereplicate seqs file /tmp/tmpv7136rbh/deblur_working_dir/PUF-MBO-6_43_L001_R1_001.fastq.gz.trim
INFO(140099142219584)2026-02-09 19:21:40,704:remove_artifacts_seqs file /tmp/tmpv7136rbh/deblur_working_dir/PUF-MBO-6_43_L001_R1_001.fastq.gz.trim.derep
INFO(140099142219584)2026-02-09 19:21:41,180:total sequences 5103, passing sequences 5103, failing sequences 0
INFO(140099142219584)2026-02-09 19:21:41,180:multiple_sequence_alignment seqs file /tmp/tmpv7136rbh/deblur_working_dir/PUF-MBO-6_43_L001_R1_001.fastq.gz.trim.derep.no_artifacts
INFO(132238152787776)2026-02-09 19:21:42,734:deblurring 2698 sequences
INFO(130680898135872)2026-02-09 19:21:42,873:deblurring 5113 sequences
INFO(132238152787776)2026-02-09 19:21:43,496:260 unique sequences left following deblurring
INFO(132238152787776)2026-02-09 19:21:43,498:remove_chimeras_denovo_from_seqs seqs file /tmp/tmpv7136rbh/deblur_working_dir/PUF-BOT-5_10_L001_R1_001.fastq.gz.trim.derep.no_artifacts.msa.deblurto working dir /tmp/tmpv7136rbh/deblur_working_dir
INFO(132238152787776)2026-02-09 19:21:43,670:finished processing file
INFO(132238152787776)2026-02-09 19:21:43,670:finished processing per sample fasta files
INFO(132238152787776)2026-02-09 19:21:43,670:worker thread for /tmp/qiime2/luis/data/a8dd656d-6ec7-4475-a5b8-fb56bffea0d4/data/PUF-BOT-5_10_L001_R1_001.fastq.gz finished
INFO(136724779546432)2026-02-09 19:21:44,437:*************************
INFO(136724779546432)2026-02-09 19:21:44,437:deblurring started
WARNING(136724779546432)2026-02-09 19:21:44,437:deblur version 1.1.1 workflow started on /tmp/qiime2/luis/data/a8dd656d-6ec7-4475-a5b8-fb56bffea0d4/data/PUF-IPEX-5_26_L001_R1_001.fastq.gz
WARNING(136724779546432)2026-02-09 19:21:44,437:parameters: {'seqs_fp': '/tmp/qiime2/luis/data/a8dd656d-6ec7-4475-a5b8-fb56bffea0d4/data/PUF-IPEX-5_26_L001_R1_001.fastq.gz', 'output_dir': '/tmp/tmpv7136rbh', 'pos_ref_fp': ('/tmp/qiime2/luis/data/24c3fd7b-d797-45d8-8c62-edb383bdc88c/data/dna-sequences.fasta',), 'pos_ref_db_fp': ('/tmp/tmpv7136rbh/deblur_working_dir/dna-sequences',), 'neg_ref_fp': (), 'neg_ref_db_fp': ('/tmp/tmpv7136rbh/deblur_working_dir/artifacts',), 'overwrite': True, 'mean_error': 0.005, 'error_dist': [1.0, 0.06, 0.02, 0.02, 0.01, 0.005, 0.005, 0.005, 0.001, 0.001, 0.001, 0.0005], 'indel_prob': 0.01, 'indel_max': 3, 'trim_length': -1, 'left_trim_length': 0, 'min_reads': 1, 'min_size': 1, 'threads_per_sample': 1, 'keep_tmp_files': True, 'log_level': 2, 'log_file': '/home/luis/Documents/Projects/PUF-PAS_AirDNA/01_QIIME_pt2/01_Deblur/bin/deblur.log', 'jobs_to_start': 1, 'is_worker_thread': True, 'logger': <Logger __main__ (INFO)>}
INFO(136724779546432)2026-02-09 19:21:44,437:error_dist is : [1.0, 0.06, 0.02, 0.02, 0.01, 0.005, 0.005, 0.005, 0.001, 0.001, 0.001, 0.0005]
INFO(136724779546432)2026-02-09 19:21:44,437:deblur worker thread started
INFO(136724779546432)2026-02-09 19:21:44,437:processing per sample fasta files
INFO(136724779546432)2026-02-09 19:21:44,437:--------------------------------------------------------
INFO(136724779546432)2026-02-09 19:21:44,437:launch_workflow for file /tmp/qiime2/luis/data/a8dd656d-6ec7-4475-a5b8-fb56bffea0d4/data/PUF-IPEX-5_26_L001_R1_001.fastq.gz
INFO(137031293863744)2026-02-09 19:21:44,534:643 unique sequences left following deblurring
INFO(137031293863744)2026-02-09 19:21:44,539:remove_chimeras_denovo_from_seqs seqs file /tmp/tmpv7136rbh/deblur_working_dir/PUF-MBO-8_45_L001_R1_001.fastq.gz.trim.derep.no_artifacts.msa.deblurto working dir /tmp/tmpv7136rbh/deblur_working_dir
INFO(137031293863744)2026-02-09 19:21:44,997:finished processing file
INFO(137031293863744)2026-02-09 19:21:44,998:finished processing per sample fasta files
INFO(137031293863744)2026-02-09 19:21:44,998:worker thread for /tmp/qiime2/luis/data/a8dd656d-6ec7-4475-a5b8-fb56bffea0d4/data/PUF-MBO-8_45_L001_R1_001.fastq.gz finished
INFO(126686367754048)2026-02-09 19:21:45,769:*************************
INFO(126686367754048)2026-02-09 19:21:45,770:deblurring started
WARNING(126686367754048)2026-02-09 19:21:45,770:deblur version 1.1.1 workflow started on /tmp/qiime2/luis/data/a8dd656d-6ec7-4475-a5b8-fb56bffea0d4/data/PUF-BOT-2_8_L001_R1_001.fastq.gz
WARNING(126686367754048)2026-02-09 19:21:45,770:parameters: {'seqs_fp': '/tmp/qiime2/luis/data/a8dd656d-6ec7-4475-a5b8-fb56bffea0d4/data/PUF-BOT-2_8_L001_R1_001.fastq.gz', 'output_dir': '/tmp/tmpv7136rbh', 'pos_ref_fp': ('/tmp/qiime2/luis/data/24c3fd7b-d797-45d8-8c62-edb383bdc88c/data/dna-sequences.fasta',), 'pos_ref_db_fp': ('/tmp/tmpv7136rbh/deblur_working_dir/dna-sequences',), 'neg_ref_fp': (), 'neg_ref_db_fp': ('/tmp/tmpv7136rbh/deblur_working_dir/artifacts',), 'overwrite': True, 'mean_error': 0.005, 'error_dist': [1.0, 0.06, 0.02, 0.02, 0.01, 0.005, 0.005, 0.005, 0.001, 0.001, 0.001, 0.0005], 'indel_prob': 0.01, 'indel_max': 3, 'trim_length': -1, 'left_trim_length': 0, 'min_reads': 1, 'min_size': 1, 'threads_per_sample': 1, 'keep_tmp_files': True, 'log_level': 2, 'log_file': '/home/luis/Documents/Projects/PUF-PAS_AirDNA/01_QIIME_pt2/01_Deblur/bin/deblur.log', 'jobs_to_start': 1, 'is_worker_thread': True, 'logger': <Logger __main__ (INFO)>}
INFO(126686367754048)2026-02-09 19:21:45,770:error_dist is : [1.0, 0.06, 0.02, 0.02, 0.01, 0.005, 0.005, 0.005, 0.001, 0.001, 0.001, 0.0005]
INFO(126686367754048)2026-02-09 19:21:45,770:deblur worker thread started
INFO(126686367754048)2026-02-09 19:21:45,770:processing per sample fasta files
INFO(126686367754048)2026-02-09 19:21:45,770:--------------------------------------------------------
INFO(126686367754048)2026-02-09 19:21:45,770:launch_workflow for file /tmp/qiime2/luis/data/a8dd656d-6ec7-4475-a5b8-fb56bffea0d4/data/PUF-BOT-2_8_L001_R1_001.fastq.gz
INFO(130680898135872)2026-02-09 19:21:45,890:516 unique sequences left following deblurring
INFO(130680898135872)2026-02-09 19:21:45,894:remove_chimeras_denovo_from_seqs seqs file /tmp/tmpv7136rbh/deblur_working_dir/PUF-IPEX-9_29_L001_R1_001.fastq.gz.trim.derep.no_artifacts.msa.deblurto working dir /tmp/tmpv7136rbh/deblur_working_dir
INFO(130680898135872)2026-02-09 19:21:46,253:finished processing file
INFO(130680898135872)2026-02-09 19:21:46,254:finished processing per sample fasta files
INFO(130680898135872)2026-02-09 19:21:46,254:worker thread for /tmp/qiime2/luis/data/a8dd656d-6ec7-4475-a5b8-fb56bffea0d4/data/PUF-IPEX-9_29_L001_R1_001.fastq.gz finished
INFO(126686367754048)2026-02-09 19:21:46,646:dereplicate seqs file /tmp/tmpv7136rbh/deblur_working_dir/PUF-BOT-2_8_L001_R1_001.fastq.gz.trim
INFO(126686367754048)2026-02-09 19:21:46,659:remove_artifacts_seqs file /tmp/tmpv7136rbh/deblur_working_dir/PUF-BOT-2_8_L001_R1_001.fastq.gz.trim.derep
INFO(128038388262720)2026-02-09 19:21:46,735:deblurring 5229 sequences
INFO(126686367754048)2026-02-09 19:21:47,030:total sequences 2315, passing sequences 2315, failing sequences 0
INFO(126686367754048)2026-02-09 19:21:47,031:multiple_sequence_alignment seqs file /tmp/tmpv7136rbh/deblur_working_dir/PUF-BOT-2_8_L001_R1_001.fastq.gz.trim.derep.no_artifacts
INFO(128589085820736)2026-02-09 19:21:47,078:*************************
INFO(128589085820736)2026-02-09 19:21:47,078:deblurring started
WARNING(128589085820736)2026-02-09 19:21:47,078:deblur version 1.1.1 workflow started on /tmp/qiime2/luis/data/a8dd656d-6ec7-4475-a5b8-fb56bffea0d4/data/Ins-Door_3_L001_R1_001.fastq.gz
WARNING(128589085820736)2026-02-09 19:21:47,078:parameters: {'seqs_fp': '/tmp/qiime2/luis/data/a8dd656d-6ec7-4475-a5b8-fb56bffea0d4/data/Ins-Door_3_L001_R1_001.fastq.gz', 'output_dir': '/tmp/tmpv7136rbh', 'pos_ref_fp': ('/tmp/qiime2/luis/data/24c3fd7b-d797-45d8-8c62-edb383bdc88c/data/dna-sequences.fasta',), 'pos_ref_db_fp': ('/tmp/tmpv7136rbh/deblur_working_dir/dna-sequences',), 'neg_ref_fp': (), 'neg_ref_db_fp': ('/tmp/tmpv7136rbh/deblur_working_dir/artifacts',), 'overwrite': True, 'mean_error': 0.005, 'error_dist': [1.0, 0.06, 0.02, 0.02, 0.01, 0.005, 0.005, 0.005, 0.001, 0.001, 0.001, 0.0005], 'indel_prob': 0.01, 'indel_max': 3, 'trim_length': -1, 'left_trim_length': 0, 'min_reads': 1, 'min_size': 1, 'threads_per_sample': 1, 'keep_tmp_files': True, 'log_level': 2, 'log_file': '/home/luis/Documents/Projects/PUF-PAS_AirDNA/01_QIIME_pt2/01_Deblur/bin/deblur.log', 'jobs_to_start': 1, 'is_worker_thread': True, 'logger': <Logger __main__ (INFO)>}
INFO(128589085820736)2026-02-09 19:21:47,078:error_dist is : [1.0, 0.06, 0.02, 0.02, 0.01, 0.005, 0.005, 0.005, 0.001, 0.001, 0.001, 0.0005]
INFO(128589085820736)2026-02-09 19:21:47,078:deblur worker thread started
INFO(128589085820736)2026-02-09 19:21:47,078:processing per sample fasta files
INFO(128589085820736)2026-02-09 19:21:47,078:--------------------------------------------------------
INFO(128589085820736)2026-02-09 19:21:47,078:launch_workflow for file /tmp/qiime2/luis/data/a8dd656d-6ec7-4475-a5b8-fb56bffea0d4/data/Ins-Door_3_L001_R1_001.fastq.gz
INFO(128589085820736)2026-02-09 19:21:47,097:dereplicate seqs file /tmp/tmpv7136rbh/deblur_working_dir/Ins-Door_3_L001_R1_001.fastq.gz.trim
INFO(128589085820736)2026-02-09 19:21:47,099:remove_artifacts_seqs file /tmp/tmpv7136rbh/deblur_working_dir/Ins-Door_3_L001_R1_001.fastq.gz.trim.derep
INFO(128589085820736)2026-02-09 19:21:47,419:total sequences 21, passing sequences 21, failing sequences 0
INFO(128589085820736)2026-02-09 19:21:47,419:multiple_sequence_alignment seqs file /tmp/tmpv7136rbh/deblur_working_dir/Ins-Door_3_L001_R1_001.fastq.gz.trim.derep.no_artifacts
INFO(128589085820736)2026-02-09 19:21:47,804:deblurring 21 sequences
INFO(128589085820736)2026-02-09 19:21:47,805:3 unique sequences left following deblurring
INFO(128589085820736)2026-02-09 19:21:47,805:remove_chimeras_denovo_from_seqs seqs file /tmp/tmpv7136rbh/deblur_working_dir/Ins-Door_3_L001_R1_001.fastq.gz.trim.derep.no_artifacts.msa.deblurto working dir /tmp/tmpv7136rbh/deblur_working_dir
INFO(128589085820736)2026-02-09 19:21:47,815:finished processing file
INFO(128589085820736)2026-02-09 19:21:47,815:finished processing per sample fasta files
INFO(128589085820736)2026-02-09 19:21:47,815:worker thread for /tmp/qiime2/luis/data/a8dd656d-6ec7-4475-a5b8-fb56bffea0d4/data/Ins-Door_3_L001_R1_001.fastq.gz finished
INFO(136724779546432)2026-02-09 19:21:48,016:dereplicate seqs file /tmp/tmpv7136rbh/deblur_working_dir/PUF-IPEX-5_26_L001_R1_001.fastq.gz.trim
INFO(136724779546432)2026-02-09 19:21:48,071:remove_artifacts_seqs file /tmp/tmpv7136rbh/deblur_working_dir/PUF-IPEX-5_26_L001_R1_001.fastq.gz.trim.derep
INFO(136724779546432)2026-02-09 19:21:48,655:total sequences 7672, passing sequences 7672, failing sequences 0
INFO(136724779546432)2026-02-09 19:21:48,655:multiple_sequence_alignment seqs file /tmp/tmpv7136rbh/deblur_working_dir/PUF-IPEX-5_26_L001_R1_001.fastq.gz.trim.derep.no_artifacts
INFO(130484475283264)2026-02-09 19:21:48,699:*************************
INFO(130484475283264)2026-02-09 19:21:48,699:deblurring started
WARNING(130484475283264)2026-02-09 19:21:48,699:deblur version 1.1.1 workflow started on /tmp/qiime2/luis/data/a8dd656d-6ec7-4475-a5b8-fb56bffea0d4/data/PUF-IPEX-4_25_L001_R1_001.fastq.gz
WARNING(130484475283264)2026-02-09 19:21:48,699:parameters: {'seqs_fp': '/tmp/qiime2/luis/data/a8dd656d-6ec7-4475-a5b8-fb56bffea0d4/data/PUF-IPEX-4_25_L001_R1_001.fastq.gz', 'output_dir': '/tmp/tmpv7136rbh', 'pos_ref_fp': ('/tmp/qiime2/luis/data/24c3fd7b-d797-45d8-8c62-edb383bdc88c/data/dna-sequences.fasta',), 'pos_ref_db_fp': ('/tmp/tmpv7136rbh/deblur_working_dir/dna-sequences',), 'neg_ref_fp': (), 'neg_ref_db_fp': ('/tmp/tmpv7136rbh/deblur_working_dir/artifacts',), 'overwrite': True, 'mean_error': 0.005, 'error_dist': [1.0, 0.06, 0.02, 0.02, 0.01, 0.005, 0.005, 0.005, 0.001, 0.001, 0.001, 0.0005], 'indel_prob': 0.01, 'indel_max': 3, 'trim_length': -1, 'left_trim_length': 0, 'min_reads': 1, 'min_size': 1, 'threads_per_sample': 1, 'keep_tmp_files': True, 'log_level': 2, 'log_file': '/home/luis/Documents/Projects/PUF-PAS_AirDNA/01_QIIME_pt2/01_Deblur/bin/deblur.log', 'jobs_to_start': 1, 'is_worker_thread': True, 'logger': <Logger __main__ (INFO)>}
INFO(130484475283264)2026-02-09 19:21:48,700:error_dist is : [1.0, 0.06, 0.02, 0.02, 0.01, 0.005, 0.005, 0.005, 0.001, 0.001, 0.001, 0.0005]
INFO(130484475283264)2026-02-09 19:21:48,700:deblur worker thread started
INFO(130484475283264)2026-02-09 19:21:48,700:processing per sample fasta files
INFO(130484475283264)2026-02-09 19:21:48,700:--------------------------------------------------------
INFO(130484475283264)2026-02-09 19:21:48,700:launch_workflow for file /tmp/qiime2/luis/data/a8dd656d-6ec7-4475-a5b8-fb56bffea0d4/data/PUF-IPEX-4_25_L001_R1_001.fastq.gz
INFO(128038388262720)2026-02-09 19:21:49,583:469 unique sequences left following deblurring
INFO(128038388262720)2026-02-09 19:21:49,586:remove_chimeras_denovo_from_seqs seqs file /tmp/tmpv7136rbh/deblur_working_dir/PUF-MBO-10_39_L001_R1_001.fastq.gz.trim.derep.no_artifacts.msa.deblurto working dir /tmp/tmpv7136rbh/deblur_working_dir
INFO(128038388262720)2026-02-09 19:21:49,930:finished processing file
INFO(128038388262720)2026-02-09 19:21:49,930:finished processing per sample fasta files
INFO(128038388262720)2026-02-09 19:21:49,931:worker thread for /tmp/qiime2/luis/data/a8dd656d-6ec7-4475-a5b8-fb56bffea0d4/data/PUF-MBO-10_39_L001_R1_001.fastq.gz finished
INFO(126682317154112)2026-02-09 19:21:50,734:*************************
INFO(126682317154112)2026-02-09 19:21:50,734:deblurring started
WARNING(126682317154112)2026-02-09 19:21:50,734:deblur version 1.1.1 workflow started on /tmp/qiime2/luis/data/a8dd656d-6ec7-4475-a5b8-fb56bffea0d4/data/PUF-BOU-3_17_L001_R1_001.fastq.gz
WARNING(126682317154112)2026-02-09 19:21:50,734:parameters: {'seqs_fp': '/tmp/qiime2/luis/data/a8dd656d-6ec7-4475-a5b8-fb56bffea0d4/data/PUF-BOU-3_17_L001_R1_001.fastq.gz', 'output_dir': '/tmp/tmpv7136rbh', 'pos_ref_fp': ('/tmp/qiime2/luis/data/24c3fd7b-d797-45d8-8c62-edb383bdc88c/data/dna-sequences.fasta',), 'pos_ref_db_fp': ('/tmp/tmpv7136rbh/deblur_working_dir/dna-sequences',), 'neg_ref_fp': (), 'neg_ref_db_fp': ('/tmp/tmpv7136rbh/deblur_working_dir/artifacts',), 'overwrite': True, 'mean_error': 0.005, 'error_dist': [1.0, 0.06, 0.02, 0.02, 0.01, 0.005, 0.005, 0.005, 0.001, 0.001, 0.001, 0.0005], 'indel_prob': 0.01, 'indel_max': 3, 'trim_length': -1, 'left_trim_length': 0, 'min_reads': 1, 'min_size': 1, 'threads_per_sample': 1, 'keep_tmp_files': True, 'log_level': 2, 'log_file': '/home/luis/Documents/Projects/PUF-PAS_AirDNA/01_QIIME_pt2/01_Deblur/bin/deblur.log', 'jobs_to_start': 1, 'is_worker_thread': True, 'logger': <Logger __main__ (INFO)>}
INFO(126682317154112)2026-02-09 19:21:50,734:error_dist is : [1.0, 0.06, 0.02, 0.02, 0.01, 0.005, 0.005, 0.005, 0.001, 0.001, 0.001, 0.0005]
INFO(126682317154112)2026-02-09 19:21:50,734:deblur worker thread started
INFO(126682317154112)2026-02-09 19:21:50,734:processing per sample fasta files
INFO(126682317154112)2026-02-09 19:21:50,734:--------------------------------------------------------
INFO(126682317154112)2026-02-09 19:21:50,734:launch_workflow for file /tmp/qiime2/luis/data/a8dd656d-6ec7-4475-a5b8-fb56bffea0d4/data/PUF-BOU-3_17_L001_R1_001.fastq.gz
INFO(130484475283264)2026-02-09 19:21:51,197:dereplicate seqs file /tmp/tmpv7136rbh/deblur_working_dir/PUF-IPEX-4_25_L001_R1_001.fastq.gz.trim
INFO(130484475283264)2026-02-09 19:21:51,229:remove_artifacts_seqs file /tmp/tmpv7136rbh/deblur_working_dir/PUF-IPEX-4_25_L001_R1_001.fastq.gz.trim.derep
INFO(126682317154112)2026-02-09 19:21:51,345:dereplicate seqs file /tmp/tmpv7136rbh/deblur_working_dir/PUF-BOU-3_17_L001_R1_001.fastq.gz.trim
INFO(126682317154112)2026-02-09 19:21:51,355:remove_artifacts_seqs file /tmp/tmpv7136rbh/deblur_working_dir/PUF-BOU-3_17_L001_R1_001.fastq.gz.trim.derep
INFO(126682317154112)2026-02-09 19:21:51,712:total sequences 1608, passing sequences 1608, failing sequences 0
INFO(126682317154112)2026-02-09 19:21:51,712:multiple_sequence_alignment seqs file /tmp/tmpv7136rbh/deblur_working_dir/PUF-BOU-3_17_L001_R1_001.fastq.gz.trim.derep.no_artifacts
INFO(130484475283264)2026-02-09 19:21:51,713:total sequences 5995, passing sequences 5995, failing sequences 0
INFO(130484475283264)2026-02-09 19:21:51,713:multiple_sequence_alignment seqs file /tmp/tmpv7136rbh/deblur_working_dir/PUF-IPEX-4_25_L001_R1_001.fastq.gz.trim.derep.no_artifacts
INFO(126686367754048)2026-02-09 19:21:54,764:deblurring 2315 sequences
INFO(136240768411456)2026-02-09 19:21:55,001:deblurring 6008 sequences
INFO(126686367754048)2026-02-09 19:21:55,464:281 unique sequences left following deblurring
INFO(126686367754048)2026-02-09 19:21:55,465:remove_chimeras_denovo_from_seqs seqs file /tmp/tmpv7136rbh/deblur_working_dir/PUF-BOT-2_8_L001_R1_001.fastq.gz.trim.derep.no_artifacts.msa.deblurto working dir /tmp/tmpv7136rbh/deblur_working_dir
INFO(126686367754048)2026-02-09 19:21:55,652:finished processing file
INFO(126686367754048)2026-02-09 19:21:55,652:finished processing per sample fasta files
INFO(126686367754048)2026-02-09 19:21:55,652:worker thread for /tmp/qiime2/luis/data/a8dd656d-6ec7-4475-a5b8-fb56bffea0d4/data/PUF-BOT-2_8_L001_R1_001.fastq.gz finished
INFO(126682317154112)2026-02-09 19:21:56,108:deblurring 1608 sequences
INFO(126682317154112)2026-02-09 19:21:56,410:169 unique sequences left following deblurring
INFO(126682317154112)2026-02-09 19:21:56,411:remove_chimeras_denovo_from_seqs seqs file /tmp/tmpv7136rbh/deblur_working_dir/PUF-BOU-3_17_L001_R1_001.fastq.gz.trim.derep.no_artifacts.msa.deblurto working dir /tmp/tmpv7136rbh/deblur_working_dir
INFO(138993299400512)2026-02-09 19:21:56,461:*************************
INFO(138993299400512)2026-02-09 19:21:56,461:deblurring started
WARNING(138993299400512)2026-02-09 19:21:56,461:deblur version 1.1.1 workflow started on /tmp/qiime2/luis/data/a8dd656d-6ec7-4475-a5b8-fb56bffea0d4/data/PUF-MBO-3_41_L001_R1_001.fastq.gz
WARNING(138993299400512)2026-02-09 19:21:56,461:parameters: {'seqs_fp': '/tmp/qiime2/luis/data/a8dd656d-6ec7-4475-a5b8-fb56bffea0d4/data/PUF-MBO-3_41_L001_R1_001.fastq.gz', 'output_dir': '/tmp/tmpv7136rbh', 'pos_ref_fp': ('/tmp/qiime2/luis/data/24c3fd7b-d797-45d8-8c62-edb383bdc88c/data/dna-sequences.fasta',), 'pos_ref_db_fp': ('/tmp/tmpv7136rbh/deblur_working_dir/dna-sequences',), 'neg_ref_fp': (), 'neg_ref_db_fp': ('/tmp/tmpv7136rbh/deblur_working_dir/artifacts',), 'overwrite': True, 'mean_error': 0.005, 'error_dist': [1.0, 0.06, 0.02, 0.02, 0.01, 0.005, 0.005, 0.005, 0.001, 0.001, 0.001, 0.0005], 'indel_prob': 0.01, 'indel_max': 3, 'trim_length': -1, 'left_trim_length': 0, 'min_reads': 1, 'min_size': 1, 'threads_per_sample': 1, 'keep_tmp_files': True, 'log_level': 2, 'log_file': '/home/luis/Documents/Projects/PUF-PAS_AirDNA/01_QIIME_pt2/01_Deblur/bin/deblur.log', 'jobs_to_start': 1, 'is_worker_thread': True, 'logger': <Logger __main__ (INFO)>}
INFO(138993299400512)2026-02-09 19:21:56,461:error_dist is : [1.0, 0.06, 0.02, 0.02, 0.01, 0.005, 0.005, 0.005, 0.001, 0.001, 0.001, 0.0005]
INFO(138993299400512)2026-02-09 19:21:56,461:deblur worker thread started
INFO(138993299400512)2026-02-09 19:21:56,461:processing per sample fasta files
INFO(138993299400512)2026-02-09 19:21:56,461:--------------------------------------------------------
INFO(138993299400512)2026-02-09 19:21:56,461:launch_workflow for file /tmp/qiime2/luis/data/a8dd656d-6ec7-4475-a5b8-fb56bffea0d4/data/PUF-MBO-3_41_L001_R1_001.fastq.gz
INFO(126682317154112)2026-02-09 19:21:56,521:finished processing file
INFO(126682317154112)2026-02-09 19:21:56,521:finished processing per sample fasta files
INFO(126682317154112)2026-02-09 19:21:56,521:worker thread for /tmp/qiime2/luis/data/a8dd656d-6ec7-4475-a5b8-fb56bffea0d4/data/PUF-BOU-3_17_L001_R1_001.fastq.gz finished
INFO(138272279439168)2026-02-09 19:21:57,325:*************************
INFO(138272279439168)2026-02-09 19:21:57,325:deblurring started
WARNING(138272279439168)2026-02-09 19:21:57,326:deblur version 1.1.1 workflow started on /tmp/qiime2/luis/data/a8dd656d-6ec7-4475-a5b8-fb56bffea0d4/data/PUF-JD-3_32_L001_R1_001.fastq.gz
WARNING(138272279439168)2026-02-09 19:21:57,326:parameters: {'seqs_fp': '/tmp/qiime2/luis/data/a8dd656d-6ec7-4475-a5b8-fb56bffea0d4/data/PUF-JD-3_32_L001_R1_001.fastq.gz', 'output_dir': '/tmp/tmpv7136rbh', 'pos_ref_fp': ('/tmp/qiime2/luis/data/24c3fd7b-d797-45d8-8c62-edb383bdc88c/data/dna-sequences.fasta',), 'pos_ref_db_fp': ('/tmp/tmpv7136rbh/deblur_working_dir/dna-sequences',), 'neg_ref_fp': (), 'neg_ref_db_fp': ('/tmp/tmpv7136rbh/deblur_working_dir/artifacts',), 'overwrite': True, 'mean_error': 0.005, 'error_dist': [1.0, 0.06, 0.02, 0.02, 0.01, 0.005, 0.005, 0.005, 0.001, 0.001, 0.001, 0.0005], 'indel_prob': 0.01, 'indel_max': 3, 'trim_length': -1, 'left_trim_length': 0, 'min_reads': 1, 'min_size': 1, 'threads_per_sample': 1, 'keep_tmp_files': True, 'log_level': 2, 'log_file': '/home/luis/Documents/Projects/PUF-PAS_AirDNA/01_QIIME_pt2/01_Deblur/bin/deblur.log', 'jobs_to_start': 1, 'is_worker_thread': True, 'logger': <Logger __main__ (INFO)>}
INFO(138272279439168)2026-02-09 19:21:57,326:error_dist is : [1.0, 0.06, 0.02, 0.02, 0.01, 0.005, 0.005, 0.005, 0.001, 0.001, 0.001, 0.0005]
INFO(138272279439168)2026-02-09 19:21:57,326:deblur worker thread started
INFO(138272279439168)2026-02-09 19:21:57,326:processing per sample fasta files
INFO(138272279439168)2026-02-09 19:21:57,326:--------------------------------------------------------
INFO(138272279439168)2026-02-09 19:21:57,326:launch_workflow for file /tmp/qiime2/luis/data/a8dd656d-6ec7-4475-a5b8-fb56bffea0d4/data/PUF-JD-3_32_L001_R1_001.fastq.gz
INFO(138272279439168)2026-02-09 19:21:58,354:dereplicate seqs file /tmp/tmpv7136rbh/deblur_working_dir/PUF-JD-3_32_L001_R1_001.fastq.gz.trim
INFO(138272279439168)2026-02-09 19:21:58,369:remove_artifacts_seqs file /tmp/tmpv7136rbh/deblur_working_dir/PUF-JD-3_32_L001_R1_001.fastq.gz.trim.derep
INFO(138272279439168)2026-02-09 19:21:58,751:total sequences 2851, passing sequences 2851, failing sequences 0
INFO(138272279439168)2026-02-09 19:21:58,751:multiple_sequence_alignment seqs file /tmp/tmpv7136rbh/deblur_working_dir/PUF-JD-3_32_L001_R1_001.fastq.gz.trim.derep.no_artifacts
INFO(138993299400512)2026-02-09 19:21:58,902:dereplicate seqs file /tmp/tmpv7136rbh/deblur_working_dir/PUF-MBO-3_41_L001_R1_001.fastq.gz.trim
INFO(138993299400512)2026-02-09 19:21:58,933:remove_artifacts_seqs file /tmp/tmpv7136rbh/deblur_working_dir/PUF-MBO-3_41_L001_R1_001.fastq.gz.trim.derep
INFO(138993299400512)2026-02-09 19:21:59,409:total sequences 5083, passing sequences 5083, failing sequences 0
INFO(138993299400512)2026-02-09 19:21:59,410:multiple_sequence_alignment seqs file /tmp/tmpv7136rbh/deblur_working_dir/PUF-MBO-3_41_L001_R1_001.fastq.gz.trim.derep.no_artifacts
INFO(136240768411456)2026-02-09 19:21:59,921:750 unique sequences left following deblurring
INFO(136240768411456)2026-02-09 19:21:59,926:remove_chimeras_denovo_from_seqs seqs file /tmp/tmpv7136rbh/deblur_working_dir/PUF-MBO-7_44_L001_R1_001.fastq.gz.trim.derep.no_artifacts.msa.deblurto working dir /tmp/tmpv7136rbh/deblur_working_dir
INFO(136240768411456)2026-02-09 19:22:00,473:finished processing file
INFO(136240768411456)2026-02-09 19:22:00,474:finished processing per sample fasta files
INFO(136240768411456)2026-02-09 19:22:00,474:worker thread for /tmp/qiime2/luis/data/a8dd656d-6ec7-4475-a5b8-fb56bffea0d4/data/PUF-MBO-7_44_L001_R1_001.fastq.gz finished
INFO(134191469549376)2026-02-09 19:22:01,291:*************************
INFO(134191469549376)2026-02-09 19:22:01,291:deblurring started
WARNING(134191469549376)2026-02-09 19:22:01,292:deblur version 1.1.1 workflow started on /tmp/qiime2/luis/data/a8dd656d-6ec7-4475-a5b8-fb56bffea0d4/data/PUF-BOT-1_7_L001_R1_001.fastq.gz
WARNING(134191469549376)2026-02-09 19:22:01,292:parameters: {'seqs_fp': '/tmp/qiime2/luis/data/a8dd656d-6ec7-4475-a5b8-fb56bffea0d4/data/PUF-BOT-1_7_L001_R1_001.fastq.gz', 'output_dir': '/tmp/tmpv7136rbh', 'pos_ref_fp': ('/tmp/qiime2/luis/data/24c3fd7b-d797-45d8-8c62-edb383bdc88c/data/dna-sequences.fasta',), 'pos_ref_db_fp': ('/tmp/tmpv7136rbh/deblur_working_dir/dna-sequences',), 'neg_ref_fp': (), 'neg_ref_db_fp': ('/tmp/tmpv7136rbh/deblur_working_dir/artifacts',), 'overwrite': True, 'mean_error': 0.005, 'error_dist': [1.0, 0.06, 0.02, 0.02, 0.01, 0.005, 0.005, 0.005, 0.001, 0.001, 0.001, 0.0005], 'indel_prob': 0.01, 'indel_max': 3, 'trim_length': -1, 'left_trim_length': 0, 'min_reads': 1, 'min_size': 1, 'threads_per_sample': 1, 'keep_tmp_files': True, 'log_level': 2, 'log_file': '/home/luis/Documents/Projects/PUF-PAS_AirDNA/01_QIIME_pt2/01_Deblur/bin/deblur.log', 'jobs_to_start': 1, 'is_worker_thread': True, 'logger': <Logger __main__ (INFO)>}
INFO(134191469549376)2026-02-09 19:22:01,292:error_dist is : [1.0, 0.06, 0.02, 0.02, 0.01, 0.005, 0.005, 0.005, 0.001, 0.001, 0.001, 0.0005]
INFO(134191469549376)2026-02-09 19:22:01,292:deblur worker thread started
INFO(134191469549376)2026-02-09 19:22:01,292:processing per sample fasta files
INFO(134191469549376)2026-02-09 19:22:01,292:--------------------------------------------------------
INFO(134191469549376)2026-02-09 19:22:01,292:launch_workflow for file /tmp/qiime2/luis/data/a8dd656d-6ec7-4475-a5b8-fb56bffea0d4/data/PUF-BOT-1_7_L001_R1_001.fastq.gz
INFO(134191469549376)2026-02-09 19:22:02,215:dereplicate seqs file /tmp/tmpv7136rbh/deblur_working_dir/PUF-BOT-1_7_L001_R1_001.fastq.gz.trim
INFO(134191469549376)2026-02-09 19:22:02,229:remove_artifacts_seqs file /tmp/tmpv7136rbh/deblur_working_dir/PUF-BOT-1_7_L001_R1_001.fastq.gz.trim.derep
INFO(134191469549376)2026-02-09 19:22:02,620:total sequences 2519, passing sequences 2519, failing sequences 0
INFO(134191469549376)2026-02-09 19:22:02,621:multiple_sequence_alignment seqs file /tmp/tmpv7136rbh/deblur_working_dir/PUF-BOT-1_7_L001_R1_001.fastq.gz.trim.derep.no_artifacts
INFO(138272279439168)2026-02-09 19:22:09,517:deblurring 2851 sequences
INFO(140099142219584)2026-02-09 19:22:10,560:deblurring 5103 sequences
INFO(138272279439168)2026-02-09 19:22:10,744:389 unique sequences left following deblurring
INFO(138272279439168)2026-02-09 19:22:10,746:remove_chimeras_denovo_from_seqs seqs file /tmp/tmpv7136rbh/deblur_working_dir/PUF-JD-3_32_L001_R1_001.fastq.gz.trim.derep.no_artifacts.msa.deblurto working dir /tmp/tmpv7136rbh/deblur_working_dir
INFO(138272279439168)2026-02-09 19:22:11,006:finished processing file
INFO(138272279439168)2026-02-09 19:22:11,006:finished processing per sample fasta files
INFO(138272279439168)2026-02-09 19:22:11,006:worker thread for /tmp/qiime2/luis/data/a8dd656d-6ec7-4475-a5b8-fb56bffea0d4/data/PUF-JD-3_32_L001_R1_001.fastq.gz finished
INFO(134191469549376)2026-02-09 19:22:11,670:deblurring 2519 sequences
INFO(134191469549376)2026-02-09 19:22:12,341:265 unique sequences left following deblurring
INFO(134191469549376)2026-02-09 19:22:12,342:remove_chimeras_denovo_from_seqs seqs file /tmp/tmpv7136rbh/deblur_working_dir/PUF-BOT-1_7_L001_R1_001.fastq.gz.trim.derep.no_artifacts.msa.deblurto working dir /tmp/tmpv7136rbh/deblur_working_dir
INFO(134191469549376)2026-02-09 19:22:12,517:finished processing file
INFO(134191469549376)2026-02-09 19:22:12,518:finished processing per sample fasta files
INFO(134191469549376)2026-02-09 19:22:12,518:worker thread for /tmp/qiime2/luis/data/a8dd656d-6ec7-4475-a5b8-fb56bffea0d4/data/PUF-BOT-1_7_L001_R1_001.fastq.gz finished
INFO(140099142219584)2026-02-09 19:22:14,058:612 unique sequences left following deblurring
INFO(140099142219584)2026-02-09 19:22:14,062:remove_chimeras_denovo_from_seqs seqs file /tmp/tmpv7136rbh/deblur_working_dir/PUF-MBO-6_43_L001_R1_001.fastq.gz.trim.derep.no_artifacts.msa.deblurto working dir /tmp/tmpv7136rbh/deblur_working_dir
INFO(140099142219584)2026-02-09 19:22:14,488:finished processing file
INFO(140099142219584)2026-02-09 19:22:14,488:finished processing per sample fasta files
INFO(140099142219584)2026-02-09 19:22:14,488:worker thread for /tmp/qiime2/luis/data/a8dd656d-6ec7-4475-a5b8-fb56bffea0d4/data/PUF-MBO-6_43_L001_R1_001.fastq.gz finished
INFO(126041601771328)2026-02-09 19:22:15,233:*************************
INFO(126041601771328)2026-02-09 19:22:15,233:deblurring started
WARNING(126041601771328)2026-02-09 19:22:15,233:deblur version 1.1.1 workflow started on /tmp/qiime2/luis/data/a8dd656d-6ec7-4475-a5b8-fb56bffea0d4/data/PUF-BOT-7_12_L001_R1_001.fastq.gz
WARNING(126041601771328)2026-02-09 19:22:15,233:parameters: {'seqs_fp': '/tmp/qiime2/luis/data/a8dd656d-6ec7-4475-a5b8-fb56bffea0d4/data/PUF-BOT-7_12_L001_R1_001.fastq.gz', 'output_dir': '/tmp/tmpv7136rbh', 'pos_ref_fp': ('/tmp/qiime2/luis/data/24c3fd7b-d797-45d8-8c62-edb383bdc88c/data/dna-sequences.fasta',), 'pos_ref_db_fp': ('/tmp/tmpv7136rbh/deblur_working_dir/dna-sequences',), 'neg_ref_fp': (), 'neg_ref_db_fp': ('/tmp/tmpv7136rbh/deblur_working_dir/artifacts',), 'overwrite': True, 'mean_error': 0.005, 'error_dist': [1.0, 0.06, 0.02, 0.02, 0.01, 0.005, 0.005, 0.005, 0.001, 0.001, 0.001, 0.0005], 'indel_prob': 0.01, 'indel_max': 3, 'trim_length': -1, 'left_trim_length': 0, 'min_reads': 1, 'min_size': 1, 'threads_per_sample': 1, 'keep_tmp_files': True, 'log_level': 2, 'log_file': '/home/luis/Documents/Projects/PUF-PAS_AirDNA/01_QIIME_pt2/01_Deblur/bin/deblur.log', 'jobs_to_start': 1, 'is_worker_thread': True, 'logger': <Logger __main__ (INFO)>}
INFO(126041601771328)2026-02-09 19:22:15,233:error_dist is : [1.0, 0.06, 0.02, 0.02, 0.01, 0.005, 0.005, 0.005, 0.001, 0.001, 0.001, 0.0005]
INFO(126041601771328)2026-02-09 19:22:15,233:deblur worker thread started
INFO(126041601771328)2026-02-09 19:22:15,233:processing per sample fasta files
INFO(126041601771328)2026-02-09 19:22:15,233:--------------------------------------------------------
INFO(126041601771328)2026-02-09 19:22:15,233:launch_workflow for file /tmp/qiime2/luis/data/a8dd656d-6ec7-4475-a5b8-fb56bffea0d4/data/PUF-BOT-7_12_L001_R1_001.fastq.gz
INFO(126041601771328)2026-02-09 19:22:17,021:dereplicate seqs file /tmp/tmpv7136rbh/deblur_working_dir/PUF-BOT-7_12_L001_R1_001.fastq.gz.trim
INFO(126041601771328)2026-02-09 19:22:17,046:remove_artifacts_seqs file /tmp/tmpv7136rbh/deblur_working_dir/PUF-BOT-7_12_L001_R1_001.fastq.gz.trim.derep
INFO(126041601771328)2026-02-09 19:22:17,471:total sequences 4560, passing sequences 4560, failing sequences 0
INFO(126041601771328)2026-02-09 19:22:17,471:multiple_sequence_alignment seqs file /tmp/tmpv7136rbh/deblur_working_dir/PUF-BOT-7_12_L001_R1_001.fastq.gz.trim.derep.no_artifacts
INFO(138993299400512)2026-02-09 19:22:27,457:deblurring 5083 sequences
INFO(138993299400512)2026-02-09 19:22:30,996:632 unique sequences left following deblurring
INFO(138993299400512)2026-02-09 19:22:30,999:remove_chimeras_denovo_from_seqs seqs file /tmp/tmpv7136rbh/deblur_working_dir/PUF-MBO-3_41_L001_R1_001.fastq.gz.trim.derep.no_artifacts.msa.deblurto working dir /tmp/tmpv7136rbh/deblur_working_dir
INFO(130484475283264)2026-02-09 19:22:31,079:deblurring 5995 sequences
INFO(138993299400512)2026-02-09 19:22:31,439:finished processing file
INFO(138993299400512)2026-02-09 19:22:31,439:finished processing per sample fasta files
INFO(138993299400512)2026-02-09 19:22:31,439:worker thread for /tmp/qiime2/luis/data/a8dd656d-6ec7-4475-a5b8-fb56bffea0d4/data/PUF-MBO-3_41_L001_R1_001.fastq.gz finished
INFO(132010198529856)2026-02-09 19:22:32,195:*************************
INFO(132010198529856)2026-02-09 19:22:32,195:deblurring started
WARNING(132010198529856)2026-02-09 19:22:32,195:deblur version 1.1.1 workflow started on /tmp/qiime2/luis/data/a8dd656d-6ec7-4475-a5b8-fb56bffea0d4/data/PUF-BOT-4_9_L001_R1_001.fastq.gz
WARNING(132010198529856)2026-02-09 19:22:32,195:parameters: {'seqs_fp': '/tmp/qiime2/luis/data/a8dd656d-6ec7-4475-a5b8-fb56bffea0d4/data/PUF-BOT-4_9_L001_R1_001.fastq.gz', 'output_dir': '/tmp/tmpv7136rbh', 'pos_ref_fp': ('/tmp/qiime2/luis/data/24c3fd7b-d797-45d8-8c62-edb383bdc88c/data/dna-sequences.fasta',), 'pos_ref_db_fp': ('/tmp/tmpv7136rbh/deblur_working_dir/dna-sequences',), 'neg_ref_fp': (), 'neg_ref_db_fp': ('/tmp/tmpv7136rbh/deblur_working_dir/artifacts',), 'overwrite': True, 'mean_error': 0.005, 'error_dist': [1.0, 0.06, 0.02, 0.02, 0.01, 0.005, 0.005, 0.005, 0.001, 0.001, 0.001, 0.0005], 'indel_prob': 0.01, 'indel_max': 3, 'trim_length': -1, 'left_trim_length': 0, 'min_reads': 1, 'min_size': 1, 'threads_per_sample': 1, 'keep_tmp_files': True, 'log_level': 2, 'log_file': '/home/luis/Documents/Projects/PUF-PAS_AirDNA/01_QIIME_pt2/01_Deblur/bin/deblur.log', 'jobs_to_start': 1, 'is_worker_thread': True, 'logger': <Logger __main__ (INFO)>}
INFO(132010198529856)2026-02-09 19:22:32,195:error_dist is : [1.0, 0.06, 0.02, 0.02, 0.01, 0.005, 0.005, 0.005, 0.001, 0.001, 0.001, 0.0005]
INFO(132010198529856)2026-02-09 19:22:32,195:deblur worker thread started
INFO(132010198529856)2026-02-09 19:22:32,195:processing per sample fasta files
INFO(132010198529856)2026-02-09 19:22:32,195:--------------------------------------------------------
INFO(132010198529856)2026-02-09 19:22:32,195:launch_workflow for file /tmp/qiime2/luis/data/a8dd656d-6ec7-4475-a5b8-fb56bffea0d4/data/PUF-BOT-4_9_L001_R1_001.fastq.gz
INFO(132010198529856)2026-02-09 19:22:32,851:dereplicate seqs file /tmp/tmpv7136rbh/deblur_working_dir/PUF-BOT-4_9_L001_R1_001.fastq.gz.trim
INFO(132010198529856)2026-02-09 19:22:32,862:remove_artifacts_seqs file /tmp/tmpv7136rbh/deblur_working_dir/PUF-BOT-4_9_L001_R1_001.fastq.gz.trim.derep
INFO(132010198529856)2026-02-09 19:22:33,207:total sequences 1792, passing sequences 1792, failing sequences 0
INFO(132010198529856)2026-02-09 19:22:33,207:multiple_sequence_alignment seqs file /tmp/tmpv7136rbh/deblur_working_dir/PUF-BOT-4_9_L001_R1_001.fastq.gz.trim.derep.no_artifacts
INFO(130484475283264)2026-02-09 19:22:33,673:401 unique sequences left following deblurring
INFO(130484475283264)2026-02-09 19:22:33,678:remove_chimeras_denovo_from_seqs seqs file /tmp/tmpv7136rbh/deblur_working_dir/PUF-IPEX-4_25_L001_R1_001.fastq.gz.trim.derep.no_artifacts.msa.deblurto working dir /tmp/tmpv7136rbh/deblur_working_dir
INFO(130484475283264)2026-02-09 19:22:33,954:finished processing file
INFO(130484475283264)2026-02-09 19:22:33,954:finished processing per sample fasta files
INFO(130484475283264)2026-02-09 19:22:33,954:worker thread for /tmp/qiime2/luis/data/a8dd656d-6ec7-4475-a5b8-fb56bffea0d4/data/PUF-IPEX-4_25_L001_R1_001.fastq.gz finished
INFO(125256838182720)2026-02-09 19:22:34,696:*************************
INFO(125256838182720)2026-02-09 19:22:34,696:deblurring started
WARNING(125256838182720)2026-02-09 19:22:34,696:deblur version 1.1.1 workflow started on /tmp/qiime2/luis/data/a8dd656d-6ec7-4475-a5b8-fb56bffea0d4/data/PUF-BOU-1_15_L001_R1_001.fastq.gz
WARNING(125256838182720)2026-02-09 19:22:34,696:parameters: {'seqs_fp': '/tmp/qiime2/luis/data/a8dd656d-6ec7-4475-a5b8-fb56bffea0d4/data/PUF-BOU-1_15_L001_R1_001.fastq.gz', 'output_dir': '/tmp/tmpv7136rbh', 'pos_ref_fp': ('/tmp/qiime2/luis/data/24c3fd7b-d797-45d8-8c62-edb383bdc88c/data/dna-sequences.fasta',), 'pos_ref_db_fp': ('/tmp/tmpv7136rbh/deblur_working_dir/dna-sequences',), 'neg_ref_fp': (), 'neg_ref_db_fp': ('/tmp/tmpv7136rbh/deblur_working_dir/artifacts',), 'overwrite': True, 'mean_error': 0.005, 'error_dist': [1.0, 0.06, 0.02, 0.02, 0.01, 0.005, 0.005, 0.005, 0.001, 0.001, 0.001, 0.0005], 'indel_prob': 0.01, 'indel_max': 3, 'trim_length': -1, 'left_trim_length': 0, 'min_reads': 1, 'min_size': 1, 'threads_per_sample': 1, 'keep_tmp_files': True, 'log_level': 2, 'log_file': '/home/luis/Documents/Projects/PUF-PAS_AirDNA/01_QIIME_pt2/01_Deblur/bin/deblur.log', 'jobs_to_start': 1, 'is_worker_thread': True, 'logger': <Logger __main__ (INFO)>}
INFO(125256838182720)2026-02-09 19:22:34,696:error_dist is : [1.0, 0.06, 0.02, 0.02, 0.01, 0.005, 0.005, 0.005, 0.001, 0.001, 0.001, 0.0005]
INFO(125256838182720)2026-02-09 19:22:34,696:deblur worker thread started
INFO(125256838182720)2026-02-09 19:22:34,696:processing per sample fasta files
INFO(125256838182720)2026-02-09 19:22:34,696:--------------------------------------------------------
INFO(125256838182720)2026-02-09 19:22:34,696:launch_workflow for file /tmp/qiime2/luis/data/a8dd656d-6ec7-4475-a5b8-fb56bffea0d4/data/PUF-BOU-1_15_L001_R1_001.fastq.gz
INFO(125256838182720)2026-02-09 19:22:34,833:dereplicate seqs file /tmp/tmpv7136rbh/deblur_working_dir/PUF-BOU-1_15_L001_R1_001.fastq.gz.trim
INFO(125256838182720)2026-02-09 19:22:34,837:remove_artifacts_seqs file /tmp/tmpv7136rbh/deblur_working_dir/PUF-BOU-1_15_L001_R1_001.fastq.gz.trim.derep
INFO(125256838182720)2026-02-09 19:22:35,144:total sequences 411, passing sequences 411, failing sequences 0
INFO(125256838182720)2026-02-09 19:22:35,144:multiple_sequence_alignment seqs file /tmp/tmpv7136rbh/deblur_working_dir/PUF-BOU-1_15_L001_R1_001.fastq.gz.trim.derep.no_artifacts
INFO(132010198529856)2026-02-09 19:22:38,378:deblurring 1792 sequences
INFO(132010198529856)2026-02-09 19:22:38,794:236 unique sequences left following deblurring
INFO(132010198529856)2026-02-09 19:22:38,795:remove_chimeras_denovo_from_seqs seqs file /tmp/tmpv7136rbh/deblur_working_dir/PUF-BOT-4_9_L001_R1_001.fastq.gz.trim.derep.no_artifacts.msa.deblurto working dir /tmp/tmpv7136rbh/deblur_working_dir
INFO(132010198529856)2026-02-09 19:22:38,950:finished processing file
INFO(132010198529856)2026-02-09 19:22:38,950:finished processing per sample fasta files
INFO(132010198529856)2026-02-09 19:22:38,950:worker thread for /tmp/qiime2/luis/data/a8dd656d-6ec7-4475-a5b8-fb56bffea0d4/data/PUF-BOT-4_9_L001_R1_001.fastq.gz finished
INFO(125256838182720)2026-02-09 19:22:39,983:deblurring 411 sequences
INFO(125256838182720)2026-02-09 19:22:40,019:85 unique sequences left following deblurring
INFO(125256838182720)2026-02-09 19:22:40,020:remove_chimeras_denovo_from_seqs seqs file /tmp/tmpv7136rbh/deblur_working_dir/PUF-BOU-1_15_L001_R1_001.fastq.gz.trim.derep.no_artifacts.msa.deblurto working dir /tmp/tmpv7136rbh/deblur_working_dir
INFO(125256838182720)2026-02-09 19:22:40,071:finished processing file
INFO(125256838182720)2026-02-09 19:22:40,071:finished processing per sample fasta files
INFO(125256838182720)2026-02-09 19:22:40,071:worker thread for /tmp/qiime2/luis/data/a8dd656d-6ec7-4475-a5b8-fb56bffea0d4/data/PUF-BOU-1_15_L001_R1_001.fastq.gz finished
INFO(126041601771328)2026-02-09 19:22:40,799:deblurring 4560 sequences
INFO(126041601771328)2026-02-09 19:22:42,441:374 unique sequences left following deblurring
INFO(126041601771328)2026-02-09 19:22:42,443:remove_chimeras_denovo_from_seqs seqs file /tmp/tmpv7136rbh/deblur_working_dir/PUF-BOT-7_12_L001_R1_001.fastq.gz.trim.derep.no_artifacts.msa.deblurto working dir /tmp/tmpv7136rbh/deblur_working_dir
INFO(126041601771328)2026-02-09 19:22:42,681:finished processing file
INFO(126041601771328)2026-02-09 19:22:42,681:finished processing per sample fasta files
INFO(126041601771328)2026-02-09 19:22:42,682:worker thread for /tmp/qiime2/luis/data/a8dd656d-6ec7-4475-a5b8-fb56bffea0d4/data/PUF-BOT-7_12_L001_R1_001.fastq.gz finished
INFO(136724779546432)2026-02-09 19:22:47,644:deblurring 7672 sequences
INFO(136724779546432)2026-02-09 19:22:51,451:542 unique sequences left following deblurring
INFO(136724779546432)2026-02-09 19:22:51,454:remove_chimeras_denovo_from_seqs seqs file /tmp/tmpv7136rbh/deblur_working_dir/PUF-IPEX-5_26_L001_R1_001.fastq.gz.trim.derep.no_artifacts.msa.deblurto working dir /tmp/tmpv7136rbh/deblur_working_dir
INFO(136724779546432)2026-02-09 19:22:51,793:finished processing file
INFO(136724779546432)2026-02-09 19:22:51,794:finished processing per sample fasta files
INFO(136724779546432)2026-02-09 19:22:51,794:worker thread for /tmp/qiime2/luis/data/a8dd656d-6ec7-4475-a5b8-fb56bffea0d4/data/PUF-IPEX-5_26_L001_R1_001.fastq.gz finished
INFO(138647595747136)2026-02-09 19:22:52,425:*************************
INFO(138647595747136)2026-02-09 19:22:52,425:deblurring started
WARNING(138647595747136)2026-02-09 19:22:52,425:deblur version 1.1.1 workflow started on /tmp/qiime2/luis/data/a8dd656d-6ec7-4475-a5b8-fb56bffea0d4/data/PUF-BOU-6_20_L001_R1_001.fastq.gz
WARNING(138647595747136)2026-02-09 19:22:52,425:parameters: {'seqs_fp': '/tmp/qiime2/luis/data/a8dd656d-6ec7-4475-a5b8-fb56bffea0d4/data/PUF-BOU-6_20_L001_R1_001.fastq.gz', 'output_dir': '/tmp/tmpv7136rbh', 'pos_ref_fp': ('/tmp/qiime2/luis/data/24c3fd7b-d797-45d8-8c62-edb383bdc88c/data/dna-sequences.fasta',), 'pos_ref_db_fp': ('/tmp/tmpv7136rbh/deblur_working_dir/dna-sequences',), 'neg_ref_fp': (), 'neg_ref_db_fp': ('/tmp/tmpv7136rbh/deblur_working_dir/artifacts',), 'overwrite': True, 'mean_error': 0.005, 'error_dist': [1.0, 0.06, 0.02, 0.02, 0.01, 0.005, 0.005, 0.005, 0.001, 0.001, 0.001, 0.0005], 'indel_prob': 0.01, 'indel_max': 3, 'trim_length': -1, 'left_trim_length': 0, 'min_reads': 1, 'min_size': 1, 'threads_per_sample': 1, 'keep_tmp_files': True, 'log_level': 2, 'log_file': '/home/luis/Documents/Projects/PUF-PAS_AirDNA/01_QIIME_pt2/01_Deblur/bin/deblur.log', 'jobs_to_start': 1, 'is_worker_thread': True, 'logger': <Logger __main__ (INFO)>}
INFO(138647595747136)2026-02-09 19:22:52,426:error_dist is : [1.0, 0.06, 0.02, 0.02, 0.01, 0.005, 0.005, 0.005, 0.001, 0.001, 0.001, 0.0005]
INFO(138647595747136)2026-02-09 19:22:52,426:deblur worker thread started
INFO(138647595747136)2026-02-09 19:22:52,426:processing per sample fasta files
INFO(138647595747136)2026-02-09 19:22:52,426:--------------------------------------------------------
INFO(138647595747136)2026-02-09 19:22:52,426:launch_workflow for file /tmp/qiime2/luis/data/a8dd656d-6ec7-4475-a5b8-fb56bffea0d4/data/PUF-BOU-6_20_L001_R1_001.fastq.gz
INFO(138647595747136)2026-02-09 19:22:53,137:dereplicate seqs file /tmp/tmpv7136rbh/deblur_working_dir/PUF-BOU-6_20_L001_R1_001.fastq.gz.trim
INFO(138647595747136)2026-02-09 19:22:53,149:remove_artifacts_seqs file /tmp/tmpv7136rbh/deblur_working_dir/PUF-BOU-6_20_L001_R1_001.fastq.gz.trim.derep
INFO(138647595747136)2026-02-09 19:22:53,468:total sequences 2098, passing sequences 2098, failing sequences 0
INFO(138647595747136)2026-02-09 19:22:53,468:multiple_sequence_alignment seqs file /tmp/tmpv7136rbh/deblur_working_dir/PUF-BOU-6_20_L001_R1_001.fastq.gz.trim.derep.no_artifacts
INFO(138647595747136)2026-02-09 19:22:59,324:deblurring 2098 sequences
INFO(138647595747136)2026-02-09 19:22:59,806:259 unique sequences left following deblurring
INFO(138647595747136)2026-02-09 19:22:59,807:remove_chimeras_denovo_from_seqs seqs file /tmp/tmpv7136rbh/deblur_working_dir/PUF-BOU-6_20_L001_R1_001.fastq.gz.trim.derep.no_artifacts.msa.deblurto working dir /tmp/tmpv7136rbh/deblur_working_dir
INFO(138647595747136)2026-02-09 19:22:59,962:finished processing file
INFO(138647595747136)2026-02-09 19:22:59,962:finished processing per sample fasta files
INFO(138647595747136)2026-02-09 19:22:59,962:worker thread for /tmp/qiime2/luis/data/a8dd656d-6ec7-4475-a5b8-fb56bffea0d4/data/PUF-BOU-6_20_L001_R1_001.fastq.gz finished
INFO(128444582831936)2026-02-09 19:23:00,070:create_otu_table for 48 samples, into output table /tmp/tmpv7136rbh/all.biom
INFO(128444582831936)2026-02-09 19:23:00,333:for output biom table loaded 48 samples, 7740 unique sequences
INFO(128444582831936)2026-02-09 19:23:00,337:keeping 7740 (out of 7740 sequences) with >=1 reads
INFO(128444582831936)2026-02-09 19:23:00,430:saved to biom file /tmp/tmpv7136rbh/all.biom
INFO(128444582831936)2026-02-09 19:23:00,439:saved sequence fasta file to /tmp/tmpv7136rbh/all.seqs.fa
INFO(128444582831936)2026-02-09 19:23:00,441:getting 16s sequences from the biom table
INFO(128444582831936)2026-02-09 19:23:00,441:remove_artifacts_seqs file /tmp/tmpv7136rbh/all.seqs.fa
INFO(128444582831936)2026-02-09 19:30:07,624:total sequences 7740, passing sequences 7313, failing sequences 427
WARNING(128444582831936)2026-02-09 19:30:07,710:removed 7 samples with reads per sample<1
INFO(128444582831936)2026-02-09 19:30:07,714:wrote artifact only filtered biom table to /tmp/tmpv7136rbh/reference-non-hit.biom
INFO(128444582831936)2026-02-09 19:30:07,715:saved biom table sequences to fasta file /tmp/tmpv7136rbh/reference-non-hit.seqs.fa
INFO(128444582831936)2026-02-09 19:30:07,748:wrote 16s filtered biom table to /tmp/tmpv7136rbh/reference-hit.biom
INFO(128444582831936)2026-02-09 19:30:07,760:saved biom table sequences to fasta file /tmp/tmpv7136rbh/reference-hit.seqs.fa
INFO(128444582831936)2026-02-09 19:30:07,763:Keeping temp files
INFO(128444582831936)2026-02-09 19:30:07,763:deblur workflow finished
INFO(128444582831936)2026-02-09 19:30:07,763:output saved to /tmp/tmpv7136rbh/all.biom
INFO(128444582831936)2026-02-09 19:30:07,763:------------------
INFO(131930900404032)2026-02-09 19:30:36,168:*************************
INFO(131930900404032)2026-02-09 19:30:36,168:deblurring started
WARNING(131930900404032)2026-02-09 19:30:36,168:deblur version 1.1.1 workflow started on /tmp/qiime2/luis/data/f7c241a1-8464-48e5-9026-1cf9a6353058/data
WARNING(131930900404032)2026-02-09 19:30:36,168:parameters: {'seqs_fp': '/tmp/qiime2/luis/data/f7c241a1-8464-48e5-9026-1cf9a6353058/data', 'output_dir': '/tmp/tmpgi6b_2rx', 'pos_ref_fp': ('/tmp/qiime2/luis/data/24c3fd7b-d797-45d8-8c62-edb383bdc88c/data/dna-sequences.fasta',), 'pos_ref_db_fp': (), 'neg_ref_fp': (), 'neg_ref_db_fp': (), 'overwrite': True, 'mean_error': 0.005, 'error_dist': [1.0, 0.06, 0.02, 0.02, 0.01, 0.005, 0.005, 0.005, 0.001, 0.001, 0.001, 0.0005], 'indel_prob': 0.01, 'indel_max': 3, 'trim_length': -1, 'left_trim_length': 0, 'min_reads': 1, 'min_size': 1, 'threads_per_sample': 1, 'keep_tmp_files': True, 'log_level': 2, 'log_file': '/home/luis/Documents/Projects/PUF-PAS_AirDNA/01_QIIME_pt2/01_Deblur/bin/deblur.log', 'jobs_to_start': 6, 'is_worker_thread': False, 'logger': <Logger __main__ (INFO)>}
INFO(131930900404032)2026-02-09 19:30:36,168:error_dist is : [1.0, 0.06, 0.02, 0.02, 0.01, 0.005, 0.005, 0.005, 0.001, 0.001, 0.001, 0.0005]
INFO(131930900404032)2026-02-09 19:30:36,168:deblur main program started
INFO(131930900404032)2026-02-09 19:30:36,168:processing directory /tmp/qiime2/luis/data/f7c241a1-8464-48e5-9026-1cf9a6353058/data
INFO(131930900404032)2026-02-09 19:30:36,169:building negative db sortmerna index files
INFO(131930900404032)2026-02-09 19:30:36,169:build_index_sortmerna files ['/home/luis/miniconda3/envs/qiime2/lib/python3.10/site-packages/deblur/support_files/artifacts.fa'] to dir /tmp/tmpgi6b_2rx/deblur_working_dir
INFO(131930900404032)2026-02-09 19:30:36,199:building positive db sortmerna index files
INFO(131930900404032)2026-02-09 19:30:36,199:build_index_sortmerna files ('/tmp/qiime2/luis/data/24c3fd7b-d797-45d8-8c62-edb383bdc88c/data/dna-sequences.fasta',) to dir /tmp/tmpgi6b_2rx/deblur_working_dir
INFO(131930900404032)2026-02-09 20:24:46,563:parallel processing per sample fasta files
INFO(131930900404032)2026-02-09 20:24:46,568:parallel deblur started for 48 inputs
INFO(131493392942912)2026-02-09 20:24:47,360:*************************
INFO(131493392942912)2026-02-09 20:24:47,360:deblurring started
WARNING(131493392942912)2026-02-09 20:24:47,360:deblur version 1.1.1 workflow started on /tmp/qiime2/luis/data/f7c241a1-8464-48e5-9026-1cf9a6353058/data/PUF-JD-7_35_L001_R1_001.fastq.gz
WARNING(131493392942912)2026-02-09 20:24:47,360:parameters: {'seqs_fp': '/tmp/qiime2/luis/data/f7c241a1-8464-48e5-9026-1cf9a6353058/data/PUF-JD-7_35_L001_R1_001.fastq.gz', 'output_dir': '/tmp/tmpgi6b_2rx', 'pos_ref_fp': ('/tmp/qiime2/luis/data/24c3fd7b-d797-45d8-8c62-edb383bdc88c/data/dna-sequences.fasta',), 'pos_ref_db_fp': ('/tmp/tmpgi6b_2rx/deblur_working_dir/dna-sequences',), 'neg_ref_fp': (), 'neg_ref_db_fp': ('/tmp/tmpgi6b_2rx/deblur_working_dir/artifacts',), 'overwrite': True, 'mean_error': 0.005, 'error_dist': [1.0, 0.06, 0.02, 0.02, 0.01, 0.005, 0.005, 0.005, 0.001, 0.001, 0.001, 0.0005], 'indel_prob': 0.01, 'indel_max': 3, 'trim_length': -1, 'left_trim_length': 0, 'min_reads': 1, 'min_size': 1, 'threads_per_sample': 1, 'keep_tmp_files': True, 'log_level': 2, 'log_file': '/home/luis/Documents/Projects/PUF-PAS_AirDNA/01_QIIME_pt2/01_Deblur/bin/deblur.log', 'jobs_to_start': 1, 'is_worker_thread': True, 'logger': <Logger __main__ (INFO)>}
INFO(131493392942912)2026-02-09 20:24:47,360:error_dist is : [1.0, 0.06, 0.02, 0.02, 0.01, 0.005, 0.005, 0.005, 0.001, 0.001, 0.001, 0.0005]
INFO(131493392942912)2026-02-09 20:24:47,360:deblur worker thread started
INFO(131493392942912)2026-02-09 20:24:47,360:processing per sample fasta files
INFO(131493392942912)2026-02-09 20:24:47,360:--------------------------------------------------------
INFO(131493392942912)2026-02-09 20:24:47,360:launch_workflow for file /tmp/qiime2/luis/data/f7c241a1-8464-48e5-9026-1cf9a6353058/data/PUF-JD-7_35_L001_R1_001.fastq.gz
INFO(123590184666944)2026-02-09 20:24:47,386:*************************
INFO(123590184666944)2026-02-09 20:24:47,386:deblurring started
INFO(128806417135424)2026-02-09 20:24:47,386:*************************
INFO(128806417135424)2026-02-09 20:24:47,386:deblurring started
WARNING(123590184666944)2026-02-09 20:24:47,386:deblur version 1.1.1 workflow started on /tmp/qiime2/luis/data/f7c241a1-8464-48e5-9026-1cf9a6353058/data/ctrl-PCR-neg-PUF_47_L001_R1_001.fastq.gz
WARNING(123590184666944)2026-02-09 20:24:47,386:parameters: {'seqs_fp': '/tmp/qiime2/luis/data/f7c241a1-8464-48e5-9026-1cf9a6353058/data/ctrl-PCR-neg-PUF_47_L001_R1_001.fastq.gz', 'output_dir': '/tmp/tmpgi6b_2rx', 'pos_ref_fp': ('/tmp/qiime2/luis/data/24c3fd7b-d797-45d8-8c62-edb383bdc88c/data/dna-sequences.fasta',), 'pos_ref_db_fp': ('/tmp/tmpgi6b_2rx/deblur_working_dir/dna-sequences',), 'neg_ref_fp': (), 'neg_ref_db_fp': ('/tmp/tmpgi6b_2rx/deblur_working_dir/artifacts',), 'overwrite': True, 'mean_error': 0.005, 'error_dist': [1.0, 0.06, 0.02, 0.02, 0.01, 0.005, 0.005, 0.005, 0.001, 0.001, 0.001, 0.0005], 'indel_prob': 0.01, 'indel_max': 3, 'trim_length': -1, 'left_trim_length': 0, 'min_reads': 1, 'min_size': 1, 'threads_per_sample': 1, 'keep_tmp_files': True, 'log_level': 2, 'log_file': '/home/luis/Documents/Projects/PUF-PAS_AirDNA/01_QIIME_pt2/01_Deblur/bin/deblur.log', 'jobs_to_start': 1, 'is_worker_thread': True, 'logger': <Logger __main__ (INFO)>}
INFO(123590184666944)2026-02-09 20:24:47,386:error_dist is : [1.0, 0.06, 0.02, 0.02, 0.01, 0.005, 0.005, 0.005, 0.001, 0.001, 0.001, 0.0005]
INFO(123590184666944)2026-02-09 20:24:47,386:deblur worker thread started
WARNING(128806417135424)2026-02-09 20:24:47,386:deblur version 1.1.1 workflow started on /tmp/qiime2/luis/data/f7c241a1-8464-48e5-9026-1cf9a6353058/data/PUF-JD-1_30_L001_R1_001.fastq.gz
INFO(123590184666944)2026-02-09 20:24:47,386:processing per sample fasta files
INFO(123590184666944)2026-02-09 20:24:47,386:--------------------------------------------------------
WARNING(128806417135424)2026-02-09 20:24:47,386:parameters: {'seqs_fp': '/tmp/qiime2/luis/data/f7c241a1-8464-48e5-9026-1cf9a6353058/data/PUF-JD-1_30_L001_R1_001.fastq.gz', 'output_dir': '/tmp/tmpgi6b_2rx', 'pos_ref_fp': ('/tmp/qiime2/luis/data/24c3fd7b-d797-45d8-8c62-edb383bdc88c/data/dna-sequences.fasta',), 'pos_ref_db_fp': ('/tmp/tmpgi6b_2rx/deblur_working_dir/dna-sequences',), 'neg_ref_fp': (), 'neg_ref_db_fp': ('/tmp/tmpgi6b_2rx/deblur_working_dir/artifacts',), 'overwrite': True, 'mean_error': 0.005, 'error_dist': [1.0, 0.06, 0.02, 0.02, 0.01, 0.005, 0.005, 0.005, 0.001, 0.001, 0.001, 0.0005], 'indel_prob': 0.01, 'indel_max': 3, 'trim_length': -1, 'left_trim_length': 0, 'min_reads': 1, 'min_size': 1, 'threads_per_sample': 1, 'keep_tmp_files': True, 'log_level': 2, 'log_file': '/home/luis/Documents/Projects/PUF-PAS_AirDNA/01_QIIME_pt2/01_Deblur/bin/deblur.log', 'jobs_to_start': 1, 'is_worker_thread': True, 'logger': <Logger __main__ (INFO)>}
INFO(123590184666944)2026-02-09 20:24:47,386:launch_workflow for file /tmp/qiime2/luis/data/f7c241a1-8464-48e5-9026-1cf9a6353058/data/ctrl-PCR-neg-PUF_47_L001_R1_001.fastq.gz
INFO(128806417135424)2026-02-09 20:24:47,386:error_dist is : [1.0, 0.06, 0.02, 0.02, 0.01, 0.005, 0.005, 0.005, 0.001, 0.001, 0.001, 0.0005]
INFO(128806417135424)2026-02-09 20:24:47,386:deblur worker thread started
INFO(128806417135424)2026-02-09 20:24:47,386:processing per sample fasta files
INFO(128806417135424)2026-02-09 20:24:47,386:--------------------------------------------------------
INFO(128806417135424)2026-02-09 20:24:47,386:launch_workflow for file /tmp/qiime2/luis/data/f7c241a1-8464-48e5-9026-1cf9a6353058/data/PUF-JD-1_30_L001_R1_001.fastq.gz
INFO(129172975728448)2026-02-09 20:24:47,389:*************************
INFO(129172975728448)2026-02-09 20:24:47,389:deblurring started
WARNING(129172975728448)2026-02-09 20:24:47,390:deblur version 1.1.1 workflow started on /tmp/qiime2/luis/data/f7c241a1-8464-48e5-9026-1cf9a6353058/data/PUF-MBO-9_46_L001_R1_001.fastq.gz
WARNING(129172975728448)2026-02-09 20:24:47,390:parameters: {'seqs_fp': '/tmp/qiime2/luis/data/f7c241a1-8464-48e5-9026-1cf9a6353058/data/PUF-MBO-9_46_L001_R1_001.fastq.gz', 'output_dir': '/tmp/tmpgi6b_2rx', 'pos_ref_fp': ('/tmp/qiime2/luis/data/24c3fd7b-d797-45d8-8c62-edb383bdc88c/data/dna-sequences.fasta',), 'pos_ref_db_fp': ('/tmp/tmpgi6b_2rx/deblur_working_dir/dna-sequences',), 'neg_ref_fp': (), 'neg_ref_db_fp': ('/tmp/tmpgi6b_2rx/deblur_working_dir/artifacts',), 'overwrite': True, 'mean_error': 0.005, 'error_dist': [1.0, 0.06, 0.02, 0.02, 0.01, 0.005, 0.005, 0.005, 0.001, 0.001, 0.001, 0.0005], 'indel_prob': 0.01, 'indel_max': 3, 'trim_length': -1, 'left_trim_length': 0, 'min_reads': 1, 'min_size': 1, 'threads_per_sample': 1, 'keep_tmp_files': True, 'log_level': 2, 'log_file': '/home/luis/Documents/Projects/PUF-PAS_AirDNA/01_QIIME_pt2/01_Deblur/bin/deblur.log', 'jobs_to_start': 1, 'is_worker_thread': True, 'logger': <Logger __main__ (INFO)>}
INFO(129172975728448)2026-02-09 20:24:47,390:error_dist is : [1.0, 0.06, 0.02, 0.02, 0.01, 0.005, 0.005, 0.005, 0.001, 0.001, 0.001, 0.0005]
INFO(129172975728448)2026-02-09 20:24:47,390:deblur worker thread started
INFO(129172975728448)2026-02-09 20:24:47,390:processing per sample fasta files
INFO(129172975728448)2026-02-09 20:24:47,390:--------------------------------------------------------
INFO(129172975728448)2026-02-09 20:24:47,390:launch_workflow for file /tmp/qiime2/luis/data/f7c241a1-8464-48e5-9026-1cf9a6353058/data/PUF-MBO-9_46_L001_R1_001.fastq.gz
INFO(123590184666944)2026-02-09 20:24:47,390:dereplicate seqs file /tmp/tmpgi6b_2rx/deblur_working_dir/ctrl-PCR-neg-PUF_47_L001_R1_001.fastq.gz.trim
INFO(123590184666944)2026-02-09 20:24:47,393:remove_artifacts_seqs file /tmp/tmpgi6b_2rx/deblur_working_dir/ctrl-PCR-neg-PUF_47_L001_R1_001.fastq.gz.trim.derep
INFO(124280920885056)2026-02-09 20:24:47,414:*************************
INFO(124280920885056)2026-02-09 20:24:47,415:deblurring started
WARNING(124280920885056)2026-02-09 20:24:47,415:deblur version 1.1.1 workflow started on /tmp/qiime2/luis/data/f7c241a1-8464-48e5-9026-1cf9a6353058/data/PUF-BOU-8_21_L001_R1_001.fastq.gz
WARNING(124280920885056)2026-02-09 20:24:47,415:parameters: {'seqs_fp': '/tmp/qiime2/luis/data/f7c241a1-8464-48e5-9026-1cf9a6353058/data/PUF-BOU-8_21_L001_R1_001.fastq.gz', 'output_dir': '/tmp/tmpgi6b_2rx', 'pos_ref_fp': ('/tmp/qiime2/luis/data/24c3fd7b-d797-45d8-8c62-edb383bdc88c/data/dna-sequences.fasta',), 'pos_ref_db_fp': ('/tmp/tmpgi6b_2rx/deblur_working_dir/dna-sequences',), 'neg_ref_fp': (), 'neg_ref_db_fp': ('/tmp/tmpgi6b_2rx/deblur_working_dir/artifacts',), 'overwrite': True, 'mean_error': 0.005, 'error_dist': [1.0, 0.06, 0.02, 0.02, 0.01, 0.005, 0.005, 0.005, 0.001, 0.001, 0.001, 0.0005], 'indel_prob': 0.01, 'indel_max': 3, 'trim_length': -1, 'left_trim_length': 0, 'min_reads': 1, 'min_size': 1, 'threads_per_sample': 1, 'keep_tmp_files': True, 'log_level': 2, 'log_file': '/home/luis/Documents/Projects/PUF-PAS_AirDNA/01_QIIME_pt2/01_Deblur/bin/deblur.log', 'jobs_to_start': 1, 'is_worker_thread': True, 'logger': <Logger __main__ (INFO)>}
INFO(124280920885056)2026-02-09 20:24:47,415:error_dist is : [1.0, 0.06, 0.02, 0.02, 0.01, 0.005, 0.005, 0.005, 0.001, 0.001, 0.001, 0.0005]
INFO(124280920885056)2026-02-09 20:24:47,415:deblur worker thread started
INFO(124280920885056)2026-02-09 20:24:47,415:processing per sample fasta files
INFO(124280920885056)2026-02-09 20:24:47,415:--------------------------------------------------------
INFO(124280920885056)2026-02-09 20:24:47,415:launch_workflow for file /tmp/qiime2/luis/data/f7c241a1-8464-48e5-9026-1cf9a6353058/data/PUF-BOU-8_21_L001_R1_001.fastq.gz
INFO(135996792895296)2026-02-09 20:24:47,421:*************************
INFO(135996792895296)2026-02-09 20:24:47,421:deblurring started
WARNING(135996792895296)2026-02-09 20:24:47,422:deblur version 1.1.1 workflow started on /tmp/qiime2/luis/data/f7c241a1-8464-48e5-9026-1cf9a6353058/data/PUF-BOU-4_18_L001_R1_001.fastq.gz
WARNING(135996792895296)2026-02-09 20:24:47,422:parameters: {'seqs_fp': '/tmp/qiime2/luis/data/f7c241a1-8464-48e5-9026-1cf9a6353058/data/PUF-BOU-4_18_L001_R1_001.fastq.gz', 'output_dir': '/tmp/tmpgi6b_2rx', 'pos_ref_fp': ('/tmp/qiime2/luis/data/24c3fd7b-d797-45d8-8c62-edb383bdc88c/data/dna-sequences.fasta',), 'pos_ref_db_fp': ('/tmp/tmpgi6b_2rx/deblur_working_dir/dna-sequences',), 'neg_ref_fp': (), 'neg_ref_db_fp': ('/tmp/tmpgi6b_2rx/deblur_working_dir/artifacts',), 'overwrite': True, 'mean_error': 0.005, 'error_dist': [1.0, 0.06, 0.02, 0.02, 0.01, 0.005, 0.005, 0.005, 0.001, 0.001, 0.001, 0.0005], 'indel_prob': 0.01, 'indel_max': 3, 'trim_length': -1, 'left_trim_length': 0, 'min_reads': 1, 'min_size': 1, 'threads_per_sample': 1, 'keep_tmp_files': True, 'log_level': 2, 'log_file': '/home/luis/Documents/Projects/PUF-PAS_AirDNA/01_QIIME_pt2/01_Deblur/bin/deblur.log', 'jobs_to_start': 1, 'is_worker_thread': True, 'logger': <Logger __main__ (INFO)>}
INFO(135996792895296)2026-02-09 20:24:47,422:error_dist is : [1.0, 0.06, 0.02, 0.02, 0.01, 0.005, 0.005, 0.005, 0.001, 0.001, 0.001, 0.0005]
INFO(135996792895296)2026-02-09 20:24:47,422:deblur worker thread started
INFO(135996792895296)2026-02-09 20:24:47,422:processing per sample fasta files
INFO(135996792895296)2026-02-09 20:24:47,422:--------------------------------------------------------
INFO(135996792895296)2026-02-09 20:24:47,422:launch_workflow for file /tmp/qiime2/luis/data/f7c241a1-8464-48e5-9026-1cf9a6353058/data/PUF-BOU-4_18_L001_R1_001.fastq.gz
INFO(123590184666944)2026-02-09 20:24:47,692:total sequences 2, passing sequences 2, failing sequences 0
INFO(123590184666944)2026-02-09 20:24:47,692:multiple_sequence_alignment seqs file /tmp/tmpgi6b_2rx/deblur_working_dir/ctrl-PCR-neg-PUF_47_L001_R1_001.fastq.gz.trim.derep.no_artifacts
INFO(123590184666944)2026-02-09 20:24:47,816:deblurring 2 sequences
INFO(123590184666944)2026-02-09 20:24:47,816:1 unique sequences left following deblurring
INFO(123590184666944)2026-02-09 20:24:47,817:remove_chimeras_denovo_from_seqs seqs file /tmp/tmpgi6b_2rx/deblur_working_dir/ctrl-PCR-neg-PUF_47_L001_R1_001.fastq.gz.trim.derep.no_artifacts.msa.deblurto working dir /tmp/tmpgi6b_2rx/deblur_working_dir
INFO(123590184666944)2026-02-09 20:24:47,825:finished processing file
INFO(123590184666944)2026-02-09 20:24:47,825:finished processing per sample fasta files
INFO(123590184666944)2026-02-09 20:24:47,825:worker thread for /tmp/qiime2/luis/data/f7c241a1-8464-48e5-9026-1cf9a6353058/data/ctrl-PCR-neg-PUF_47_L001_R1_001.fastq.gz finished
INFO(135996792895296)2026-02-09 20:24:47,846:dereplicate seqs file /tmp/tmpgi6b_2rx/deblur_working_dir/PUF-BOU-4_18_L001_R1_001.fastq.gz.trim
INFO(135996792895296)2026-02-09 20:24:47,853:remove_artifacts_seqs file /tmp/tmpgi6b_2rx/deblur_working_dir/PUF-BOU-4_18_L001_R1_001.fastq.gz.trim.derep
INFO(135996792895296)2026-02-09 20:24:48,212:total sequences 1250, passing sequences 1250, failing sequences 0
INFO(135996792895296)2026-02-09 20:24:48,212:multiple_sequence_alignment seqs file /tmp/tmpgi6b_2rx/deblur_working_dir/PUF-BOU-4_18_L001_R1_001.fastq.gz.trim.derep.no_artifacts
INFO(128806417135424)2026-02-09 20:24:48,345:dereplicate seqs file /tmp/tmpgi6b_2rx/deblur_working_dir/PUF-JD-1_30_L001_R1_001.fastq.gz.trim
INFO(128806417135424)2026-02-09 20:24:48,357:remove_artifacts_seqs file /tmp/tmpgi6b_2rx/deblur_working_dir/PUF-JD-1_30_L001_R1_001.fastq.gz.trim.derep
INFO(139889192834880)2026-02-09 20:24:48,592:*************************
INFO(139889192834880)2026-02-09 20:24:48,592:deblurring started
WARNING(139889192834880)2026-02-09 20:24:48,592:deblur version 1.1.1 workflow started on /tmp/qiime2/luis/data/f7c241a1-8464-48e5-9026-1cf9a6353058/data/PUF-IPEX-7_28_L001_R1_001.fastq.gz
WARNING(139889192834880)2026-02-09 20:24:48,592:parameters: {'seqs_fp': '/tmp/qiime2/luis/data/f7c241a1-8464-48e5-9026-1cf9a6353058/data/PUF-IPEX-7_28_L001_R1_001.fastq.gz', 'output_dir': '/tmp/tmpgi6b_2rx', 'pos_ref_fp': ('/tmp/qiime2/luis/data/24c3fd7b-d797-45d8-8c62-edb383bdc88c/data/dna-sequences.fasta',), 'pos_ref_db_fp': ('/tmp/tmpgi6b_2rx/deblur_working_dir/dna-sequences',), 'neg_ref_fp': (), 'neg_ref_db_fp': ('/tmp/tmpgi6b_2rx/deblur_working_dir/artifacts',), 'overwrite': True, 'mean_error': 0.005, 'error_dist': [1.0, 0.06, 0.02, 0.02, 0.01, 0.005, 0.005, 0.005, 0.001, 0.001, 0.001, 0.0005], 'indel_prob': 0.01, 'indel_max': 3, 'trim_length': -1, 'left_trim_length': 0, 'min_reads': 1, 'min_size': 1, 'threads_per_sample': 1, 'keep_tmp_files': True, 'log_level': 2, 'log_file': '/home/luis/Documents/Projects/PUF-PAS_AirDNA/01_QIIME_pt2/01_Deblur/bin/deblur.log', 'jobs_to_start': 1, 'is_worker_thread': True, 'logger': <Logger __main__ (INFO)>}
INFO(139889192834880)2026-02-09 20:24:48,593:error_dist is : [1.0, 0.06, 0.02, 0.02, 0.01, 0.005, 0.005, 0.005, 0.001, 0.001, 0.001, 0.0005]
INFO(139889192834880)2026-02-09 20:24:48,593:deblur worker thread started
INFO(139889192834880)2026-02-09 20:24:48,593:processing per sample fasta files
INFO(139889192834880)2026-02-09 20:24:48,593:--------------------------------------------------------
INFO(139889192834880)2026-02-09 20:24:48,593:launch_workflow for file /tmp/qiime2/luis/data/f7c241a1-8464-48e5-9026-1cf9a6353058/data/PUF-IPEX-7_28_L001_R1_001.fastq.gz
INFO(128806417135424)2026-02-09 20:24:48,697:total sequences 1660, passing sequences 1660, failing sequences 0
INFO(128806417135424)2026-02-09 20:24:48,697:multiple_sequence_alignment seqs file /tmp/tmpgi6b_2rx/deblur_working_dir/PUF-JD-1_30_L001_R1_001.fastq.gz.trim.derep.no_artifacts
INFO(124280920885056)2026-02-09 20:24:48,786:dereplicate seqs file /tmp/tmpgi6b_2rx/deblur_working_dir/PUF-BOU-8_21_L001_R1_001.fastq.gz.trim
INFO(124280920885056)2026-02-09 20:24:48,805:remove_artifacts_seqs file /tmp/tmpgi6b_2rx/deblur_working_dir/PUF-BOU-8_21_L001_R1_001.fastq.gz.trim.derep
INFO(124280920885056)2026-02-09 20:24:49,199:total sequences 3680, passing sequences 3680, failing sequences 0
INFO(124280920885056)2026-02-09 20:24:49,199:multiple_sequence_alignment seqs file /tmp/tmpgi6b_2rx/deblur_working_dir/PUF-BOU-8_21_L001_R1_001.fastq.gz.trim.derep.no_artifacts
INFO(131493392942912)2026-02-09 20:24:49,226:dereplicate seqs file /tmp/tmpgi6b_2rx/deblur_working_dir/PUF-JD-7_35_L001_R1_001.fastq.gz.trim
INFO(131493392942912)2026-02-09 20:24:49,251:remove_artifacts_seqs file /tmp/tmpgi6b_2rx/deblur_working_dir/PUF-JD-7_35_L001_R1_001.fastq.gz.trim.derep
INFO(129172975728448)2026-02-09 20:24:49,392:dereplicate seqs file /tmp/tmpgi6b_2rx/deblur_working_dir/PUF-MBO-9_46_L001_R1_001.fastq.gz.trim
INFO(129172975728448)2026-02-09 20:24:49,419:remove_artifacts_seqs file /tmp/tmpgi6b_2rx/deblur_working_dir/PUF-MBO-9_46_L001_R1_001.fastq.gz.trim.derep
INFO(139889192834880)2026-02-09 20:24:49,476:dereplicate seqs file /tmp/tmpgi6b_2rx/deblur_working_dir/PUF-IPEX-7_28_L001_R1_001.fastq.gz.trim
INFO(139889192834880)2026-02-09 20:24:49,490:remove_artifacts_seqs file /tmp/tmpgi6b_2rx/deblur_working_dir/PUF-IPEX-7_28_L001_R1_001.fastq.gz.trim.derep
INFO(131493392942912)2026-02-09 20:24:49,693:total sequences 4272, passing sequences 4272, failing sequences 0
INFO(131493392942912)2026-02-09 20:24:49,693:multiple_sequence_alignment seqs file /tmp/tmpgi6b_2rx/deblur_working_dir/PUF-JD-7_35_L001_R1_001.fastq.gz.trim.derep.no_artifacts
INFO(129172975728448)2026-02-09 20:24:49,875:total sequences 4850, passing sequences 4850, failing sequences 0
INFO(129172975728448)2026-02-09 20:24:49,876:multiple_sequence_alignment seqs file /tmp/tmpgi6b_2rx/deblur_working_dir/PUF-MBO-9_46_L001_R1_001.fastq.gz.trim.derep.no_artifacts
INFO(139889192834880)2026-02-09 20:24:49,880:total sequences 2787, passing sequences 2787, failing sequences 0
INFO(139889192834880)2026-02-09 20:24:49,880:multiple_sequence_alignment seqs file /tmp/tmpgi6b_2rx/deblur_working_dir/PUF-IPEX-7_28_L001_R1_001.fastq.gz.trim.derep.no_artifacts
INFO(135996792895296)2026-02-09 20:24:51,268:deblurring 1250 sequences
INFO(135996792895296)2026-02-09 20:24:51,515:193 unique sequences left following deblurring
INFO(135996792895296)2026-02-09 20:24:51,516:remove_chimeras_denovo_from_seqs seqs file /tmp/tmpgi6b_2rx/deblur_working_dir/PUF-BOU-4_18_L001_R1_001.fastq.gz.trim.derep.no_artifacts.msa.deblurto working dir /tmp/tmpgi6b_2rx/deblur_working_dir
INFO(135996792895296)2026-02-09 20:24:51,638:finished processing file
INFO(135996792895296)2026-02-09 20:24:51,639:finished processing per sample fasta files
INFO(135996792895296)2026-02-09 20:24:51,639:worker thread for /tmp/qiime2/luis/data/f7c241a1-8464-48e5-9026-1cf9a6353058/data/PUF-BOU-4_18_L001_R1_001.fastq.gz finished
INFO(139425685903168)2026-02-09 20:24:52,445:*************************
INFO(139425685903168)2026-02-09 20:24:52,445:deblurring started
WARNING(139425685903168)2026-02-09 20:24:52,445:deblur version 1.1.1 workflow started on /tmp/qiime2/luis/data/f7c241a1-8464-48e5-9026-1cf9a6353058/data/PUF-BOU-5_19_L001_R1_001.fastq.gz
WARNING(139425685903168)2026-02-09 20:24:52,445:parameters: {'seqs_fp': '/tmp/qiime2/luis/data/f7c241a1-8464-48e5-9026-1cf9a6353058/data/PUF-BOU-5_19_L001_R1_001.fastq.gz', 'output_dir': '/tmp/tmpgi6b_2rx', 'pos_ref_fp': ('/tmp/qiime2/luis/data/24c3fd7b-d797-45d8-8c62-edb383bdc88c/data/dna-sequences.fasta',), 'pos_ref_db_fp': ('/tmp/tmpgi6b_2rx/deblur_working_dir/dna-sequences',), 'neg_ref_fp': (), 'neg_ref_db_fp': ('/tmp/tmpgi6b_2rx/deblur_working_dir/artifacts',), 'overwrite': True, 'mean_error': 0.005, 'error_dist': [1.0, 0.06, 0.02, 0.02, 0.01, 0.005, 0.005, 0.005, 0.001, 0.001, 0.001, 0.0005], 'indel_prob': 0.01, 'indel_max': 3, 'trim_length': -1, 'left_trim_length': 0, 'min_reads': 1, 'min_size': 1, 'threads_per_sample': 1, 'keep_tmp_files': True, 'log_level': 2, 'log_file': '/home/luis/Documents/Projects/PUF-PAS_AirDNA/01_QIIME_pt2/01_Deblur/bin/deblur.log', 'jobs_to_start': 1, 'is_worker_thread': True, 'logger': <Logger __main__ (INFO)>}
INFO(139425685903168)2026-02-09 20:24:52,445:error_dist is : [1.0, 0.06, 0.02, 0.02, 0.01, 0.005, 0.005, 0.005, 0.001, 0.001, 0.001, 0.0005]
INFO(139425685903168)2026-02-09 20:24:52,446:deblur worker thread started
INFO(139425685903168)2026-02-09 20:24:52,446:processing per sample fasta files
INFO(139425685903168)2026-02-09 20:24:52,446:--------------------------------------------------------
INFO(139425685903168)2026-02-09 20:24:52,446:launch_workflow for file /tmp/qiime2/luis/data/f7c241a1-8464-48e5-9026-1cf9a6353058/data/PUF-BOU-5_19_L001_R1_001.fastq.gz
INFO(128806417135424)2026-02-09 20:24:53,315:deblurring 1660 sequences
INFO(128806417135424)2026-02-09 20:24:53,622:188 unique sequences left following deblurring
INFO(128806417135424)2026-02-09 20:24:53,623:remove_chimeras_denovo_from_seqs seqs file /tmp/tmpgi6b_2rx/deblur_working_dir/PUF-JD-1_30_L001_R1_001.fastq.gz.trim.derep.no_artifacts.msa.deblurto working dir /tmp/tmpgi6b_2rx/deblur_working_dir
INFO(139425685903168)2026-02-09 20:24:53,698:dereplicate seqs file /tmp/tmpgi6b_2rx/deblur_working_dir/PUF-BOU-5_19_L001_R1_001.fastq.gz.trim
INFO(139425685903168)2026-02-09 20:24:53,715:remove_artifacts_seqs file /tmp/tmpgi6b_2rx/deblur_working_dir/PUF-BOU-5_19_L001_R1_001.fastq.gz.trim.derep
INFO(128806417135424)2026-02-09 20:24:53,739:finished processing file
INFO(128806417135424)2026-02-09 20:24:53,739:finished processing per sample fasta files
INFO(128806417135424)2026-02-09 20:24:53,739:worker thread for /tmp/qiime2/luis/data/f7c241a1-8464-48e5-9026-1cf9a6353058/data/PUF-JD-1_30_L001_R1_001.fastq.gz finished
INFO(139425685903168)2026-02-09 20:24:54,126:total sequences 3236, passing sequences 3236, failing sequences 0
INFO(139425685903168)2026-02-09 20:24:54,126:multiple_sequence_alignment seqs file /tmp/tmpgi6b_2rx/deblur_working_dir/PUF-BOU-5_19_L001_R1_001.fastq.gz.trim.derep.no_artifacts
INFO(133816836310848)2026-02-09 20:24:54,554:*************************
INFO(133816836310848)2026-02-09 20:24:54,554:deblurring started
WARNING(133816836310848)2026-02-09 20:24:54,554:deblur version 1.1.1 workflow started on /tmp/qiime2/luis/data/f7c241a1-8464-48e5-9026-1cf9a6353058/data/PUF-MBO-1_38_L001_R1_001.fastq.gz
WARNING(133816836310848)2026-02-09 20:24:54,555:parameters: {'seqs_fp': '/tmp/qiime2/luis/data/f7c241a1-8464-48e5-9026-1cf9a6353058/data/PUF-MBO-1_38_L001_R1_001.fastq.gz', 'output_dir': '/tmp/tmpgi6b_2rx', 'pos_ref_fp': ('/tmp/qiime2/luis/data/24c3fd7b-d797-45d8-8c62-edb383bdc88c/data/dna-sequences.fasta',), 'pos_ref_db_fp': ('/tmp/tmpgi6b_2rx/deblur_working_dir/dna-sequences',), 'neg_ref_fp': (), 'neg_ref_db_fp': ('/tmp/tmpgi6b_2rx/deblur_working_dir/artifacts',), 'overwrite': True, 'mean_error': 0.005, 'error_dist': [1.0, 0.06, 0.02, 0.02, 0.01, 0.005, 0.005, 0.005, 0.001, 0.001, 0.001, 0.0005], 'indel_prob': 0.01, 'indel_max': 3, 'trim_length': -1, 'left_trim_length': 0, 'min_reads': 1, 'min_size': 1, 'threads_per_sample': 1, 'keep_tmp_files': True, 'log_level': 2, 'log_file': '/home/luis/Documents/Projects/PUF-PAS_AirDNA/01_QIIME_pt2/01_Deblur/bin/deblur.log', 'jobs_to_start': 1, 'is_worker_thread': True, 'logger': <Logger __main__ (INFO)>}
INFO(133816836310848)2026-02-09 20:24:54,555:error_dist is : [1.0, 0.06, 0.02, 0.02, 0.01, 0.005, 0.005, 0.005, 0.001, 0.001, 0.001, 0.0005]
INFO(133816836310848)2026-02-09 20:24:54,555:deblur worker thread started
INFO(133816836310848)2026-02-09 20:24:54,555:processing per sample fasta files
INFO(133816836310848)2026-02-09 20:24:54,555:--------------------------------------------------------
INFO(133816836310848)2026-02-09 20:24:54,555:launch_workflow for file /tmp/qiime2/luis/data/f7c241a1-8464-48e5-9026-1cf9a6353058/data/PUF-MBO-1_38_L001_R1_001.fastq.gz
INFO(133816836310848)2026-02-09 20:24:55,436:dereplicate seqs file /tmp/tmpgi6b_2rx/deblur_working_dir/PUF-MBO-1_38_L001_R1_001.fastq.gz.trim
INFO(133816836310848)2026-02-09 20:24:55,449:remove_artifacts_seqs file /tmp/tmpgi6b_2rx/deblur_working_dir/PUF-MBO-1_38_L001_R1_001.fastq.gz.trim.derep
INFO(133816836310848)2026-02-09 20:24:55,838:total sequences 2373, passing sequences 2373, failing sequences 0
INFO(133816836310848)2026-02-09 20:24:55,838:multiple_sequence_alignment seqs file /tmp/tmpgi6b_2rx/deblur_working_dir/PUF-MBO-1_38_L001_R1_001.fastq.gz.trim.derep.no_artifacts
INFO(139889192834880)2026-02-09 20:25:00,142:deblurring 2787 sequences
INFO(139889192834880)2026-02-09 20:25:01,428:418 unique sequences left following deblurring
INFO(139889192834880)2026-02-09 20:25:01,430:remove_chimeras_denovo_from_seqs seqs file /tmp/tmpgi6b_2rx/deblur_working_dir/PUF-IPEX-7_28_L001_R1_001.fastq.gz.trim.derep.no_artifacts.msa.deblurto working dir /tmp/tmpgi6b_2rx/deblur_working_dir
INFO(139889192834880)2026-02-09 20:25:01,715:finished processing file
INFO(139889192834880)2026-02-09 20:25:01,715:finished processing per sample fasta files
INFO(139889192834880)2026-02-09 20:25:01,716:worker thread for /tmp/qiime2/luis/data/f7c241a1-8464-48e5-9026-1cf9a6353058/data/PUF-IPEX-7_28_L001_R1_001.fastq.gz finished
INFO(128291035825984)2026-02-09 20:25:02,540:*************************
INFO(128291035825984)2026-02-09 20:25:02,540:deblurring started
WARNING(128291035825984)2026-02-09 20:25:02,541:deblur version 1.1.1 workflow started on /tmp/qiime2/luis/data/f7c241a1-8464-48e5-9026-1cf9a6353058/data/PUF-JD-2_31_L001_R1_001.fastq.gz
WARNING(128291035825984)2026-02-09 20:25:02,541:parameters: {'seqs_fp': '/tmp/qiime2/luis/data/f7c241a1-8464-48e5-9026-1cf9a6353058/data/PUF-JD-2_31_L001_R1_001.fastq.gz', 'output_dir': '/tmp/tmpgi6b_2rx', 'pos_ref_fp': ('/tmp/qiime2/luis/data/24c3fd7b-d797-45d8-8c62-edb383bdc88c/data/dna-sequences.fasta',), 'pos_ref_db_fp': ('/tmp/tmpgi6b_2rx/deblur_working_dir/dna-sequences',), 'neg_ref_fp': (), 'neg_ref_db_fp': ('/tmp/tmpgi6b_2rx/deblur_working_dir/artifacts',), 'overwrite': True, 'mean_error': 0.005, 'error_dist': [1.0, 0.06, 0.02, 0.02, 0.01, 0.005, 0.005, 0.005, 0.001, 0.001, 0.001, 0.0005], 'indel_prob': 0.01, 'indel_max': 3, 'trim_length': -1, 'left_trim_length': 0, 'min_reads': 1, 'min_size': 1, 'threads_per_sample': 1, 'keep_tmp_files': True, 'log_level': 2, 'log_file': '/home/luis/Documents/Projects/PUF-PAS_AirDNA/01_QIIME_pt2/01_Deblur/bin/deblur.log', 'jobs_to_start': 1, 'is_worker_thread': True, 'logger': <Logger __main__ (INFO)>}
INFO(128291035825984)2026-02-09 20:25:02,541:error_dist is : [1.0, 0.06, 0.02, 0.02, 0.01, 0.005, 0.005, 0.005, 0.001, 0.001, 0.001, 0.0005]
INFO(128291035825984)2026-02-09 20:25:02,541:deblur worker thread started
INFO(128291035825984)2026-02-09 20:25:02,541:processing per sample fasta files
INFO(128291035825984)2026-02-09 20:25:02,541:--------------------------------------------------------
INFO(128291035825984)2026-02-09 20:25:02,541:launch_workflow for file /tmp/qiime2/luis/data/f7c241a1-8464-48e5-9026-1cf9a6353058/data/PUF-JD-2_31_L001_R1_001.fastq.gz
INFO(133816836310848)2026-02-09 20:25:03,563:deblurring 2373 sequences
INFO(128291035825984)2026-02-09 20:25:03,968:dereplicate seqs file /tmp/tmpgi6b_2rx/deblur_working_dir/PUF-JD-2_31_L001_R1_001.fastq.gz.trim
INFO(128291035825984)2026-02-09 20:25:03,986:remove_artifacts_seqs file /tmp/tmpgi6b_2rx/deblur_working_dir/PUF-JD-2_31_L001_R1_001.fastq.gz.trim.derep
INFO(133816836310848)2026-02-09 20:25:04,233:293 unique sequences left following deblurring
INFO(133816836310848)2026-02-09 20:25:04,234:remove_chimeras_denovo_from_seqs seqs file /tmp/tmpgi6b_2rx/deblur_working_dir/PUF-MBO-1_38_L001_R1_001.fastq.gz.trim.derep.no_artifacts.msa.deblurto working dir /tmp/tmpgi6b_2rx/deblur_working_dir
INFO(128291035825984)2026-02-09 20:25:04,356:total sequences 2100, passing sequences 2100, failing sequences 0
INFO(128291035825984)2026-02-09 20:25:04,356:multiple_sequence_alignment seqs file /tmp/tmpgi6b_2rx/deblur_working_dir/PUF-JD-2_31_L001_R1_001.fastq.gz.trim.derep.no_artifacts
INFO(133816836310848)2026-02-09 20:25:04,432:finished processing file
INFO(133816836310848)2026-02-09 20:25:04,433:finished processing per sample fasta files
INFO(133816836310848)2026-02-09 20:25:04,433:worker thread for /tmp/qiime2/luis/data/f7c241a1-8464-48e5-9026-1cf9a6353058/data/PUF-MBO-1_38_L001_R1_001.fastq.gz finished
INFO(131567587387200)2026-02-09 20:25:05,265:*************************
INFO(131567587387200)2026-02-09 20:25:05,265:deblurring started
WARNING(131567587387200)2026-02-09 20:25:05,265:deblur version 1.1.1 workflow started on /tmp/qiime2/luis/data/f7c241a1-8464-48e5-9026-1cf9a6353058/data/PUF-BOU-9_22_L001_R1_001.fastq.gz
WARNING(131567587387200)2026-02-09 20:25:05,265:parameters: {'seqs_fp': '/tmp/qiime2/luis/data/f7c241a1-8464-48e5-9026-1cf9a6353058/data/PUF-BOU-9_22_L001_R1_001.fastq.gz', 'output_dir': '/tmp/tmpgi6b_2rx', 'pos_ref_fp': ('/tmp/qiime2/luis/data/24c3fd7b-d797-45d8-8c62-edb383bdc88c/data/dna-sequences.fasta',), 'pos_ref_db_fp': ('/tmp/tmpgi6b_2rx/deblur_working_dir/dna-sequences',), 'neg_ref_fp': (), 'neg_ref_db_fp': ('/tmp/tmpgi6b_2rx/deblur_working_dir/artifacts',), 'overwrite': True, 'mean_error': 0.005, 'error_dist': [1.0, 0.06, 0.02, 0.02, 0.01, 0.005, 0.005, 0.005, 0.001, 0.001, 0.001, 0.0005], 'indel_prob': 0.01, 'indel_max': 3, 'trim_length': -1, 'left_trim_length': 0, 'min_reads': 1, 'min_size': 1, 'threads_per_sample': 1, 'keep_tmp_files': True, 'log_level': 2, 'log_file': '/home/luis/Documents/Projects/PUF-PAS_AirDNA/01_QIIME_pt2/01_Deblur/bin/deblur.log', 'jobs_to_start': 1, 'is_worker_thread': True, 'logger': <Logger __main__ (INFO)>}
INFO(131567587387200)2026-02-09 20:25:05,265:error_dist is : [1.0, 0.06, 0.02, 0.02, 0.01, 0.005, 0.005, 0.005, 0.001, 0.001, 0.001, 0.0005]
INFO(131567587387200)2026-02-09 20:25:05,265:deblur worker thread started
INFO(131567587387200)2026-02-09 20:25:05,265:processing per sample fasta files
INFO(131567587387200)2026-02-09 20:25:05,265:--------------------------------------------------------
INFO(131567587387200)2026-02-09 20:25:05,265:launch_workflow for file /tmp/qiime2/luis/data/f7c241a1-8464-48e5-9026-1cf9a6353058/data/PUF-BOU-9_22_L001_R1_001.fastq.gz
INFO(124280920885056)2026-02-09 20:25:05,776:deblurring 3680 sequences
INFO(131567587387200)2026-02-09 20:25:06,203:dereplicate seqs file /tmp/tmpgi6b_2rx/deblur_working_dir/PUF-BOU-9_22_L001_R1_001.fastq.gz.trim
INFO(131567587387200)2026-02-09 20:25:06,217:remove_artifacts_seqs file /tmp/tmpgi6b_2rx/deblur_working_dir/PUF-BOU-9_22_L001_R1_001.fastq.gz.trim.derep
INFO(131567587387200)2026-02-09 20:25:06,611:total sequences 2383, passing sequences 2383, failing sequences 0
INFO(131567587387200)2026-02-09 20:25:06,611:multiple_sequence_alignment seqs file /tmp/tmpgi6b_2rx/deblur_working_dir/PUF-BOU-9_22_L001_R1_001.fastq.gz.trim.derep.no_artifacts
INFO(124280920885056)2026-02-09 20:25:07,058:282 unique sequences left following deblurring
INFO(124280920885056)2026-02-09 20:25:07,061:remove_chimeras_denovo_from_seqs seqs file /tmp/tmpgi6b_2rx/deblur_working_dir/PUF-BOU-8_21_L001_R1_001.fastq.gz.trim.derep.no_artifacts.msa.deblurto working dir /tmp/tmpgi6b_2rx/deblur_working_dir
INFO(124280920885056)2026-02-09 20:25:07,244:finished processing file
INFO(124280920885056)2026-02-09 20:25:07,245:finished processing per sample fasta files
INFO(124280920885056)2026-02-09 20:25:07,245:worker thread for /tmp/qiime2/luis/data/f7c241a1-8464-48e5-9026-1cf9a6353058/data/PUF-BOU-8_21_L001_R1_001.fastq.gz finished
INFO(139425685903168)2026-02-09 20:25:07,692:deblurring 3236 sequences
INFO(130572346652480)2026-02-09 20:25:08,054:*************************
INFO(130572346652480)2026-02-09 20:25:08,054:deblurring started
WARNING(130572346652480)2026-02-09 20:25:08,055:deblur version 1.1.1 workflow started on /tmp/qiime2/luis/data/f7c241a1-8464-48e5-9026-1cf9a6353058/data/Ins-Top_4_L001_R1_001.fastq.gz
WARNING(130572346652480)2026-02-09 20:25:08,055:parameters: {'seqs_fp': '/tmp/qiime2/luis/data/f7c241a1-8464-48e5-9026-1cf9a6353058/data/Ins-Top_4_L001_R1_001.fastq.gz', 'output_dir': '/tmp/tmpgi6b_2rx', 'pos_ref_fp': ('/tmp/qiime2/luis/data/24c3fd7b-d797-45d8-8c62-edb383bdc88c/data/dna-sequences.fasta',), 'pos_ref_db_fp': ('/tmp/tmpgi6b_2rx/deblur_working_dir/dna-sequences',), 'neg_ref_fp': (), 'neg_ref_db_fp': ('/tmp/tmpgi6b_2rx/deblur_working_dir/artifacts',), 'overwrite': True, 'mean_error': 0.005, 'error_dist': [1.0, 0.06, 0.02, 0.02, 0.01, 0.005, 0.005, 0.005, 0.001, 0.001, 0.001, 0.0005], 'indel_prob': 0.01, 'indel_max': 3, 'trim_length': -1, 'left_trim_length': 0, 'min_reads': 1, 'min_size': 1, 'threads_per_sample': 1, 'keep_tmp_files': True, 'log_level': 2, 'log_file': '/home/luis/Documents/Projects/PUF-PAS_AirDNA/01_QIIME_pt2/01_Deblur/bin/deblur.log', 'jobs_to_start': 1, 'is_worker_thread': True, 'logger': <Logger __main__ (INFO)>}
INFO(130572346652480)2026-02-09 20:25:08,055:error_dist is : [1.0, 0.06, 0.02, 0.02, 0.01, 0.005, 0.005, 0.005, 0.001, 0.001, 0.001, 0.0005]
INFO(130572346652480)2026-02-09 20:25:08,055:deblur worker thread started
INFO(130572346652480)2026-02-09 20:25:08,055:processing per sample fasta files
INFO(130572346652480)2026-02-09 20:25:08,055:--------------------------------------------------------
INFO(130572346652480)2026-02-09 20:25:08,055:launch_workflow for file /tmp/qiime2/luis/data/f7c241a1-8464-48e5-9026-1cf9a6353058/data/Ins-Top_4_L001_R1_001.fastq.gz
INFO(130572346652480)2026-02-09 20:25:08,209:dereplicate seqs file /tmp/tmpgi6b_2rx/deblur_working_dir/Ins-Top_4_L001_R1_001.fastq.gz.trim
INFO(130572346652480)2026-02-09 20:25:08,212:remove_artifacts_seqs file /tmp/tmpgi6b_2rx/deblur_working_dir/Ins-Top_4_L001_R1_001.fastq.gz.trim.derep
INFO(130572346652480)2026-02-09 20:25:08,520:total sequences 293, passing sequences 293, failing sequences 0
INFO(130572346652480)2026-02-09 20:25:08,520:multiple_sequence_alignment seqs file /tmp/tmpgi6b_2rx/deblur_working_dir/Ins-Top_4_L001_R1_001.fastq.gz.trim.derep.no_artifacts
INFO(139425685903168)2026-02-09 20:25:08,818:331 unique sequences left following deblurring
INFO(139425685903168)2026-02-09 20:25:08,819:remove_chimeras_denovo_from_seqs seqs file /tmp/tmpgi6b_2rx/deblur_working_dir/PUF-BOU-5_19_L001_R1_001.fastq.gz.trim.derep.no_artifacts.msa.deblurto working dir /tmp/tmpgi6b_2rx/deblur_working_dir
INFO(139425685903168)2026-02-09 20:25:09,041:finished processing file
INFO(139425685903168)2026-02-09 20:25:09,042:finished processing per sample fasta files
INFO(139425685903168)2026-02-09 20:25:09,042:worker thread for /tmp/qiime2/luis/data/f7c241a1-8464-48e5-9026-1cf9a6353058/data/PUF-BOU-5_19_L001_R1_001.fastq.gz finished
INFO(138577983014720)2026-02-09 20:25:09,782:*************************
INFO(138577983014720)2026-02-09 20:25:09,782:deblurring started
WARNING(138577983014720)2026-02-09 20:25:09,782:deblur version 1.1.1 workflow started on /tmp/qiime2/luis/data/f7c241a1-8464-48e5-9026-1cf9a6353058/data/PUF-JD-6_34_L001_R1_001.fastq.gz
WARNING(138577983014720)2026-02-09 20:25:09,782:parameters: {'seqs_fp': '/tmp/qiime2/luis/data/f7c241a1-8464-48e5-9026-1cf9a6353058/data/PUF-JD-6_34_L001_R1_001.fastq.gz', 'output_dir': '/tmp/tmpgi6b_2rx', 'pos_ref_fp': ('/tmp/qiime2/luis/data/24c3fd7b-d797-45d8-8c62-edb383bdc88c/data/dna-sequences.fasta',), 'pos_ref_db_fp': ('/tmp/tmpgi6b_2rx/deblur_working_dir/dna-sequences',), 'neg_ref_fp': (), 'neg_ref_db_fp': ('/tmp/tmpgi6b_2rx/deblur_working_dir/artifacts',), 'overwrite': True, 'mean_error': 0.005, 'error_dist': [1.0, 0.06, 0.02, 0.02, 0.01, 0.005, 0.005, 0.005, 0.001, 0.001, 0.001, 0.0005], 'indel_prob': 0.01, 'indel_max': 3, 'trim_length': -1, 'left_trim_length': 0, 'min_reads': 1, 'min_size': 1, 'threads_per_sample': 1, 'keep_tmp_files': True, 'log_level': 2, 'log_file': '/home/luis/Documents/Projects/PUF-PAS_AirDNA/01_QIIME_pt2/01_Deblur/bin/deblur.log', 'jobs_to_start': 1, 'is_worker_thread': True, 'logger': <Logger __main__ (INFO)>}
INFO(138577983014720)2026-02-09 20:25:09,782:error_dist is : [1.0, 0.06, 0.02, 0.02, 0.01, 0.005, 0.005, 0.005, 0.001, 0.001, 0.001, 0.0005]
INFO(138577983014720)2026-02-09 20:25:09,782:deblur worker thread started
INFO(138577983014720)2026-02-09 20:25:09,782:processing per sample fasta files
INFO(138577983014720)2026-02-09 20:25:09,782:--------------------------------------------------------
INFO(138577983014720)2026-02-09 20:25:09,782:launch_workflow for file /tmp/qiime2/luis/data/f7c241a1-8464-48e5-9026-1cf9a6353058/data/PUF-JD-6_34_L001_R1_001.fastq.gz
INFO(128291035825984)2026-02-09 20:25:10,640:deblurring 2100 sequences
INFO(138577983014720)2026-02-09 20:25:10,912:dereplicate seqs file /tmp/tmpgi6b_2rx/deblur_working_dir/PUF-JD-6_34_L001_R1_001.fastq.gz.trim
INFO(138577983014720)2026-02-09 20:25:10,929:remove_artifacts_seqs file /tmp/tmpgi6b_2rx/deblur_working_dir/PUF-JD-6_34_L001_R1_001.fastq.gz.trim.derep
INFO(130572346652480)2026-02-09 20:25:11,023:deblurring 293 sequences
INFO(130572346652480)2026-02-09 20:25:11,026:2 unique sequences left following deblurring
INFO(130572346652480)2026-02-09 20:25:11,026:remove_chimeras_denovo_from_seqs seqs file /tmp/tmpgi6b_2rx/deblur_working_dir/Ins-Top_4_L001_R1_001.fastq.gz.trim.derep.no_artifacts.msa.deblurto working dir /tmp/tmpgi6b_2rx/deblur_working_dir
INFO(130572346652480)2026-02-09 20:25:11,036:finished processing file
INFO(130572346652480)2026-02-09 20:25:11,037:finished processing per sample fasta files
INFO(130572346652480)2026-02-09 20:25:11,037:worker thread for /tmp/qiime2/luis/data/f7c241a1-8464-48e5-9026-1cf9a6353058/data/Ins-Top_4_L001_R1_001.fastq.gz finished
INFO(128291035825984)2026-02-09 20:25:11,070:167 unique sequences left following deblurring
INFO(128291035825984)2026-02-09 20:25:11,071:remove_chimeras_denovo_from_seqs seqs file /tmp/tmpgi6b_2rx/deblur_working_dir/PUF-JD-2_31_L001_R1_001.fastq.gz.trim.derep.no_artifacts.msa.deblurto working dir /tmp/tmpgi6b_2rx/deblur_working_dir
INFO(128291035825984)2026-02-09 20:25:11,178:finished processing file
INFO(128291035825984)2026-02-09 20:25:11,178:finished processing per sample fasta files
INFO(128291035825984)2026-02-09 20:25:11,179:worker thread for /tmp/qiime2/luis/data/f7c241a1-8464-48e5-9026-1cf9a6353058/data/PUF-JD-2_31_L001_R1_001.fastq.gz finished
INFO(131493392942912)2026-02-09 20:25:11,317:deblurring 4272 sequences
INFO(138577983014720)2026-02-09 20:25:11,374:total sequences 2878, passing sequences 2878, failing sequences 0
INFO(138577983014720)2026-02-09 20:25:11,374:multiple_sequence_alignment seqs file /tmp/tmpgi6b_2rx/deblur_working_dir/PUF-JD-6_34_L001_R1_001.fastq.gz.trim.derep.no_artifacts
INFO(124928876558144)2026-02-09 20:25:11,917:*************************
INFO(124928876558144)2026-02-09 20:25:11,917:deblurring started
WARNING(124928876558144)2026-02-09 20:25:11,918:deblur version 1.1.1 workflow started on /tmp/qiime2/luis/data/f7c241a1-8464-48e5-9026-1cf9a6353058/data/PUF-JD-9_37_L001_R1_001.fastq.gz
WARNING(124928876558144)2026-02-09 20:25:11,918:parameters: {'seqs_fp': '/tmp/qiime2/luis/data/f7c241a1-8464-48e5-9026-1cf9a6353058/data/PUF-JD-9_37_L001_R1_001.fastq.gz', 'output_dir': '/tmp/tmpgi6b_2rx', 'pos_ref_fp': ('/tmp/qiime2/luis/data/24c3fd7b-d797-45d8-8c62-edb383bdc88c/data/dna-sequences.fasta',), 'pos_ref_db_fp': ('/tmp/tmpgi6b_2rx/deblur_working_dir/dna-sequences',), 'neg_ref_fp': (), 'neg_ref_db_fp': ('/tmp/tmpgi6b_2rx/deblur_working_dir/artifacts',), 'overwrite': True, 'mean_error': 0.005, 'error_dist': [1.0, 0.06, 0.02, 0.02, 0.01, 0.005, 0.005, 0.005, 0.001, 0.001, 0.001, 0.0005], 'indel_prob': 0.01, 'indel_max': 3, 'trim_length': -1, 'left_trim_length': 0, 'min_reads': 1, 'min_size': 1, 'threads_per_sample': 1, 'keep_tmp_files': True, 'log_level': 2, 'log_file': '/home/luis/Documents/Projects/PUF-PAS_AirDNA/01_QIIME_pt2/01_Deblur/bin/deblur.log', 'jobs_to_start': 1, 'is_worker_thread': True, 'logger': <Logger __main__ (INFO)>}
INFO(124928876558144)2026-02-09 20:25:11,918:error_dist is : [1.0, 0.06, 0.02, 0.02, 0.01, 0.005, 0.005, 0.005, 0.001, 0.001, 0.001, 0.0005]
INFO(124928876558144)2026-02-09 20:25:11,918:deblur worker thread started
INFO(124928876558144)2026-02-09 20:25:11,918:processing per sample fasta files
INFO(124928876558144)2026-02-09 20:25:11,918:--------------------------------------------------------
INFO(124928876558144)2026-02-09 20:25:11,918:launch_workflow for file /tmp/qiime2/luis/data/f7c241a1-8464-48e5-9026-1cf9a6353058/data/PUF-JD-9_37_L001_R1_001.fastq.gz
INFO(132555465799488)2026-02-09 20:25:12,047:*************************
INFO(132555465799488)2026-02-09 20:25:12,047:deblurring started
WARNING(132555465799488)2026-02-09 20:25:12,047:deblur version 1.1.1 workflow started on /tmp/qiime2/luis/data/f7c241a1-8464-48e5-9026-1cf9a6353058/data/PUF-IPEX-10_23_L001_R1_001.fastq.gz
WARNING(132555465799488)2026-02-09 20:25:12,047:parameters: {'seqs_fp': '/tmp/qiime2/luis/data/f7c241a1-8464-48e5-9026-1cf9a6353058/data/PUF-IPEX-10_23_L001_R1_001.fastq.gz', 'output_dir': '/tmp/tmpgi6b_2rx', 'pos_ref_fp': ('/tmp/qiime2/luis/data/24c3fd7b-d797-45d8-8c62-edb383bdc88c/data/dna-sequences.fasta',), 'pos_ref_db_fp': ('/tmp/tmpgi6b_2rx/deblur_working_dir/dna-sequences',), 'neg_ref_fp': (), 'neg_ref_db_fp': ('/tmp/tmpgi6b_2rx/deblur_working_dir/artifacts',), 'overwrite': True, 'mean_error': 0.005, 'error_dist': [1.0, 0.06, 0.02, 0.02, 0.01, 0.005, 0.005, 0.005, 0.001, 0.001, 0.001, 0.0005], 'indel_prob': 0.01, 'indel_max': 3, 'trim_length': -1, 'left_trim_length': 0, 'min_reads': 1, 'min_size': 1, 'threads_per_sample': 1, 'keep_tmp_files': True, 'log_level': 2, 'log_file': '/home/luis/Documents/Projects/PUF-PAS_AirDNA/01_QIIME_pt2/01_Deblur/bin/deblur.log', 'jobs_to_start': 1, 'is_worker_thread': True, 'logger': <Logger __main__ (INFO)>}
INFO(132555465799488)2026-02-09 20:25:12,047:error_dist is : [1.0, 0.06, 0.02, 0.02, 0.01, 0.005, 0.005, 0.005, 0.001, 0.001, 0.001, 0.0005]
INFO(132555465799488)2026-02-09 20:25:12,047:deblur worker thread started
INFO(132555465799488)2026-02-09 20:25:12,047:processing per sample fasta files
INFO(132555465799488)2026-02-09 20:25:12,047:--------------------------------------------------------
INFO(132555465799488)2026-02-09 20:25:12,047:launch_workflow for file /tmp/qiime2/luis/data/f7c241a1-8464-48e5-9026-1cf9a6353058/data/PUF-IPEX-10_23_L001_R1_001.fastq.gz
INFO(124928876558144)2026-02-09 20:25:12,426:dereplicate seqs file /tmp/tmpgi6b_2rx/deblur_working_dir/PUF-JD-9_37_L001_R1_001.fastq.gz.trim
INFO(124928876558144)2026-02-09 20:25:12,434:remove_artifacts_seqs file /tmp/tmpgi6b_2rx/deblur_working_dir/PUF-JD-9_37_L001_R1_001.fastq.gz.trim.derep
INFO(131493392942912)2026-02-09 20:25:12,605:264 unique sequences left following deblurring
INFO(131493392942912)2026-02-09 20:25:12,607:remove_chimeras_denovo_from_seqs seqs file /tmp/tmpgi6b_2rx/deblur_working_dir/PUF-JD-7_35_L001_R1_001.fastq.gz.trim.derep.no_artifacts.msa.deblurto working dir /tmp/tmpgi6b_2rx/deblur_working_dir
INFO(124928876558144)2026-02-09 20:25:12,780:total sequences 1409, passing sequences 1409, failing sequences 0
INFO(124928876558144)2026-02-09 20:25:12,780:multiple_sequence_alignment seqs file /tmp/tmpgi6b_2rx/deblur_working_dir/PUF-JD-9_37_L001_R1_001.fastq.gz.trim.derep.no_artifacts
INFO(131493392942912)2026-02-09 20:25:12,788:finished processing file
INFO(131493392942912)2026-02-09 20:25:12,788:finished processing per sample fasta files
INFO(131493392942912)2026-02-09 20:25:12,789:worker thread for /tmp/qiime2/luis/data/f7c241a1-8464-48e5-9026-1cf9a6353058/data/PUF-JD-7_35_L001_R1_001.fastq.gz finished
INFO(129366913566528)2026-02-09 20:25:13,583:*************************
INFO(129366913566528)2026-02-09 20:25:13,584:deblurring started
WARNING(129366913566528)2026-02-09 20:25:13,584:deblur version 1.1.1 workflow started on /tmp/qiime2/luis/data/f7c241a1-8464-48e5-9026-1cf9a6353058/data/PUF-BOT-9_14_L001_R1_001.fastq.gz
WARNING(129366913566528)2026-02-09 20:25:13,584:parameters: {'seqs_fp': '/tmp/qiime2/luis/data/f7c241a1-8464-48e5-9026-1cf9a6353058/data/PUF-BOT-9_14_L001_R1_001.fastq.gz', 'output_dir': '/tmp/tmpgi6b_2rx', 'pos_ref_fp': ('/tmp/qiime2/luis/data/24c3fd7b-d797-45d8-8c62-edb383bdc88c/data/dna-sequences.fasta',), 'pos_ref_db_fp': ('/tmp/tmpgi6b_2rx/deblur_working_dir/dna-sequences',), 'neg_ref_fp': (), 'neg_ref_db_fp': ('/tmp/tmpgi6b_2rx/deblur_working_dir/artifacts',), 'overwrite': True, 'mean_error': 0.005, 'error_dist': [1.0, 0.06, 0.02, 0.02, 0.01, 0.005, 0.005, 0.005, 0.001, 0.001, 0.001, 0.0005], 'indel_prob': 0.01, 'indel_max': 3, 'trim_length': -1, 'left_trim_length': 0, 'min_reads': 1, 'min_size': 1, 'threads_per_sample': 1, 'keep_tmp_files': True, 'log_level': 2, 'log_file': '/home/luis/Documents/Projects/PUF-PAS_AirDNA/01_QIIME_pt2/01_Deblur/bin/deblur.log', 'jobs_to_start': 1, 'is_worker_thread': True, 'logger': <Logger __main__ (INFO)>}
INFO(129366913566528)2026-02-09 20:25:13,584:error_dist is : [1.0, 0.06, 0.02, 0.02, 0.01, 0.005, 0.005, 0.005, 0.001, 0.001, 0.001, 0.0005]
INFO(129366913566528)2026-02-09 20:25:13,584:deblur worker thread started
INFO(129366913566528)2026-02-09 20:25:13,584:processing per sample fasta files
INFO(129366913566528)2026-02-09 20:25:13,584:--------------------------------------------------------
INFO(129366913566528)2026-02-09 20:25:13,584:launch_workflow for file /tmp/qiime2/luis/data/f7c241a1-8464-48e5-9026-1cf9a6353058/data/PUF-BOT-9_14_L001_R1_001.fastq.gz
INFO(132555465799488)2026-02-09 20:25:13,917:dereplicate seqs file /tmp/tmpgi6b_2rx/deblur_working_dir/PUF-IPEX-10_23_L001_R1_001.fastq.gz.trim
INFO(132555465799488)2026-02-09 20:25:13,946:remove_artifacts_seqs file /tmp/tmpgi6b_2rx/deblur_working_dir/PUF-IPEX-10_23_L001_R1_001.fastq.gz.trim.derep
INFO(129366913566528)2026-02-09 20:25:14,258:dereplicate seqs file /tmp/tmpgi6b_2rx/deblur_working_dir/PUF-BOT-9_14_L001_R1_001.fastq.gz.trim
INFO(129366913566528)2026-02-09 20:25:14,268:remove_artifacts_seqs file /tmp/tmpgi6b_2rx/deblur_working_dir/PUF-BOT-9_14_L001_R1_001.fastq.gz.trim.derep
INFO(132555465799488)2026-02-09 20:25:14,384:total sequences 4596, passing sequences 4596, failing sequences 0
INFO(132555465799488)2026-02-09 20:25:14,384:multiple_sequence_alignment seqs file /tmp/tmpgi6b_2rx/deblur_working_dir/PUF-IPEX-10_23_L001_R1_001.fastq.gz.trim.derep.no_artifacts
INFO(129366913566528)2026-02-09 20:25:14,635:total sequences 1984, passing sequences 1984, failing sequences 0
INFO(129366913566528)2026-02-09 20:25:14,635:multiple_sequence_alignment seqs file /tmp/tmpgi6b_2rx/deblur_working_dir/PUF-BOT-9_14_L001_R1_001.fastq.gz.trim.derep.no_artifacts
INFO(131567587387200)2026-02-09 20:25:15,359:deblurring 2383 sequences
INFO(129172975728448)2026-02-09 20:25:15,475:deblurring 4850 sequences
INFO(131567587387200)2026-02-09 20:25:15,838:183 unique sequences left following deblurring
INFO(131567587387200)2026-02-09 20:25:15,839:remove_chimeras_denovo_from_seqs seqs file /tmp/tmpgi6b_2rx/deblur_working_dir/PUF-BOU-9_22_L001_R1_001.fastq.gz.trim.derep.no_artifacts.msa.deblurto working dir /tmp/tmpgi6b_2rx/deblur_working_dir
INFO(131567587387200)2026-02-09 20:25:15,952:finished processing file
INFO(131567587387200)2026-02-09 20:25:15,952:finished processing per sample fasta files
INFO(131567587387200)2026-02-09 20:25:15,952:worker thread for /tmp/qiime2/luis/data/f7c241a1-8464-48e5-9026-1cf9a6353058/data/PUF-BOU-9_22_L001_R1_001.fastq.gz finished
INFO(124928876558144)2026-02-09 20:25:16,593:deblurring 1409 sequences
INFO(124928876558144)2026-02-09 20:25:16,816:154 unique sequences left following deblurring
INFO(135510658508608)2026-02-09 20:25:16,817:*************************
INFO(135510658508608)2026-02-09 20:25:16,817:deblurring started
INFO(124928876558144)2026-02-09 20:25:16,817:remove_chimeras_denovo_from_seqs seqs file /tmp/tmpgi6b_2rx/deblur_working_dir/PUF-JD-9_37_L001_R1_001.fastq.gz.trim.derep.no_artifacts.msa.deblurto working dir /tmp/tmpgi6b_2rx/deblur_working_dir
WARNING(135510658508608)2026-02-09 20:25:16,817:deblur version 1.1.1 workflow started on /tmp/qiime2/luis/data/f7c241a1-8464-48e5-9026-1cf9a6353058/data/C-pos-1_0_L001_R1_001.fastq.gz
WARNING(135510658508608)2026-02-09 20:25:16,817:parameters: {'seqs_fp': '/tmp/qiime2/luis/data/f7c241a1-8464-48e5-9026-1cf9a6353058/data/C-pos-1_0_L001_R1_001.fastq.gz', 'output_dir': '/tmp/tmpgi6b_2rx', 'pos_ref_fp': ('/tmp/qiime2/luis/data/24c3fd7b-d797-45d8-8c62-edb383bdc88c/data/dna-sequences.fasta',), 'pos_ref_db_fp': ('/tmp/tmpgi6b_2rx/deblur_working_dir/dna-sequences',), 'neg_ref_fp': (), 'neg_ref_db_fp': ('/tmp/tmpgi6b_2rx/deblur_working_dir/artifacts',), 'overwrite': True, 'mean_error': 0.005, 'error_dist': [1.0, 0.06, 0.02, 0.02, 0.01, 0.005, 0.005, 0.005, 0.001, 0.001, 0.001, 0.0005], 'indel_prob': 0.01, 'indel_max': 3, 'trim_length': -1, 'left_trim_length': 0, 'min_reads': 1, 'min_size': 1, 'threads_per_sample': 1, 'keep_tmp_files': True, 'log_level': 2, 'log_file': '/home/luis/Documents/Projects/PUF-PAS_AirDNA/01_QIIME_pt2/01_Deblur/bin/deblur.log', 'jobs_to_start': 1, 'is_worker_thread': True, 'logger': <Logger __main__ (INFO)>}
INFO(135510658508608)2026-02-09 20:25:16,818:error_dist is : [1.0, 0.06, 0.02, 0.02, 0.01, 0.005, 0.005, 0.005, 0.001, 0.001, 0.001, 0.0005]
INFO(135510658508608)2026-02-09 20:25:16,818:deblur worker thread started
INFO(135510658508608)2026-02-09 20:25:16,818:processing per sample fasta files
INFO(135510658508608)2026-02-09 20:25:16,818:--------------------------------------------------------
INFO(135510658508608)2026-02-09 20:25:16,818:launch_workflow for file /tmp/qiime2/luis/data/f7c241a1-8464-48e5-9026-1cf9a6353058/data/C-pos-1_0_L001_R1_001.fastq.gz
INFO(124928876558144)2026-02-09 20:25:16,917:finished processing file
INFO(124928876558144)2026-02-09 20:25:16,918:finished processing per sample fasta files
INFO(124928876558144)2026-02-09 20:25:16,918:worker thread for /tmp/qiime2/luis/data/f7c241a1-8464-48e5-9026-1cf9a6353058/data/PUF-JD-9_37_L001_R1_001.fastq.gz finished
INFO(129172975728448)2026-02-09 20:25:17,110:294 unique sequences left following deblurring
INFO(129172975728448)2026-02-09 20:25:17,113:remove_chimeras_denovo_from_seqs seqs file /tmp/tmpgi6b_2rx/deblur_working_dir/PUF-MBO-9_46_L001_R1_001.fastq.gz.trim.derep.no_artifacts.msa.deblurto working dir /tmp/tmpgi6b_2rx/deblur_working_dir
INFO(129172975728448)2026-02-09 20:25:17,340:finished processing file
INFO(129172975728448)2026-02-09 20:25:17,340:finished processing per sample fasta files
INFO(129172975728448)2026-02-09 20:25:17,341:worker thread for /tmp/qiime2/luis/data/f7c241a1-8464-48e5-9026-1cf9a6353058/data/PUF-MBO-9_46_L001_R1_001.fastq.gz finished
INFO(135510658508608)2026-02-09 20:25:17,703:dereplicate seqs file /tmp/tmpgi6b_2rx/deblur_working_dir/C-pos-1_0_L001_R1_001.fastq.gz.trim
INFO(135510658508608)2026-02-09 20:25:17,715:remove_artifacts_seqs file /tmp/tmpgi6b_2rx/deblur_working_dir/C-pos-1_0_L001_R1_001.fastq.gz.trim.derep
INFO(133583135483712)2026-02-09 20:25:17,741:*************************
INFO(133583135483712)2026-02-09 20:25:17,741:deblurring started
WARNING(133583135483712)2026-02-09 20:25:17,741:deblur version 1.1.1 workflow started on /tmp/qiime2/luis/data/f7c241a1-8464-48e5-9026-1cf9a6353058/data/PUF-IPEX-2_24_L001_R1_001.fastq.gz
WARNING(133583135483712)2026-02-09 20:25:17,741:parameters: {'seqs_fp': '/tmp/qiime2/luis/data/f7c241a1-8464-48e5-9026-1cf9a6353058/data/PUF-IPEX-2_24_L001_R1_001.fastq.gz', 'output_dir': '/tmp/tmpgi6b_2rx', 'pos_ref_fp': ('/tmp/qiime2/luis/data/24c3fd7b-d797-45d8-8c62-edb383bdc88c/data/dna-sequences.fasta',), 'pos_ref_db_fp': ('/tmp/tmpgi6b_2rx/deblur_working_dir/dna-sequences',), 'neg_ref_fp': (), 'neg_ref_db_fp': ('/tmp/tmpgi6b_2rx/deblur_working_dir/artifacts',), 'overwrite': True, 'mean_error': 0.005, 'error_dist': [1.0, 0.06, 0.02, 0.02, 0.01, 0.005, 0.005, 0.005, 0.001, 0.001, 0.001, 0.0005], 'indel_prob': 0.01, 'indel_max': 3, 'trim_length': -1, 'left_trim_length': 0, 'min_reads': 1, 'min_size': 1, 'threads_per_sample': 1, 'keep_tmp_files': True, 'log_level': 2, 'log_file': '/home/luis/Documents/Projects/PUF-PAS_AirDNA/01_QIIME_pt2/01_Deblur/bin/deblur.log', 'jobs_to_start': 1, 'is_worker_thread': True, 'logger': <Logger __main__ (INFO)>}
INFO(133583135483712)2026-02-09 20:25:17,741:error_dist is : [1.0, 0.06, 0.02, 0.02, 0.01, 0.005, 0.005, 0.005, 0.001, 0.001, 0.001, 0.0005]
INFO(133583135483712)2026-02-09 20:25:17,741:deblur worker thread started
INFO(133583135483712)2026-02-09 20:25:17,741:processing per sample fasta files
INFO(133583135483712)2026-02-09 20:25:17,741:--------------------------------------------------------
INFO(133583135483712)2026-02-09 20:25:17,741:launch_workflow for file /tmp/qiime2/luis/data/f7c241a1-8464-48e5-9026-1cf9a6353058/data/PUF-IPEX-2_24_L001_R1_001.fastq.gz
INFO(135510658508608)2026-02-09 20:25:18,077:total sequences 1632, passing sequences 1632, failing sequences 0
INFO(135510658508608)2026-02-09 20:25:18,077:multiple_sequence_alignment seqs file /tmp/tmpgi6b_2rx/deblur_working_dir/C-pos-1_0_L001_R1_001.fastq.gz.trim.derep.no_artifacts
INFO(137996217521984)2026-02-09 20:25:18,169:*************************
INFO(137996217521984)2026-02-09 20:25:18,169:deblurring started
WARNING(137996217521984)2026-02-09 20:25:18,169:deblur version 1.1.1 workflow started on /tmp/qiime2/luis/data/f7c241a1-8464-48e5-9026-1cf9a6353058/data/Negative-PUF_6_L001_R1_001.fastq.gz
WARNING(137996217521984)2026-02-09 20:25:18,169:parameters: {'seqs_fp': '/tmp/qiime2/luis/data/f7c241a1-8464-48e5-9026-1cf9a6353058/data/Negative-PUF_6_L001_R1_001.fastq.gz', 'output_dir': '/tmp/tmpgi6b_2rx', 'pos_ref_fp': ('/tmp/qiime2/luis/data/24c3fd7b-d797-45d8-8c62-edb383bdc88c/data/dna-sequences.fasta',), 'pos_ref_db_fp': ('/tmp/tmpgi6b_2rx/deblur_working_dir/dna-sequences',), 'neg_ref_fp': (), 'neg_ref_db_fp': ('/tmp/tmpgi6b_2rx/deblur_working_dir/artifacts',), 'overwrite': True, 'mean_error': 0.005, 'error_dist': [1.0, 0.06, 0.02, 0.02, 0.01, 0.005, 0.005, 0.005, 0.001, 0.001, 0.001, 0.0005], 'indel_prob': 0.01, 'indel_max': 3, 'trim_length': -1, 'left_trim_length': 0, 'min_reads': 1, 'min_size': 1, 'threads_per_sample': 1, 'keep_tmp_files': True, 'log_level': 2, 'log_file': '/home/luis/Documents/Projects/PUF-PAS_AirDNA/01_QIIME_pt2/01_Deblur/bin/deblur.log', 'jobs_to_start': 1, 'is_worker_thread': True, 'logger': <Logger __main__ (INFO)>}
INFO(137996217521984)2026-02-09 20:25:18,169:error_dist is : [1.0, 0.06, 0.02, 0.02, 0.01, 0.005, 0.005, 0.005, 0.001, 0.001, 0.001, 0.0005]
INFO(137996217521984)2026-02-09 20:25:18,169:deblur worker thread started
INFO(137996217521984)2026-02-09 20:25:18,169:processing per sample fasta files
INFO(137996217521984)2026-02-09 20:25:18,169:--------------------------------------------------------
INFO(137996217521984)2026-02-09 20:25:18,169:launch_workflow for file /tmp/qiime2/luis/data/f7c241a1-8464-48e5-9026-1cf9a6353058/data/Negative-PUF_6_L001_R1_001.fastq.gz
INFO(137996217521984)2026-02-09 20:25:18,176:dereplicate seqs file /tmp/tmpgi6b_2rx/deblur_working_dir/Negative-PUF_6_L001_R1_001.fastq.gz.trim
INFO(137996217521984)2026-02-09 20:25:18,178:remove_artifacts_seqs file /tmp/tmpgi6b_2rx/deblur_working_dir/Negative-PUF_6_L001_R1_001.fastq.gz.trim.derep
INFO(133583135483712)2026-02-09 20:25:18,331:dereplicate seqs file /tmp/tmpgi6b_2rx/deblur_working_dir/PUF-IPEX-2_24_L001_R1_001.fastq.gz.trim
INFO(133583135483712)2026-02-09 20:25:18,340:remove_artifacts_seqs file /tmp/tmpgi6b_2rx/deblur_working_dir/PUF-IPEX-2_24_L001_R1_001.fastq.gz.trim.derep
INFO(137996217521984)2026-02-09 20:25:18,482:total sequences 10, passing sequences 10, failing sequences 0
INFO(137996217521984)2026-02-09 20:25:18,482:multiple_sequence_alignment seqs file /tmp/tmpgi6b_2rx/deblur_working_dir/Negative-PUF_6_L001_R1_001.fastq.gz.trim.derep.no_artifacts
INFO(137996217521984)2026-02-09 20:25:18,669:deblurring 10 sequences
INFO(137996217521984)2026-02-09 20:25:18,669:2 unique sequences left following deblurring
INFO(137996217521984)2026-02-09 20:25:18,669:remove_chimeras_denovo_from_seqs seqs file /tmp/tmpgi6b_2rx/deblur_working_dir/Negative-PUF_6_L001_R1_001.fastq.gz.trim.derep.no_artifacts.msa.deblurto working dir /tmp/tmpgi6b_2rx/deblur_working_dir
INFO(137996217521984)2026-02-09 20:25:18,678:finished processing file
INFO(137996217521984)2026-02-09 20:25:18,678:finished processing per sample fasta files
INFO(137996217521984)2026-02-09 20:25:18,678:worker thread for /tmp/qiime2/luis/data/f7c241a1-8464-48e5-9026-1cf9a6353058/data/Negative-PUF_6_L001_R1_001.fastq.gz finished
INFO(133583135483712)2026-02-09 20:25:18,701:total sequences 1930, passing sequences 1930, failing sequences 0
INFO(133583135483712)2026-02-09 20:25:18,701:multiple_sequence_alignment seqs file /tmp/tmpgi6b_2rx/deblur_working_dir/PUF-IPEX-2_24_L001_R1_001.fastq.gz.trim.derep.no_artifacts
INFO(129626204841792)2026-02-09 20:25:19,472:*************************
INFO(129626204841792)2026-02-09 20:25:19,472:deblurring started
WARNING(129626204841792)2026-02-09 20:25:19,472:deblur version 1.1.1 workflow started on /tmp/qiime2/luis/data/f7c241a1-8464-48e5-9026-1cf9a6353058/data/PUF-JD-8_36_L001_R1_001.fastq.gz
WARNING(129626204841792)2026-02-09 20:25:19,472:parameters: {'seqs_fp': '/tmp/qiime2/luis/data/f7c241a1-8464-48e5-9026-1cf9a6353058/data/PUF-JD-8_36_L001_R1_001.fastq.gz', 'output_dir': '/tmp/tmpgi6b_2rx', 'pos_ref_fp': ('/tmp/qiime2/luis/data/24c3fd7b-d797-45d8-8c62-edb383bdc88c/data/dna-sequences.fasta',), 'pos_ref_db_fp': ('/tmp/tmpgi6b_2rx/deblur_working_dir/dna-sequences',), 'neg_ref_fp': (), 'neg_ref_db_fp': ('/tmp/tmpgi6b_2rx/deblur_working_dir/artifacts',), 'overwrite': True, 'mean_error': 0.005, 'error_dist': [1.0, 0.06, 0.02, 0.02, 0.01, 0.005, 0.005, 0.005, 0.001, 0.001, 0.001, 0.0005], 'indel_prob': 0.01, 'indel_max': 3, 'trim_length': -1, 'left_trim_length': 0, 'min_reads': 1, 'min_size': 1, 'threads_per_sample': 1, 'keep_tmp_files': True, 'log_level': 2, 'log_file': '/home/luis/Documents/Projects/PUF-PAS_AirDNA/01_QIIME_pt2/01_Deblur/bin/deblur.log', 'jobs_to_start': 1, 'is_worker_thread': True, 'logger': <Logger __main__ (INFO)>}
INFO(129626204841792)2026-02-09 20:25:19,472:error_dist is : [1.0, 0.06, 0.02, 0.02, 0.01, 0.005, 0.005, 0.005, 0.001, 0.001, 0.001, 0.0005]
INFO(129626204841792)2026-02-09 20:25:19,472:deblur worker thread started
INFO(129626204841792)2026-02-09 20:25:19,472:processing per sample fasta files
INFO(129626204841792)2026-02-09 20:25:19,472:--------------------------------------------------------
INFO(129626204841792)2026-02-09 20:25:19,472:launch_workflow for file /tmp/qiime2/luis/data/f7c241a1-8464-48e5-9026-1cf9a6353058/data/PUF-JD-8_36_L001_R1_001.fastq.gz
INFO(129626204841792)2026-02-09 20:25:20,175:dereplicate seqs file /tmp/tmpgi6b_2rx/deblur_working_dir/PUF-JD-8_36_L001_R1_001.fastq.gz.trim
INFO(129626204841792)2026-02-09 20:25:20,185:remove_artifacts_seqs file /tmp/tmpgi6b_2rx/deblur_working_dir/PUF-JD-8_36_L001_R1_001.fastq.gz.trim.derep
INFO(129626204841792)2026-02-09 20:25:20,517:total sequences 1092, passing sequences 1092, failing sequences 0
INFO(129626204841792)2026-02-09 20:25:20,517:multiple_sequence_alignment seqs file /tmp/tmpgi6b_2rx/deblur_working_dir/PUF-JD-8_36_L001_R1_001.fastq.gz.trim.derep.no_artifacts
INFO(129366913566528)2026-02-09 20:25:20,761:deblurring 1984 sequences
INFO(129366913566528)2026-02-09 20:25:21,406:308 unique sequences left following deblurring
INFO(129366913566528)2026-02-09 20:25:21,407:remove_chimeras_denovo_from_seqs seqs file /tmp/tmpgi6b_2rx/deblur_working_dir/PUF-BOT-9_14_L001_R1_001.fastq.gz.trim.derep.no_artifacts.msa.deblurto working dir /tmp/tmpgi6b_2rx/deblur_working_dir
INFO(129366913566528)2026-02-09 20:25:21,613:finished processing file
INFO(129366913566528)2026-02-09 20:25:21,613:finished processing per sample fasta files
INFO(129366913566528)2026-02-09 20:25:21,613:worker thread for /tmp/qiime2/luis/data/f7c241a1-8464-48e5-9026-1cf9a6353058/data/PUF-BOT-9_14_L001_R1_001.fastq.gz finished
INFO(138577983014720)2026-02-09 20:25:22,333:deblurring 2878 sequences
INFO(136933671032640)2026-02-09 20:25:22,400:*************************
INFO(136933671032640)2026-02-09 20:25:22,400:deblurring started
WARNING(136933671032640)2026-02-09 20:25:22,400:deblur version 1.1.1 workflow started on /tmp/qiime2/luis/data/f7c241a1-8464-48e5-9026-1cf9a6353058/data/PUF-JD-5_33_L001_R1_001.fastq.gz
WARNING(136933671032640)2026-02-09 20:25:22,400:parameters: {'seqs_fp': '/tmp/qiime2/luis/data/f7c241a1-8464-48e5-9026-1cf9a6353058/data/PUF-JD-5_33_L001_R1_001.fastq.gz', 'output_dir': '/tmp/tmpgi6b_2rx', 'pos_ref_fp': ('/tmp/qiime2/luis/data/24c3fd7b-d797-45d8-8c62-edb383bdc88c/data/dna-sequences.fasta',), 'pos_ref_db_fp': ('/tmp/tmpgi6b_2rx/deblur_working_dir/dna-sequences',), 'neg_ref_fp': (), 'neg_ref_db_fp': ('/tmp/tmpgi6b_2rx/deblur_working_dir/artifacts',), 'overwrite': True, 'mean_error': 0.005, 'error_dist': [1.0, 0.06, 0.02, 0.02, 0.01, 0.005, 0.005, 0.005, 0.001, 0.001, 0.001, 0.0005], 'indel_prob': 0.01, 'indel_max': 3, 'trim_length': -1, 'left_trim_length': 0, 'min_reads': 1, 'min_size': 1, 'threads_per_sample': 1, 'keep_tmp_files': True, 'log_level': 2, 'log_file': '/home/luis/Documents/Projects/PUF-PAS_AirDNA/01_QIIME_pt2/01_Deblur/bin/deblur.log', 'jobs_to_start': 1, 'is_worker_thread': True, 'logger': <Logger __main__ (INFO)>}
INFO(136933671032640)2026-02-09 20:25:22,400:error_dist is : [1.0, 0.06, 0.02, 0.02, 0.01, 0.005, 0.005, 0.005, 0.001, 0.001, 0.001, 0.0005]
INFO(136933671032640)2026-02-09 20:25:22,400:deblur worker thread started
INFO(136933671032640)2026-02-09 20:25:22,400:processing per sample fasta files
INFO(136933671032640)2026-02-09 20:25:22,400:--------------------------------------------------------
INFO(136933671032640)2026-02-09 20:25:22,400:launch_workflow for file /tmp/qiime2/luis/data/f7c241a1-8464-48e5-9026-1cf9a6353058/data/PUF-JD-5_33_L001_R1_001.fastq.gz
INFO(135510658508608)2026-02-09 20:25:22,623:deblurring 1632 sequences
INFO(135510658508608)2026-02-09 20:25:22,747:62 unique sequences left following deblurring
INFO(135510658508608)2026-02-09 20:25:22,748:remove_chimeras_denovo_from_seqs seqs file /tmp/tmpgi6b_2rx/deblur_working_dir/C-pos-1_0_L001_R1_001.fastq.gz.trim.derep.no_artifacts.msa.deblurto working dir /tmp/tmpgi6b_2rx/deblur_working_dir
INFO(135510658508608)2026-02-09 20:25:22,783:finished processing file
INFO(135510658508608)2026-02-09 20:25:22,783:finished processing per sample fasta files
INFO(135510658508608)2026-02-09 20:25:22,783:worker thread for /tmp/qiime2/luis/data/f7c241a1-8464-48e5-9026-1cf9a6353058/data/C-pos-1_0_L001_R1_001.fastq.gz finished
INFO(129626204841792)2026-02-09 20:25:23,104:deblurring 1092 sequences
INFO(136933671032640)2026-02-09 20:25:23,168:dereplicate seqs file /tmp/tmpgi6b_2rx/deblur_working_dir/PUF-JD-5_33_L001_R1_001.fastq.gz.trim
INFO(136933671032640)2026-02-09 20:25:23,179:remove_artifacts_seqs file /tmp/tmpgi6b_2rx/deblur_working_dir/PUF-JD-5_33_L001_R1_001.fastq.gz.trim.derep
INFO(129626204841792)2026-02-09 20:25:23,302:182 unique sequences left following deblurring
INFO(129626204841792)2026-02-09 20:25:23,302:remove_chimeras_denovo_from_seqs seqs file /tmp/tmpgi6b_2rx/deblur_working_dir/PUF-JD-8_36_L001_R1_001.fastq.gz.trim.derep.no_artifacts.msa.deblurto working dir /tmp/tmpgi6b_2rx/deblur_working_dir
INFO(129626204841792)2026-02-09 20:25:23,419:finished processing file
INFO(129626204841792)2026-02-09 20:25:23,419:finished processing per sample fasta files
INFO(129626204841792)2026-02-09 20:25:23,419:worker thread for /tmp/qiime2/luis/data/f7c241a1-8464-48e5-9026-1cf9a6353058/data/PUF-JD-8_36_L001_R1_001.fastq.gz finished
INFO(129946729346880)2026-02-09 20:25:23,549:*************************
INFO(129946729346880)2026-02-09 20:25:23,549:deblurring started
WARNING(129946729346880)2026-02-09 20:25:23,550:deblur version 1.1.1 workflow started on /tmp/qiime2/luis/data/f7c241a1-8464-48e5-9026-1cf9a6353058/data/PUF-BOT-6_11_L001_R1_001.fastq.gz
WARNING(129946729346880)2026-02-09 20:25:23,550:parameters: {'seqs_fp': '/tmp/qiime2/luis/data/f7c241a1-8464-48e5-9026-1cf9a6353058/data/PUF-BOT-6_11_L001_R1_001.fastq.gz', 'output_dir': '/tmp/tmpgi6b_2rx', 'pos_ref_fp': ('/tmp/qiime2/luis/data/24c3fd7b-d797-45d8-8c62-edb383bdc88c/data/dna-sequences.fasta',), 'pos_ref_db_fp': ('/tmp/tmpgi6b_2rx/deblur_working_dir/dna-sequences',), 'neg_ref_fp': (), 'neg_ref_db_fp': ('/tmp/tmpgi6b_2rx/deblur_working_dir/artifacts',), 'overwrite': True, 'mean_error': 0.005, 'error_dist': [1.0, 0.06, 0.02, 0.02, 0.01, 0.005, 0.005, 0.005, 0.001, 0.001, 0.001, 0.0005], 'indel_prob': 0.01, 'indel_max': 3, 'trim_length': -1, 'left_trim_length': 0, 'min_reads': 1, 'min_size': 1, 'threads_per_sample': 1, 'keep_tmp_files': True, 'log_level': 2, 'log_file': '/home/luis/Documents/Projects/PUF-PAS_AirDNA/01_QIIME_pt2/01_Deblur/bin/deblur.log', 'jobs_to_start': 1, 'is_worker_thread': True, 'logger': <Logger __main__ (INFO)>}
INFO(129946729346880)2026-02-09 20:25:23,550:error_dist is : [1.0, 0.06, 0.02, 0.02, 0.01, 0.005, 0.005, 0.005, 0.001, 0.001, 0.001, 0.0005]
INFO(129946729346880)2026-02-09 20:25:23,550:deblur worker thread started
INFO(129946729346880)2026-02-09 20:25:23,550:processing per sample fasta files
INFO(129946729346880)2026-02-09 20:25:23,550:--------------------------------------------------------
INFO(129946729346880)2026-02-09 20:25:23,550:launch_workflow for file /tmp/qiime2/luis/data/f7c241a1-8464-48e5-9026-1cf9a6353058/data/PUF-BOT-6_11_L001_R1_001.fastq.gz
INFO(136933671032640)2026-02-09 20:25:23,566:total sequences 2136, passing sequences 2136, failing sequences 0
INFO(136933671032640)2026-02-09 20:25:23,566:multiple_sequence_alignment seqs file /tmp/tmpgi6b_2rx/deblur_working_dir/PUF-JD-5_33_L001_R1_001.fastq.gz.trim.derep.no_artifacts
INFO(138577983014720)2026-02-09 20:25:23,600:394 unique sequences left following deblurring
INFO(138577983014720)2026-02-09 20:25:23,602:remove_chimeras_denovo_from_seqs seqs file /tmp/tmpgi6b_2rx/deblur_working_dir/PUF-JD-6_34_L001_R1_001.fastq.gz.trim.derep.no_artifacts.msa.deblurto working dir /tmp/tmpgi6b_2rx/deblur_working_dir
INFO(138577983014720)2026-02-09 20:25:23,916:finished processing file
INFO(138577983014720)2026-02-09 20:25:23,917:finished processing per sample fasta files
INFO(138577983014720)2026-02-09 20:25:23,917:worker thread for /tmp/qiime2/luis/data/f7c241a1-8464-48e5-9026-1cf9a6353058/data/PUF-JD-6_34_L001_R1_001.fastq.gz finished
INFO(134205274367808)2026-02-09 20:25:24,254:*************************
INFO(134205274367808)2026-02-09 20:25:24,255:deblurring started
WARNING(134205274367808)2026-02-09 20:25:24,255:deblur version 1.1.1 workflow started on /tmp/qiime2/luis/data/f7c241a1-8464-48e5-9026-1cf9a6353058/data/C-pos-2_1_L001_R1_001.fastq.gz
WARNING(134205274367808)2026-02-09 20:25:24,255:parameters: {'seqs_fp': '/tmp/qiime2/luis/data/f7c241a1-8464-48e5-9026-1cf9a6353058/data/C-pos-2_1_L001_R1_001.fastq.gz', 'output_dir': '/tmp/tmpgi6b_2rx', 'pos_ref_fp': ('/tmp/qiime2/luis/data/24c3fd7b-d797-45d8-8c62-edb383bdc88c/data/dna-sequences.fasta',), 'pos_ref_db_fp': ('/tmp/tmpgi6b_2rx/deblur_working_dir/dna-sequences',), 'neg_ref_fp': (), 'neg_ref_db_fp': ('/tmp/tmpgi6b_2rx/deblur_working_dir/artifacts',), 'overwrite': True, 'mean_error': 0.005, 'error_dist': [1.0, 0.06, 0.02, 0.02, 0.01, 0.005, 0.005, 0.005, 0.001, 0.001, 0.001, 0.0005], 'indel_prob': 0.01, 'indel_max': 3, 'trim_length': -1, 'left_trim_length': 0, 'min_reads': 1, 'min_size': 1, 'threads_per_sample': 1, 'keep_tmp_files': True, 'log_level': 2, 'log_file': '/home/luis/Documents/Projects/PUF-PAS_AirDNA/01_QIIME_pt2/01_Deblur/bin/deblur.log', 'jobs_to_start': 1, 'is_worker_thread': True, 'logger': <Logger __main__ (INFO)>}
INFO(134205274367808)2026-02-09 20:25:24,255:error_dist is : [1.0, 0.06, 0.02, 0.02, 0.01, 0.005, 0.005, 0.005, 0.001, 0.001, 0.001, 0.0005]
INFO(134205274367808)2026-02-09 20:25:24,255:deblur worker thread started
INFO(134205274367808)2026-02-09 20:25:24,255:processing per sample fasta files
INFO(134205274367808)2026-02-09 20:25:24,255:--------------------------------------------------------
INFO(134205274367808)2026-02-09 20:25:24,255:launch_workflow for file /tmp/qiime2/luis/data/f7c241a1-8464-48e5-9026-1cf9a6353058/data/C-pos-2_1_L001_R1_001.fastq.gz
INFO(133583135483712)2026-02-09 20:25:24,666:deblurring 1930 sequences
INFO(138204316559168)2026-02-09 20:25:24,733:*************************
INFO(138204316559168)2026-02-09 20:25:24,733:deblurring started
WARNING(138204316559168)2026-02-09 20:25:24,733:deblur version 1.1.1 workflow started on /tmp/qiime2/luis/data/f7c241a1-8464-48e5-9026-1cf9a6353058/data/Mont-Tremblant_5_L001_R1_001.fastq.gz
WARNING(138204316559168)2026-02-09 20:25:24,733:parameters: {'seqs_fp': '/tmp/qiime2/luis/data/f7c241a1-8464-48e5-9026-1cf9a6353058/data/Mont-Tremblant_5_L001_R1_001.fastq.gz', 'output_dir': '/tmp/tmpgi6b_2rx', 'pos_ref_fp': ('/tmp/qiime2/luis/data/24c3fd7b-d797-45d8-8c62-edb383bdc88c/data/dna-sequences.fasta',), 'pos_ref_db_fp': ('/tmp/tmpgi6b_2rx/deblur_working_dir/dna-sequences',), 'neg_ref_fp': (), 'neg_ref_db_fp': ('/tmp/tmpgi6b_2rx/deblur_working_dir/artifacts',), 'overwrite': True, 'mean_error': 0.005, 'error_dist': [1.0, 0.06, 0.02, 0.02, 0.01, 0.005, 0.005, 0.005, 0.001, 0.001, 0.001, 0.0005], 'indel_prob': 0.01, 'indel_max': 3, 'trim_length': -1, 'left_trim_length': 0, 'min_reads': 1, 'min_size': 1, 'threads_per_sample': 1, 'keep_tmp_files': True, 'log_level': 2, 'log_file': '/home/luis/Documents/Projects/PUF-PAS_AirDNA/01_QIIME_pt2/01_Deblur/bin/deblur.log', 'jobs_to_start': 1, 'is_worker_thread': True, 'logger': <Logger __main__ (INFO)>}
INFO(138204316559168)2026-02-09 20:25:24,733:error_dist is : [1.0, 0.06, 0.02, 0.02, 0.01, 0.005, 0.005, 0.005, 0.001, 0.001, 0.001, 0.0005]
INFO(138204316559168)2026-02-09 20:25:24,733:deblur worker thread started
INFO(138204316559168)2026-02-09 20:25:24,733:processing per sample fasta files
INFO(138204316559168)2026-02-09 20:25:24,733:--------------------------------------------------------
INFO(138204316559168)2026-02-09 20:25:24,733:launch_workflow for file /tmp/qiime2/luis/data/f7c241a1-8464-48e5-9026-1cf9a6353058/data/Mont-Tremblant_5_L001_R1_001.fastq.gz
INFO(138204316559168)2026-02-09 20:25:24,970:dereplicate seqs file /tmp/tmpgi6b_2rx/deblur_working_dir/Mont-Tremblant_5_L001_R1_001.fastq.gz.trim
INFO(138204316559168)2026-02-09 20:25:24,975:remove_artifacts_seqs file /tmp/tmpgi6b_2rx/deblur_working_dir/Mont-Tremblant_5_L001_R1_001.fastq.gz.trim.derep
INFO(138204316559168)2026-02-09 20:25:25,289:total sequences 700, passing sequences 700, failing sequences 0
INFO(138204316559168)2026-02-09 20:25:25,289:multiple_sequence_alignment seqs file /tmp/tmpgi6b_2rx/deblur_working_dir/Mont-Tremblant_5_L001_R1_001.fastq.gz.trim.derep.no_artifacts
INFO(133583135483712)2026-02-09 20:25:25,403:362 unique sequences left following deblurring
INFO(133583135483712)2026-02-09 20:25:25,405:remove_chimeras_denovo_from_seqs seqs file /tmp/tmpgi6b_2rx/deblur_working_dir/PUF-IPEX-2_24_L001_R1_001.fastq.gz.trim.derep.no_artifacts.msa.deblurto working dir /tmp/tmpgi6b_2rx/deblur_working_dir
INFO(129946729346880)2026-02-09 20:25:25,572:dereplicate seqs file /tmp/tmpgi6b_2rx/deblur_working_dir/PUF-BOT-6_11_L001_R1_001.fastq.gz.trim
INFO(129946729346880)2026-02-09 20:25:25,595:remove_artifacts_seqs file /tmp/tmpgi6b_2rx/deblur_working_dir/PUF-BOT-6_11_L001_R1_001.fastq.gz.trim.derep
INFO(133583135483712)2026-02-09 20:25:25,659:finished processing file
INFO(133583135483712)2026-02-09 20:25:25,660:finished processing per sample fasta files
INFO(133583135483712)2026-02-09 20:25:25,660:worker thread for /tmp/qiime2/luis/data/f7c241a1-8464-48e5-9026-1cf9a6353058/data/PUF-IPEX-2_24_L001_R1_001.fastq.gz finished
INFO(129946729346880)2026-02-09 20:25:26,002:total sequences 2621, passing sequences 2621, failing sequences 0
INFO(129946729346880)2026-02-09 20:25:26,002:multiple_sequence_alignment seqs file /tmp/tmpgi6b_2rx/deblur_working_dir/PUF-BOT-6_11_L001_R1_001.fastq.gz.trim.derep.no_artifacts
INFO(134205274367808)2026-02-09 20:25:26,101:dereplicate seqs file /tmp/tmpgi6b_2rx/deblur_working_dir/C-pos-2_1_L001_R1_001.fastq.gz.trim
INFO(134205274367808)2026-02-09 20:25:26,123:remove_artifacts_seqs file /tmp/tmpgi6b_2rx/deblur_working_dir/C-pos-2_1_L001_R1_001.fastq.gz.trim.derep
INFO(125568810932032)2026-02-09 20:25:26,452:*************************
INFO(125568810932032)2026-02-09 20:25:26,452:deblurring started
WARNING(125568810932032)2026-02-09 20:25:26,452:deblur version 1.1.1 workflow started on /tmp/qiime2/luis/data/f7c241a1-8464-48e5-9026-1cf9a6353058/data/PUF-MBO-8_45_L001_R1_001.fastq.gz
WARNING(125568810932032)2026-02-09 20:25:26,452:parameters: {'seqs_fp': '/tmp/qiime2/luis/data/f7c241a1-8464-48e5-9026-1cf9a6353058/data/PUF-MBO-8_45_L001_R1_001.fastq.gz', 'output_dir': '/tmp/tmpgi6b_2rx', 'pos_ref_fp': ('/tmp/qiime2/luis/data/24c3fd7b-d797-45d8-8c62-edb383bdc88c/data/dna-sequences.fasta',), 'pos_ref_db_fp': ('/tmp/tmpgi6b_2rx/deblur_working_dir/dna-sequences',), 'neg_ref_fp': (), 'neg_ref_db_fp': ('/tmp/tmpgi6b_2rx/deblur_working_dir/artifacts',), 'overwrite': True, 'mean_error': 0.005, 'error_dist': [1.0, 0.06, 0.02, 0.02, 0.01, 0.005, 0.005, 0.005, 0.001, 0.001, 0.001, 0.0005], 'indel_prob': 0.01, 'indel_max': 3, 'trim_length': -1, 'left_trim_length': 0, 'min_reads': 1, 'min_size': 1, 'threads_per_sample': 1, 'keep_tmp_files': True, 'log_level': 2, 'log_file': '/home/luis/Documents/Projects/PUF-PAS_AirDNA/01_QIIME_pt2/01_Deblur/bin/deblur.log', 'jobs_to_start': 1, 'is_worker_thread': True, 'logger': <Logger __main__ (INFO)>}
INFO(125568810932032)2026-02-09 20:25:26,452:error_dist is : [1.0, 0.06, 0.02, 0.02, 0.01, 0.005, 0.005, 0.005, 0.001, 0.001, 0.001, 0.0005]
INFO(125568810932032)2026-02-09 20:25:26,452:deblur worker thread started
INFO(125568810932032)2026-02-09 20:25:26,452:processing per sample fasta files
INFO(125568810932032)2026-02-09 20:25:26,452:--------------------------------------------------------
INFO(125568810932032)2026-02-09 20:25:26,452:launch_workflow for file /tmp/qiime2/luis/data/f7c241a1-8464-48e5-9026-1cf9a6353058/data/PUF-MBO-8_45_L001_R1_001.fastq.gz
INFO(134205274367808)2026-02-09 20:25:26,501:total sequences 2565, passing sequences 2565, failing sequences 0
INFO(134205274367808)2026-02-09 20:25:26,501:multiple_sequence_alignment seqs file /tmp/tmpgi6b_2rx/deblur_working_dir/C-pos-2_1_L001_R1_001.fastq.gz.trim.derep.no_artifacts
INFO(138204316559168)2026-02-09 20:25:26,819:deblurring 700 sequences
INFO(138204316559168)2026-02-09 20:25:26,886:85 unique sequences left following deblurring
INFO(138204316559168)2026-02-09 20:25:26,887:remove_chimeras_denovo_from_seqs seqs file /tmp/tmpgi6b_2rx/deblur_working_dir/Mont-Tremblant_5_L001_R1_001.fastq.gz.trim.derep.no_artifacts.msa.deblurto working dir /tmp/tmpgi6b_2rx/deblur_working_dir
INFO(138204316559168)2026-02-09 20:25:26,944:finished processing file
INFO(138204316559168)2026-02-09 20:25:26,944:finished processing per sample fasta files
INFO(138204316559168)2026-02-09 20:25:26,944:worker thread for /tmp/qiime2/luis/data/f7c241a1-8464-48e5-9026-1cf9a6353058/data/Mont-Tremblant_5_L001_R1_001.fastq.gz finished
INFO(130466244536128)2026-02-09 20:25:27,754:*************************
INFO(130466244536128)2026-02-09 20:25:27,754:deblurring started
WARNING(130466244536128)2026-02-09 20:25:27,754:deblur version 1.1.1 workflow started on /tmp/qiime2/luis/data/f7c241a1-8464-48e5-9026-1cf9a6353058/data/PUF-MBO-5_42_L001_R1_001.fastq.gz
WARNING(130466244536128)2026-02-09 20:25:27,754:parameters: {'seqs_fp': '/tmp/qiime2/luis/data/f7c241a1-8464-48e5-9026-1cf9a6353058/data/PUF-MBO-5_42_L001_R1_001.fastq.gz', 'output_dir': '/tmp/tmpgi6b_2rx', 'pos_ref_fp': ('/tmp/qiime2/luis/data/24c3fd7b-d797-45d8-8c62-edb383bdc88c/data/dna-sequences.fasta',), 'pos_ref_db_fp': ('/tmp/tmpgi6b_2rx/deblur_working_dir/dna-sequences',), 'neg_ref_fp': (), 'neg_ref_db_fp': ('/tmp/tmpgi6b_2rx/deblur_working_dir/artifacts',), 'overwrite': True, 'mean_error': 0.005, 'error_dist': [1.0, 0.06, 0.02, 0.02, 0.01, 0.005, 0.005, 0.005, 0.001, 0.001, 0.001, 0.0005], 'indel_prob': 0.01, 'indel_max': 3, 'trim_length': -1, 'left_trim_length': 0, 'min_reads': 1, 'min_size': 1, 'threads_per_sample': 1, 'keep_tmp_files': True, 'log_level': 2, 'log_file': '/home/luis/Documents/Projects/PUF-PAS_AirDNA/01_QIIME_pt2/01_Deblur/bin/deblur.log', 'jobs_to_start': 1, 'is_worker_thread': True, 'logger': <Logger __main__ (INFO)>}
INFO(130466244536128)2026-02-09 20:25:27,754:error_dist is : [1.0, 0.06, 0.02, 0.02, 0.01, 0.005, 0.005, 0.005, 0.001, 0.001, 0.001, 0.0005]
INFO(130466244536128)2026-02-09 20:25:27,754:deblur worker thread started
INFO(130466244536128)2026-02-09 20:25:27,754:processing per sample fasta files
INFO(130466244536128)2026-02-09 20:25:27,754:--------------------------------------------------------
INFO(130466244536128)2026-02-09 20:25:27,754:launch_workflow for file /tmp/qiime2/luis/data/f7c241a1-8464-48e5-9026-1cf9a6353058/data/PUF-MBO-5_42_L001_R1_001.fastq.gz
INFO(125568810932032)2026-02-09 20:25:28,166:dereplicate seqs file /tmp/tmpgi6b_2rx/deblur_working_dir/PUF-MBO-8_45_L001_R1_001.fastq.gz.trim
INFO(125568810932032)2026-02-09 20:25:28,189:remove_artifacts_seqs file /tmp/tmpgi6b_2rx/deblur_working_dir/PUF-MBO-8_45_L001_R1_001.fastq.gz.trim.derep
INFO(125568810932032)2026-02-09 20:25:28,611:total sequences 4514, passing sequences 4514, failing sequences 0
INFO(125568810932032)2026-02-09 20:25:28,611:multiple_sequence_alignment seqs file /tmp/tmpgi6b_2rx/deblur_working_dir/PUF-MBO-8_45_L001_R1_001.fastq.gz.trim.derep.no_artifacts
INFO(130466244536128)2026-02-09 20:25:29,361:dereplicate seqs file /tmp/tmpgi6b_2rx/deblur_working_dir/PUF-MBO-5_42_L001_R1_001.fastq.gz.trim
INFO(130466244536128)2026-02-09 20:25:29,383:remove_artifacts_seqs file /tmp/tmpgi6b_2rx/deblur_working_dir/PUF-MBO-5_42_L001_R1_001.fastq.gz.trim.derep
INFO(130466244536128)2026-02-09 20:25:29,773:total sequences 2722, passing sequences 2722, failing sequences 0
INFO(130466244536128)2026-02-09 20:25:29,773:multiple_sequence_alignment seqs file /tmp/tmpgi6b_2rx/deblur_working_dir/PUF-MBO-5_42_L001_R1_001.fastq.gz.trim.derep.no_artifacts
INFO(136933671032640)2026-02-09 20:25:30,530:deblurring 2136 sequences
INFO(136933671032640)2026-02-09 20:25:31,087:225 unique sequences left following deblurring
INFO(136933671032640)2026-02-09 20:25:31,089:remove_chimeras_denovo_from_seqs seqs file /tmp/tmpgi6b_2rx/deblur_working_dir/PUF-JD-5_33_L001_R1_001.fastq.gz.trim.derep.no_artifacts.msa.deblurto working dir /tmp/tmpgi6b_2rx/deblur_working_dir
INFO(136933671032640)2026-02-09 20:25:31,241:finished processing file
INFO(136933671032640)2026-02-09 20:25:31,241:finished processing per sample fasta files
INFO(136933671032640)2026-02-09 20:25:31,241:worker thread for /tmp/qiime2/luis/data/f7c241a1-8464-48e5-9026-1cf9a6353058/data/PUF-JD-5_33_L001_R1_001.fastq.gz finished
INFO(136921892251456)2026-02-09 20:25:32,071:*************************
INFO(136921892251456)2026-02-09 20:25:32,071:deblurring started
WARNING(136921892251456)2026-02-09 20:25:32,072:deblur version 1.1.1 workflow started on /tmp/qiime2/luis/data/f7c241a1-8464-48e5-9026-1cf9a6353058/data/PUF-BOT-8_13_L001_R1_001.fastq.gz
WARNING(136921892251456)2026-02-09 20:25:32,072:parameters: {'seqs_fp': '/tmp/qiime2/luis/data/f7c241a1-8464-48e5-9026-1cf9a6353058/data/PUF-BOT-8_13_L001_R1_001.fastq.gz', 'output_dir': '/tmp/tmpgi6b_2rx', 'pos_ref_fp': ('/tmp/qiime2/luis/data/24c3fd7b-d797-45d8-8c62-edb383bdc88c/data/dna-sequences.fasta',), 'pos_ref_db_fp': ('/tmp/tmpgi6b_2rx/deblur_working_dir/dna-sequences',), 'neg_ref_fp': (), 'neg_ref_db_fp': ('/tmp/tmpgi6b_2rx/deblur_working_dir/artifacts',), 'overwrite': True, 'mean_error': 0.005, 'error_dist': [1.0, 0.06, 0.02, 0.02, 0.01, 0.005, 0.005, 0.005, 0.001, 0.001, 0.001, 0.0005], 'indel_prob': 0.01, 'indel_max': 3, 'trim_length': -1, 'left_trim_length': 0, 'min_reads': 1, 'min_size': 1, 'threads_per_sample': 1, 'keep_tmp_files': True, 'log_level': 2, 'log_file': '/home/luis/Documents/Projects/PUF-PAS_AirDNA/01_QIIME_pt2/01_Deblur/bin/deblur.log', 'jobs_to_start': 1, 'is_worker_thread': True, 'logger': <Logger __main__ (INFO)>}
INFO(136921892251456)2026-02-09 20:25:32,072:error_dist is : [1.0, 0.06, 0.02, 0.02, 0.01, 0.005, 0.005, 0.005, 0.001, 0.001, 0.001, 0.0005]
INFO(136921892251456)2026-02-09 20:25:32,072:deblur worker thread started
INFO(136921892251456)2026-02-09 20:25:32,072:processing per sample fasta files
INFO(136921892251456)2026-02-09 20:25:32,072:--------------------------------------------------------
INFO(136921892251456)2026-02-09 20:25:32,072:launch_workflow for file /tmp/qiime2/luis/data/f7c241a1-8464-48e5-9026-1cf9a6353058/data/PUF-BOT-8_13_L001_R1_001.fastq.gz
INFO(136921892251456)2026-02-09 20:25:32,740:dereplicate seqs file /tmp/tmpgi6b_2rx/deblur_working_dir/PUF-BOT-8_13_L001_R1_001.fastq.gz.trim
INFO(136921892251456)2026-02-09 20:25:32,751:remove_artifacts_seqs file /tmp/tmpgi6b_2rx/deblur_working_dir/PUF-BOT-8_13_L001_R1_001.fastq.gz.trim.derep
INFO(136921892251456)2026-02-09 20:25:33,120:total sequences 2018, passing sequences 2018, failing sequences 0
INFO(136921892251456)2026-02-09 20:25:33,120:multiple_sequence_alignment seqs file /tmp/tmpgi6b_2rx/deblur_working_dir/PUF-BOT-8_13_L001_R1_001.fastq.gz.trim.derep.no_artifacts
INFO(134205274367808)2026-02-09 20:25:35,048:deblurring 2565 sequences
INFO(129946729346880)2026-02-09 20:25:35,198:deblurring 2621 sequences
INFO(134205274367808)2026-02-09 20:25:35,269:72 unique sequences left following deblurring
INFO(134205274367808)2026-02-09 20:25:35,270:remove_chimeras_denovo_from_seqs seqs file /tmp/tmpgi6b_2rx/deblur_working_dir/C-pos-2_1_L001_R1_001.fastq.gz.trim.derep.no_artifacts.msa.deblurto working dir /tmp/tmpgi6b_2rx/deblur_working_dir
INFO(134205274367808)2026-02-09 20:25:35,315:finished processing file
INFO(134205274367808)2026-02-09 20:25:35,315:finished processing per sample fasta files
INFO(134205274367808)2026-02-09 20:25:35,315:worker thread for /tmp/qiime2/luis/data/f7c241a1-8464-48e5-9026-1cf9a6353058/data/C-pos-2_1_L001_R1_001.fastq.gz finished
INFO(129946729346880)2026-02-09 20:25:36,129:316 unique sequences left following deblurring
INFO(129946729346880)2026-02-09 20:25:36,131:remove_chimeras_denovo_from_seqs seqs file /tmp/tmpgi6b_2rx/deblur_working_dir/PUF-BOT-6_11_L001_R1_001.fastq.gz.trim.derep.no_artifacts.msa.deblurto working dir /tmp/tmpgi6b_2rx/deblur_working_dir
INFO(132000929769280)2026-02-09 20:25:36,142:*************************
INFO(132000929769280)2026-02-09 20:25:36,142:deblurring started
WARNING(132000929769280)2026-02-09 20:25:36,142:deblur version 1.1.1 workflow started on /tmp/qiime2/luis/data/f7c241a1-8464-48e5-9026-1cf9a6353058/data/PUF-BOU-2_16_L001_R1_001.fastq.gz
WARNING(132000929769280)2026-02-09 20:25:36,142:parameters: {'seqs_fp': '/tmp/qiime2/luis/data/f7c241a1-8464-48e5-9026-1cf9a6353058/data/PUF-BOU-2_16_L001_R1_001.fastq.gz', 'output_dir': '/tmp/tmpgi6b_2rx', 'pos_ref_fp': ('/tmp/qiime2/luis/data/24c3fd7b-d797-45d8-8c62-edb383bdc88c/data/dna-sequences.fasta',), 'pos_ref_db_fp': ('/tmp/tmpgi6b_2rx/deblur_working_dir/dna-sequences',), 'neg_ref_fp': (), 'neg_ref_db_fp': ('/tmp/tmpgi6b_2rx/deblur_working_dir/artifacts',), 'overwrite': True, 'mean_error': 0.005, 'error_dist': [1.0, 0.06, 0.02, 0.02, 0.01, 0.005, 0.005, 0.005, 0.001, 0.001, 0.001, 0.0005], 'indel_prob': 0.01, 'indel_max': 3, 'trim_length': -1, 'left_trim_length': 0, 'min_reads': 1, 'min_size': 1, 'threads_per_sample': 1, 'keep_tmp_files': True, 'log_level': 2, 'log_file': '/home/luis/Documents/Projects/PUF-PAS_AirDNA/01_QIIME_pt2/01_Deblur/bin/deblur.log', 'jobs_to_start': 1, 'is_worker_thread': True, 'logger': <Logger __main__ (INFO)>}
INFO(132000929769280)2026-02-09 20:25:36,142:error_dist is : [1.0, 0.06, 0.02, 0.02, 0.01, 0.005, 0.005, 0.005, 0.001, 0.001, 0.001, 0.0005]
INFO(132000929769280)2026-02-09 20:25:36,142:deblur worker thread started
INFO(132000929769280)2026-02-09 20:25:36,142:processing per sample fasta files
INFO(132000929769280)2026-02-09 20:25:36,142:--------------------------------------------------------
INFO(132000929769280)2026-02-09 20:25:36,142:launch_workflow for file /tmp/qiime2/luis/data/f7c241a1-8464-48e5-9026-1cf9a6353058/data/PUF-BOU-2_16_L001_R1_001.fastq.gz
INFO(129946729346880)2026-02-09 20:25:36,335:finished processing file
INFO(129946729346880)2026-02-09 20:25:36,335:finished processing per sample fasta files
INFO(129946729346880)2026-02-09 20:25:36,335:worker thread for /tmp/qiime2/luis/data/f7c241a1-8464-48e5-9026-1cf9a6353058/data/PUF-BOT-6_11_L001_R1_001.fastq.gz finished
INFO(132000929769280)2026-02-09 20:25:36,547:dereplicate seqs file /tmp/tmpgi6b_2rx/deblur_working_dir/PUF-BOU-2_16_L001_R1_001.fastq.gz.trim
INFO(132000929769280)2026-02-09 20:25:36,566:remove_artifacts_seqs file /tmp/tmpgi6b_2rx/deblur_working_dir/PUF-BOU-2_16_L001_R1_001.fastq.gz.trim.derep
INFO(132000929769280)2026-02-09 20:25:36,932:total sequences 1253, passing sequences 1253, failing sequences 0
INFO(132000929769280)2026-02-09 20:25:36,932:multiple_sequence_alignment seqs file /tmp/tmpgi6b_2rx/deblur_working_dir/PUF-BOU-2_16_L001_R1_001.fastq.gz.trim.derep.no_artifacts
INFO(128772638373696)2026-02-09 20:25:37,126:*************************
INFO(128772638373696)2026-02-09 20:25:37,126:deblurring started
WARNING(128772638373696)2026-02-09 20:25:37,126:deblur version 1.1.1 workflow started on /tmp/qiime2/luis/data/f7c241a1-8464-48e5-9026-1cf9a6353058/data/Ins-Cocoon_2_L001_R1_001.fastq.gz
WARNING(128772638373696)2026-02-09 20:25:37,126:parameters: {'seqs_fp': '/tmp/qiime2/luis/data/f7c241a1-8464-48e5-9026-1cf9a6353058/data/Ins-Cocoon_2_L001_R1_001.fastq.gz', 'output_dir': '/tmp/tmpgi6b_2rx', 'pos_ref_fp': ('/tmp/qiime2/luis/data/24c3fd7b-d797-45d8-8c62-edb383bdc88c/data/dna-sequences.fasta',), 'pos_ref_db_fp': ('/tmp/tmpgi6b_2rx/deblur_working_dir/dna-sequences',), 'neg_ref_fp': (), 'neg_ref_db_fp': ('/tmp/tmpgi6b_2rx/deblur_working_dir/artifacts',), 'overwrite': True, 'mean_error': 0.005, 'error_dist': [1.0, 0.06, 0.02, 0.02, 0.01, 0.005, 0.005, 0.005, 0.001, 0.001, 0.001, 0.0005], 'indel_prob': 0.01, 'indel_max': 3, 'trim_length': -1, 'left_trim_length': 0, 'min_reads': 1, 'min_size': 1, 'threads_per_sample': 1, 'keep_tmp_files': True, 'log_level': 2, 'log_file': '/home/luis/Documents/Projects/PUF-PAS_AirDNA/01_QIIME_pt2/01_Deblur/bin/deblur.log', 'jobs_to_start': 1, 'is_worker_thread': True, 'logger': <Logger __main__ (INFO)>}
INFO(128772638373696)2026-02-09 20:25:37,126:error_dist is : [1.0, 0.06, 0.02, 0.02, 0.01, 0.005, 0.005, 0.005, 0.001, 0.001, 0.001, 0.0005]
INFO(128772638373696)2026-02-09 20:25:37,126:deblur worker thread started
INFO(128772638373696)2026-02-09 20:25:37,126:processing per sample fasta files
INFO(128772638373696)2026-02-09 20:25:37,126:--------------------------------------------------------
INFO(128772638373696)2026-02-09 20:25:37,126:launch_workflow for file /tmp/qiime2/luis/data/f7c241a1-8464-48e5-9026-1cf9a6353058/data/Ins-Cocoon_2_L001_R1_001.fastq.gz
INFO(128772638373696)2026-02-09 20:25:37,157:dereplicate seqs file /tmp/tmpgi6b_2rx/deblur_working_dir/Ins-Cocoon_2_L001_R1_001.fastq.gz.trim
INFO(128772638373696)2026-02-09 20:25:37,160:remove_artifacts_seqs file /tmp/tmpgi6b_2rx/deblur_working_dir/Ins-Cocoon_2_L001_R1_001.fastq.gz.trim.derep
INFO(128772638373696)2026-02-09 20:25:37,477:total sequences 62, passing sequences 62, failing sequences 0
INFO(128772638373696)2026-02-09 20:25:37,477:multiple_sequence_alignment seqs file /tmp/tmpgi6b_2rx/deblur_working_dir/Ins-Cocoon_2_L001_R1_001.fastq.gz.trim.derep.no_artifacts
INFO(136921892251456)2026-02-09 20:25:39,278:deblurring 2018 sequences
INFO(128772638373696)2026-02-09 20:25:39,701:deblurring 62 sequences
INFO(128772638373696)2026-02-09 20:25:39,702:7 unique sequences left following deblurring
INFO(128772638373696)2026-02-09 20:25:39,702:remove_chimeras_denovo_from_seqs seqs file /tmp/tmpgi6b_2rx/deblur_working_dir/Ins-Cocoon_2_L001_R1_001.fastq.gz.trim.derep.no_artifacts.msa.deblurto working dir /tmp/tmpgi6b_2rx/deblur_working_dir
INFO(128772638373696)2026-02-09 20:25:39,714:finished processing file
INFO(128772638373696)2026-02-09 20:25:39,714:finished processing per sample fasta files
INFO(128772638373696)2026-02-09 20:25:39,714:worker thread for /tmp/qiime2/luis/data/f7c241a1-8464-48e5-9026-1cf9a6353058/data/Ins-Cocoon_2_L001_R1_001.fastq.gz finished
INFO(132555465799488)2026-02-09 20:25:39,729:deblurring 4596 sequences
INFO(130466244536128)2026-02-09 20:25:39,734:deblurring 2722 sequences
INFO(132000929769280)2026-02-09 20:25:40,044:deblurring 1253 sequences
INFO(136921892251456)2026-02-09 20:25:40,044:341 unique sequences left following deblurring
INFO(136921892251456)2026-02-09 20:25:40,046:remove_chimeras_denovo_from_seqs seqs file /tmp/tmpgi6b_2rx/deblur_working_dir/PUF-BOT-8_13_L001_R1_001.fastq.gz.trim.derep.no_artifacts.msa.deblurto working dir /tmp/tmpgi6b_2rx/deblur_working_dir
INFO(136921892251456)2026-02-09 20:25:40,275:finished processing file
INFO(136921892251456)2026-02-09 20:25:40,275:finished processing per sample fasta files
INFO(136921892251456)2026-02-09 20:25:40,275:worker thread for /tmp/qiime2/luis/data/f7c241a1-8464-48e5-9026-1cf9a6353058/data/PUF-BOT-8_13_L001_R1_001.fastq.gz finished
INFO(132000929769280)2026-02-09 20:25:40,299:198 unique sequences left following deblurring
INFO(132000929769280)2026-02-09 20:25:40,300:remove_chimeras_denovo_from_seqs seqs file /tmp/tmpgi6b_2rx/deblur_working_dir/PUF-BOU-2_16_L001_R1_001.fastq.gz.trim.derep.no_artifacts.msa.deblurto working dir /tmp/tmpgi6b_2rx/deblur_working_dir
INFO(132000929769280)2026-02-09 20:25:40,429:finished processing file
INFO(132000929769280)2026-02-09 20:25:40,429:finished processing per sample fasta files
INFO(132000929769280)2026-02-09 20:25:40,430:worker thread for /tmp/qiime2/luis/data/f7c241a1-8464-48e5-9026-1cf9a6353058/data/PUF-BOU-2_16_L001_R1_001.fastq.gz finished
INFO(130772381411136)2026-02-09 20:25:40,529:*************************
INFO(130772381411136)2026-02-09 20:25:40,530:deblurring started
WARNING(130772381411136)2026-02-09 20:25:40,530:deblur version 1.1.1 workflow started on /tmp/qiime2/luis/data/f7c241a1-8464-48e5-9026-1cf9a6353058/data/PUF-IPEX-9_29_L001_R1_001.fastq.gz
WARNING(130772381411136)2026-02-09 20:25:40,530:parameters: {'seqs_fp': '/tmp/qiime2/luis/data/f7c241a1-8464-48e5-9026-1cf9a6353058/data/PUF-IPEX-9_29_L001_R1_001.fastq.gz', 'output_dir': '/tmp/tmpgi6b_2rx', 'pos_ref_fp': ('/tmp/qiime2/luis/data/24c3fd7b-d797-45d8-8c62-edb383bdc88c/data/dna-sequences.fasta',), 'pos_ref_db_fp': ('/tmp/tmpgi6b_2rx/deblur_working_dir/dna-sequences',), 'neg_ref_fp': (), 'neg_ref_db_fp': ('/tmp/tmpgi6b_2rx/deblur_working_dir/artifacts',), 'overwrite': True, 'mean_error': 0.005, 'error_dist': [1.0, 0.06, 0.02, 0.02, 0.01, 0.005, 0.005, 0.005, 0.001, 0.001, 0.001, 0.0005], 'indel_prob': 0.01, 'indel_max': 3, 'trim_length': -1, 'left_trim_length': 0, 'min_reads': 1, 'min_size': 1, 'threads_per_sample': 1, 'keep_tmp_files': True, 'log_level': 2, 'log_file': '/home/luis/Documents/Projects/PUF-PAS_AirDNA/01_QIIME_pt2/01_Deblur/bin/deblur.log', 'jobs_to_start': 1, 'is_worker_thread': True, 'logger': <Logger __main__ (INFO)>}
INFO(130772381411136)2026-02-09 20:25:40,530:error_dist is : [1.0, 0.06, 0.02, 0.02, 0.01, 0.005, 0.005, 0.005, 0.001, 0.001, 0.001, 0.0005]
INFO(130772381411136)2026-02-09 20:25:40,530:deblur worker thread started
INFO(130772381411136)2026-02-09 20:25:40,530:processing per sample fasta files
INFO(130772381411136)2026-02-09 20:25:40,530:--------------------------------------------------------
INFO(130772381411136)2026-02-09 20:25:40,530:launch_workflow for file /tmp/qiime2/luis/data/f7c241a1-8464-48e5-9026-1cf9a6353058/data/PUF-IPEX-9_29_L001_R1_001.fastq.gz
INFO(130466244536128)2026-02-09 20:25:40,644:303 unique sequences left following deblurring
INFO(130466244536128)2026-02-09 20:25:40,646:remove_chimeras_denovo_from_seqs seqs file /tmp/tmpgi6b_2rx/deblur_working_dir/PUF-MBO-5_42_L001_R1_001.fastq.gz.trim.derep.no_artifacts.msa.deblurto working dir /tmp/tmpgi6b_2rx/deblur_working_dir
INFO(130466244536128)2026-02-09 20:25:40,877:finished processing file
INFO(130466244536128)2026-02-09 20:25:40,877:finished processing per sample fasta files
INFO(130466244536128)2026-02-09 20:25:40,877:worker thread for /tmp/qiime2/luis/data/f7c241a1-8464-48e5-9026-1cf9a6353058/data/PUF-MBO-5_42_L001_R1_001.fastq.gz finished
INFO(128054580451136)2026-02-09 20:25:41,100:*************************
INFO(128054580451136)2026-02-09 20:25:41,100:deblurring started
WARNING(128054580451136)2026-02-09 20:25:41,100:deblur version 1.1.1 workflow started on /tmp/qiime2/luis/data/f7c241a1-8464-48e5-9026-1cf9a6353058/data/PUF-MBO-7_44_L001_R1_001.fastq.gz
WARNING(128054580451136)2026-02-09 20:25:41,100:parameters: {'seqs_fp': '/tmp/qiime2/luis/data/f7c241a1-8464-48e5-9026-1cf9a6353058/data/PUF-MBO-7_44_L001_R1_001.fastq.gz', 'output_dir': '/tmp/tmpgi6b_2rx', 'pos_ref_fp': ('/tmp/qiime2/luis/data/24c3fd7b-d797-45d8-8c62-edb383bdc88c/data/dna-sequences.fasta',), 'pos_ref_db_fp': ('/tmp/tmpgi6b_2rx/deblur_working_dir/dna-sequences',), 'neg_ref_fp': (), 'neg_ref_db_fp': ('/tmp/tmpgi6b_2rx/deblur_working_dir/artifacts',), 'overwrite': True, 'mean_error': 0.005, 'error_dist': [1.0, 0.06, 0.02, 0.02, 0.01, 0.005, 0.005, 0.005, 0.001, 0.001, 0.001, 0.0005], 'indel_prob': 0.01, 'indel_max': 3, 'trim_length': -1, 'left_trim_length': 0, 'min_reads': 1, 'min_size': 1, 'threads_per_sample': 1, 'keep_tmp_files': True, 'log_level': 2, 'log_file': '/home/luis/Documents/Projects/PUF-PAS_AirDNA/01_QIIME_pt2/01_Deblur/bin/deblur.log', 'jobs_to_start': 1, 'is_worker_thread': True, 'logger': <Logger __main__ (INFO)>}
INFO(128054580451136)2026-02-09 20:25:41,100:error_dist is : [1.0, 0.06, 0.02, 0.02, 0.01, 0.005, 0.005, 0.005, 0.001, 0.001, 0.001, 0.0005]
INFO(128054580451136)2026-02-09 20:25:41,100:deblur worker thread started
INFO(128054580451136)2026-02-09 20:25:41,100:processing per sample fasta files
INFO(128054580451136)2026-02-09 20:25:41,100:--------------------------------------------------------
INFO(128054580451136)2026-02-09 20:25:41,100:launch_workflow for file /tmp/qiime2/luis/data/f7c241a1-8464-48e5-9026-1cf9a6353058/data/PUF-MBO-7_44_L001_R1_001.fastq.gz
INFO(124780268533568)2026-02-09 20:25:41,277:*************************
INFO(124780268533568)2026-02-09 20:25:41,277:deblurring started
WARNING(124780268533568)2026-02-09 20:25:41,277:deblur version 1.1.1 workflow started on /tmp/qiime2/luis/data/f7c241a1-8464-48e5-9026-1cf9a6353058/data/PUF-MBO-10_39_L001_R1_001.fastq.gz
WARNING(124780268533568)2026-02-09 20:25:41,277:parameters: {'seqs_fp': '/tmp/qiime2/luis/data/f7c241a1-8464-48e5-9026-1cf9a6353058/data/PUF-MBO-10_39_L001_R1_001.fastq.gz', 'output_dir': '/tmp/tmpgi6b_2rx', 'pos_ref_fp': ('/tmp/qiime2/luis/data/24c3fd7b-d797-45d8-8c62-edb383bdc88c/data/dna-sequences.fasta',), 'pos_ref_db_fp': ('/tmp/tmpgi6b_2rx/deblur_working_dir/dna-sequences',), 'neg_ref_fp': (), 'neg_ref_db_fp': ('/tmp/tmpgi6b_2rx/deblur_working_dir/artifacts',), 'overwrite': True, 'mean_error': 0.005, 'error_dist': [1.0, 0.06, 0.02, 0.02, 0.01, 0.005, 0.005, 0.005, 0.001, 0.001, 0.001, 0.0005], 'indel_prob': 0.01, 'indel_max': 3, 'trim_length': -1, 'left_trim_length': 0, 'min_reads': 1, 'min_size': 1, 'threads_per_sample': 1, 'keep_tmp_files': True, 'log_level': 2, 'log_file': '/home/luis/Documents/Projects/PUF-PAS_AirDNA/01_QIIME_pt2/01_Deblur/bin/deblur.log', 'jobs_to_start': 1, 'is_worker_thread': True, 'logger': <Logger __main__ (INFO)>}
INFO(124780268533568)2026-02-09 20:25:41,277:error_dist is : [1.0, 0.06, 0.02, 0.02, 0.01, 0.005, 0.005, 0.005, 0.001, 0.001, 0.001, 0.0005]
INFO(124780268533568)2026-02-09 20:25:41,277:deblur worker thread started
INFO(124780268533568)2026-02-09 20:25:41,277:processing per sample fasta files
INFO(124780268533568)2026-02-09 20:25:41,277:--------------------------------------------------------
INFO(124780268533568)2026-02-09 20:25:41,277:launch_workflow for file /tmp/qiime2/luis/data/f7c241a1-8464-48e5-9026-1cf9a6353058/data/PUF-MBO-10_39_L001_R1_001.fastq.gz
INFO(129291677325120)2026-02-09 20:25:41,643:*************************
INFO(129291677325120)2026-02-09 20:25:41,643:deblurring started
WARNING(129291677325120)2026-02-09 20:25:41,643:deblur version 1.1.1 workflow started on /tmp/qiime2/luis/data/f7c241a1-8464-48e5-9026-1cf9a6353058/data/PUF-IPEX-6_27_L001_R1_001.fastq.gz
WARNING(129291677325120)2026-02-09 20:25:41,643:parameters: {'seqs_fp': '/tmp/qiime2/luis/data/f7c241a1-8464-48e5-9026-1cf9a6353058/data/PUF-IPEX-6_27_L001_R1_001.fastq.gz', 'output_dir': '/tmp/tmpgi6b_2rx', 'pos_ref_fp': ('/tmp/qiime2/luis/data/24c3fd7b-d797-45d8-8c62-edb383bdc88c/data/dna-sequences.fasta',), 'pos_ref_db_fp': ('/tmp/tmpgi6b_2rx/deblur_working_dir/dna-sequences',), 'neg_ref_fp': (), 'neg_ref_db_fp': ('/tmp/tmpgi6b_2rx/deblur_working_dir/artifacts',), 'overwrite': True, 'mean_error': 0.005, 'error_dist': [1.0, 0.06, 0.02, 0.02, 0.01, 0.005, 0.005, 0.005, 0.001, 0.001, 0.001, 0.0005], 'indel_prob': 0.01, 'indel_max': 3, 'trim_length': -1, 'left_trim_length': 0, 'min_reads': 1, 'min_size': 1, 'threads_per_sample': 1, 'keep_tmp_files': True, 'log_level': 2, 'log_file': '/home/luis/Documents/Projects/PUF-PAS_AirDNA/01_QIIME_pt2/01_Deblur/bin/deblur.log', 'jobs_to_start': 1, 'is_worker_thread': True, 'logger': <Logger __main__ (INFO)>}
INFO(129291677325120)2026-02-09 20:25:41,643:error_dist is : [1.0, 0.06, 0.02, 0.02, 0.01, 0.005, 0.005, 0.005, 0.001, 0.001, 0.001, 0.0005]
INFO(129291677325120)2026-02-09 20:25:41,643:deblur worker thread started
INFO(129291677325120)2026-02-09 20:25:41,644:processing per sample fasta files
INFO(129291677325120)2026-02-09 20:25:41,644:--------------------------------------------------------
INFO(129291677325120)2026-02-09 20:25:41,644:launch_workflow for file /tmp/qiime2/luis/data/f7c241a1-8464-48e5-9026-1cf9a6353058/data/PUF-IPEX-6_27_L001_R1_001.fastq.gz
INFO(130772381411136)2026-02-09 20:25:41,997:dereplicate seqs file /tmp/tmpgi6b_2rx/deblur_working_dir/PUF-IPEX-9_29_L001_R1_001.fastq.gz.trim
INFO(130772381411136)2026-02-09 20:25:42,016:remove_artifacts_seqs file /tmp/tmpgi6b_2rx/deblur_working_dir/PUF-IPEX-9_29_L001_R1_001.fastq.gz.trim.derep
INFO(124780268533568)2026-02-09 20:25:42,377:dereplicate seqs file /tmp/tmpgi6b_2rx/deblur_working_dir/PUF-MBO-10_39_L001_R1_001.fastq.gz.trim
INFO(132555465799488)2026-02-09 20:25:42,389:518 unique sequences left following deblurring
INFO(132555465799488)2026-02-09 20:25:42,392:remove_chimeras_denovo_from_seqs seqs file /tmp/tmpgi6b_2rx/deblur_working_dir/PUF-IPEX-10_23_L001_R1_001.fastq.gz.trim.derep.no_artifacts.msa.deblurto working dir /tmp/tmpgi6b_2rx/deblur_working_dir
INFO(124780268533568)2026-02-09 20:25:42,394:remove_artifacts_seqs file /tmp/tmpgi6b_2rx/deblur_working_dir/PUF-MBO-10_39_L001_R1_001.fastq.gz.trim.derep
INFO(130772381411136)2026-02-09 20:25:42,408:total sequences 3589, passing sequences 3589, failing sequences 0
INFO(130772381411136)2026-02-09 20:25:42,408:multiple_sequence_alignment seqs file /tmp/tmpgi6b_2rx/deblur_working_dir/PUF-IPEX-9_29_L001_R1_001.fastq.gz.trim.derep.no_artifacts
INFO(128054580451136)2026-02-09 20:25:42,538:dereplicate seqs file /tmp/tmpgi6b_2rx/deblur_working_dir/PUF-MBO-7_44_L001_R1_001.fastq.gz.trim
INFO(128054580451136)2026-02-09 20:25:42,558:remove_artifacts_seqs file /tmp/tmpgi6b_2rx/deblur_working_dir/PUF-MBO-7_44_L001_R1_001.fastq.gz.trim.derep
INFO(132555465799488)2026-02-09 20:25:42,761:finished processing file
INFO(132555465799488)2026-02-09 20:25:42,762:finished processing per sample fasta files
INFO(132555465799488)2026-02-09 20:25:42,762:worker thread for /tmp/qiime2/luis/data/f7c241a1-8464-48e5-9026-1cf9a6353058/data/PUF-IPEX-10_23_L001_R1_001.fastq.gz finished
INFO(124780268533568)2026-02-09 20:25:42,808:total sequences 3442, passing sequences 3442, failing sequences 0
INFO(124780268533568)2026-02-09 20:25:42,808:multiple_sequence_alignment seqs file /tmp/tmpgi6b_2rx/deblur_working_dir/PUF-MBO-10_39_L001_R1_001.fastq.gz.trim.derep.no_artifacts
INFO(129291677325120)2026-02-09 20:25:42,835:dereplicate seqs file /tmp/tmpgi6b_2rx/deblur_working_dir/PUF-IPEX-6_27_L001_R1_001.fastq.gz.trim
INFO(129291677325120)2026-02-09 20:25:42,853:remove_artifacts_seqs file /tmp/tmpgi6b_2rx/deblur_working_dir/PUF-IPEX-6_27_L001_R1_001.fastq.gz.trim.derep
INFO(128054580451136)2026-02-09 20:25:43,011:total sequences 4047, passing sequences 4047, failing sequences 0
INFO(128054580451136)2026-02-09 20:25:43,011:multiple_sequence_alignment seqs file /tmp/tmpgi6b_2rx/deblur_working_dir/PUF-MBO-7_44_L001_R1_001.fastq.gz.trim.derep.no_artifacts
INFO(129291677325120)2026-02-09 20:25:43,287:total sequences 2927, passing sequences 2927, failing sequences 0
INFO(129291677325120)2026-02-09 20:25:43,287:multiple_sequence_alignment seqs file /tmp/tmpgi6b_2rx/deblur_working_dir/PUF-IPEX-6_27_L001_R1_001.fastq.gz.trim.derep.no_artifacts
INFO(132322413205312)2026-02-09 20:25:43,607:*************************
INFO(132322413205312)2026-02-09 20:25:43,607:deblurring started
WARNING(132322413205312)2026-02-09 20:25:43,607:deblur version 1.1.1 workflow started on /tmp/qiime2/luis/data/f7c241a1-8464-48e5-9026-1cf9a6353058/data/PUF-MBO-2_40_L001_R1_001.fastq.gz
WARNING(132322413205312)2026-02-09 20:25:43,607:parameters: {'seqs_fp': '/tmp/qiime2/luis/data/f7c241a1-8464-48e5-9026-1cf9a6353058/data/PUF-MBO-2_40_L001_R1_001.fastq.gz', 'output_dir': '/tmp/tmpgi6b_2rx', 'pos_ref_fp': ('/tmp/qiime2/luis/data/24c3fd7b-d797-45d8-8c62-edb383bdc88c/data/dna-sequences.fasta',), 'pos_ref_db_fp': ('/tmp/tmpgi6b_2rx/deblur_working_dir/dna-sequences',), 'neg_ref_fp': (), 'neg_ref_db_fp': ('/tmp/tmpgi6b_2rx/deblur_working_dir/artifacts',), 'overwrite': True, 'mean_error': 0.005, 'error_dist': [1.0, 0.06, 0.02, 0.02, 0.01, 0.005, 0.005, 0.005, 0.001, 0.001, 0.001, 0.0005], 'indel_prob': 0.01, 'indel_max': 3, 'trim_length': -1, 'left_trim_length': 0, 'min_reads': 1, 'min_size': 1, 'threads_per_sample': 1, 'keep_tmp_files': True, 'log_level': 2, 'log_file': '/home/luis/Documents/Projects/PUF-PAS_AirDNA/01_QIIME_pt2/01_Deblur/bin/deblur.log', 'jobs_to_start': 1, 'is_worker_thread': True, 'logger': <Logger __main__ (INFO)>}
INFO(132322413205312)2026-02-09 20:25:43,607:error_dist is : [1.0, 0.06, 0.02, 0.02, 0.01, 0.005, 0.005, 0.005, 0.001, 0.001, 0.001, 0.0005]
INFO(132322413205312)2026-02-09 20:25:43,607:deblur worker thread started
INFO(132322413205312)2026-02-09 20:25:43,607:processing per sample fasta files
INFO(132322413205312)2026-02-09 20:25:43,607:--------------------------------------------------------
INFO(132322413205312)2026-02-09 20:25:43,607:launch_workflow for file /tmp/qiime2/luis/data/f7c241a1-8464-48e5-9026-1cf9a6353058/data/PUF-MBO-2_40_L001_R1_001.fastq.gz
INFO(132322413205312)2026-02-09 20:25:44,940:dereplicate seqs file /tmp/tmpgi6b_2rx/deblur_working_dir/PUF-MBO-2_40_L001_R1_001.fastq.gz.trim
INFO(132322413205312)2026-02-09 20:25:44,957:remove_artifacts_seqs file /tmp/tmpgi6b_2rx/deblur_working_dir/PUF-MBO-2_40_L001_R1_001.fastq.gz.trim.derep
INFO(132322413205312)2026-02-09 20:25:45,322:total sequences 2091, passing sequences 2091, failing sequences 0
INFO(132322413205312)2026-02-09 20:25:45,322:multiple_sequence_alignment seqs file /tmp/tmpgi6b_2rx/deblur_working_dir/PUF-MBO-2_40_L001_R1_001.fastq.gz.trim.derep.no_artifacts
INFO(132322413205312)2026-02-09 20:25:51,650:deblurring 2091 sequences
INFO(132322413205312)2026-02-09 20:25:52,140:217 unique sequences left following deblurring
INFO(132322413205312)2026-02-09 20:25:52,142:remove_chimeras_denovo_from_seqs seqs file /tmp/tmpgi6b_2rx/deblur_working_dir/PUF-MBO-2_40_L001_R1_001.fastq.gz.trim.derep.no_artifacts.msa.deblurto working dir /tmp/tmpgi6b_2rx/deblur_working_dir
INFO(132322413205312)2026-02-09 20:25:52,288:finished processing file
INFO(132322413205312)2026-02-09 20:25:52,288:finished processing per sample fasta files
INFO(132322413205312)2026-02-09 20:25:52,288:worker thread for /tmp/qiime2/luis/data/f7c241a1-8464-48e5-9026-1cf9a6353058/data/PUF-MBO-2_40_L001_R1_001.fastq.gz finished
INFO(125568810932032)2026-02-09 20:25:52,967:deblurring 4514 sequences
INFO(132552128481088)2026-02-09 20:25:53,095:*************************
INFO(132552128481088)2026-02-09 20:25:53,095:deblurring started
WARNING(132552128481088)2026-02-09 20:25:53,096:deblur version 1.1.1 workflow started on /tmp/qiime2/luis/data/f7c241a1-8464-48e5-9026-1cf9a6353058/data/PUF-BOT-5_10_L001_R1_001.fastq.gz
WARNING(132552128481088)2026-02-09 20:25:53,096:parameters: {'seqs_fp': '/tmp/qiime2/luis/data/f7c241a1-8464-48e5-9026-1cf9a6353058/data/PUF-BOT-5_10_L001_R1_001.fastq.gz', 'output_dir': '/tmp/tmpgi6b_2rx', 'pos_ref_fp': ('/tmp/qiime2/luis/data/24c3fd7b-d797-45d8-8c62-edb383bdc88c/data/dna-sequences.fasta',), 'pos_ref_db_fp': ('/tmp/tmpgi6b_2rx/deblur_working_dir/dna-sequences',), 'neg_ref_fp': (), 'neg_ref_db_fp': ('/tmp/tmpgi6b_2rx/deblur_working_dir/artifacts',), 'overwrite': True, 'mean_error': 0.005, 'error_dist': [1.0, 0.06, 0.02, 0.02, 0.01, 0.005, 0.005, 0.005, 0.001, 0.001, 0.001, 0.0005], 'indel_prob': 0.01, 'indel_max': 3, 'trim_length': -1, 'left_trim_length': 0, 'min_reads': 1, 'min_size': 1, 'threads_per_sample': 1, 'keep_tmp_files': True, 'log_level': 2, 'log_file': '/home/luis/Documents/Projects/PUF-PAS_AirDNA/01_QIIME_pt2/01_Deblur/bin/deblur.log', 'jobs_to_start': 1, 'is_worker_thread': True, 'logger': <Logger __main__ (INFO)>}
INFO(132552128481088)2026-02-09 20:25:53,096:error_dist is : [1.0, 0.06, 0.02, 0.02, 0.01, 0.005, 0.005, 0.005, 0.001, 0.001, 0.001, 0.0005]
INFO(132552128481088)2026-02-09 20:25:53,096:deblur worker thread started
INFO(132552128481088)2026-02-09 20:25:53,096:processing per sample fasta files
INFO(132552128481088)2026-02-09 20:25:53,096:--------------------------------------------------------
INFO(132552128481088)2026-02-09 20:25:53,096:launch_workflow for file /tmp/qiime2/luis/data/f7c241a1-8464-48e5-9026-1cf9a6353058/data/PUF-BOT-5_10_L001_R1_001.fastq.gz
INFO(132552128481088)2026-02-09 20:25:53,591:dereplicate seqs file /tmp/tmpgi6b_2rx/deblur_working_dir/PUF-BOT-5_10_L001_R1_001.fastq.gz.trim
INFO(132552128481088)2026-02-09 20:25:53,599:remove_artifacts_seqs file /tmp/tmpgi6b_2rx/deblur_working_dir/PUF-BOT-5_10_L001_R1_001.fastq.gz.trim.derep
INFO(132552128481088)2026-02-09 20:25:53,955:total sequences 1512, passing sequences 1512, failing sequences 0
INFO(132552128481088)2026-02-09 20:25:53,956:multiple_sequence_alignment seqs file /tmp/tmpgi6b_2rx/deblur_working_dir/PUF-BOT-5_10_L001_R1_001.fastq.gz.trim.derep.no_artifacts
INFO(129291677325120)2026-02-09 20:25:54,521:deblurring 2927 sequences
INFO(129291677325120)2026-02-09 20:25:55,827:401 unique sequences left following deblurring
INFO(129291677325120)2026-02-09 20:25:55,829:remove_chimeras_denovo_from_seqs seqs file /tmp/tmpgi6b_2rx/deblur_working_dir/PUF-IPEX-6_27_L001_R1_001.fastq.gz.trim.derep.no_artifacts.msa.deblurto working dir /tmp/tmpgi6b_2rx/deblur_working_dir
INFO(125568810932032)2026-02-09 20:25:55,852:577 unique sequences left following deblurring
INFO(125568810932032)2026-02-09 20:25:55,855:remove_chimeras_denovo_from_seqs seqs file /tmp/tmpgi6b_2rx/deblur_working_dir/PUF-MBO-8_45_L001_R1_001.fastq.gz.trim.derep.no_artifacts.msa.deblurto working dir /tmp/tmpgi6b_2rx/deblur_working_dir
INFO(129291677325120)2026-02-09 20:25:56,104:finished processing file
INFO(129291677325120)2026-02-09 20:25:56,104:finished processing per sample fasta files
INFO(129291677325120)2026-02-09 20:25:56,104:worker thread for /tmp/qiime2/luis/data/f7c241a1-8464-48e5-9026-1cf9a6353058/data/PUF-IPEX-6_27_L001_R1_001.fastq.gz finished
INFO(125568810932032)2026-02-09 20:25:56,264:finished processing file
INFO(125568810932032)2026-02-09 20:25:56,264:finished processing per sample fasta files
INFO(125568810932032)2026-02-09 20:25:56,265:worker thread for /tmp/qiime2/luis/data/f7c241a1-8464-48e5-9026-1cf9a6353058/data/PUF-MBO-8_45_L001_R1_001.fastq.gz finished
INFO(127273575552832)2026-02-09 20:25:56,898:*************************
INFO(127273575552832)2026-02-09 20:25:56,898:deblurring started
WARNING(127273575552832)2026-02-09 20:25:56,898:deblur version 1.1.1 workflow started on /tmp/qiime2/luis/data/f7c241a1-8464-48e5-9026-1cf9a6353058/data/PUF-MBO-6_43_L001_R1_001.fastq.gz
WARNING(127273575552832)2026-02-09 20:25:56,898:parameters: {'seqs_fp': '/tmp/qiime2/luis/data/f7c241a1-8464-48e5-9026-1cf9a6353058/data/PUF-MBO-6_43_L001_R1_001.fastq.gz', 'output_dir': '/tmp/tmpgi6b_2rx', 'pos_ref_fp': ('/tmp/qiime2/luis/data/24c3fd7b-d797-45d8-8c62-edb383bdc88c/data/dna-sequences.fasta',), 'pos_ref_db_fp': ('/tmp/tmpgi6b_2rx/deblur_working_dir/dna-sequences',), 'neg_ref_fp': (), 'neg_ref_db_fp': ('/tmp/tmpgi6b_2rx/deblur_working_dir/artifacts',), 'overwrite': True, 'mean_error': 0.005, 'error_dist': [1.0, 0.06, 0.02, 0.02, 0.01, 0.005, 0.005, 0.005, 0.001, 0.001, 0.001, 0.0005], 'indel_prob': 0.01, 'indel_max': 3, 'trim_length': -1, 'left_trim_length': 0, 'min_reads': 1, 'min_size': 1, 'threads_per_sample': 1, 'keep_tmp_files': True, 'log_level': 2, 'log_file': '/home/luis/Documents/Projects/PUF-PAS_AirDNA/01_QIIME_pt2/01_Deblur/bin/deblur.log', 'jobs_to_start': 1, 'is_worker_thread': True, 'logger': <Logger __main__ (INFO)>}
INFO(127273575552832)2026-02-09 20:25:56,898:error_dist is : [1.0, 0.06, 0.02, 0.02, 0.01, 0.005, 0.005, 0.005, 0.001, 0.001, 0.001, 0.0005]
INFO(127273575552832)2026-02-09 20:25:56,898:deblur worker thread started
INFO(127273575552832)2026-02-09 20:25:56,898:processing per sample fasta files
INFO(127273575552832)2026-02-09 20:25:56,898:--------------------------------------------------------
INFO(127273575552832)2026-02-09 20:25:56,898:launch_workflow for file /tmp/qiime2/luis/data/f7c241a1-8464-48e5-9026-1cf9a6353058/data/PUF-MBO-6_43_L001_R1_001.fastq.gz
INFO(130237255776064)2026-02-09 20:25:57,095:*************************
INFO(130237255776064)2026-02-09 20:25:57,095:deblurring started
WARNING(130237255776064)2026-02-09 20:25:57,095:deblur version 1.1.1 workflow started on /tmp/qiime2/luis/data/f7c241a1-8464-48e5-9026-1cf9a6353058/data/PUF-BOT-2_8_L001_R1_001.fastq.gz
WARNING(130237255776064)2026-02-09 20:25:57,095:parameters: {'seqs_fp': '/tmp/qiime2/luis/data/f7c241a1-8464-48e5-9026-1cf9a6353058/data/PUF-BOT-2_8_L001_R1_001.fastq.gz', 'output_dir': '/tmp/tmpgi6b_2rx', 'pos_ref_fp': ('/tmp/qiime2/luis/data/24c3fd7b-d797-45d8-8c62-edb383bdc88c/data/dna-sequences.fasta',), 'pos_ref_db_fp': ('/tmp/tmpgi6b_2rx/deblur_working_dir/dna-sequences',), 'neg_ref_fp': (), 'neg_ref_db_fp': ('/tmp/tmpgi6b_2rx/deblur_working_dir/artifacts',), 'overwrite': True, 'mean_error': 0.005, 'error_dist': [1.0, 0.06, 0.02, 0.02, 0.01, 0.005, 0.005, 0.005, 0.001, 0.001, 0.001, 0.0005], 'indel_prob': 0.01, 'indel_max': 3, 'trim_length': -1, 'left_trim_length': 0, 'min_reads': 1, 'min_size': 1, 'threads_per_sample': 1, 'keep_tmp_files': True, 'log_level': 2, 'log_file': '/home/luis/Documents/Projects/PUF-PAS_AirDNA/01_QIIME_pt2/01_Deblur/bin/deblur.log', 'jobs_to_start': 1, 'is_worker_thread': True, 'logger': <Logger __main__ (INFO)>}
INFO(130237255776064)2026-02-09 20:25:57,095:error_dist is : [1.0, 0.06, 0.02, 0.02, 0.01, 0.005, 0.005, 0.005, 0.001, 0.001, 0.001, 0.0005]
INFO(130237255776064)2026-02-09 20:25:57,095:deblur worker thread started
INFO(130237255776064)2026-02-09 20:25:57,095:processing per sample fasta files
INFO(130237255776064)2026-02-09 20:25:57,095:--------------------------------------------------------
INFO(130237255776064)2026-02-09 20:25:57,095:launch_workflow for file /tmp/qiime2/luis/data/f7c241a1-8464-48e5-9026-1cf9a6353058/data/PUF-BOT-2_8_L001_R1_001.fastq.gz
INFO(130237255776064)2026-02-09 20:25:57,614:dereplicate seqs file /tmp/tmpgi6b_2rx/deblur_working_dir/PUF-BOT-2_8_L001_R1_001.fastq.gz.trim
INFO(130237255776064)2026-02-09 20:25:57,622:remove_artifacts_seqs file /tmp/tmpgi6b_2rx/deblur_working_dir/PUF-BOT-2_8_L001_R1_001.fastq.gz.trim.derep
INFO(124780268533568)2026-02-09 20:25:57,902:deblurring 3442 sequences
INFO(130237255776064)2026-02-09 20:25:57,971:total sequences 1549, passing sequences 1549, failing sequences 0
INFO(130237255776064)2026-02-09 20:25:57,971:multiple_sequence_alignment seqs file /tmp/tmpgi6b_2rx/deblur_working_dir/PUF-BOT-2_8_L001_R1_001.fastq.gz.trim.derep.no_artifacts
INFO(132552128481088)2026-02-09 20:25:57,991:deblurring 1512 sequences
INFO(127273575552832)2026-02-09 20:25:58,036:dereplicate seqs file /tmp/tmpgi6b_2rx/deblur_working_dir/PUF-MBO-6_43_L001_R1_001.fastq.gz.trim
INFO(127273575552832)2026-02-09 20:25:58,053:remove_artifacts_seqs file /tmp/tmpgi6b_2rx/deblur_working_dir/PUF-MBO-6_43_L001_R1_001.fastq.gz.trim.derep
INFO(132552128481088)2026-02-09 20:25:58,376:241 unique sequences left following deblurring
INFO(132552128481088)2026-02-09 20:25:58,377:remove_chimeras_denovo_from_seqs seqs file /tmp/tmpgi6b_2rx/deblur_working_dir/PUF-BOT-5_10_L001_R1_001.fastq.gz.trim.derep.no_artifacts.msa.deblurto working dir /tmp/tmpgi6b_2rx/deblur_working_dir
INFO(127273575552832)2026-02-09 20:25:58,479:total sequences 3376, passing sequences 3376, failing sequences 0
INFO(127273575552832)2026-02-09 20:25:58,479:multiple_sequence_alignment seqs file /tmp/tmpgi6b_2rx/deblur_working_dir/PUF-MBO-6_43_L001_R1_001.fastq.gz.trim.derep.no_artifacts
INFO(132552128481088)2026-02-09 20:25:58,542:finished processing file
INFO(132552128481088)2026-02-09 20:25:58,543:finished processing per sample fasta files
INFO(132552128481088)2026-02-09 20:25:58,543:worker thread for /tmp/qiime2/luis/data/f7c241a1-8464-48e5-9026-1cf9a6353058/data/PUF-BOT-5_10_L001_R1_001.fastq.gz finished
INFO(130772381411136)2026-02-09 20:25:58,744:deblurring 3589 sequences
INFO(128893734766400)2026-02-09 20:25:59,383:*************************
INFO(128893734766400)2026-02-09 20:25:59,384:deblurring started
WARNING(128893734766400)2026-02-09 20:25:59,384:deblur version 1.1.1 workflow started on /tmp/qiime2/luis/data/f7c241a1-8464-48e5-9026-1cf9a6353058/data/PUF-IPEX-5_26_L001_R1_001.fastq.gz
WARNING(128893734766400)2026-02-09 20:25:59,384:parameters: {'seqs_fp': '/tmp/qiime2/luis/data/f7c241a1-8464-48e5-9026-1cf9a6353058/data/PUF-IPEX-5_26_L001_R1_001.fastq.gz', 'output_dir': '/tmp/tmpgi6b_2rx', 'pos_ref_fp': ('/tmp/qiime2/luis/data/24c3fd7b-d797-45d8-8c62-edb383bdc88c/data/dna-sequences.fasta',), 'pos_ref_db_fp': ('/tmp/tmpgi6b_2rx/deblur_working_dir/dna-sequences',), 'neg_ref_fp': (), 'neg_ref_db_fp': ('/tmp/tmpgi6b_2rx/deblur_working_dir/artifacts',), 'overwrite': True, 'mean_error': 0.005, 'error_dist': [1.0, 0.06, 0.02, 0.02, 0.01, 0.005, 0.005, 0.005, 0.001, 0.001, 0.001, 0.0005], 'indel_prob': 0.01, 'indel_max': 3, 'trim_length': -1, 'left_trim_length': 0, 'min_reads': 1, 'min_size': 1, 'threads_per_sample': 1, 'keep_tmp_files': True, 'log_level': 2, 'log_file': '/home/luis/Documents/Projects/PUF-PAS_AirDNA/01_QIIME_pt2/01_Deblur/bin/deblur.log', 'jobs_to_start': 1, 'is_worker_thread': True, 'logger': <Logger __main__ (INFO)>}
INFO(128893734766400)2026-02-09 20:25:59,384:error_dist is : [1.0, 0.06, 0.02, 0.02, 0.01, 0.005, 0.005, 0.005, 0.001, 0.001, 0.001, 0.0005]
INFO(128893734766400)2026-02-09 20:25:59,384:deblur worker thread started
INFO(128893734766400)2026-02-09 20:25:59,384:processing per sample fasta files
INFO(128893734766400)2026-02-09 20:25:59,384:--------------------------------------------------------
INFO(128893734766400)2026-02-09 20:25:59,384:launch_workflow for file /tmp/qiime2/luis/data/f7c241a1-8464-48e5-9026-1cf9a6353058/data/PUF-IPEX-5_26_L001_R1_001.fastq.gz
INFO(124780268533568)2026-02-09 20:25:59,668:437 unique sequences left following deblurring
INFO(124780268533568)2026-02-09 20:25:59,670:remove_chimeras_denovo_from_seqs seqs file /tmp/tmpgi6b_2rx/deblur_working_dir/PUF-MBO-10_39_L001_R1_001.fastq.gz.trim.derep.no_artifacts.msa.deblurto working dir /tmp/tmpgi6b_2rx/deblur_working_dir
INFO(124780268533568)2026-02-09 20:25:59,979:finished processing file
INFO(124780268533568)2026-02-09 20:25:59,979:finished processing per sample fasta files
INFO(124780268533568)2026-02-09 20:25:59,979:worker thread for /tmp/qiime2/luis/data/f7c241a1-8464-48e5-9026-1cf9a6353058/data/PUF-MBO-10_39_L001_R1_001.fastq.gz finished
INFO(130772381411136)2026-02-09 20:26:00,551:443 unique sequences left following deblurring
INFO(130772381411136)2026-02-09 20:26:00,553:remove_chimeras_denovo_from_seqs seqs file /tmp/tmpgi6b_2rx/deblur_working_dir/PUF-IPEX-9_29_L001_R1_001.fastq.gz.trim.derep.no_artifacts.msa.deblurto working dir /tmp/tmpgi6b_2rx/deblur_working_dir
INFO(133090432616256)2026-02-09 20:26:00,770:*************************
INFO(133090432616256)2026-02-09 20:26:00,770:deblurring started
WARNING(133090432616256)2026-02-09 20:26:00,770:deblur version 1.1.1 workflow started on /tmp/qiime2/luis/data/f7c241a1-8464-48e5-9026-1cf9a6353058/data/PUF-IPEX-4_25_L001_R1_001.fastq.gz
WARNING(133090432616256)2026-02-09 20:26:00,770:parameters: {'seqs_fp': '/tmp/qiime2/luis/data/f7c241a1-8464-48e5-9026-1cf9a6353058/data/PUF-IPEX-4_25_L001_R1_001.fastq.gz', 'output_dir': '/tmp/tmpgi6b_2rx', 'pos_ref_fp': ('/tmp/qiime2/luis/data/24c3fd7b-d797-45d8-8c62-edb383bdc88c/data/dna-sequences.fasta',), 'pos_ref_db_fp': ('/tmp/tmpgi6b_2rx/deblur_working_dir/dna-sequences',), 'neg_ref_fp': (), 'neg_ref_db_fp': ('/tmp/tmpgi6b_2rx/deblur_working_dir/artifacts',), 'overwrite': True, 'mean_error': 0.005, 'error_dist': [1.0, 0.06, 0.02, 0.02, 0.01, 0.005, 0.005, 0.005, 0.001, 0.001, 0.001, 0.0005], 'indel_prob': 0.01, 'indel_max': 3, 'trim_length': -1, 'left_trim_length': 0, 'min_reads': 1, 'min_size': 1, 'threads_per_sample': 1, 'keep_tmp_files': True, 'log_level': 2, 'log_file': '/home/luis/Documents/Projects/PUF-PAS_AirDNA/01_QIIME_pt2/01_Deblur/bin/deblur.log', 'jobs_to_start': 1, 'is_worker_thread': True, 'logger': <Logger __main__ (INFO)>}
INFO(133090432616256)2026-02-09 20:26:00,770:error_dist is : [1.0, 0.06, 0.02, 0.02, 0.01, 0.005, 0.005, 0.005, 0.001, 0.001, 0.001, 0.0005]
INFO(133090432616256)2026-02-09 20:26:00,770:deblur worker thread started
INFO(133090432616256)2026-02-09 20:26:00,770:processing per sample fasta files
INFO(133090432616256)2026-02-09 20:26:00,770:--------------------------------------------------------
INFO(133090432616256)2026-02-09 20:26:00,770:launch_workflow for file /tmp/qiime2/luis/data/f7c241a1-8464-48e5-9026-1cf9a6353058/data/PUF-IPEX-4_25_L001_R1_001.fastq.gz
INFO(130772381411136)2026-02-09 20:26:00,856:finished processing file
INFO(130772381411136)2026-02-09 20:26:00,856:finished processing per sample fasta files
INFO(130772381411136)2026-02-09 20:26:00,856:worker thread for /tmp/qiime2/luis/data/f7c241a1-8464-48e5-9026-1cf9a6353058/data/PUF-IPEX-9_29_L001_R1_001.fastq.gz finished
INFO(128893734766400)2026-02-09 20:26:01,567:dereplicate seqs file /tmp/tmpgi6b_2rx/deblur_working_dir/PUF-IPEX-5_26_L001_R1_001.fastq.gz.trim
INFO(128893734766400)2026-02-09 20:26:01,596:remove_artifacts_seqs file /tmp/tmpgi6b_2rx/deblur_working_dir/PUF-IPEX-5_26_L001_R1_001.fastq.gz.trim.derep
INFO(135965911910208)2026-02-09 20:26:01,635:*************************
INFO(135965911910208)2026-02-09 20:26:01,635:deblurring started
WARNING(135965911910208)2026-02-09 20:26:01,635:deblur version 1.1.1 workflow started on /tmp/qiime2/luis/data/f7c241a1-8464-48e5-9026-1cf9a6353058/data/Ins-Door_3_L001_R1_001.fastq.gz
WARNING(135965911910208)2026-02-09 20:26:01,635:parameters: {'seqs_fp': '/tmp/qiime2/luis/data/f7c241a1-8464-48e5-9026-1cf9a6353058/data/Ins-Door_3_L001_R1_001.fastq.gz', 'output_dir': '/tmp/tmpgi6b_2rx', 'pos_ref_fp': ('/tmp/qiime2/luis/data/24c3fd7b-d797-45d8-8c62-edb383bdc88c/data/dna-sequences.fasta',), 'pos_ref_db_fp': ('/tmp/tmpgi6b_2rx/deblur_working_dir/dna-sequences',), 'neg_ref_fp': (), 'neg_ref_db_fp': ('/tmp/tmpgi6b_2rx/deblur_working_dir/artifacts',), 'overwrite': True, 'mean_error': 0.005, 'error_dist': [1.0, 0.06, 0.02, 0.02, 0.01, 0.005, 0.005, 0.005, 0.001, 0.001, 0.001, 0.0005], 'indel_prob': 0.01, 'indel_max': 3, 'trim_length': -1, 'left_trim_length': 0, 'min_reads': 1, 'min_size': 1, 'threads_per_sample': 1, 'keep_tmp_files': True, 'log_level': 2, 'log_file': '/home/luis/Documents/Projects/PUF-PAS_AirDNA/01_QIIME_pt2/01_Deblur/bin/deblur.log', 'jobs_to_start': 1, 'is_worker_thread': True, 'logger': <Logger __main__ (INFO)>}
INFO(135965911910208)2026-02-09 20:26:01,636:error_dist is : [1.0, 0.06, 0.02, 0.02, 0.01, 0.005, 0.005, 0.005, 0.001, 0.001, 0.001, 0.0005]
INFO(135965911910208)2026-02-09 20:26:01,636:deblur worker thread started
INFO(135965911910208)2026-02-09 20:26:01,636:processing per sample fasta files
INFO(135965911910208)2026-02-09 20:26:01,636:--------------------------------------------------------
INFO(135965911910208)2026-02-09 20:26:01,636:launch_workflow for file /tmp/qiime2/luis/data/f7c241a1-8464-48e5-9026-1cf9a6353058/data/Ins-Door_3_L001_R1_001.fastq.gz
INFO(135965911910208)2026-02-09 20:26:01,643:dereplicate seqs file /tmp/tmpgi6b_2rx/deblur_working_dir/Ins-Door_3_L001_R1_001.fastq.gz.trim
INFO(135965911910208)2026-02-09 20:26:01,646:remove_artifacts_seqs file /tmp/tmpgi6b_2rx/deblur_working_dir/Ins-Door_3_L001_R1_001.fastq.gz.trim.derep
INFO(135965911910208)2026-02-09 20:26:01,957:total sequences 11, passing sequences 11, failing sequences 0
INFO(135965911910208)2026-02-09 20:26:01,957:multiple_sequence_alignment seqs file /tmp/tmpgi6b_2rx/deblur_working_dir/Ins-Door_3_L001_R1_001.fastq.gz.trim.derep.no_artifacts
INFO(128893734766400)2026-02-09 20:26:02,062:total sequences 5217, passing sequences 5217, failing sequences 0
INFO(128893734766400)2026-02-09 20:26:02,062:multiple_sequence_alignment seqs file /tmp/tmpgi6b_2rx/deblur_working_dir/PUF-IPEX-5_26_L001_R1_001.fastq.gz.trim.derep.no_artifacts
INFO(135965911910208)2026-02-09 20:26:02,160:deblurring 11 sequences
INFO(135965911910208)2026-02-09 20:26:02,160:3 unique sequences left following deblurring
INFO(135965911910208)2026-02-09 20:26:02,160:remove_chimeras_denovo_from_seqs seqs file /tmp/tmpgi6b_2rx/deblur_working_dir/Ins-Door_3_L001_R1_001.fastq.gz.trim.derep.no_artifacts.msa.deblurto working dir /tmp/tmpgi6b_2rx/deblur_working_dir
INFO(135965911910208)2026-02-09 20:26:02,170:finished processing file
INFO(135965911910208)2026-02-09 20:26:02,170:finished processing per sample fasta files
INFO(135965911910208)2026-02-09 20:26:02,171:worker thread for /tmp/qiime2/luis/data/f7c241a1-8464-48e5-9026-1cf9a6353058/data/Ins-Door_3_L001_R1_001.fastq.gz finished
INFO(133090432616256)2026-02-09 20:26:02,328:dereplicate seqs file /tmp/tmpgi6b_2rx/deblur_working_dir/PUF-IPEX-4_25_L001_R1_001.fastq.gz.trim
INFO(130237255776064)2026-02-09 20:26:02,361:deblurring 1549 sequences
INFO(133090432616256)2026-02-09 20:26:02,362:remove_artifacts_seqs file /tmp/tmpgi6b_2rx/deblur_working_dir/PUF-IPEX-4_25_L001_R1_001.fastq.gz.trim.derep
INFO(130237255776064)2026-02-09 20:26:02,814:261 unique sequences left following deblurring
INFO(130237255776064)2026-02-09 20:26:02,815:remove_chimeras_denovo_from_seqs seqs file /tmp/tmpgi6b_2rx/deblur_working_dir/PUF-BOT-2_8_L001_R1_001.fastq.gz.trim.derep.no_artifacts.msa.deblurto working dir /tmp/tmpgi6b_2rx/deblur_working_dir
INFO(133090432616256)2026-02-09 20:26:02,843:total sequences 4004, passing sequences 4004, failing sequences 0
INFO(133090432616256)2026-02-09 20:26:02,843:multiple_sequence_alignment seqs file /tmp/tmpgi6b_2rx/deblur_working_dir/PUF-IPEX-4_25_L001_R1_001.fastq.gz.trim.derep.no_artifacts
INFO(128054580451136)2026-02-09 20:26:02,941:deblurring 4047 sequences
INFO(138785256621888)2026-02-09 20:26:02,977:*************************
INFO(138785256621888)2026-02-09 20:26:02,978:deblurring started
WARNING(138785256621888)2026-02-09 20:26:02,978:deblur version 1.1.1 workflow started on /tmp/qiime2/luis/data/f7c241a1-8464-48e5-9026-1cf9a6353058/data/PUF-BOU-3_17_L001_R1_001.fastq.gz
WARNING(138785256621888)2026-02-09 20:26:02,978:parameters: {'seqs_fp': '/tmp/qiime2/luis/data/f7c241a1-8464-48e5-9026-1cf9a6353058/data/PUF-BOU-3_17_L001_R1_001.fastq.gz', 'output_dir': '/tmp/tmpgi6b_2rx', 'pos_ref_fp': ('/tmp/qiime2/luis/data/24c3fd7b-d797-45d8-8c62-edb383bdc88c/data/dna-sequences.fasta',), 'pos_ref_db_fp': ('/tmp/tmpgi6b_2rx/deblur_working_dir/dna-sequences',), 'neg_ref_fp': (), 'neg_ref_db_fp': ('/tmp/tmpgi6b_2rx/deblur_working_dir/artifacts',), 'overwrite': True, 'mean_error': 0.005, 'error_dist': [1.0, 0.06, 0.02, 0.02, 0.01, 0.005, 0.005, 0.005, 0.001, 0.001, 0.001, 0.0005], 'indel_prob': 0.01, 'indel_max': 3, 'trim_length': -1, 'left_trim_length': 0, 'min_reads': 1, 'min_size': 1, 'threads_per_sample': 1, 'keep_tmp_files': True, 'log_level': 2, 'log_file': '/home/luis/Documents/Projects/PUF-PAS_AirDNA/01_QIIME_pt2/01_Deblur/bin/deblur.log', 'jobs_to_start': 1, 'is_worker_thread': True, 'logger': <Logger __main__ (INFO)>}
INFO(138785256621888)2026-02-09 20:26:02,978:error_dist is : [1.0, 0.06, 0.02, 0.02, 0.01, 0.005, 0.005, 0.005, 0.001, 0.001, 0.001, 0.0005]
INFO(138785256621888)2026-02-09 20:26:02,978:deblur worker thread started
INFO(138785256621888)2026-02-09 20:26:02,978:processing per sample fasta files
INFO(138785256621888)2026-02-09 20:26:02,978:--------------------------------------------------------
INFO(138785256621888)2026-02-09 20:26:02,978:launch_workflow for file /tmp/qiime2/luis/data/f7c241a1-8464-48e5-9026-1cf9a6353058/data/PUF-BOU-3_17_L001_R1_001.fastq.gz
INFO(130237255776064)2026-02-09 20:26:03,002:finished processing file
INFO(130237255776064)2026-02-09 20:26:03,002:finished processing per sample fasta files
INFO(130237255776064)2026-02-09 20:26:03,002:worker thread for /tmp/qiime2/luis/data/f7c241a1-8464-48e5-9026-1cf9a6353058/data/PUF-BOT-2_8_L001_R1_001.fastq.gz finished
INFO(138785256621888)2026-02-09 20:26:03,376:dereplicate seqs file /tmp/tmpgi6b_2rx/deblur_working_dir/PUF-BOU-3_17_L001_R1_001.fastq.gz.trim
INFO(138785256621888)2026-02-09 20:26:03,383:remove_artifacts_seqs file /tmp/tmpgi6b_2rx/deblur_working_dir/PUF-BOU-3_17_L001_R1_001.fastq.gz.trim.derep
INFO(138785256621888)2026-02-09 20:26:03,725:total sequences 1068, passing sequences 1068, failing sequences 0
INFO(138785256621888)2026-02-09 20:26:03,725:multiple_sequence_alignment seqs file /tmp/tmpgi6b_2rx/deblur_working_dir/PUF-BOU-3_17_L001_R1_001.fastq.gz.trim.derep.no_artifacts
INFO(130619414214464)2026-02-09 20:26:03,785:*************************
INFO(130619414214464)2026-02-09 20:26:03,785:deblurring started
WARNING(130619414214464)2026-02-09 20:26:03,785:deblur version 1.1.1 workflow started on /tmp/qiime2/luis/data/f7c241a1-8464-48e5-9026-1cf9a6353058/data/PUF-MBO-3_41_L001_R1_001.fastq.gz
WARNING(130619414214464)2026-02-09 20:26:03,785:parameters: {'seqs_fp': '/tmp/qiime2/luis/data/f7c241a1-8464-48e5-9026-1cf9a6353058/data/PUF-MBO-3_41_L001_R1_001.fastq.gz', 'output_dir': '/tmp/tmpgi6b_2rx', 'pos_ref_fp': ('/tmp/qiime2/luis/data/24c3fd7b-d797-45d8-8c62-edb383bdc88c/data/dna-sequences.fasta',), 'pos_ref_db_fp': ('/tmp/tmpgi6b_2rx/deblur_working_dir/dna-sequences',), 'neg_ref_fp': (), 'neg_ref_db_fp': ('/tmp/tmpgi6b_2rx/deblur_working_dir/artifacts',), 'overwrite': True, 'mean_error': 0.005, 'error_dist': [1.0, 0.06, 0.02, 0.02, 0.01, 0.005, 0.005, 0.005, 0.001, 0.001, 0.001, 0.0005], 'indel_prob': 0.01, 'indel_max': 3, 'trim_length': -1, 'left_trim_length': 0, 'min_reads': 1, 'min_size': 1, 'threads_per_sample': 1, 'keep_tmp_files': True, 'log_level': 2, 'log_file': '/home/luis/Documents/Projects/PUF-PAS_AirDNA/01_QIIME_pt2/01_Deblur/bin/deblur.log', 'jobs_to_start': 1, 'is_worker_thread': True, 'logger': <Logger __main__ (INFO)>}
INFO(130619414214464)2026-02-09 20:26:03,785:error_dist is : [1.0, 0.06, 0.02, 0.02, 0.01, 0.005, 0.005, 0.005, 0.001, 0.001, 0.001, 0.0005]
INFO(130619414214464)2026-02-09 20:26:03,785:deblur worker thread started
INFO(130619414214464)2026-02-09 20:26:03,785:processing per sample fasta files
INFO(130619414214464)2026-02-09 20:26:03,785:--------------------------------------------------------
INFO(130619414214464)2026-02-09 20:26:03,785:launch_workflow for file /tmp/qiime2/luis/data/f7c241a1-8464-48e5-9026-1cf9a6353058/data/PUF-MBO-3_41_L001_R1_001.fastq.gz
INFO(130619414214464)2026-02-09 20:26:05,324:dereplicate seqs file /tmp/tmpgi6b_2rx/deblur_working_dir/PUF-MBO-3_41_L001_R1_001.fastq.gz.trim
INFO(130619414214464)2026-02-09 20:26:05,344:remove_artifacts_seqs file /tmp/tmpgi6b_2rx/deblur_working_dir/PUF-MBO-3_41_L001_R1_001.fastq.gz.trim.derep
INFO(130619414214464)2026-02-09 20:26:05,748:total sequences 3513, passing sequences 3513, failing sequences 0
INFO(130619414214464)2026-02-09 20:26:05,748:multiple_sequence_alignment seqs file /tmp/tmpgi6b_2rx/deblur_working_dir/PUF-MBO-3_41_L001_R1_001.fastq.gz.trim.derep.no_artifacts
INFO(128054580451136)2026-02-09 20:26:05,990:665 unique sequences left following deblurring
INFO(128054580451136)2026-02-09 20:26:05,993:remove_chimeras_denovo_from_seqs seqs file /tmp/tmpgi6b_2rx/deblur_working_dir/PUF-MBO-7_44_L001_R1_001.fastq.gz.trim.derep.no_artifacts.msa.deblurto working dir /tmp/tmpgi6b_2rx/deblur_working_dir
INFO(138785256621888)2026-02-09 20:26:06,221:deblurring 1068 sequences
INFO(138785256621888)2026-02-09 20:26:06,407:152 unique sequences left following deblurring
INFO(138785256621888)2026-02-09 20:26:06,408:remove_chimeras_denovo_from_seqs seqs file /tmp/tmpgi6b_2rx/deblur_working_dir/PUF-BOU-3_17_L001_R1_001.fastq.gz.trim.derep.no_artifacts.msa.deblurto working dir /tmp/tmpgi6b_2rx/deblur_working_dir
INFO(128054580451136)2026-02-09 20:26:06,473:finished processing file
INFO(128054580451136)2026-02-09 20:26:06,474:finished processing per sample fasta files
INFO(128054580451136)2026-02-09 20:26:06,474:worker thread for /tmp/qiime2/luis/data/f7c241a1-8464-48e5-9026-1cf9a6353058/data/PUF-MBO-7_44_L001_R1_001.fastq.gz finished
INFO(138785256621888)2026-02-09 20:26:06,504:finished processing file
INFO(138785256621888)2026-02-09 20:26:06,505:finished processing per sample fasta files
INFO(138785256621888)2026-02-09 20:26:06,505:worker thread for /tmp/qiime2/luis/data/f7c241a1-8464-48e5-9026-1cf9a6353058/data/PUF-BOU-3_17_L001_R1_001.fastq.gz finished
INFO(128679414380352)2026-02-09 20:26:07,315:*************************
INFO(128679414380352)2026-02-09 20:26:07,315:deblurring started
WARNING(128679414380352)2026-02-09 20:26:07,315:deblur version 1.1.1 workflow started on /tmp/qiime2/luis/data/f7c241a1-8464-48e5-9026-1cf9a6353058/data/PUF-JD-3_32_L001_R1_001.fastq.gz
WARNING(128679414380352)2026-02-09 20:26:07,316:parameters: {'seqs_fp': '/tmp/qiime2/luis/data/f7c241a1-8464-48e5-9026-1cf9a6353058/data/PUF-JD-3_32_L001_R1_001.fastq.gz', 'output_dir': '/tmp/tmpgi6b_2rx', 'pos_ref_fp': ('/tmp/qiime2/luis/data/24c3fd7b-d797-45d8-8c62-edb383bdc88c/data/dna-sequences.fasta',), 'pos_ref_db_fp': ('/tmp/tmpgi6b_2rx/deblur_working_dir/dna-sequences',), 'neg_ref_fp': (), 'neg_ref_db_fp': ('/tmp/tmpgi6b_2rx/deblur_working_dir/artifacts',), 'overwrite': True, 'mean_error': 0.005, 'error_dist': [1.0, 0.06, 0.02, 0.02, 0.01, 0.005, 0.005, 0.005, 0.001, 0.001, 0.001, 0.0005], 'indel_prob': 0.01, 'indel_max': 3, 'trim_length': -1, 'left_trim_length': 0, 'min_reads': 1, 'min_size': 1, 'threads_per_sample': 1, 'keep_tmp_files': True, 'log_level': 2, 'log_file': '/home/luis/Documents/Projects/PUF-PAS_AirDNA/01_QIIME_pt2/01_Deblur/bin/deblur.log', 'jobs_to_start': 1, 'is_worker_thread': True, 'logger': <Logger __main__ (INFO)>}
INFO(128679414380352)2026-02-09 20:26:07,316:error_dist is : [1.0, 0.06, 0.02, 0.02, 0.01, 0.005, 0.005, 0.005, 0.001, 0.001, 0.001, 0.0005]
INFO(128679414380352)2026-02-09 20:26:07,316:deblur worker thread started
INFO(128679414380352)2026-02-09 20:26:07,316:processing per sample fasta files
INFO(128679414380352)2026-02-09 20:26:07,316:--------------------------------------------------------
INFO(128679414380352)2026-02-09 20:26:07,316:launch_workflow for file /tmp/qiime2/luis/data/f7c241a1-8464-48e5-9026-1cf9a6353058/data/PUF-JD-3_32_L001_R1_001.fastq.gz
INFO(128980039866176)2026-02-09 20:26:07,319:*************************
INFO(128980039866176)2026-02-09 20:26:07,319:deblurring started
WARNING(128980039866176)2026-02-09 20:26:07,319:deblur version 1.1.1 workflow started on /tmp/qiime2/luis/data/f7c241a1-8464-48e5-9026-1cf9a6353058/data/PUF-BOT-1_7_L001_R1_001.fastq.gz
WARNING(128980039866176)2026-02-09 20:26:07,319:parameters: {'seqs_fp': '/tmp/qiime2/luis/data/f7c241a1-8464-48e5-9026-1cf9a6353058/data/PUF-BOT-1_7_L001_R1_001.fastq.gz', 'output_dir': '/tmp/tmpgi6b_2rx', 'pos_ref_fp': ('/tmp/qiime2/luis/data/24c3fd7b-d797-45d8-8c62-edb383bdc88c/data/dna-sequences.fasta',), 'pos_ref_db_fp': ('/tmp/tmpgi6b_2rx/deblur_working_dir/dna-sequences',), 'neg_ref_fp': (), 'neg_ref_db_fp': ('/tmp/tmpgi6b_2rx/deblur_working_dir/artifacts',), 'overwrite': True, 'mean_error': 0.005, 'error_dist': [1.0, 0.06, 0.02, 0.02, 0.01, 0.005, 0.005, 0.005, 0.001, 0.001, 0.001, 0.0005], 'indel_prob': 0.01, 'indel_max': 3, 'trim_length': -1, 'left_trim_length': 0, 'min_reads': 1, 'min_size': 1, 'threads_per_sample': 1, 'keep_tmp_files': True, 'log_level': 2, 'log_file': '/home/luis/Documents/Projects/PUF-PAS_AirDNA/01_QIIME_pt2/01_Deblur/bin/deblur.log', 'jobs_to_start': 1, 'is_worker_thread': True, 'logger': <Logger __main__ (INFO)>}
INFO(128980039866176)2026-02-09 20:26:07,319:error_dist is : [1.0, 0.06, 0.02, 0.02, 0.01, 0.005, 0.005, 0.005, 0.001, 0.001, 0.001, 0.0005]
INFO(128980039866176)2026-02-09 20:26:07,319:deblur worker thread started
INFO(128980039866176)2026-02-09 20:26:07,319:processing per sample fasta files
INFO(128980039866176)2026-02-09 20:26:07,319:--------------------------------------------------------
INFO(128980039866176)2026-02-09 20:26:07,319:launch_workflow for file /tmp/qiime2/luis/data/f7c241a1-8464-48e5-9026-1cf9a6353058/data/PUF-BOT-1_7_L001_R1_001.fastq.gz
INFO(128980039866176)2026-02-09 20:26:07,896:dereplicate seqs file /tmp/tmpgi6b_2rx/deblur_working_dir/PUF-BOT-1_7_L001_R1_001.fastq.gz.trim
INFO(128980039866176)2026-02-09 20:26:07,906:remove_artifacts_seqs file /tmp/tmpgi6b_2rx/deblur_working_dir/PUF-BOT-1_7_L001_R1_001.fastq.gz.trim.derep
INFO(128679414380352)2026-02-09 20:26:07,947:dereplicate seqs file /tmp/tmpgi6b_2rx/deblur_working_dir/PUF-JD-3_32_L001_R1_001.fastq.gz.trim
INFO(128679414380352)2026-02-09 20:26:07,957:remove_artifacts_seqs file /tmp/tmpgi6b_2rx/deblur_working_dir/PUF-JD-3_32_L001_R1_001.fastq.gz.trim.derep
INFO(128980039866176)2026-02-09 20:26:08,268:total sequences 1692, passing sequences 1692, failing sequences 0
INFO(128980039866176)2026-02-09 20:26:08,268:multiple_sequence_alignment seqs file /tmp/tmpgi6b_2rx/deblur_working_dir/PUF-BOT-1_7_L001_R1_001.fastq.gz.trim.derep.no_artifacts
INFO(128679414380352)2026-02-09 20:26:08,318:total sequences 1839, passing sequences 1839, failing sequences 0
INFO(128679414380352)2026-02-09 20:26:08,318:multiple_sequence_alignment seqs file /tmp/tmpgi6b_2rx/deblur_working_dir/PUF-JD-3_32_L001_R1_001.fastq.gz.trim.derep.no_artifacts
INFO(128980039866176)2026-02-09 20:26:13,138:deblurring 1692 sequences
INFO(127273575552832)2026-02-09 20:26:13,278:deblurring 3376 sequences
INFO(128980039866176)2026-02-09 20:26:13,635:260 unique sequences left following deblurring
INFO(128980039866176)2026-02-09 20:26:13,637:remove_chimeras_denovo_from_seqs seqs file /tmp/tmpgi6b_2rx/deblur_working_dir/PUF-BOT-1_7_L001_R1_001.fastq.gz.trim.derep.no_artifacts.msa.deblurto working dir /tmp/tmpgi6b_2rx/deblur_working_dir
INFO(128980039866176)2026-02-09 20:26:13,821:finished processing file
INFO(128980039866176)2026-02-09 20:26:13,822:finished processing per sample fasta files
INFO(128980039866176)2026-02-09 20:26:13,822:worker thread for /tmp/qiime2/luis/data/f7c241a1-8464-48e5-9026-1cf9a6353058/data/PUF-BOT-1_7_L001_R1_001.fastq.gz finished
INFO(128679414380352)2026-02-09 20:26:13,954:deblurring 1839 sequences
INFO(128679414380352)2026-02-09 20:26:14,591:349 unique sequences left following deblurring
INFO(128679414380352)2026-02-09 20:26:14,592:remove_chimeras_denovo_from_seqs seqs file /tmp/tmpgi6b_2rx/deblur_working_dir/PUF-JD-3_32_L001_R1_001.fastq.gz.trim.derep.no_artifacts.msa.deblurto working dir /tmp/tmpgi6b_2rx/deblur_working_dir
INFO(128679414380352)2026-02-09 20:26:14,826:finished processing file
INFO(128679414380352)2026-02-09 20:26:14,827:finished processing per sample fasta files
INFO(128679414380352)2026-02-09 20:26:14,827:worker thread for /tmp/qiime2/luis/data/f7c241a1-8464-48e5-9026-1cf9a6353058/data/PUF-JD-3_32_L001_R1_001.fastq.gz finished
INFO(127273575552832)2026-02-09 20:26:15,295:507 unique sequences left following deblurring
INFO(127273575552832)2026-02-09 20:26:15,297:remove_chimeras_denovo_from_seqs seqs file /tmp/tmpgi6b_2rx/deblur_working_dir/PUF-MBO-6_43_L001_R1_001.fastq.gz.trim.derep.no_artifacts.msa.deblurto working dir /tmp/tmpgi6b_2rx/deblur_working_dir
INFO(127273575552832)2026-02-09 20:26:15,645:finished processing file
INFO(127273575552832)2026-02-09 20:26:15,645:finished processing per sample fasta files
INFO(127273575552832)2026-02-09 20:26:15,645:worker thread for /tmp/qiime2/luis/data/f7c241a1-8464-48e5-9026-1cf9a6353058/data/PUF-MBO-6_43_L001_R1_001.fastq.gz finished
INFO(129950974089024)2026-02-09 20:26:16,403:*************************
INFO(129950974089024)2026-02-09 20:26:16,403:deblurring started
WARNING(129950974089024)2026-02-09 20:26:16,403:deblur version 1.1.1 workflow started on /tmp/qiime2/luis/data/f7c241a1-8464-48e5-9026-1cf9a6353058/data/PUF-BOT-7_12_L001_R1_001.fastq.gz
WARNING(129950974089024)2026-02-09 20:26:16,403:parameters: {'seqs_fp': '/tmp/qiime2/luis/data/f7c241a1-8464-48e5-9026-1cf9a6353058/data/PUF-BOT-7_12_L001_R1_001.fastq.gz', 'output_dir': '/tmp/tmpgi6b_2rx', 'pos_ref_fp': ('/tmp/qiime2/luis/data/24c3fd7b-d797-45d8-8c62-edb383bdc88c/data/dna-sequences.fasta',), 'pos_ref_db_fp': ('/tmp/tmpgi6b_2rx/deblur_working_dir/dna-sequences',), 'neg_ref_fp': (), 'neg_ref_db_fp': ('/tmp/tmpgi6b_2rx/deblur_working_dir/artifacts',), 'overwrite': True, 'mean_error': 0.005, 'error_dist': [1.0, 0.06, 0.02, 0.02, 0.01, 0.005, 0.005, 0.005, 0.001, 0.001, 0.001, 0.0005], 'indel_prob': 0.01, 'indel_max': 3, 'trim_length': -1, 'left_trim_length': 0, 'min_reads': 1, 'min_size': 1, 'threads_per_sample': 1, 'keep_tmp_files': True, 'log_level': 2, 'log_file': '/home/luis/Documents/Projects/PUF-PAS_AirDNA/01_QIIME_pt2/01_Deblur/bin/deblur.log', 'jobs_to_start': 1, 'is_worker_thread': True, 'logger': <Logger __main__ (INFO)>}
INFO(129950974089024)2026-02-09 20:26:16,403:error_dist is : [1.0, 0.06, 0.02, 0.02, 0.01, 0.005, 0.005, 0.005, 0.001, 0.001, 0.001, 0.0005]
INFO(129950974089024)2026-02-09 20:26:16,403:deblur worker thread started
INFO(129950974089024)2026-02-09 20:26:16,403:processing per sample fasta files
INFO(129950974089024)2026-02-09 20:26:16,403:--------------------------------------------------------
INFO(129950974089024)2026-02-09 20:26:16,403:launch_workflow for file /tmp/qiime2/luis/data/f7c241a1-8464-48e5-9026-1cf9a6353058/data/PUF-BOT-7_12_L001_R1_001.fastq.gz
INFO(129950974089024)2026-02-09 20:26:17,432:dereplicate seqs file /tmp/tmpgi6b_2rx/deblur_working_dir/PUF-BOT-7_12_L001_R1_001.fastq.gz.trim
INFO(129950974089024)2026-02-09 20:26:17,447:remove_artifacts_seqs file /tmp/tmpgi6b_2rx/deblur_working_dir/PUF-BOT-7_12_L001_R1_001.fastq.gz.trim.derep
INFO(129950974089024)2026-02-09 20:26:17,825:total sequences 2877, passing sequences 2877, failing sequences 0
INFO(129950974089024)2026-02-09 20:26:17,825:multiple_sequence_alignment seqs file /tmp/tmpgi6b_2rx/deblur_working_dir/PUF-BOT-7_12_L001_R1_001.fastq.gz.trim.derep.no_artifacts
INFO(130619414214464)2026-02-09 20:26:20,914:deblurring 3513 sequences
INFO(133090432616256)2026-02-09 20:26:21,991:deblurring 4004 sequences
INFO(130619414214464)2026-02-09 20:26:23,117:584 unique sequences left following deblurring
INFO(130619414214464)2026-02-09 20:26:23,120:remove_chimeras_denovo_from_seqs seqs file /tmp/tmpgi6b_2rx/deblur_working_dir/PUF-MBO-3_41_L001_R1_001.fastq.gz.trim.derep.no_artifacts.msa.deblurto working dir /tmp/tmpgi6b_2rx/deblur_working_dir
INFO(130619414214464)2026-02-09 20:26:23,527:finished processing file
INFO(130619414214464)2026-02-09 20:26:23,527:finished processing per sample fasta files
INFO(130619414214464)2026-02-09 20:26:23,527:worker thread for /tmp/qiime2/luis/data/f7c241a1-8464-48e5-9026-1cf9a6353058/data/PUF-MBO-3_41_L001_R1_001.fastq.gz finished
INFO(133090432616256)2026-02-09 20:26:23,653:373 unique sequences left following deblurring
INFO(133090432616256)2026-02-09 20:26:23,655:remove_chimeras_denovo_from_seqs seqs file /tmp/tmpgi6b_2rx/deblur_working_dir/PUF-IPEX-4_25_L001_R1_001.fastq.gz.trim.derep.no_artifacts.msa.deblurto working dir /tmp/tmpgi6b_2rx/deblur_working_dir
INFO(133090432616256)2026-02-09 20:26:23,942:finished processing file
INFO(133090432616256)2026-02-09 20:26:23,942:finished processing per sample fasta files
INFO(133090432616256)2026-02-09 20:26:23,942:worker thread for /tmp/qiime2/luis/data/f7c241a1-8464-48e5-9026-1cf9a6353058/data/PUF-IPEX-4_25_L001_R1_001.fastq.gz finished
INFO(136195293972288)2026-02-09 20:26:24,305:*************************
INFO(136195293972288)2026-02-09 20:26:24,305:deblurring started
WARNING(136195293972288)2026-02-09 20:26:24,305:deblur version 1.1.1 workflow started on /tmp/qiime2/luis/data/f7c241a1-8464-48e5-9026-1cf9a6353058/data/PUF-BOT-4_9_L001_R1_001.fastq.gz
WARNING(136195293972288)2026-02-09 20:26:24,306:parameters: {'seqs_fp': '/tmp/qiime2/luis/data/f7c241a1-8464-48e5-9026-1cf9a6353058/data/PUF-BOT-4_9_L001_R1_001.fastq.gz', 'output_dir': '/tmp/tmpgi6b_2rx', 'pos_ref_fp': ('/tmp/qiime2/luis/data/24c3fd7b-d797-45d8-8c62-edb383bdc88c/data/dna-sequences.fasta',), 'pos_ref_db_fp': ('/tmp/tmpgi6b_2rx/deblur_working_dir/dna-sequences',), 'neg_ref_fp': (), 'neg_ref_db_fp': ('/tmp/tmpgi6b_2rx/deblur_working_dir/artifacts',), 'overwrite': True, 'mean_error': 0.005, 'error_dist': [1.0, 0.06, 0.02, 0.02, 0.01, 0.005, 0.005, 0.005, 0.001, 0.001, 0.001, 0.0005], 'indel_prob': 0.01, 'indel_max': 3, 'trim_length': -1, 'left_trim_length': 0, 'min_reads': 1, 'min_size': 1, 'threads_per_sample': 1, 'keep_tmp_files': True, 'log_level': 2, 'log_file': '/home/luis/Documents/Projects/PUF-PAS_AirDNA/01_QIIME_pt2/01_Deblur/bin/deblur.log', 'jobs_to_start': 1, 'is_worker_thread': True, 'logger': <Logger __main__ (INFO)>}
INFO(136195293972288)2026-02-09 20:26:24,306:error_dist is : [1.0, 0.06, 0.02, 0.02, 0.01, 0.005, 0.005, 0.005, 0.001, 0.001, 0.001, 0.0005]
INFO(136195293972288)2026-02-09 20:26:24,306:deblur worker thread started
INFO(136195293972288)2026-02-09 20:26:24,306:processing per sample fasta files
INFO(136195293972288)2026-02-09 20:26:24,306:--------------------------------------------------------
INFO(136195293972288)2026-02-09 20:26:24,306:launch_workflow for file /tmp/qiime2/luis/data/f7c241a1-8464-48e5-9026-1cf9a6353058/data/PUF-BOT-4_9_L001_R1_001.fastq.gz
INFO(126909706467136)2026-02-09 20:26:24,689:*************************
INFO(126909706467136)2026-02-09 20:26:24,689:deblurring started
WARNING(126909706467136)2026-02-09 20:26:24,689:deblur version 1.1.1 workflow started on /tmp/qiime2/luis/data/f7c241a1-8464-48e5-9026-1cf9a6353058/data/PUF-BOU-1_15_L001_R1_001.fastq.gz
WARNING(126909706467136)2026-02-09 20:26:24,689:parameters: {'seqs_fp': '/tmp/qiime2/luis/data/f7c241a1-8464-48e5-9026-1cf9a6353058/data/PUF-BOU-1_15_L001_R1_001.fastq.gz', 'output_dir': '/tmp/tmpgi6b_2rx', 'pos_ref_fp': ('/tmp/qiime2/luis/data/24c3fd7b-d797-45d8-8c62-edb383bdc88c/data/dna-sequences.fasta',), 'pos_ref_db_fp': ('/tmp/tmpgi6b_2rx/deblur_working_dir/dna-sequences',), 'neg_ref_fp': (), 'neg_ref_db_fp': ('/tmp/tmpgi6b_2rx/deblur_working_dir/artifacts',), 'overwrite': True, 'mean_error': 0.005, 'error_dist': [1.0, 0.06, 0.02, 0.02, 0.01, 0.005, 0.005, 0.005, 0.001, 0.001, 0.001, 0.0005], 'indel_prob': 0.01, 'indel_max': 3, 'trim_length': -1, 'left_trim_length': 0, 'min_reads': 1, 'min_size': 1, 'threads_per_sample': 1, 'keep_tmp_files': True, 'log_level': 2, 'log_file': '/home/luis/Documents/Projects/PUF-PAS_AirDNA/01_QIIME_pt2/01_Deblur/bin/deblur.log', 'jobs_to_start': 1, 'is_worker_thread': True, 'logger': <Logger __main__ (INFO)>}
INFO(126909706467136)2026-02-09 20:26:24,689:error_dist is : [1.0, 0.06, 0.02, 0.02, 0.01, 0.005, 0.005, 0.005, 0.001, 0.001, 0.001, 0.0005]
INFO(126909706467136)2026-02-09 20:26:24,689:deblur worker thread started
INFO(126909706467136)2026-02-09 20:26:24,689:processing per sample fasta files
INFO(126909706467136)2026-02-09 20:26:24,689:--------------------------------------------------------
INFO(126909706467136)2026-02-09 20:26:24,689:launch_workflow for file /tmp/qiime2/luis/data/f7c241a1-8464-48e5-9026-1cf9a6353058/data/PUF-BOU-1_15_L001_R1_001.fastq.gz
INFO(136195293972288)2026-02-09 20:26:24,718:dereplicate seqs file /tmp/tmpgi6b_2rx/deblur_working_dir/PUF-BOT-4_9_L001_R1_001.fastq.gz.trim
INFO(136195293972288)2026-02-09 20:26:24,726:remove_artifacts_seqs file /tmp/tmpgi6b_2rx/deblur_working_dir/PUF-BOT-4_9_L001_R1_001.fastq.gz.trim.derep
INFO(126909706467136)2026-02-09 20:26:24,767:dereplicate seqs file /tmp/tmpgi6b_2rx/deblur_working_dir/PUF-BOU-1_15_L001_R1_001.fastq.gz.trim
INFO(126909706467136)2026-02-09 20:26:24,771:remove_artifacts_seqs file /tmp/tmpgi6b_2rx/deblur_working_dir/PUF-BOU-1_15_L001_R1_001.fastq.gz.trim.derep
INFO(136195293972288)2026-02-09 20:26:25,058:total sequences 1161, passing sequences 1161, failing sequences 0
INFO(136195293972288)2026-02-09 20:26:25,058:multiple_sequence_alignment seqs file /tmp/tmpgi6b_2rx/deblur_working_dir/PUF-BOT-4_9_L001_R1_001.fastq.gz.trim.derep.no_artifacts
INFO(126909706467136)2026-02-09 20:26:25,071:total sequences 244, passing sequences 244, failing sequences 0
INFO(126909706467136)2026-02-09 20:26:25,071:multiple_sequence_alignment seqs file /tmp/tmpgi6b_2rx/deblur_working_dir/PUF-BOU-1_15_L001_R1_001.fastq.gz.trim.derep.no_artifacts
INFO(126909706467136)2026-02-09 20:26:27,152:deblurring 244 sequences
INFO(126909706467136)2026-02-09 20:26:27,175:87 unique sequences left following deblurring
INFO(126909706467136)2026-02-09 20:26:27,176:remove_chimeras_denovo_from_seqs seqs file /tmp/tmpgi6b_2rx/deblur_working_dir/PUF-BOU-1_15_L001_R1_001.fastq.gz.trim.derep.no_artifacts.msa.deblurto working dir /tmp/tmpgi6b_2rx/deblur_working_dir
INFO(126909706467136)2026-02-09 20:26:27,231:finished processing file
INFO(126909706467136)2026-02-09 20:26:27,231:finished processing per sample fasta files
INFO(126909706467136)2026-02-09 20:26:27,231:worker thread for /tmp/qiime2/luis/data/f7c241a1-8464-48e5-9026-1cf9a6353058/data/PUF-BOU-1_15_L001_R1_001.fastq.gz finished
INFO(136195293972288)2026-02-09 20:26:27,797:deblurring 1161 sequences
INFO(136195293972288)2026-02-09 20:26:28,050:216 unique sequences left following deblurring
INFO(136195293972288)2026-02-09 20:26:28,051:remove_chimeras_denovo_from_seqs seqs file /tmp/tmpgi6b_2rx/deblur_working_dir/PUF-BOT-4_9_L001_R1_001.fastq.gz.trim.derep.no_artifacts.msa.deblurto working dir /tmp/tmpgi6b_2rx/deblur_working_dir
INFO(136195293972288)2026-02-09 20:26:28,190:finished processing file
INFO(136195293972288)2026-02-09 20:26:28,190:finished processing per sample fasta files
INFO(136195293972288)2026-02-09 20:26:28,190:worker thread for /tmp/qiime2/luis/data/f7c241a1-8464-48e5-9026-1cf9a6353058/data/PUF-BOT-4_9_L001_R1_001.fastq.gz finished
INFO(129950974089024)2026-02-09 20:26:28,339:deblurring 2877 sequences
INFO(129950974089024)2026-02-09 20:26:29,270:343 unique sequences left following deblurring
INFO(129950974089024)2026-02-09 20:26:29,272:remove_chimeras_denovo_from_seqs seqs file /tmp/tmpgi6b_2rx/deblur_working_dir/PUF-BOT-7_12_L001_R1_001.fastq.gz.trim.derep.no_artifacts.msa.deblurto working dir /tmp/tmpgi6b_2rx/deblur_working_dir
INFO(129950974089024)2026-02-09 20:26:29,488:finished processing file
INFO(129950974089024)2026-02-09 20:26:29,488:finished processing per sample fasta files
INFO(129950974089024)2026-02-09 20:26:29,488:worker thread for /tmp/qiime2/luis/data/f7c241a1-8464-48e5-9026-1cf9a6353058/data/PUF-BOT-7_12_L001_R1_001.fastq.gz finished
INFO(128893734766400)2026-02-09 20:26:32,057:deblurring 5217 sequences
INFO(128893734766400)2026-02-09 20:26:34,414:514 unique sequences left following deblurring
INFO(128893734766400)2026-02-09 20:26:34,417:remove_chimeras_denovo_from_seqs seqs file /tmp/tmpgi6b_2rx/deblur_working_dir/PUF-IPEX-5_26_L001_R1_001.fastq.gz.trim.derep.no_artifacts.msa.deblurto working dir /tmp/tmpgi6b_2rx/deblur_working_dir
INFO(128893734766400)2026-02-09 20:26:34,735:finished processing file
INFO(128893734766400)2026-02-09 20:26:34,735:finished processing per sample fasta files
INFO(128893734766400)2026-02-09 20:26:34,735:worker thread for /tmp/qiime2/luis/data/f7c241a1-8464-48e5-9026-1cf9a6353058/data/PUF-IPEX-5_26_L001_R1_001.fastq.gz finished
INFO(131378573109056)2026-02-09 20:26:35,357:*************************
INFO(131378573109056)2026-02-09 20:26:35,358:deblurring started
WARNING(131378573109056)2026-02-09 20:26:35,358:deblur version 1.1.1 workflow started on /tmp/qiime2/luis/data/f7c241a1-8464-48e5-9026-1cf9a6353058/data/PUF-BOU-6_20_L001_R1_001.fastq.gz
WARNING(131378573109056)2026-02-09 20:26:35,358:parameters: {'seqs_fp': '/tmp/qiime2/luis/data/f7c241a1-8464-48e5-9026-1cf9a6353058/data/PUF-BOU-6_20_L001_R1_001.fastq.gz', 'output_dir': '/tmp/tmpgi6b_2rx', 'pos_ref_fp': ('/tmp/qiime2/luis/data/24c3fd7b-d797-45d8-8c62-edb383bdc88c/data/dna-sequences.fasta',), 'pos_ref_db_fp': ('/tmp/tmpgi6b_2rx/deblur_working_dir/dna-sequences',), 'neg_ref_fp': (), 'neg_ref_db_fp': ('/tmp/tmpgi6b_2rx/deblur_working_dir/artifacts',), 'overwrite': True, 'mean_error': 0.005, 'error_dist': [1.0, 0.06, 0.02, 0.02, 0.01, 0.005, 0.005, 0.005, 0.001, 0.001, 0.001, 0.0005], 'indel_prob': 0.01, 'indel_max': 3, 'trim_length': -1, 'left_trim_length': 0, 'min_reads': 1, 'min_size': 1, 'threads_per_sample': 1, 'keep_tmp_files': True, 'log_level': 2, 'log_file': '/home/luis/Documents/Projects/PUF-PAS_AirDNA/01_QIIME_pt2/01_Deblur/bin/deblur.log', 'jobs_to_start': 1, 'is_worker_thread': True, 'logger': <Logger __main__ (INFO)>}
INFO(131378573109056)2026-02-09 20:26:35,358:error_dist is : [1.0, 0.06, 0.02, 0.02, 0.01, 0.005, 0.005, 0.005, 0.001, 0.001, 0.001, 0.0005]
INFO(131378573109056)2026-02-09 20:26:35,358:deblur worker thread started
INFO(131378573109056)2026-02-09 20:26:35,358:processing per sample fasta files
INFO(131378573109056)2026-02-09 20:26:35,358:--------------------------------------------------------
INFO(131378573109056)2026-02-09 20:26:35,358:launch_workflow for file /tmp/qiime2/luis/data/f7c241a1-8464-48e5-9026-1cf9a6353058/data/PUF-BOU-6_20_L001_R1_001.fastq.gz
INFO(131378573109056)2026-02-09 20:26:35,777:dereplicate seqs file /tmp/tmpgi6b_2rx/deblur_working_dir/PUF-BOU-6_20_L001_R1_001.fastq.gz.trim
INFO(131378573109056)2026-02-09 20:26:35,784:remove_artifacts_seqs file /tmp/tmpgi6b_2rx/deblur_working_dir/PUF-BOU-6_20_L001_R1_001.fastq.gz.trim.derep
INFO(131378573109056)2026-02-09 20:26:36,080:total sequences 1383, passing sequences 1383, failing sequences 0
INFO(131378573109056)2026-02-09 20:26:36,080:multiple_sequence_alignment seqs file /tmp/tmpgi6b_2rx/deblur_working_dir/PUF-BOU-6_20_L001_R1_001.fastq.gz.trim.derep.no_artifacts
INFO(131378573109056)2026-02-09 20:26:39,354:deblurring 1383 sequences
INFO(131378573109056)2026-02-09 20:26:39,659:245 unique sequences left following deblurring
INFO(131378573109056)2026-02-09 20:26:39,660:remove_chimeras_denovo_from_seqs seqs file /tmp/tmpgi6b_2rx/deblur_working_dir/PUF-BOU-6_20_L001_R1_001.fastq.gz.trim.derep.no_artifacts.msa.deblurto working dir /tmp/tmpgi6b_2rx/deblur_working_dir
INFO(131378573109056)2026-02-09 20:26:39,805:finished processing file
INFO(131378573109056)2026-02-09 20:26:39,805:finished processing per sample fasta files
INFO(131378573109056)2026-02-09 20:26:39,805:worker thread for /tmp/qiime2/luis/data/f7c241a1-8464-48e5-9026-1cf9a6353058/data/PUF-BOU-6_20_L001_R1_001.fastq.gz finished
INFO(131930900404032)2026-02-09 20:26:39,924:create_otu_table for 48 samples, into output table /tmp/tmpgi6b_2rx/all.biom
INFO(131930900404032)2026-02-09 20:26:40,175:for output biom table loaded 48 samples, 7227 unique sequences
INFO(131930900404032)2026-02-09 20:26:40,178:keeping 7227 (out of 7227 sequences) with >=1 reads
INFO(131930900404032)2026-02-09 20:26:40,263:saved to biom file /tmp/tmpgi6b_2rx/all.biom
INFO(131930900404032)2026-02-09 20:26:40,272:saved sequence fasta file to /tmp/tmpgi6b_2rx/all.seqs.fa
INFO(131930900404032)2026-02-09 20:26:40,274:getting 16s sequences from the biom table
INFO(131930900404032)2026-02-09 20:26:40,274:remove_artifacts_seqs file /tmp/tmpgi6b_2rx/all.seqs.fa
INFO(131930900404032)2026-02-09 20:33:16,460:total sequences 7227, passing sequences 6837, failing sequences 390
WARNING(131930900404032)2026-02-09 20:33:16,539:removed 7 samples with reads per sample<1
INFO(131930900404032)2026-02-09 20:33:16,543:wrote artifact only filtered biom table to /tmp/tmpgi6b_2rx/reference-non-hit.biom
INFO(131930900404032)2026-02-09 20:33:16,543:saved biom table sequences to fasta file /tmp/tmpgi6b_2rx/reference-non-hit.seqs.fa
INFO(131930900404032)2026-02-09 20:33:16,574:wrote 16s filtered biom table to /tmp/tmpgi6b_2rx/reference-hit.biom
INFO(131930900404032)2026-02-09 20:33:16,584:saved biom table sequences to fasta file /tmp/tmpgi6b_2rx/reference-hit.seqs.fa
INFO(131930900404032)2026-02-09 20:33:16,586:Keeping temp files
INFO(131930900404032)2026-02-09 20:33:16,586:deblur workflow finished
INFO(131930900404032)2026-02-09 20:33:16,586:output saved to /tmp/tmpgi6b_2rx/all.biom
INFO(131930900404032)2026-02-09 20:33:16,586:------------------
