"Library","Sample","ID_order","site","from","to","Feature.ID","Confidence","Reads","k","p","c","o","f","g","s"
"pt1","PUF.IPEX.3","PUF_IPEX_03","IPEX","12/06/2024","26/06/2024","947d103d0e3192467b5fda6ff37e7146","0.99999999518738",9576,"Metazoa_33208","Arthropoda_6656","Arachnida_6854","Araneae_6893","Araneidae_6913","Larinioides_280405","Larinioides_sclopetarius_280406"
"pt1","PUF.IPEX.3","PUF_IPEX_03","IPEX","12/06/2024","26/06/2024","b43d19c6734061aba20cde4334b0c772","0.933623859448047",1099,"Fungi_4751","Ascomycota_4890","Dothideomycetes_147541","Cladosporiales_2726946","Cladosporiaceae_452563","Cladosporium_5498","Cladosporium_bruhnei_450181"
"pt1","PUF.IPEX.3","PUF_IPEX_03","IPEX","12/06/2024","26/06/2024","efbf72a920a03347f6407072b84a43f9","0.999459556668486",407,"Fungi_4751","Basidiomycota_5204","Agaricomycetes_155619","Russulales_452342","Peniophoraceae_103393","Peniophora_40463","Peniophora_lycii_154539"
"pt1","PUF.IPEX.3","PUF_IPEX_03","IPEX","12/06/2024","26/06/2024","7f182575baad2d44cbddc0244753a1f5","0.999999999346173",275,"Eukaryota_2759_kingdom","Oomycota_4762","Oomycota_4762_class","Peronosporales_4776","Peronosporaceae_4777","Plasmopara_4780","Plasmopara_carveri_3350122"
"pt1","PUF.IPEX.3","PUF_IPEX_03","IPEX","12/06/2024","26/06/2024","e2acd4fdce2163d8d0e1baaff3074f01","0.818321206370973",270,"Metazoa_33208","Arthropoda_6656","Arachnida_6854","Araneae_6893","Araneidae_6913","Larinioides_280405",NA
"pt1","PUF.IPEX.3","PUF_IPEX_03","IPEX","12/06/2024","26/06/2024","53814ac04567f8e2287c46b0b52f47f1","0.851549716705765",183,"Fungi_4751","Ascomycota_4890","Dothideomycetes_147541",NA,NA,NA,NA
"pt1","PUF.IPEX.3","PUF_IPEX_03","IPEX","12/06/2024","26/06/2024","0c11abb10ca8c4ca6a9466f89d510f2e","0.907238614804815",174,"Metazoa_33208","Arthropoda_6656","Insecta_50557","Hemiptera_7524","Pentatomidae_160513","Glypsus_-21471","Glypsus_conspicuus_-21472"
"pt1","PUF.BOU.7","PUF_BOU_07","Boucherville","19/08/2024","02/09/2024","53814ac04567f8e2287c46b0b52f47f1","0.851549716705765",56,"Fungi_4751","Ascomycota_4890","Dothideomycetes_147541",NA,NA,NA,NA
"pt1","PUF.BOU.7","PUF_BOU_07","Boucherville","19/08/2024","02/09/2024","0c11abb10ca8c4ca6a9466f89d510f2e","0.907238614804815",92,"Metazoa_33208","Arthropoda_6656","Insecta_50557","Hemiptera_7524","Pentatomidae_160513","Glypsus_-21471","Glypsus_conspicuus_-21472"
"pt1","PUF.BOU.7","PUF_BOU_07","Boucherville","19/08/2024","02/09/2024","0d1a483ebd4773116542454b0cc1a266","0.88739453904822",184,"Fungi_4751","Ascomycota_4890","Sordariomycetes_147550",NA,NA,NA,NA
"pt1","PUF.BOU.7","PUF_BOU_07","Boucherville","19/08/2024","02/09/2024","186655c711d9c22435d048944254d180","0.999918046946559",20,"Fungi_4751","Basidiomycota_5204","Agaricomycetes_155619","Russulales_452342","Peniophoraceae_103393","Peniophora_40463","Peniophora_lycii_154539"
"pt1","PUF.BOU.7","PUF_BOU_07","Boucherville","19/08/2024","02/09/2024","eec2170a8f2d0cd7dc3a18841a1ea5c7","0.999999999699554",112,"Fungi_4751","Basidiomycota_5204","Exobasidiomycetes_452283","Microstromatales_162475",NA,NA,NA
"pt1","PUF.BOU.7","PUF_BOU_07","Boucherville","19/08/2024","02/09/2024","bec08d51eb66022d7172c03768d5fd5d","0.937210778414611",21,"Fungi_4751","Ascomycota_4890","Dothideomycetes_147541","Cladosporiales_2726946","Cladosporiaceae_452563","Cladosporium_5498","Cladosporium_cladosporioides_29917"
"pt1","PUF.BOU.7","PUF_BOU_07","Boucherville","19/08/2024","02/09/2024","589974931988706a852f1bb2c5aa12dc","0.814574741442148",26,"Fungi_4751","Basidiomycota_5204","Exobasidiomycetes_452283","Microstromatales_162475","Microstromatales_162475_family","Jaminaea_561108",NA
"pt1","PUF.BOU.7","PUF_BOU_07","Boucherville","19/08/2024","02/09/2024","a3612a98863d0cb2a0423fb56a0bef70","0.670862072239708",60,"Metazoa_33208","Chordata_7711","Mammalia_40674","Artiodactyla_91561","Bovidae_9895","Bos_9903","Bos_taurus_9913"
"pt1","PUF.BOU.7","PUF_BOU_07","Boucherville","19/08/2024","02/09/2024","537c1cbbbf0cd94f59e6616e090f51f7","0.968283922612581",63,"Fungi_4751","Ascomycota_4890","Leotiomycetes_147548",NA,NA,NA,NA
"pt1","PUF.BOU.7","PUF_BOU_07","Boucherville","19/08/2024","02/09/2024","f7718bbdbd503a21d2692b3b333490cb","0.55302161898262",57,"Fungi_4751","Basidiomycota_5204","Exobasidiomycetes_452283","Microstromatales_162475","Microstromatales_162475_family","Jaminaea_561108",NA
"pt1","PUF.BOU.7","PUF_BOU_07","Boucherville","19/08/2024","02/09/2024","000bd972d687c52e8b047ae9b1ab4087","0.978353638425837",53,"Metazoa_33208","Arthropoda_6656","Collembola_30001","Symphypleona_79705","Bourletiellidae_187607","Deuterosminthurus_1304590","Deuterosminthurus_bicinctus_2041938"
"pt1","PUF.BOU.7","PUF_BOU_07","Boucherville","19/08/2024","02/09/2024","afb94828a83235f617d67b54fe89fe79","0.373408909311144",48,"Fungi_4751","Basidiomycota_5204","Pucciniomycetes_162484","Pucciniales_5258","Melampsoraceae_5259","Melampsora_5260","Melampsora_medusae_82101"
"pt1","PUF.BOU.7","PUF_BOU_07","Boucherville","19/08/2024","02/09/2024","5580961b9a41be03abce5562553ec49c","0.419336811656045",39,"Metazoa_33208","Arthropoda_6656","Arachnida_6854",NA,NA,NA,NA
"pt1","PUF.BOU.7","PUF_BOU_07","Boucherville","19/08/2024","02/09/2024","42a334b44b84641c69386150c7cde441","0.975711405297424",34,"Fungi_4751","Ascomycota_4890","Leotiomycetes_147548",NA,NA,NA,NA
"pt1","PUF.BOU.7","PUF_BOU_07","Boucherville","19/08/2024","02/09/2024","c188bae2ea531ea23b6e9697d793e886","0.499999928585315",33,"Fungi_4751","Basidiomycota_5204","Microbotryomycetes_162481","Sporidiobolales_231213","Sporidiobolaceae_1799696",NA,NA
"pt1","PUF.BOU.7","PUF_BOU_07","Boucherville","19/08/2024","02/09/2024","ae467d204456103bc0262e65b5710bf3","0.969881597900368",30,"Fungi_4751","Ascomycota_4890","Leotiomycetes_147548",NA,NA,NA,NA
"pt1","PUF.BOU.7","PUF_BOU_07","Boucherville","19/08/2024","02/09/2024","2afb061e0ca58eb4eeec07e8e46746ae","0.339606274753171",24,"Metazoa_33208","Mollusca_6447","Gastropoda_6448",NA,NA,NA,NA
"pt1","PUF.BOU.7","PUF_BOU_07","Boucherville","19/08/2024","02/09/2024","a4ce6cfe96b9ce0ad304803934790435","0.505582624946131",20,"Fungi_4751","Basidiomycota_5204","Exobasidiomycetes_452283","Microstromatales_162475",NA,NA,NA
"pt1","PUF.BOU.7","PUF_BOU_07","Boucherville","19/08/2024","02/09/2024","b3a298b6b16a5d32bd1ba8c64c3d64d7","0.758196564130766",20,"Fungi_4751","Ascomycota_4890","Dothideomycetes_147541","Pleosporales_92860","Shiraiaceae_224418","Shiraia_224419","Shiraia_bambusicola_224420"
"pt1","PUF.BOU.7","PUF_BOU_07","Boucherville","19/08/2024","02/09/2024","24e6afde065c6d5c729886e1ee63f7ad","0.499999972166463",20,"Fungi_4751","Basidiomycota_5204","Microbotryomycetes_162481","Sporidiobolales_231213","Sporidiobolaceae_1799696",NA,NA
"pt1","PUF.BOU.7","PUF_BOU_07","Boucherville","19/08/2024","02/09/2024","e1075be938bdad2c9af1b215f6c68944","0.676000852986078",15,"Metazoa_33208","Arthropoda_6656","Arachnida_6854",NA,NA,NA,NA
"pt1","PUF.BOU.7","PUF_BOU_07","Boucherville","19/08/2024","02/09/2024","8a5b522cd0043aaa3825c3c09e12a89a","0.452958919690598",14,"Fungi_4751","Basidiomycota_5204","Agaricomycetes_155619","Agaricales_5338","Clitocybaceae_2982168","Clitocybe_50966",NA
"pt1","PUF.BOU.7","PUF_BOU_07","Boucherville","19/08/2024","02/09/2024","0defe652e22096a2ebe5ee2a18d13a11","0.75746274007388",14,"Fungi_4751","Ascomycota_4890","Sordariomycetes_147550",NA,NA,NA,NA
"pt1","PUF.BOU.7","PUF_BOU_07","Boucherville","19/08/2024","02/09/2024","661dd3221faca2cc45ae8c60bcb085f7","0.499999956075045",13,"Fungi_4751","Basidiomycota_5204","Microbotryomycetes_162481","Sporidiobolales_231213","Sporidiobolaceae_1799696",NA,NA
"pt1","PUF.BOU.7","PUF_BOU_07","Boucherville","19/08/2024","02/09/2024","18afda2e4c3b03e088538500a42aa706","0.14863927909265",13,"Metazoa_33208","Cnidaria_6073",NA,NA,NA,NA,NA
"pt1","PUF.MBO.4","PUF_MBO_04","Bird Observatory","01/07/2024","15/07/2024","b43d19c6734061aba20cde4334b0c772","0.933623859448047",1115,"Fungi_4751","Ascomycota_4890","Dothideomycetes_147541","Cladosporiales_2726946","Cladosporiaceae_452563","Cladosporium_5498","Cladosporium_bruhnei_450181"
"pt1","PUF.MBO.4","PUF_MBO_04","Bird Observatory","01/07/2024","15/07/2024","efbf72a920a03347f6407072b84a43f9","0.999459556668486",552,"Fungi_4751","Basidiomycota_5204","Agaricomycetes_155619","Russulales_452342","Peniophoraceae_103393","Peniophora_40463","Peniophora_lycii_154539"
"pt1","PUF.MBO.4","PUF_MBO_04","Bird Observatory","01/07/2024","15/07/2024","0c11abb10ca8c4ca6a9466f89d510f2e","0.907238614804815",398,"Metazoa_33208","Arthropoda_6656","Insecta_50557","Hemiptera_7524","Pentatomidae_160513","Glypsus_-21471","Glypsus_conspicuus_-21472"
"pt1","PUF.MBO.4","PUF_MBO_04","Bird Observatory","01/07/2024","15/07/2024","0d1a483ebd4773116542454b0cc1a266","0.88739453904822",519,"Fungi_4751","Ascomycota_4890","Sordariomycetes_147550",NA,NA,NA,NA
"pt1","PUF.MBO.4","PUF_MBO_04","Bird Observatory","01/07/2024","15/07/2024","eec2170a8f2d0cd7dc3a18841a1ea5c7","0.999999999699554",5325,"Fungi_4751","Basidiomycota_5204","Exobasidiomycetes_452283","Microstromatales_162475",NA,NA,NA
"pt1","PUF.MBO.4","PUF_MBO_04","Bird Observatory","01/07/2024","15/07/2024","bec08d51eb66022d7172c03768d5fd5d","0.937210778414611",183,"Fungi_4751","Ascomycota_4890","Dothideomycetes_147541","Cladosporiales_2726946","Cladosporiaceae_452563","Cladosporium_5498","Cladosporium_cladosporioides_29917"
"pt1","PUF.MBO.4","PUF_MBO_04","Bird Observatory","01/07/2024","15/07/2024","589974931988706a852f1bb2c5aa12dc","0.814574741442148",1311,"Fungi_4751","Basidiomycota_5204","Exobasidiomycetes_452283","Microstromatales_162475","Microstromatales_162475_family","Jaminaea_561108",NA
"pt1","PUF.MBO.4","PUF_MBO_04","Bird Observatory","01/07/2024","15/07/2024","a3612a98863d0cb2a0423fb56a0bef70","0.670862072239708",308,"Metazoa_33208","Chordata_7711","Mammalia_40674","Artiodactyla_91561","Bovidae_9895","Bos_9903","Bos_taurus_9913"
"pt1","PUF.MBO.4","PUF_MBO_04","Bird Observatory","01/07/2024","15/07/2024","5580961b9a41be03abce5562553ec49c","0.419336811656045",244,"Metazoa_33208","Arthropoda_6656","Arachnida_6854",NA,NA,NA,NA
"pt1","PUF.MBO.4","PUF_MBO_04","Bird Observatory","01/07/2024","15/07/2024","42a334b44b84641c69386150c7cde441","0.975711405297424",216,"Fungi_4751","Ascomycota_4890","Leotiomycetes_147548",NA,NA,NA,NA
"pt1","PUF.MBO.4","PUF_MBO_04","Bird Observatory","01/07/2024","15/07/2024","893a317ff25f3be600989440e8428424","0.992719513159888",161,"Fungi_4751","Basidiomycota_5204","Agaricomycetes_155619","Agaricales_5338","Schizophyllaceae_5332","Schizophyllum_5333","Schizophyllum_commune_5334"
"pt1","PUF.MBO.4","PUF_MBO_04","Bird Observatory","01/07/2024","15/07/2024","757ecae2e601e8cb8f983ac712833b60","0.662704638933771",694,"Fungi_4751","Ascomycota_4890","Sordariomycetes_147550",NA,NA,NA,NA
"pt1","PUF.MBO.4","PUF_MBO_04","Bird Observatory","01/07/2024","15/07/2024","855c2fab8cc20bbb6ccd9f90e7c5baff","0.468910821012382",1385,"Fungi_4751","Ascomycota_4890","Leotiomycetes_147548",NA,NA,NA,NA
"pt1","PUF.MBO.4","PUF_MBO_04","Bird Observatory","01/07/2024","15/07/2024","6a6cea84fad711c9cce5a727d388e1c1","0.991786570915145",226,"Fungi_4751","Ascomycota_4890","Leotiomycetes_147548",NA,NA,NA,NA
"pt1","PUF.MBO.4","PUF_MBO_04","Bird Observatory","01/07/2024","15/07/2024","b19032388a05684f63f247bf087d65e3","0.498561244029647",218,"Fungi_4751","Basidiomycota_5204","Exobasidiomycetes_452283","Microstromatales_162475",NA,NA,NA
"pt1","PUF.MBO.4","PUF_MBO_04","Bird Observatory","01/07/2024","15/07/2024","a9649dc75c437494ef47fb5c4191b00f","0.499632601664568",185,"Fungi_4751","Mucoromycota_1913637","Mucoromycetes_2212703","Mucorales_4827","Lichtheimiaceae_499202","Lichtheimia_688353","Lichtheimia_hongkongensis_549293"
"pt1","PUF.BOT.3","PUF_BOT_03","Botanical Garden","24/06/2024","28/06/2024","589974931988706a852f1bb2c5aa12dc","0.814574741442148",1,"Fungi_4751","Basidiomycota_5204","Exobasidiomycetes_452283","Microstromatales_162475","Microstromatales_162475_family","Jaminaea_561108",NA
"pt1","PUF.BOT.3","PUF_BOT_03","Botanical Garden","24/06/2024","28/06/2024","a3612a98863d0cb2a0423fb56a0bef70","0.670862072239708",88,"Metazoa_33208","Chordata_7711","Mammalia_40674","Artiodactyla_91561","Bovidae_9895","Bos_9903","Bos_taurus_9913"
"pt1","PUF.BOT.10","PUF_BOT_10","Botanical Garden","20/09/2024","04/10/2024","b43d19c6734061aba20cde4334b0c772","0.933623859448047",872,"Fungi_4751","Ascomycota_4890","Dothideomycetes_147541","Cladosporiales_2726946","Cladosporiaceae_452563","Cladosporium_5498","Cladosporium_bruhnei_450181"
"pt1","PUF.BOT.10","PUF_BOT_10","Botanical Garden","20/09/2024","04/10/2024","0c11abb10ca8c4ca6a9466f89d510f2e","0.907238614804815",2761,"Metazoa_33208","Arthropoda_6656","Insecta_50557","Hemiptera_7524","Pentatomidae_160513","Glypsus_-21471","Glypsus_conspicuus_-21472"
"pt1","PUF.BOT.10","PUF_BOT_10","Botanical Garden","20/09/2024","04/10/2024","bec08d51eb66022d7172c03768d5fd5d","0.937210778414611",1899,"Fungi_4751","Ascomycota_4890","Dothideomycetes_147541","Cladosporiales_2726946","Cladosporiaceae_452563","Cladosporium_5498","Cladosporium_cladosporioides_29917"
"pt1","PUF.BOT.10","PUF_BOT_10","Botanical Garden","20/09/2024","04/10/2024","a3612a98863d0cb2a0423fb56a0bef70","0.670862072239708",327,"Metazoa_33208","Chordata_7711","Mammalia_40674","Artiodactyla_91561","Bovidae_9895","Bos_9903","Bos_taurus_9913"
"pt1","PUF.BOT.10","PUF_BOT_10","Botanical Garden","20/09/2024","04/10/2024","ce9e585d5196adf56f4e2c0e02e27b73","0.499999974718733",128,"Fungi_4751","Basidiomycota_5204","Microbotryomycetes_162481","Sporidiobolales_231213","Sporidiobolaceae_1799696",NA,NA
"pt1","PUF.BOT.10","PUF_BOT_10","Botanical Garden","20/09/2024","04/10/2024","afb94828a83235f617d67b54fe89fe79","0.373408909311144",418,"Fungi_4751","Basidiomycota_5204","Pucciniomycetes_162484","Pucciniales_5258","Melampsoraceae_5259","Melampsora_5260","Melampsora_medusae_82101"
"pt1","PUF.BOT.10","PUF_BOT_10","Botanical Garden","20/09/2024","04/10/2024","5580961b9a41be03abce5562553ec49c","0.419336811656045",126,"Metazoa_33208","Arthropoda_6656","Arachnida_6854",NA,NA,NA,NA
"pt1","PUF.BOT.10","PUF_BOT_10","Botanical Garden","20/09/2024","04/10/2024","2a06217d46605d2c8981d0484ee29b48","0.937261099020095",104,"Fungi_4751","Ascomycota_4890","Leotiomycetes_147548",NA,NA,NA,NA
"pt1","PUF.BOT.10","PUF_BOT_10","Botanical Garden","20/09/2024","04/10/2024","5f991012def010c537cabe594bdd6e7a","0.22891992360822",494,"Metazoa_33208","Arthropoda_6656","Arachnida_6854",NA,NA,NA,NA
"pt1","PUF.BOT.10","PUF_BOT_10","Botanical Garden","20/09/2024","04/10/2024","6529e354b07834a6e157a878f423cf77","0.999113146396814",204,"Fungi_4751","Ascomycota_4890","Dothideomycetes_147541","Mycosphaerellales_2726947","Mycosphaerellaceae_93133","Cercospora_29002","Cercospora_nicotianae_29003"
"pt1","PUF.BOT.10","PUF_BOT_10","Botanical Garden","20/09/2024","04/10/2024","0a9666c935274725761e261542c25713","0.477691186418859",192,"Fungi_4751","Ascomycota_4890","Sordariomycetes_147550",NA,NA,NA,NA
"pt1","PUF.BOT.10","PUF_BOT_10","Botanical Garden","20/09/2024","04/10/2024","9fef5822b6479afee6e10ef53e9236c2","0.388924696350803",187,"Fungi_4751","Ascomycota_4890","Sordariomycetes_147550",NA,NA,NA,NA
"pt1","PUF.BOT.10","PUF_BOT_10","Botanical Garden","20/09/2024","04/10/2024","970a584ab3e0de978fadeffdd7abfedc","0.966032441687425",98,"Fungi_4751","Ascomycota_4890","Lecanoromycetes_147547","Lecanorales_5197","Parmeliaceae_78060","Hypogymnia_87258","Hypogymnia_vittata_315943"
"pt1","PUF.BOT.10","PUF_BOT_10","Botanical Garden","20/09/2024","04/10/2024","431fc469c7c74aad4658db25dbec8d97","0.919479846469028",97,"Fungi_4751","Ascomycota_4890","Leotiomycetes_147548",NA,NA,NA,NA
"pt1","PUF.BOT.10","PUF_BOT_10","Botanical Garden","20/09/2024","04/10/2024","b68e68d28b1bf1fab06f4b523042e2d3","0.983792751072165",87,"Fungi_4751","Ascomycota_4890","Leotiomycetes_147548",NA,NA,NA,NA
"pt1","PUF.JD.10","PUF_JD_10","Jean-Drapeau","25/09/2024","09/10/2024","b43d19c6734061aba20cde4334b0c772","0.933623859448047",776,"Fungi_4751","Ascomycota_4890","Dothideomycetes_147541","Cladosporiales_2726946","Cladosporiaceae_452563","Cladosporium_5498","Cladosporium_bruhnei_450181"
"pt1","PUF.JD.10","PUF_JD_10","Jean-Drapeau","25/09/2024","09/10/2024","0c11abb10ca8c4ca6a9466f89d510f2e","0.907238614804815",1552,"Metazoa_33208","Arthropoda_6656","Insecta_50557","Hemiptera_7524","Pentatomidae_160513","Glypsus_-21471","Glypsus_conspicuus_-21472"
"pt1","PUF.JD.10","PUF_JD_10","Jean-Drapeau","25/09/2024","09/10/2024","bec08d51eb66022d7172c03768d5fd5d","0.937210778414611",1231,"Fungi_4751","Ascomycota_4890","Dothideomycetes_147541","Cladosporiales_2726946","Cladosporiaceae_452563","Cladosporium_5498","Cladosporium_cladosporioides_29917"
"pt1","PUF.JD.10","PUF_JD_10","Jean-Drapeau","25/09/2024","09/10/2024","be8dc1271132728b62d899f6fe83b643","0.417154486433497",386,"Fungi_4751","Ascomycota_4890","Dothideomycetes_147541",NA,NA,NA,NA
"pt1","PUF.JD.10","PUF_JD_10","Jean-Drapeau","25/09/2024","09/10/2024","afb94828a83235f617d67b54fe89fe79","0.373408909311144",14118,"Fungi_4751","Basidiomycota_5204","Pucciniomycetes_162484","Pucciniales_5258","Melampsoraceae_5259","Melampsora_5260","Melampsora_medusae_82101"
"pt1","PUF.JD.10","PUF_JD_10","Jean-Drapeau","25/09/2024","09/10/2024","a38777c69c910bc8f231702574dffe70","0.993706578003434",6147,"Metazoa_33208","Arthropoda_6656","Insecta_50557","Hemiptera_7524","Aphididae_27482","Capitophorus_527611","Capitophorus_elaeagni_527612"
"pt1","PUF.JD.10","PUF_JD_10","Jean-Drapeau","25/09/2024","09/10/2024","9479c94a8356ab43a89f6e4882339b14","0.971316238715954",1686,"Fungi_4751","Ascomycota_4890","Leotiomycetes_147548",NA,NA,NA,NA
"pt1","PUF.JD.10","PUF_JD_10","Jean-Drapeau","25/09/2024","09/10/2024","db800311f5ae69565ec96214053622f1","0.999987270154586",1438,"Fungi_4751","Ascomycota_4890","Dothideomycetes_147541","Cladosporiales_2726946","Cladosporiaceae_452563","Cladosporium_5498","Cladosporium_sphaerospermum_92950"
"pt1","PUF.IPEX.1","PUF_IPEX_01","IPEX","15/05/2024","29/05/2024","b43d19c6734061aba20cde4334b0c772","0.933623859448047",14,"Fungi_4751","Ascomycota_4890","Dothideomycetes_147541","Cladosporiales_2726946","Cladosporiaceae_452563","Cladosporium_5498","Cladosporium_bruhnei_450181"
"pt1","PUF.IPEX.1","PUF_IPEX_01","IPEX","15/05/2024","29/05/2024","efbf72a920a03347f6407072b84a43f9","0.999459556668486",13,"Fungi_4751","Basidiomycota_5204","Agaricomycetes_155619","Russulales_452342","Peniophoraceae_103393","Peniophora_40463","Peniophora_lycii_154539"
"pt1","PUF.IPEX.1","PUF_IPEX_01","IPEX","15/05/2024","29/05/2024","0c11abb10ca8c4ca6a9466f89d510f2e","0.907238614804815",48,"Metazoa_33208","Arthropoda_6656","Insecta_50557","Hemiptera_7524","Pentatomidae_160513","Glypsus_-21471","Glypsus_conspicuus_-21472"
"pt1","PUF.IPEX.1","PUF_IPEX_01","IPEX","15/05/2024","29/05/2024","186655c711d9c22435d048944254d180","0.999918046946559",33,"Fungi_4751","Basidiomycota_5204","Agaricomycetes_155619","Russulales_452342","Peniophoraceae_103393","Peniophora_40463","Peniophora_lycii_154539"
"pt1","PUF.IPEX.1","PUF_IPEX_01","IPEX","15/05/2024","29/05/2024","2c4dff555b2582367902ad3e38b509f4","0.411012513823327",24,"Fungi_4751","Ascomycota_4890","Sordariomycetes_147550",NA,NA,NA,NA
"pt1","PUF.IPEX.1","PUF_IPEX_01","IPEX","15/05/2024","29/05/2024","aec35e427b95f1cbf2c6d6503e172a4f","0.279152099836879",27,"Fungi_4751","Ascomycota_4890",NA,NA,NA,NA,NA
"pt1","PUF.IPEX.1","PUF_IPEX_01","IPEX","15/05/2024","29/05/2024","18a2e110004e455b097f83f0c05922c6","0.975304870433857",7,"Metazoa_33208","Chordata_7711","Mammalia_40674","Primates_9443","Hominidae_9604","Homo_9605","Homo_sapiens_9606"
"pt1","PUF.IPEX.1","PUF_IPEX_01","IPEX","15/05/2024","29/05/2024","d6626a1d124518b308f9a8879b48cdbf","0.594898914748369",9,"Fungi_4751","Basidiomycota_5204",NA,NA,NA,NA,NA
"pt1","PUF.IPEX.1","PUF_IPEX_01","IPEX","15/05/2024","29/05/2024","a5077025ffc7757205966e6e3c9986a4","0.537193923554354",6,"Eukaryota_2759_kingdom","Oomycota_4762","Oomycota_4762_class","Peronosporales_4776","Peronosporaceae_4777","Peronospora_70742",NA
"pt1","PUF.IPEX.1","PUF_IPEX_01","IPEX","15/05/2024","29/05/2024","02e9a719b9dab5bd47c5fa414506bceb","0.953846760547688",64,"Fungi_4751","Ascomycota_4890","Leotiomycetes_147548",NA,NA,NA,NA
"pt1","PUF.IPEX.1","PUF_IPEX_01","IPEX","15/05/2024","29/05/2024","5c3753741e13d6700e51f943d940cfe6","0.812497866942036",21,"Metazoa_33208","Chordata_7711","Mammalia_40674","Artiodactyla_91561","Bovidae_9895","Bos_9903","Bos_grunniens_30521"
"pt1","PUF.IPEX.1","PUF_IPEX_01","IPEX","15/05/2024","29/05/2024","bf6ed260b7b134ca4a79db0b0cd30ef1","0.999999490110059",12,"Fungi_4751","Ascomycota_4890","Sordariomycetes_147550","Hypocreales_5125","Nectriaceae_110618","Macroconia_1053137","Macroconia_gigas_431009"
"pt1","PUF.IPEX.1","PUF_IPEX_01","IPEX","15/05/2024","29/05/2024","8880b960a3dc278b27846e5d8980c17c","0.536409736547187",11,"Metazoa_33208","Arthropoda_6656","Arachnida_6854",NA,NA,NA,NA
"pt1","PUF.IPEX.1","PUF_IPEX_01","IPEX","15/05/2024","29/05/2024","8088fe6f5411c0ceb7ef0ad6e605a0a5","0.374844239425193",11,"Metazoa_33208","Arthropoda_6656","Arachnida_6854",NA,NA,NA,NA
"pt1","PUF.IPEX.1","PUF_IPEX_01","IPEX","15/05/2024","29/05/2024","72ea551712e1e5c28f4e9a189adf6d90","0.426103154269762",9,"Fungi_4751","Ascomycota_4890",NA,NA,NA,NA,NA
"pt1","PUF.IPEX.1","PUF_IPEX_01","IPEX","15/05/2024","29/05/2024","a96b19b53a8df5d0e21df21131ca0503","0.802063860915857",8,"Fungi_4751","Basidiomycota_5204","Tremellomycetes_155616","Tremellales_5234","Bulleribasidiaceae_1884640","Dioszegia_165440","Dioszegia_changbaiensis_234950"
"pt1","PUF.IPEX.1","PUF_IPEX_01","IPEX","15/05/2024","29/05/2024","35a2e87382461e916772ffae979b90c4","0.942118746876148",8,"Fungi_4751","Ascomycota_4890","Lecanoromycetes_147547","Lecanorales_5197","Parmeliaceae_78060","Hypogymnia_87258","Hypogymnia_vittata_315943"
"pt1","PUF.IPEX.1","PUF_IPEX_01","IPEX","15/05/2024","29/05/2024","b562734cca8df12b554efa330be6e23f","0.347429077677074",7,"Metazoa_33208","Arthropoda_6656","Arachnida_6854",NA,NA,NA,NA
"pt1","PUF.IPEX.1","PUF_IPEX_01","IPEX","15/05/2024","29/05/2024","a8ce915f182ed95bbc64217af27815d7","0.541561903796751",6,"Fungi_4751","Ascomycota_4890",NA,NA,NA,NA,NA
"pt1","PUF.IPEX.1","PUF_IPEX_01","IPEX","15/05/2024","29/05/2024","ea6133ef3ca3dcb859a88c8dc1e62c9d","0.499652218722903",6,"Fungi_4751","Basidiomycota_5204","Microbotryomycetes_162481","Sporidiobolales_231213","Sporidiobolaceae_1799696",NA,NA
"pt1","PUF.IPEX.1","PUF_IPEX_01","IPEX","15/05/2024","29/05/2024","f2ba9ae60045ddbfbe24ffce87cb929f","0.999999995751523",4,"Fungi_4751","Basidiomycota_5204","Agaricomycetes_155619","Cantharellales_36064","Ceratobasidiaceae_5250","Rhizoctonia_1322061",NA
"pt1","PUF.IPEX.8","PUF_IPEX_08","IPEX","21/08/2024","04/09/2024","efbf72a920a03347f6407072b84a43f9","0.999459556668486",1718,"Fungi_4751","Basidiomycota_5204","Agaricomycetes_155619","Russulales_452342","Peniophoraceae_103393","Peniophora_40463","Peniophora_lycii_154539"
"pt1","PUF.IPEX.8","PUF_IPEX_08","IPEX","21/08/2024","04/09/2024","53814ac04567f8e2287c46b0b52f47f1","0.851549716705765",675,"Fungi_4751","Ascomycota_4890","Dothideomycetes_147541",NA,NA,NA,NA
"pt1","PUF.IPEX.8","PUF_IPEX_08","IPEX","21/08/2024","04/09/2024","0c11abb10ca8c4ca6a9466f89d510f2e","0.907238614804815",1466,"Metazoa_33208","Arthropoda_6656","Insecta_50557","Hemiptera_7524","Pentatomidae_160513","Glypsus_-21471","Glypsus_conspicuus_-21472"
"pt1","PUF.IPEX.8","PUF_IPEX_08","IPEX","21/08/2024","04/09/2024","0d1a483ebd4773116542454b0cc1a266","0.88739453904822",494,"Fungi_4751","Ascomycota_4890","Sordariomycetes_147550",NA,NA,NA,NA
"pt1","PUF.IPEX.8","PUF_IPEX_08","IPEX","21/08/2024","04/09/2024","eec2170a8f2d0cd7dc3a18841a1ea5c7","0.999999999699554",1248,"Fungi_4751","Basidiomycota_5204","Exobasidiomycetes_452283","Microstromatales_162475",NA,NA,NA
"pt1","PUF.IPEX.8","PUF_IPEX_08","IPEX","21/08/2024","04/09/2024","bec08d51eb66022d7172c03768d5fd5d","0.937210778414611",461,"Fungi_4751","Ascomycota_4890","Dothideomycetes_147541","Cladosporiales_2726946","Cladosporiaceae_452563","Cladosporium_5498","Cladosporium_cladosporioides_29917"
"pt1","PUF.IPEX.8","PUF_IPEX_08","IPEX","21/08/2024","04/09/2024","589974931988706a852f1bb2c5aa12dc","0.814574741442148",6825,"Fungi_4751","Basidiomycota_5204","Exobasidiomycetes_452283","Microstromatales_162475","Microstromatales_162475_family","Jaminaea_561108",NA
"pt1","PUF.IPEX.8","PUF_IPEX_08","IPEX","21/08/2024","04/09/2024","f7718bbdbd503a21d2692b3b333490cb","0.55302161898262",3197,"Fungi_4751","Basidiomycota_5204","Exobasidiomycetes_452283","Microstromatales_162475","Microstromatales_162475_family","Jaminaea_561108",NA
"pt1","PUF.IPEX.8","PUF_IPEX_08","IPEX","21/08/2024","04/09/2024","afb94828a83235f617d67b54fe89fe79","0.373408909311144",403,"Fungi_4751","Basidiomycota_5204","Pucciniomycetes_162484","Pucciniales_5258","Melampsoraceae_5259","Melampsora_5260","Melampsora_medusae_82101"
"pt1","PUF.IPEX.8","PUF_IPEX_08","IPEX","21/08/2024","04/09/2024","922c407078b43f634da20b2e149c57c5","0.973530600220828",255,"Fungi_4751","Ascomycota_4890","Leotiomycetes_147548",NA,NA,NA,NA
"pt1","PUF.IPEX.8","PUF_IPEX_08","IPEX","21/08/2024","04/09/2024","d388a42f47cf0aff79dc33ea832fa6ba","0.688087973270429",480,"Fungi_4751","Ascomycota_4890","Sordariomycetes_147550","Hypocreales_5125","Nectriaceae_110618","Fusarium_5506","Fusarium_babinda_48486"
"pt1","PUF.JD14","PUF_JD_04","Jean-Drapeau","03/07/2024","17/07/2024","b43d19c6734061aba20cde4334b0c772","0.933623859448047",1977,"Fungi_4751","Ascomycota_4890","Dothideomycetes_147541","Cladosporiales_2726946","Cladosporiaceae_452563","Cladosporium_5498","Cladosporium_bruhnei_450181"
"pt1","PUF.JD14","PUF_JD_04","Jean-Drapeau","03/07/2024","17/07/2024","efbf72a920a03347f6407072b84a43f9","0.999459556668486",443,"Fungi_4751","Basidiomycota_5204","Agaricomycetes_155619","Russulales_452342","Peniophoraceae_103393","Peniophora_40463","Peniophora_lycii_154539"
"pt1","PUF.JD14","PUF_JD_04","Jean-Drapeau","03/07/2024","17/07/2024","53814ac04567f8e2287c46b0b52f47f1","0.851549716705765",163,"Fungi_4751","Ascomycota_4890","Dothideomycetes_147541",NA,NA,NA,NA
"pt1","PUF.JD14","PUF_JD_04","Jean-Drapeau","03/07/2024","17/07/2024","0c11abb10ca8c4ca6a9466f89d510f2e","0.907238614804815",996,"Metazoa_33208","Arthropoda_6656","Insecta_50557","Hemiptera_7524","Pentatomidae_160513","Glypsus_-21471","Glypsus_conspicuus_-21472"
"pt1","PUF.JD14","PUF_JD_04","Jean-Drapeau","03/07/2024","17/07/2024","eec2170a8f2d0cd7dc3a18841a1ea5c7","0.999999999699554",491,"Fungi_4751","Basidiomycota_5204","Exobasidiomycetes_452283","Microstromatales_162475",NA,NA,NA
"pt1","PUF.JD14","PUF_JD_04","Jean-Drapeau","03/07/2024","17/07/2024","5f907557675481632654c893c4e319d5","0.369832764629548",205,"Fungi_4751","Ascomycota_4890","Dothideomycetes_147541","Cladosporiales_2726946","Cladosporiaceae_452563","Cladosporium_5498","Cladosporium_bruhnei_450181"
"pt1","PUF.JD14","PUF_JD_04","Jean-Drapeau","03/07/2024","17/07/2024","589974931988706a852f1bb2c5aa12dc","0.814574741442148",295,"Fungi_4751","Basidiomycota_5204","Exobasidiomycetes_452283","Microstromatales_162475","Microstromatales_162475_family","Jaminaea_561108",NA
"pt1","PUF.JD14","PUF_JD_04","Jean-Drapeau","03/07/2024","17/07/2024","bd29633837bcc3003dd038eac7ec33ff","0.280159842707106",248,"Fungi_4751","Basidiomycota_5204","Agaricomycetes_155619","Boletales_68889","Boletaceae_5368","Tylopilus_80671",NA
"pt1","PUF.JD14","PUF_JD_04","Jean-Drapeau","03/07/2024","17/07/2024","a3612a98863d0cb2a0423fb56a0bef70","0.670862072239708",217,"Metazoa_33208","Chordata_7711","Mammalia_40674","Artiodactyla_91561","Bovidae_9895","Bos_9903","Bos_taurus_9913"
"pt1","PUF.JD14","PUF_JD_04","Jean-Drapeau","03/07/2024","17/07/2024","aec35e427b95f1cbf2c6d6503e172a4f","0.279152099836879",113,"Fungi_4751","Ascomycota_4890",NA,NA,NA,NA,NA
"pt1","PUF.JD14","PUF_JD_04","Jean-Drapeau","03/07/2024","17/07/2024","8187787e018ce4815342f12d65ff7dc8","0.464733719684335",172,"Fungi_4751","Ascomycota_4890","Sordariomycetes_147550",NA,NA,NA,NA
"pt1","PUF.JD14","PUF_JD_04","Jean-Drapeau","03/07/2024","17/07/2024","a26e6cc23365c60897b7d620c23de990","0.944259328386728",149,"Metazoa_33208","Arthropoda_6656","Insecta_50557","Lepidoptera_7088","Pyralidae_7135","Pionidia_2613197",NA
"pt1","PUF.JD14","PUF_JD_04","Jean-Drapeau","03/07/2024","17/07/2024","be8dc1271132728b62d899f6fe83b643","0.417154486433497",278,"Fungi_4751","Ascomycota_4890","Dothideomycetes_147541",NA,NA,NA,NA
"pt1","PUF.JD14","PUF_JD_04","Jean-Drapeau","03/07/2024","17/07/2024","0180c418a1d46063a877eb5a4578d32f","0.993738129005134",131,"Fungi_4751","Basidiomycota_5204","Agaricomycetes_155619","Agaricales_5338","Schizophyllaceae_5332","Schizophyllum_5333","Schizophyllum_commune_5334"
"pt1","PUF.JD14","PUF_JD_04","Jean-Drapeau","03/07/2024","17/07/2024","202e53dd32a0e7b3fcb0945dd40b5e51","0.819547932595875",239,"Fungi_4751","Ascomycota_4890","Leotiomycetes_147548",NA,NA,NA,NA
"pt1","PUF.JD14","PUF_JD_04","Jean-Drapeau","03/07/2024","17/07/2024","3b8ad135a622199c069ac61ab049a60c","0.978226118675444",138,"Fungi_4751","Basidiomycota_5204","Agaricomycetes_155619","Agaricales_5338","Psathyrellaceae_184208","Coprinellus_184430","Coprinellus_micaceus_71717"
"pt1","PUF.JD14","PUF_JD_04","Jean-Drapeau","03/07/2024","17/07/2024","7c52a29f282c5b604c81d08d5511e009","0.695653665404119",339,"Fungi_4751","Basidiomycota_5204","Agaricomycetes_155619","Agaricales_5338","Psathyrellaceae_184208","Candolleomyces_2791032","Candolleomyces_candolleanus_71730"
"pt1","PUF.JD14","PUF_JD_04","Jean-Drapeau","03/07/2024","17/07/2024","3fce04aacbf052e126e4dab1d663d992","0.999999999008097",160,"Fungi_4751","Ascomycota_4890","Lecanoromycetes_147547","Lecanorales_5197","Parmeliaceae_78060","Hypogymnia_87258","Hypogymnia_vittata_315943"
"pt1","PUF.JD14","PUF_JD_04","Jean-Drapeau","03/07/2024","17/07/2024","46b87a93800ec3908b4e236322e3b87d","0.999999999696428",153,"Metazoa_33208","Arthropoda_6656","Arachnida_6854","Araneae_6893","Tetragnathidae_27394","Tetragnatha_27395","Tetragnatha_guatemalensis_336607"
"pt1","PUF.JD14","PUF_JD_04","Jean-Drapeau","03/07/2024","17/07/2024","6874dd172e908401f659917eccfef8b1","0.839633636059701",106,"Fungi_4751","Ascomycota_4890","Sordariomycetes_147550",NA,NA,NA,NA
"pt1","PUF.JD14","PUF_JD_04","Jean-Drapeau","03/07/2024","17/07/2024","5f55b40d2f45184f5c9a56b8f5713317","0.711362304659374",279,"Fungi_4751","Ascomycota_4890","Leotiomycetes_147548",NA,NA,NA,NA
"pt1","PUF.JD14","PUF_JD_04","Jean-Drapeau","03/07/2024","17/07/2024","30d1f39562968d4b798847c2e714c64b","0.735208941121617",246,"Fungi_4751","Basidiomycota_5204","Agaricomycetes_155619","Agaricales_5338","Psathyrellaceae_184208","Candolleomyces_2791032","Candolleomyces_candolleanus_71730"
"pt1","PUF.JD14","PUF_JD_04","Jean-Drapeau","03/07/2024","17/07/2024","5b83be8884718e4af4da748d75359e7f","0.784050509081532",176,"Fungi_4751","Ascomycota_4890","Sordariomycetes_147550",NA,NA,NA,NA
"pt1","PUF.JD14","PUF_JD_04","Jean-Drapeau","03/07/2024","17/07/2024","d81f6cdff61b07652ac3a1e24f7d4d34","0.985570670322772",161,"Fungi_4751","Ascomycota_4890","Leotiomycetes_147548",NA,NA,NA,NA
"pt1","PUF.JD14","PUF_JD_04","Jean-Drapeau","03/07/2024","17/07/2024","385f9d354c8f8f8a9480db16d720ce5a","0.824118573770902",157,"Fungi_4751","Basidiomycota_5204","Tremellomycetes_155616","Tremellales_5234","Bulleribasidiaceae_1884640","Dioszegia_165440","Dioszegia_changbaiensis_234950"
"pt1","PUF.JD14","PUF_JD_04","Jean-Drapeau","03/07/2024","17/07/2024","0818b54bc8491e9ca30cf7de1cc0eedc","0.969990226499893",145,"Fungi_4751","Ascomycota_4890","Sordariomycetes_147550","Glomerellales_1028384","Glomerellaceae_681950","Colletotrichum_5455","Colletotrichum_salicis_1209931"
"pt1","PUF.JD14","PUF_JD_04","Jean-Drapeau","03/07/2024","17/07/2024","a94d5933f8cbed393e5699f4e53e8c13","0.789996524728913",142,"Fungi_4751","Ascomycota_4890","Sordariomycetes_147550",NA,NA,NA,NA
"pt1","PUF.JD14","PUF_JD_04","Jean-Drapeau","03/07/2024","17/07/2024","5ec0c4b740623cfb7faf840d836c5204","0.862890407983248",139,"Fungi_4751","Ascomycota_4890","Leotiomycetes_147548",NA,NA,NA,NA
"pt1","PUF.JD14","PUF_JD_04","Jean-Drapeau","03/07/2024","17/07/2024","5bfa8f38a8fdf7735699766cee275666","0.519210884141658",128,"Fungi_4751","Ascomycota_4890","Leotiomycetes_147548",NA,NA,NA,NA
"pt1","PUF.JD14","PUF_JD_04","Jean-Drapeau","03/07/2024","17/07/2024","b57dae9ebeb1e6a4e9f3e4d249bbd1ef","0.931122504098132",120,"Fungi_4751","Ascomycota_4890","Dothideomycetes_147541",NA,NA,NA,NA
"pt1","PUF.JD14","PUF_JD_04","Jean-Drapeau","03/07/2024","17/07/2024","358f1d5de57345da23f9f0e42b7af748","0.9501203522746",109,"Fungi_4751","Ascomycota_4890","Dothideomycetes_147541","Pleosporales_92860","Shiraiaceae_224418","Shiraia_224419","Shiraia_bambusicola_224420"
"pt2","PUF.BOU.8","PUF_BOU_08","Boucherville","02/09/2024","16/09/2024","0c11abb10ca8c4ca6a9466f89d510f2e","0.907238614804815",1701,"Metazoa_33208","Arthropoda_6656","Insecta_50557","Hemiptera_7524","Pentatomidae_160513","Glypsus_-21471","Glypsus_conspicuus_-21472"
"pt2","PUF.BOU.8","PUF_BOU_08","Boucherville","02/09/2024","16/09/2024","589974931988706a852f1bb2c5aa12dc","0.814574741442148",1067,"Fungi_4751","Basidiomycota_5204","Exobasidiomycetes_452283","Microstromatales_162475","Microstromatales_162475_family","Jaminaea_561108",NA
"pt2","PUF.BOU.8","PUF_BOU_08","Boucherville","02/09/2024","16/09/2024","f7718bbdbd503a21d2692b3b333490cb","0.55302161898262",998,"Fungi_4751","Basidiomycota_5204","Exobasidiomycetes_452283","Microstromatales_162475","Microstromatales_162475_family","Jaminaea_561108",NA
"pt2","PUF.BOU.8","PUF_BOU_08","Boucherville","02/09/2024","16/09/2024","eec2170a8f2d0cd7dc3a18841a1ea5c7","0.999999999699554",939,"Fungi_4751","Basidiomycota_5204","Exobasidiomycetes_452283","Microstromatales_162475",NA,NA,NA
"pt2","PUF.BOU.8","PUF_BOU_08","Boucherville","02/09/2024","16/09/2024","afb94828a83235f617d67b54fe89fe79","0.373408909311144",868,"Fungi_4751","Basidiomycota_5204","Pucciniomycetes_162484","Pucciniales_5258","Melampsoraceae_5259","Melampsora_5260","Melampsora_medusae_82101"
"pt2","PUF.BOU.8","PUF_BOU_08","Boucherville","02/09/2024","16/09/2024","b43d19c6734061aba20cde4334b0c772","0.933623859448047",776,"Fungi_4751","Ascomycota_4890","Dothideomycetes_147541","Cladosporiales_2726946","Cladosporiaceae_452563","Cladosporium_5498","Cladosporium_bruhnei_450181"
"pt2","PUF.BOU.8","PUF_BOU_08","Boucherville","02/09/2024","16/09/2024","bec08d51eb66022d7172c03768d5fd5d","0.937210778414611",668,"Fungi_4751","Ascomycota_4890","Dothideomycetes_147541","Cladosporiales_2726946","Cladosporiaceae_452563","Cladosporium_5498","Cladosporium_cladosporioides_29917"
"pt2","PUF.BOU.8","PUF_BOU_08","Boucherville","02/09/2024","16/09/2024","0d1a483ebd4773116542454b0cc1a266","0.88739453904822",569,"Fungi_4751","Ascomycota_4890","Sordariomycetes_147550",NA,NA,NA,NA
"pt2","PUF.BOU.8","PUF_BOU_08","Boucherville","02/09/2024","16/09/2024","a4ce6cfe96b9ce0ad304803934790435","0.505582624946131",251,"Fungi_4751","Basidiomycota_5204","Exobasidiomycetes_452283","Microstromatales_162475",NA,NA,NA
"pt2","PUF.BOU.8","PUF_BOU_08","Boucherville","02/09/2024","16/09/2024","c1b05b58063b2a2ce034c9b37a2afa7a","0.998948779700455",212,"Fungi_4751","Ascomycota_4890","Leotiomycetes_147548",NA,NA,NA,NA
"pt2","PUF.BOU.8","PUF_BOU_08","Boucherville","02/09/2024","16/09/2024","42a334b44b84641c69386150c7cde441","0.975711405297424",198,"Fungi_4751","Ascomycota_4890","Leotiomycetes_147548",NA,NA,NA,NA
"pt2","PUF.BOU.8","PUF_BOU_08","Boucherville","02/09/2024","16/09/2024","be8dc1271132728b62d899f6fe83b643","0.417154486433497",152,"Fungi_4751","Ascomycota_4890","Dothideomycetes_147541",NA,NA,NA,NA
"pt2","PUF.BOU.8","PUF_BOU_08","Boucherville","02/09/2024","16/09/2024","59e6049d961456e2d630c072e518e9b6","0.66815967777537",137,"Eukaryota_2759_kingdom","Oomycota_4762","Oomycota_4762_class","Pythiales_121069","Pythiaceae_4782","Phytophthora_-69394",NA
"pt2","PUF.BOU.8","PUF_BOU_08","Boucherville","02/09/2024","16/09/2024","5580961b9a41be03abce5562553ec49c","0.419336811656045",135,"Metazoa_33208","Arthropoda_6656","Arachnida_6854",NA,NA,NA,NA
"pt2","PUF.BOU.8","PUF_BOU_08","Boucherville","02/09/2024","16/09/2024","e46a578b0e29ecec00b1077904a0e397","0.499999714525752",130,"Fungi_4751","Basidiomycota_5204","Microbotryomycetes_162481","Sporidiobolales_231213","Sporidiobolaceae_1799696",NA,NA
"pt2","PUF.BOT.5","PUF_BOT_05","Botanical Garden","12/07/2024","26/07/2024","0c11abb10ca8c4ca6a9466f89d510f2e","0.907238614804815",569,"Metazoa_33208","Arthropoda_6656","Insecta_50557","Hemiptera_7524","Pentatomidae_160513","Glypsus_-21471","Glypsus_conspicuus_-21472"
"pt2","PUF.BOT.5","PUF_BOT_05","Botanical Garden","12/07/2024","26/07/2024","589974931988706a852f1bb2c5aa12dc","0.814574741442148",150,"Fungi_4751","Basidiomycota_5204","Exobasidiomycetes_452283","Microstromatales_162475","Microstromatales_162475_family","Jaminaea_561108",NA
"pt2","PUF.BOT.5","PUF_BOT_05","Botanical Garden","12/07/2024","26/07/2024","eec2170a8f2d0cd7dc3a18841a1ea5c7","0.999999999699554",97,"Fungi_4751","Basidiomycota_5204","Exobasidiomycetes_452283","Microstromatales_162475",NA,NA,NA
"pt2","PUF.BOT.5","PUF_BOT_05","Botanical Garden","12/07/2024","26/07/2024","b43d19c6734061aba20cde4334b0c772","0.933623859448047",665,"Fungi_4751","Ascomycota_4890","Dothideomycetes_147541","Cladosporiales_2726946","Cladosporiaceae_452563","Cladosporium_5498","Cladosporium_bruhnei_450181"
"pt2","PUF.BOT.5","PUF_BOT_05","Botanical Garden","12/07/2024","26/07/2024","bec08d51eb66022d7172c03768d5fd5d","0.937210778414611",82,"Fungi_4751","Ascomycota_4890","Dothideomycetes_147541","Cladosporiales_2726946","Cladosporiaceae_452563","Cladosporium_5498","Cladosporium_cladosporioides_29917"
"pt2","PUF.BOT.5","PUF_BOT_05","Botanical Garden","12/07/2024","26/07/2024","42a334b44b84641c69386150c7cde441","0.975711405297424",69,"Fungi_4751","Ascomycota_4890","Leotiomycetes_147548",NA,NA,NA,NA
"pt2","PUF.BOT.5","PUF_BOT_05","Botanical Garden","12/07/2024","26/07/2024","ee1cfc99bfd40d3b3cdf5ca84a24ad5d","0.499999969468448",82,"Fungi_4751","Basidiomycota_5204","Microbotryomycetes_162481","Sporidiobolales_231213","Sporidiobolaceae_1799696",NA,NA
"pt2","PUF.BOT.5","PUF_BOT_05","Botanical Garden","12/07/2024","26/07/2024","a3612a98863d0cb2a0423fb56a0bef70","0.670862072239708",61,"Metazoa_33208","Chordata_7711","Mammalia_40674","Artiodactyla_91561","Bovidae_9895","Bos_9903","Bos_taurus_9913"
"pt2","PUF.BOT.5","PUF_BOT_05","Botanical Garden","12/07/2024","26/07/2024","efbf72a920a03347f6407072b84a43f9","0.999459556668486",247,"Fungi_4751","Basidiomycota_5204","Agaricomycetes_155619","Russulales_452342","Peniophoraceae_103393","Peniophora_40463","Peniophora_lycii_154539"
"pt2","PUF.BOT.5","PUF_BOT_05","Botanical Garden","12/07/2024","26/07/2024","7c051e52b4df245b4b6b8a6eeca2cc3d","0.459191577111538",381,"Metazoa_33208","Arthropoda_6656","Insecta_50557","Diptera_7147","Cecidomyiidae_33406","Dasineura_240745",NA
"pt2","PUF.BOT.5","PUF_BOT_05","Botanical Garden","12/07/2024","26/07/2024","8187787e018ce4815342f12d65ff7dc8","0.464733719684335",150,"Fungi_4751","Ascomycota_4890","Sordariomycetes_147550",NA,NA,NA,NA
"pt2","PUF.BOT.5","PUF_BOT_05","Botanical Garden","12/07/2024","26/07/2024","aec35e427b95f1cbf2c6d6503e172a4f","0.279152099836879",146,"Fungi_4751","Ascomycota_4890",NA,NA,NA,NA,NA
"pt2","PUF.BOT.5","PUF_BOT_05","Botanical Garden","12/07/2024","26/07/2024","e568316642a9d4f2542e85dcc7267df7","0.999999998668883",141,"Fungi_4751","Basidiomycota_5204","Exobasidiomycetes_452283","Microstromatales_162475",NA,NA,NA
"pt2","PUF.BOT.5","PUF_BOT_05","Botanical Garden","12/07/2024","26/07/2024","186655c711d9c22435d048944254d180","0.999918046946559",117,"Fungi_4751","Basidiomycota_5204","Agaricomycetes_155619","Russulales_452342","Peniophoraceae_103393","Peniophora_40463","Peniophora_lycii_154539"
"pt2","PUF.BOT.5","PUF_BOT_05","Botanical Garden","12/07/2024","26/07/2024","5f55b40d2f45184f5c9a56b8f5713317","0.711362304659374",109,"Fungi_4751","Ascomycota_4890","Leotiomycetes_147548",NA,NA,NA,NA
"pt2","PUF.BOT.5","PUF_BOT_05","Botanical Garden","12/07/2024","26/07/2024","bb8d731dce1e38c5ee65ce6157b54c1f","0.990610182243102",93,"Eukaryota_2759_kingdom","Oomycota_4762","Oomycota_4762_class","Peronosporales_4776","Peronosporaceae_4777","Peronospora_70742","Peronospora_belbahrii_622444"
"pt2","PUF.BOT.5","PUF_BOT_05","Botanical Garden","12/07/2024","26/07/2024","e3625b78fc7d223a7bce189dca39f019","0.931434102040716",85,"Fungi_4751","Ascomycota_4890","Dothideomycetes_147541","Pleosporales_92860","Shiraiaceae_224418","Shiraia_224419","Shiraia_bambusicola_224420"
"pt2","PUF.BOT.5","PUF_BOT_05","Botanical Garden","12/07/2024","26/07/2024","e2f909b13c3ebf8128f397a64f5faae1","0.865408471778355",84,"Fungi_4751","Basidiomycota_5204","Agaricomycetes_155619","Agaricales_5338","Psathyrellaceae_184208","Candolleomyces_2791032","Candolleomyces_candolleanus_71730"
"pt2","PUF.BOT.5","PUF_BOT_05","Botanical Garden","12/07/2024","26/07/2024","63cbf205978bd08a2360e291c4df8e3b","0.999997716102478",81,"Fungi_4751","Ascomycota_4890","Ascomycetes_-67464",NA,NA,NA,NA
"pt2","PUF.BOT.5","PUF_BOT_05","Botanical Garden","12/07/2024","26/07/2024","69a8a7322bd45f64630dcc355a1e5114","0.805478636501538",80,"Fungi_4751","Basidiomycota_5204","Agaricomycetes_155619","Polyporales_5303","Polyporaceae_5317","Picipes_1871912","Picipes_badius_196231"
"pt2","PUF.BOT.5","PUF_BOT_05","Botanical Garden","12/07/2024","26/07/2024","0818b54bc8491e9ca30cf7de1cc0eedc","0.969990226499893",70,"Fungi_4751","Ascomycota_4890","Sordariomycetes_147550","Glomerellales_1028384","Glomerellaceae_681950","Colletotrichum_5455","Colletotrichum_salicis_1209931"
"pt2","PUF.BOT.5","PUF_BOT_05","Botanical Garden","12/07/2024","26/07/2024","d0045eca281be7c1a39b8db1f0a5f63d","0.556259345935238",69,"Metazoa_33208","Arthropoda_6656","Arachnida_6854",NA,NA,NA,NA
"pt2","PUF.BOT.5","PUF_BOT_05","Botanical Garden","12/07/2024","26/07/2024","cfcaeca651274535c2d397b09257b18a","0.813834899945192",63,"Fungi_4751","Ascomycota_4890","Leotiomycetes_147548",NA,NA,NA,NA
"pt2","PUF.BOT.1","PUF_BOT_01","Botanical Garden","17/05/2024","31/05/2024","b43d19c6734061aba20cde4334b0c772","0.933623859448047",535,"Fungi_4751","Ascomycota_4890","Dothideomycetes_147541","Cladosporiales_2726946","Cladosporiaceae_452563","Cladosporium_5498","Cladosporium_bruhnei_450181"
"pt2","PUF.BOT.1","PUF_BOT_01","Botanical Garden","17/05/2024","31/05/2024","8ccdd426084d53cca9f91412b92cd91e","0.498870169867322",228,"Fungi_4751","Basidiomycota_5204","Cystobasidiomycetes_432005","Cystobasidiales_204043","Cystobasidiaceae_34418",NA,NA
"pt2","PUF.BOT.1","PUF_BOT_01","Botanical Garden","17/05/2024","31/05/2024","0654cc62f2b2d1f6652ba8acca4ba9fb","0.959194747463117",113,"Fungi_4751","Basidiomycota_5204","Exobasidiomycetes_452283","Microstromatales_162475","Microstromatales_162475_family","Jaminaea_561108",NA
"pt2","PUF.BOT.1","PUF_BOT_01","Botanical Garden","17/05/2024","31/05/2024","945bd633c00552164446ce1c2ba94461","0.947741379948713",217,"Fungi_4751","Ascomycota_4890","Leotiomycetes_147548",NA,NA,NA,NA
"pt2","PUF.BOT.1","PUF_BOT_01","Botanical Garden","17/05/2024","31/05/2024","a26e6cc23365c60897b7d620c23de990","0.944259328386728",92,"Metazoa_33208","Arthropoda_6656","Insecta_50557","Lepidoptera_7088","Pyralidae_7135","Pionidia_2613197",NA
"pt2","PUF.BOT.1","PUF_BOT_01","Botanical Garden","17/05/2024","31/05/2024","efbf72a920a03347f6407072b84a43f9","0.999459556668486",120,"Fungi_4751","Basidiomycota_5204","Agaricomycetes_155619","Russulales_452342","Peniophoraceae_103393","Peniophora_40463","Peniophora_lycii_154539"
"pt2","PUF.BOT.1","PUF_BOT_01","Botanical Garden","17/05/2024","31/05/2024","a0cd4bc500d745b03d73e63afb6a4143","0.963001766880495",91,"Fungi_4751","Ascomycota_4890","Leotiomycetes_147548",NA,NA,NA,NA
"pt2","PUF.BOT.1","PUF_BOT_01","Botanical Garden","17/05/2024","31/05/2024","349cecdaccca192a5aa609e9184c3c8e","0.674856366161648",107,"Fungi_4751","Ascomycota_4890","Sordariomycetes_147550","Hypocreales_5125",NA,NA,NA
"pt2","PUF.BOT.1","PUF_BOT_01","Botanical Garden","17/05/2024","31/05/2024","5f55b40d2f45184f5c9a56b8f5713317","0.711362304659374",86,"Fungi_4751","Ascomycota_4890","Leotiomycetes_147548",NA,NA,NA,NA
"pt2","PUF.BOT.1","PUF_BOT_01","Botanical Garden","17/05/2024","31/05/2024","8270514ad820103cc7adb495857263d0","0.684488549128601",81,"Fungi_4751","Ascomycota_4890","Sordariomycetes_147550",NA,NA,NA,NA
"pt2","PUF.BOT.1","PUF_BOT_01","Botanical Garden","17/05/2024","31/05/2024","e4e2c42f6b42c0e0f2e503990a5b0ea7","0.970797187989711",81,"Fungi_4751","Ascomycota_4890","Leotiomycetes_147548",NA,NA,NA,NA
"pt2","PUF.BOT.1","PUF_BOT_01","Botanical Garden","17/05/2024","31/05/2024","e9e1a86cfe2cba496becdcea2eb45b9d","0.571050464731067",69,"Fungi_4751","Ascomycota_4890","Sordariomycetes_147550","Hypocreales_5125",NA,NA,NA
"pt2","PUF.BOT.1","PUF_BOT_01","Botanical Garden","17/05/2024","31/05/2024","353cf88b067a953f6a7463a158fb4458","0.956710293760633",268,"Fungi_4751","Ascomycota_4890","Leotiomycetes_147548",NA,NA,NA,NA
"pt2","PUF.BOT.1","PUF_BOT_01","Botanical Garden","17/05/2024","31/05/2024","32d7c434253ab66ac640badd3685ad56","0.999125894285718",130,"Fungi_4751","Ascomycota_4890","Leotiomycetes_147548",NA,NA,NA,NA
"pt2","PUF.BOT.1","PUF_BOT_01","Botanical Garden","17/05/2024","31/05/2024","df9f56f50b9901074d04b075c16957db","0.777646822932057",77,"Fungi_4751","Ascomycota_4890","Leotiomycetes_147548",NA,NA,NA,NA
"pt2","PUF.BOT.1","PUF_BOT_01","Botanical Garden","17/05/2024","31/05/2024","048b1506652548effeac9d8c7a066229","0.999974954211271",75,"Metazoa_33208","Arthropoda_6656","Arachnida_6854","Trombidiformes_83136","Phytoptidae_1221082","Trisetacus_1227674","Trisetacus_thujae_2695370"
"pt2","PUF.BOT.1","PUF_BOT_01","Botanical Garden","17/05/2024","31/05/2024","707f18cbbafd24bac2dc8a5b73526c89","0.997977149338515",72,"Fungi_4751","Ascomycota_4890","Leotiomycetes_147548",NA,NA,NA,NA
"pt2","PUF.BOT.1","PUF_BOT_01","Botanical Garden","17/05/2024","31/05/2024","6dbf6710e8979d4a00b15c2964b20551","0.322347252633848",65,"Metazoa_33208","Arthropoda_6656","Arachnida_6854",NA,NA,NA,NA
"pt2","PUF.BOT.1","PUF_BOT_01","Botanical Garden","17/05/2024","31/05/2024","a9649dc75c437494ef47fb5c4191b00f","0.499632601664568",64,"Fungi_4751","Mucoromycota_1913637","Mucoromycetes_2212703","Mucorales_4827","Lichtheimiaceae_499202","Lichtheimia_688353","Lichtheimia_hongkongensis_549293"
"pt2","PUF.BOT.1","PUF_BOT_01","Botanical Garden","17/05/2024","31/05/2024","0adb28207d9013bb2c7dbc7888a17a5a","0.977492912521886",62,"Fungi_4751","Ascomycota_4890","Leotiomycetes_147548",NA,NA,NA,NA
"pt2","PUF.BOT.1","PUF_BOT_01","Botanical Garden","17/05/2024","31/05/2024","34ed5dc2d6b56e0c8bd9d85449928cab","0.999999999998991",62,"Fungi_4751","Ascomycota_4890","Lecanoromycetes_147547","Lecanorales_5197","Ramalinaceae_56478",NA,NA
"pt2","PUF.BOT.1","PUF_BOT_01","Botanical Garden","17/05/2024","31/05/2024","29a4dba1bfa1956fdee8b74924825ea4","0.757825971072733",60,"Fungi_4751","Ascomycota_4890","Leotiomycetes_147548",NA,NA,NA,NA
"pt2","PUF.BOT.1","PUF_BOT_01","Botanical Garden","17/05/2024","31/05/2024","ffe7294e1c2bc61fb928c49ef556e185","0.63582603301185",59,"Metazoa_33208","Arthropoda_6656","Arachnida_6854",NA,NA,NA,NA
"pt2","PUF.BOT.1","PUF_BOT_01","Botanical Garden","17/05/2024","31/05/2024","1bc80d244fbe72a22ebd2313111c972f","0.652239313136515",58,"Fungi_4751","Ascomycota_4890",NA,NA,NA,NA,NA
"pt2","PUF.BOT.1","PUF_BOT_01","Botanical Garden","17/05/2024","31/05/2024","0ba7f6bb10f8942755a4f712e7edd234","0.652448760589441",56,"Metazoa_33208","Arthropoda_6656","Arachnida_6854",NA,NA,NA,NA
"pt2","PUF.BOT.1","PUF_BOT_01","Botanical Garden","17/05/2024","31/05/2024","6b0d07a473eb76bedbf9d0f363f2848b","0.99992583245554",54,"Fungi_4751","Ascomycota_4890","Eurotiomycetes_147545","Eurotiales_5042","Aspergillaceae_1131492","Aspergillus_5052","Aspergillus_fumigatus_746128"
"pt2","PUF.IPEX.5","PUF_IPEX_05","IPEX","10/07/2024","24/07/2024","0c11abb10ca8c4ca6a9466f89d510f2e","0.907238614804815",3773,"Metazoa_33208","Arthropoda_6656","Insecta_50557","Hemiptera_7524","Pentatomidae_160513","Glypsus_-21471","Glypsus_conspicuus_-21472"
"pt2","PUF.IPEX.5","PUF_IPEX_05","IPEX","10/07/2024","24/07/2024","589974931988706a852f1bb2c5aa12dc","0.814574741442148",2006,"Fungi_4751","Basidiomycota_5204","Exobasidiomycetes_452283","Microstromatales_162475","Microstromatales_162475_family","Jaminaea_561108",NA
"pt2","PUF.IPEX.5","PUF_IPEX_05","IPEX","10/07/2024","24/07/2024","eec2170a8f2d0cd7dc3a18841a1ea5c7","0.999999999699554",1656,"Fungi_4751","Basidiomycota_5204","Exobasidiomycetes_452283","Microstromatales_162475",NA,NA,NA
"pt2","PUF.IPEX.5","PUF_IPEX_05","IPEX","10/07/2024","24/07/2024","b43d19c6734061aba20cde4334b0c772","0.933623859448047",1969,"Fungi_4751","Ascomycota_4890","Dothideomycetes_147541","Cladosporiales_2726946","Cladosporiaceae_452563","Cladosporium_5498","Cladosporium_bruhnei_450181"
"pt2","PUF.IPEX.5","PUF_IPEX_05","IPEX","10/07/2024","24/07/2024","bec08d51eb66022d7172c03768d5fd5d","0.937210778414611",322,"Fungi_4751","Ascomycota_4890","Dothideomycetes_147541","Cladosporiales_2726946","Cladosporiaceae_452563","Cladosporium_5498","Cladosporium_cladosporioides_29917"
"pt2","PUF.IPEX.5","PUF_IPEX_05","IPEX","10/07/2024","24/07/2024","42a334b44b84641c69386150c7cde441","0.975711405297424",336,"Fungi_4751","Ascomycota_4890","Leotiomycetes_147548",NA,NA,NA,NA
"pt2","PUF.IPEX.5","PUF_IPEX_05","IPEX","10/07/2024","24/07/2024","c0899651ae378553204b1e5ea53060b9","0.621258210680944",228,"Fungi_4751","Basidiomycota_5204","Exobasidiomycetes_452283","Microstromatales_162475","Microstromatales_162475_family","Jaminaea_561108",NA
"pt2","PUF.IPEX.5","PUF_IPEX_05","IPEX","10/07/2024","24/07/2024","d388a42f47cf0aff79dc33ea832fa6ba","0.688087973270429",454,"Fungi_4751","Ascomycota_4890","Sordariomycetes_147550","Hypocreales_5125","Nectriaceae_110618","Fusarium_5506","Fusarium_babinda_48486"
"pt2","PUF.IPEX.5","PUF_IPEX_05","IPEX","10/07/2024","24/07/2024","18afda2e4c3b03e088538500a42aa706","0.14863927909265",221,"Metazoa_33208","Cnidaria_6073",NA,NA,NA,NA,NA
"pt2","PUF.IPEX.5","PUF_IPEX_05","IPEX","10/07/2024","24/07/2024","efbf72a920a03347f6407072b84a43f9","0.999459556668486",1165,"Fungi_4751","Basidiomycota_5204","Agaricomycetes_155619","Russulales_452342","Peniophoraceae_103393","Peniophora_40463","Peniophora_lycii_154539"
"pt2","PUF.IPEX.5","PUF_IPEX_05","IPEX","10/07/2024","24/07/2024","5f907557675481632654c893c4e319d5","0.369832764629548",543,"Fungi_4751","Ascomycota_4890","Dothideomycetes_147541","Cladosporiales_2726946","Cladosporiaceae_452563","Cladosporium_5498","Cladosporium_bruhnei_450181"
"pt2","PUF.IPEX.5","PUF_IPEX_05","IPEX","10/07/2024","24/07/2024","186655c711d9c22435d048944254d180","0.999918046946559",840,"Fungi_4751","Basidiomycota_5204","Agaricomycetes_155619","Russulales_452342","Peniophoraceae_103393","Peniophora_40463","Peniophora_lycii_154539"
"pt2","PUF.IPEX.5","PUF_IPEX_05","IPEX","10/07/2024","24/07/2024","e2f909b13c3ebf8128f397a64f5faae1","0.865408471778355",305,"Fungi_4751","Basidiomycota_5204","Agaricomycetes_155619","Agaricales_5338","Psathyrellaceae_184208","Candolleomyces_2791032","Candolleomyces_candolleanus_71730"
"pt2","PUF.IPEX.5","PUF_IPEX_05","IPEX","10/07/2024","24/07/2024","860b57eecef779b33903310d968fcc74","0.792677784674948",996,"Metazoa_33208","Arthropoda_6656","Arachnida_6854","Trombidiformes_83136","Pygmephoridae_1253854",NA,NA
"pt2","PUF.IPEX.5","PUF_IPEX_05","IPEX","10/07/2024","24/07/2024","7f182575baad2d44cbddc0244753a1f5","0.999999999346173",433,"Eukaryota_2759_kingdom","Oomycota_4762","Oomycota_4762_class","Peronosporales_4776","Peronosporaceae_4777","Plasmopara_4780","Plasmopara_carveri_3350122"
"pt2","PUF.MBO.7","PUF_MBO_07","Bird Observatory","12/08/2024","26/08/2024","0c11abb10ca8c4ca6a9466f89d510f2e","0.907238614804815",1123,"Metazoa_33208","Arthropoda_6656","Insecta_50557","Hemiptera_7524","Pentatomidae_160513","Glypsus_-21471","Glypsus_conspicuus_-21472"
"pt2","PUF.MBO.7","PUF_MBO_07","Bird Observatory","12/08/2024","26/08/2024","589974931988706a852f1bb2c5aa12dc","0.814574741442148",1086,"Fungi_4751","Basidiomycota_5204","Exobasidiomycetes_452283","Microstromatales_162475","Microstromatales_162475_family","Jaminaea_561108",NA
"pt2","PUF.MBO.7","PUF_MBO_07","Bird Observatory","12/08/2024","26/08/2024","f7718bbdbd503a21d2692b3b333490cb","0.55302161898262",616,"Fungi_4751","Basidiomycota_5204","Exobasidiomycetes_452283","Microstromatales_162475","Microstromatales_162475_family","Jaminaea_561108",NA
"pt2","PUF.MBO.7","PUF_MBO_07","Bird Observatory","12/08/2024","26/08/2024","eec2170a8f2d0cd7dc3a18841a1ea5c7","0.999999999699554",1803,"Fungi_4751","Basidiomycota_5204","Exobasidiomycetes_452283","Microstromatales_162475",NA,NA,NA
"pt2","PUF.MBO.7","PUF_MBO_07","Bird Observatory","12/08/2024","26/08/2024","b43d19c6734061aba20cde4334b0c772","0.933623859448047",998,"Fungi_4751","Ascomycota_4890","Dothideomycetes_147541","Cladosporiales_2726946","Cladosporiaceae_452563","Cladosporium_5498","Cladosporium_bruhnei_450181"
"pt2","PUF.MBO.7","PUF_MBO_07","Bird Observatory","12/08/2024","26/08/2024","bec08d51eb66022d7172c03768d5fd5d","0.937210778414611",311,"Fungi_4751","Ascomycota_4890","Dothideomycetes_147541","Cladosporiales_2726946","Cladosporiaceae_452563","Cladosporium_5498","Cladosporium_cladosporioides_29917"
"pt2","PUF.MBO.7","PUF_MBO_07","Bird Observatory","12/08/2024","26/08/2024","0d1a483ebd4773116542454b0cc1a266","0.88739453904822",444,"Fungi_4751","Ascomycota_4890","Sordariomycetes_147550",NA,NA,NA,NA
"pt2","PUF.MBO.7","PUF_MBO_07","Bird Observatory","12/08/2024","26/08/2024","a4ce6cfe96b9ce0ad304803934790435","0.505582624946131",257,"Fungi_4751","Basidiomycota_5204","Exobasidiomycetes_452283","Microstromatales_162475",NA,NA,NA
"pt2","PUF.MBO.7","PUF_MBO_07","Bird Observatory","12/08/2024","26/08/2024","42a334b44b84641c69386150c7cde441","0.975711405297424",160,"Fungi_4751","Ascomycota_4890","Leotiomycetes_147548",NA,NA,NA,NA
"pt2","PUF.MBO.7","PUF_MBO_07","Bird Observatory","12/08/2024","26/08/2024","efbf72a920a03347f6407072b84a43f9","0.999459556668486",2841,"Fungi_4751","Basidiomycota_5204","Agaricomycetes_155619","Russulales_452342","Peniophoraceae_103393","Peniophora_40463","Peniophora_lycii_154539"
"pt2","PUF.MBO.7","PUF_MBO_07","Bird Observatory","12/08/2024","26/08/2024","757ecae2e601e8cb8f983ac712833b60","0.662704638933771",269,"Fungi_4751","Ascomycota_4890","Sordariomycetes_147550",NA,NA,NA,NA
"pt2","PUF.BOU.2","PUF_BOU_02","Boucherville","10/06/2024","24/06/2024","eec2170a8f2d0cd7dc3a18841a1ea5c7","0.999999999699554",311,"Fungi_4751","Basidiomycota_5204","Exobasidiomycetes_452283","Microstromatales_162475",NA,NA,NA
"pt2","PUF.BOU.2","PUF_BOU_02","Boucherville","10/06/2024","24/06/2024","b43d19c6734061aba20cde4334b0c772","0.933623859448047",686,"Fungi_4751","Ascomycota_4890","Dothideomycetes_147541","Cladosporiales_2726946","Cladosporiaceae_452563","Cladosporium_5498","Cladosporium_bruhnei_450181"
"pt2","PUF.BOU.2","PUF_BOU_02","Boucherville","10/06/2024","24/06/2024","0d1a483ebd4773116542454b0cc1a266","0.88739453904822",168,"Fungi_4751","Ascomycota_4890","Sordariomycetes_147550",NA,NA,NA,NA
"pt2","PUF.BOU.2","PUF_BOU_02","Boucherville","10/06/2024","24/06/2024","42a334b44b84641c69386150c7cde441","0.975711405297424",54,"Fungi_4751","Ascomycota_4890","Leotiomycetes_147548",NA,NA,NA,NA
"pt2","PUF.BOU.2","PUF_BOU_02","Boucherville","10/06/2024","24/06/2024","d1d24d5ef702ed8316897967f0aed4bc","0.438081783143306",43,"Fungi_4751","Ascomycota_4890","Sordariomycetes_147550",NA,NA,NA,NA
"pt2","PUF.BOU.2","PUF_BOU_02","Boucherville","10/06/2024","24/06/2024","b4973746d688a7879255e08741b614fc","0.830431601896564",54,"Fungi_4751","Ascomycota_4890","Leotiomycetes_147548",NA,NA,NA,NA
"pt2","PUF.BOU.2","PUF_BOU_02","Boucherville","10/06/2024","24/06/2024","dece8419b8e4e1cc5d3a8bdc85038c21","0.996090882194318",49,"Fungi_4751","Ascomycota_4890","Leotiomycetes_147548",NA,NA,NA,NA
"pt2","PUF.BOU.2","PUF_BOU_02","Boucherville","10/06/2024","24/06/2024","eb6b5340d8804a841392a2178e81ad5e","0.564462508556644",99,"Fungi_4751","Ascomycota_4890","Leotiomycetes_147548",NA,NA,NA,NA
"pt2","PUF.BOU.2","PUF_BOU_02","Boucherville","10/06/2024","24/06/2024","e75a78d0e5e97379aded12cb2d3e9b77","0.941256683637283",42,"Fungi_4751","Ascomycota_4890","Leotiomycetes_147548",NA,NA,NA,NA
"pt2","PUF.BOU.2","PUF_BOU_02","Boucherville","10/06/2024","24/06/2024","5be1d53751f3907ff2f5d002e6a3d716","0.915464081512389",81,"Fungi_4751","Ascomycota_4890","Leotiomycetes_147548",NA,NA,NA,NA
"pt2","PUF.BOU.2","PUF_BOU_02","Boucherville","10/06/2024","24/06/2024","353cf88b067a953f6a7463a158fb4458","0.956710293760633",52,"Fungi_4751","Ascomycota_4890","Leotiomycetes_147548",NA,NA,NA,NA
"pt2","PUF.BOU.2","PUF_BOU_02","Boucherville","10/06/2024","24/06/2024","57951528e102e774eed45ce29cb56acc","0.527209898458268",56,"Fungi_4751","Ascomycota_4890",NA,NA,NA,NA,NA
"pt2","PUF.BOU.2","PUF_BOU_02","Boucherville","10/06/2024","24/06/2024","6c8afa4bb7c0245c68e1f9e1c00c3c81","0.989190192376783",344,"Metazoa_33208","Arthropoda_6656","Collembola_30001","Symphypleona_79705","Bourletiellidae_187607","Deuterosminthurus_1304590","Deuterosminthurus_bicinctus_2041938"
"pt2","PUF.BOU.2","PUF_BOU_02","Boucherville","10/06/2024","24/06/2024","6874dd172e908401f659917eccfef8b1","0.839633636059701",87,"Fungi_4751","Ascomycota_4890","Sordariomycetes_147550",NA,NA,NA,NA
"pt2","PUF.BOU.2","PUF_BOU_02","Boucherville","10/06/2024","24/06/2024","021dddc5396e71c6e6136204b9de679a","0.182809472552411",238,"Metazoa_33208","Arthropoda_6656","Insecta_50557","Diptera_7147","Tipulidae_41042",NA,NA
"pt2","PUF.BOU.2","PUF_BOU_02","Boucherville","10/06/2024","24/06/2024","ee887797d543eb5bca70685a80448f33","0.999999999833875",76,"Metazoa_33208","Arthropoda_6656","Arachnida_6854","Sarcoptiformes_83137","Acaridae_41442","Tyrophagus_41443","Tyrophagus_putrescentiae_59818"
"pt2","PUF.BOU.2","PUF_BOU_02","Boucherville","10/06/2024","24/06/2024","d7425bd9e67834376c4667db47365a9f","0.999674934136119",61,"Fungi_4751","Ascomycota_4890","Leotiomycetes_147548",NA,NA,NA,NA
"pt2","PUF.BOU.2","PUF_BOU_02","Boucherville","10/06/2024","24/06/2024","e3baab37e90401b721b55376b0d67a9d","0.933103885147195",59,"Fungi_4751","Ascomycota_4890","Sordariomycetes_147550",NA,NA,NA,NA
"pt2","PUF.BOU.2","PUF_BOU_02","Boucherville","10/06/2024","24/06/2024","8f5d1cb67cac026bd1b3f7c27c224e78","0.819571786664826",57,"Metazoa_33208","Arthropoda_6656","Collembola_30001","Symphypleona_79705",NA,NA,NA
"pt2","PUF.BOU.2","PUF_BOU_02","Boucherville","10/06/2024","24/06/2024","3f1c86e8d986b1484f42b9829c73570a","0.997827252670228",42,"Fungi_4751","Ascomycota_4890","Eurotiomycetes_147545","Eurotiales_5042","Aspergillaceae_1131492","Penicillium_5073","Penicillium_brevicompactum_5074"
"pt2","PUF.JD.7","PUF_JD_07","Jean-Drapeau","14/08/2024","28/08/2024","0c11abb10ca8c4ca6a9466f89d510f2e","0.907238614804815",2271,"Metazoa_33208","Arthropoda_6656","Insecta_50557","Hemiptera_7524","Pentatomidae_160513","Glypsus_-21471","Glypsus_conspicuus_-21472"
"pt2","PUF.JD.7","PUF_JD_07","Jean-Drapeau","14/08/2024","28/08/2024","589974931988706a852f1bb2c5aa12dc","0.814574741442148",241,"Fungi_4751","Basidiomycota_5204","Exobasidiomycetes_452283","Microstromatales_162475","Microstromatales_162475_family","Jaminaea_561108",NA
"pt2","PUF.JD.7","PUF_JD_07","Jean-Drapeau","14/08/2024","28/08/2024","f7718bbdbd503a21d2692b3b333490cb","0.55302161898262",260,"Fungi_4751","Basidiomycota_5204","Exobasidiomycetes_452283","Microstromatales_162475","Microstromatales_162475_family","Jaminaea_561108",NA
"pt2","PUF.JD.7","PUF_JD_07","Jean-Drapeau","14/08/2024","28/08/2024","eec2170a8f2d0cd7dc3a18841a1ea5c7","0.999999999699554",200,"Fungi_4751","Basidiomycota_5204","Exobasidiomycetes_452283","Microstromatales_162475",NA,NA,NA
"pt2","PUF.JD.7","PUF_JD_07","Jean-Drapeau","14/08/2024","28/08/2024","b43d19c6734061aba20cde4334b0c772","0.933623859448047",884,"Fungi_4751","Ascomycota_4890","Dothideomycetes_147541","Cladosporiales_2726946","Cladosporiaceae_452563","Cladosporium_5498","Cladosporium_bruhnei_450181"
"pt2","PUF.JD.7","PUF_JD_07","Jean-Drapeau","14/08/2024","28/08/2024","bec08d51eb66022d7172c03768d5fd5d","0.937210778414611",1271,"Fungi_4751","Ascomycota_4890","Dothideomycetes_147541","Cladosporiales_2726946","Cladosporiaceae_452563","Cladosporium_5498","Cladosporium_cladosporioides_29917"
"pt2","PUF.JD.7","PUF_JD_07","Jean-Drapeau","14/08/2024","28/08/2024","be8dc1271132728b62d899f6fe83b643","0.417154486433497",1955,"Fungi_4751","Ascomycota_4890","Dothideomycetes_147541",NA,NA,NA,NA
"pt2","PUF.JD.7","PUF_JD_07","Jean-Drapeau","14/08/2024","28/08/2024","202e53dd32a0e7b3fcb0945dd40b5e51","0.819547932595875",195,"Fungi_4751","Ascomycota_4890","Leotiomycetes_147548",NA,NA,NA,NA
"pt2","PUF.JD.7","PUF_JD_07","Jean-Drapeau","14/08/2024","28/08/2024","937d32d8b30569996c449126c9aa0c79","0.999086113297351",201,"Fungi_4751","Ascomycota_4890","Dothideomycetes_147541","Mycosphaerellales_2726947","Mycosphaerellaceae_93133","Cercospora_29002","Cercospora_nicotianae_29003"
"pt2","PUF.JD.7","PUF_JD_07","Jean-Drapeau","14/08/2024","28/08/2024","b68e68d28b1bf1fab06f4b523042e2d3","0.983792751072165",668,"Fungi_4751","Ascomycota_4890","Leotiomycetes_147548",NA,NA,NA,NA
"pt2","PUF.JD.7","PUF_JD_07","Jean-Drapeau","14/08/2024","28/08/2024","53814ac04567f8e2287c46b0b52f47f1","0.851549716705765",1495,"Fungi_4751","Ascomycota_4890","Dothideomycetes_147541",NA,NA,NA,NA
"pt2","PUF.JD.7","PUF_JD_07","Jean-Drapeau","14/08/2024","28/08/2024","e07e46d7aafd4deecdc6327a714c759c","0.946704056119496",332,"Fungi_4751","Ascomycota_4890","Leotiomycetes_147548",NA,NA,NA,NA
"pt2","PUF.JD.7","PUF_JD_07","Jean-Drapeau","14/08/2024","28/08/2024","efbf72a920a03347f6407072b84a43f9","0.999459556668486",366,"Fungi_4751","Basidiomycota_5204","Agaricomycetes_155619","Russulales_452342","Peniophoraceae_103393","Peniophora_40463","Peniophora_lycii_154539"
"pt2","PUF.JD.7","PUF_JD_07","Jean-Drapeau","14/08/2024","28/08/2024","d81f6cdff61b07652ac3a1e24f7d4d34","0.985570670322772",376,"Fungi_4751","Ascomycota_4890","Leotiomycetes_147548",NA,NA,NA,NA
"pt2","PUF.JD.7","PUF_JD_07","Jean-Drapeau","14/08/2024","28/08/2024","db800311f5ae69565ec96214053622f1","0.999987270154586",3186,"Fungi_4751","Ascomycota_4890","Dothideomycetes_147541","Cladosporiales_2726946","Cladosporiaceae_452563","Cladosporium_5498","Cladosporium_sphaerospermum_92950"
"pt2","PUF.JD.7","PUF_JD_07","Jean-Drapeau","14/08/2024","28/08/2024","ac2856f0b486761c43a4e56486d97377","0.999999491541673",867,"Metazoa_33208","Arthropoda_6656","Insecta_50557","Coleoptera_7041","Coccinellidae_7080","Harmonia_115356","Harmonia_axyridis_115357"
"pt2","PUF.JD.7","PUF_JD_07","Jean-Drapeau","14/08/2024","28/08/2024","9a4e8fcb141854d158a02347f61b6677","0.948598508015616",592,"Metazoa_33208","Arthropoda_6656","Insecta_50557","Trichoptera_30263","Hydropsychidae_41030","Hydropsyche_50443","Hydropsyche_alternans_3381222"
"pt2","PUF.BOT.4","PUF_BOT_04","Botanical Garden","28/06/2024","12/07/2024","0c11abb10ca8c4ca6a9466f89d510f2e","0.907238614804815",524,"Metazoa_33208","Arthropoda_6656","Insecta_50557","Hemiptera_7524","Pentatomidae_160513","Glypsus_-21471","Glypsus_conspicuus_-21472"
"pt2","PUF.BOT.4","PUF_BOT_04","Botanical Garden","28/06/2024","12/07/2024","eec2170a8f2d0cd7dc3a18841a1ea5c7","0.999999999699554",241,"Fungi_4751","Basidiomycota_5204","Exobasidiomycetes_452283","Microstromatales_162475",NA,NA,NA
"pt2","PUF.BOT.4","PUF_BOT_04","Botanical Garden","28/06/2024","12/07/2024","b43d19c6734061aba20cde4334b0c772","0.933623859448047",881,"Fungi_4751","Ascomycota_4890","Dothideomycetes_147541","Cladosporiales_2726946","Cladosporiaceae_452563","Cladosporium_5498","Cladosporium_bruhnei_450181"
"pt2","PUF.BOT.4","PUF_BOT_04","Botanical Garden","28/06/2024","12/07/2024","bec08d51eb66022d7172c03768d5fd5d","0.937210778414611",773,"Fungi_4751","Ascomycota_4890","Dothideomycetes_147541","Cladosporiales_2726946","Cladosporiaceae_452563","Cladosporium_5498","Cladosporium_cladosporioides_29917"
"pt2","PUF.BOT.4","PUF_BOT_04","Botanical Garden","28/06/2024","12/07/2024","efe1ce8e8d1b9cdb5da01eb790e3abcc","0.499999775441608",44,"Fungi_4751","Basidiomycota_5204","Microbotryomycetes_162481","Sporidiobolales_231213","Sporidiobolaceae_1799696",NA,NA
"pt2","PUF.BOT.4","PUF_BOT_04","Botanical Garden","28/06/2024","12/07/2024","945bd633c00552164446ce1c2ba94461","0.947741379948713",51,"Fungi_4751","Ascomycota_4890","Leotiomycetes_147548",NA,NA,NA,NA
"pt2","PUF.BOT.4","PUF_BOT_04","Botanical Garden","28/06/2024","12/07/2024","efbf72a920a03347f6407072b84a43f9","0.999459556668486",137,"Fungi_4751","Basidiomycota_5204","Agaricomycetes_155619","Russulales_452342","Peniophoraceae_103393","Peniophora_40463","Peniophora_lycii_154539"
"pt2","PUF.BOT.4","PUF_BOT_04","Botanical Garden","28/06/2024","12/07/2024","5f907557675481632654c893c4e319d5","0.369832764629548",217,"Fungi_4751","Ascomycota_4890","Dothideomycetes_147541","Cladosporiales_2726946","Cladosporiaceae_452563","Cladosporium_5498","Cladosporium_bruhnei_450181"
"pt2","PUF.BOT.4","PUF_BOT_04","Botanical Garden","28/06/2024","12/07/2024","186655c711d9c22435d048944254d180","0.999918046946559",56,"Fungi_4751","Basidiomycota_5204","Agaricomycetes_155619","Russulales_452342","Peniophoraceae_103393","Peniophora_40463","Peniophora_lycii_154539"
"pt2","PUF.BOT.4","PUF_BOT_04","Botanical Garden","28/06/2024","12/07/2024","e3625b78fc7d223a7bce189dca39f019","0.931434102040716",46,"Fungi_4751","Ascomycota_4890","Dothideomycetes_147541","Pleosporales_92860","Shiraiaceae_224418","Shiraia_224419","Shiraia_bambusicola_224420"
"pt2","PUF.BOT.4","PUF_BOT_04","Botanical Garden","28/06/2024","12/07/2024","d5c8064d146cc9935092de2b025e9dfa","0.999998161889961",138,"Metazoa_33208","Arthropoda_6656","Insecta_50557","Diptera_7147","Asteiidae_286485","Asteia_305551","Asteia_amoena_716597"
"pt2","PUF.BOT.4","PUF_BOT_04","Botanical Garden","28/06/2024","12/07/2024","ddfd319f3d88ba3067d804c949cf1f1a","0.436151395675201",57,"Fungi_4751","Ascomycota_4890",NA,NA,NA,NA,NA
"pt2","PUF.BOT.4","PUF_BOT_04","Botanical Garden","28/06/2024","12/07/2024","67bb67e859efca924a3f7eea717a96ae","0.739508299617196",43,"Fungi_4751","Ascomycota_4890","Leotiomycetes_147548",NA,NA,NA,NA
"pt2","PUF.BOU.3","PUF_BOU_03","Boucherville","24/06/2024","08/07/2024","0c11abb10ca8c4ca6a9466f89d510f2e","0.907238614804815",115,"Metazoa_33208","Arthropoda_6656","Insecta_50557","Hemiptera_7524","Pentatomidae_160513","Glypsus_-21471","Glypsus_conspicuus_-21472"
"pt2","PUF.BOU.3","PUF_BOU_03","Boucherville","24/06/2024","08/07/2024","eec2170a8f2d0cd7dc3a18841a1ea5c7","0.999999999699554",236,"Fungi_4751","Basidiomycota_5204","Exobasidiomycetes_452283","Microstromatales_162475",NA,NA,NA
"pt2","PUF.BOU.3","PUF_BOU_03","Boucherville","24/06/2024","08/07/2024","b43d19c6734061aba20cde4334b0c772","0.933623859448047",889,"Fungi_4751","Ascomycota_4890","Dothideomycetes_147541","Cladosporiales_2726946","Cladosporiaceae_452563","Cladosporium_5498","Cladosporium_bruhnei_450181"
"pt2","PUF.BOU.3","PUF_BOU_03","Boucherville","24/06/2024","08/07/2024","0d1a483ebd4773116542454b0cc1a266","0.88739453904822",158,"Fungi_4751","Ascomycota_4890","Sordariomycetes_147550",NA,NA,NA,NA
"pt2","PUF.BOU.3","PUF_BOU_03","Boucherville","24/06/2024","08/07/2024","42a334b44b84641c69386150c7cde441","0.975711405297424",119,"Fungi_4751","Ascomycota_4890","Leotiomycetes_147548",NA,NA,NA,NA
"pt2","PUF.BOU.3","PUF_BOU_03","Boucherville","24/06/2024","08/07/2024","202e53dd32a0e7b3fcb0945dd40b5e51","0.819547932595875",62,"Fungi_4751","Ascomycota_4890","Leotiomycetes_147548",NA,NA,NA,NA
"pt2","PUF.BOU.3","PUF_BOU_03","Boucherville","24/06/2024","08/07/2024","a3612a98863d0cb2a0423fb56a0bef70","0.670862072239708",57,"Metazoa_33208","Chordata_7711","Mammalia_40674","Artiodactyla_91561","Bovidae_9895","Bos_9903","Bos_taurus_9913"
"pt2","PUF.BOU.3","PUF_BOU_03","Boucherville","24/06/2024","08/07/2024","efbf72a920a03347f6407072b84a43f9","0.999459556668486",91,"Fungi_4751","Basidiomycota_5204","Agaricomycetes_155619","Russulales_452342","Peniophoraceae_103393","Peniophora_40463","Peniophora_lycii_154539"
"pt2","PUF.BOU.3","PUF_BOU_03","Boucherville","24/06/2024","08/07/2024","b4973746d688a7879255e08741b614fc","0.830431601896564",52,"Fungi_4751","Ascomycota_4890","Leotiomycetes_147548",NA,NA,NA,NA
"pt2","PUF.BOU.3","PUF_BOU_03","Boucherville","24/06/2024","08/07/2024","d3818391d7f0c7a44c0f4151474788c2","0.656932599669466",44,"Fungi_4751","Basidiomycota_5204","Tremellomycetes_155616","Tremellales_5234","Bulleribasidiaceae_1884640","Dioszegia_165440","Dioszegia_changbaiensis_234950"
"pt2","PUF.BOU.3","PUF_BOU_03","Boucherville","24/06/2024","08/07/2024","dece8419b8e4e1cc5d3a8bdc85038c21","0.996090882194318",38,"Fungi_4751","Ascomycota_4890","Leotiomycetes_147548",NA,NA,NA,NA
"pt2","PUF.BOU.3","PUF_BOU_03","Boucherville","24/06/2024","08/07/2024","5f907557675481632654c893c4e319d5","0.369832764629548",51,"Fungi_4751","Ascomycota_4890","Dothideomycetes_147541","Cladosporiales_2726946","Cladosporiaceae_452563","Cladosporium_5498","Cladosporium_bruhnei_450181"
"pt2","PUF.BOU.3","PUF_BOU_03","Boucherville","24/06/2024","08/07/2024","eb6b5340d8804a841392a2178e81ad5e","0.564462508556644",62,"Fungi_4751","Ascomycota_4890","Leotiomycetes_147548",NA,NA,NA,NA
"pt2","PUF.BOU.3","PUF_BOU_03","Boucherville","24/06/2024","08/07/2024","186655c711d9c22435d048944254d180","0.999918046946559",55,"Fungi_4751","Basidiomycota_5204","Agaricomycetes_155619","Russulales_452342","Peniophoraceae_103393","Peniophora_40463","Peniophora_lycii_154539"
"pt2","PUF.BOU.3","PUF_BOU_03","Boucherville","24/06/2024","08/07/2024","e3625b78fc7d223a7bce189dca39f019","0.931434102040716",36,"Fungi_4751","Ascomycota_4890","Dothideomycetes_147541","Pleosporales_92860","Shiraiaceae_224418","Shiraia_224419","Shiraia_bambusicola_224420"
"pt2","PUF.BOU.3","PUF_BOU_03","Boucherville","24/06/2024","08/07/2024","e2f909b13c3ebf8128f397a64f5faae1","0.865408471778355",71,"Fungi_4751","Basidiomycota_5204","Agaricomycetes_155619","Agaricales_5338","Psathyrellaceae_184208","Candolleomyces_2791032","Candolleomyces_candolleanus_71730"
"pt2","PUF.BOU.3","PUF_BOU_03","Boucherville","24/06/2024","08/07/2024","21e486e5b0390082e16f41592cd6db47","0.208806068792897",41,"Metazoa_33208","Cnidaria_6073",NA,NA,NA,NA,NA
"pt2","PUF.BOU.3","PUF_BOU_03","Boucherville","24/06/2024","08/07/2024","12458b2a0937bbde973d321eebd537dd","0.872607235225293",49,"Fungi_4751","Ascomycota_4890",NA,NA,NA,NA,NA
"pt2","PUF.BOU.3","PUF_BOU_03","Boucherville","24/06/2024","08/07/2024","6c8afa4bb7c0245c68e1f9e1c00c3c81","0.989190192376783",82,"Metazoa_33208","Arthropoda_6656","Collembola_30001","Symphypleona_79705","Bourletiellidae_187607","Deuterosminthurus_1304590","Deuterosminthurus_bicinctus_2041938"
"pt2","PUF.BOU.3","PUF_BOU_03","Boucherville","24/06/2024","08/07/2024","ac7b0c6948af7272d79ccfe632ca2da7","0.838702900286819",161,"Metazoa_33208","Arthropoda_6656","Collembola_30001","Symphypleona_79705",NA,NA,NA
"pt2","PUF.BOU.3","PUF_BOU_03","Boucherville","24/06/2024","08/07/2024","f88eb5ab6c3acf78ec620566e1580483","0.499999316811437",79,"Fungi_4751","Basidiomycota_5204","Microbotryomycetes_162481","Sporidiobolales_231213","Sporidiobolaceae_1799696",NA,NA
"pt2","PUF.BOU.3","PUF_BOU_03","Boucherville","24/06/2024","08/07/2024","3b258eac8d9f96286061754d8aaa2781","0.528933614900776",39,"Fungi_4751","Ascomycota_4890","Leotiomycetes_147548",NA,NA,NA,NA
"pt2","PUF.BOU.3","PUF_BOU_03","Boucherville","24/06/2024","08/07/2024","c188bae2ea531ea23b6e9697d793e886","0.499999928585315",36,"Fungi_4751","Basidiomycota_5204","Microbotryomycetes_162481","Sporidiobolales_231213","Sporidiobolaceae_1799696",NA,NA
"pt2","PUF.BOT.9","PUF_BOT_09","Botanical Garden","06/09/2024","20/09/2024","0c11abb10ca8c4ca6a9466f89d510f2e","0.907238614804815",1107,"Metazoa_33208","Arthropoda_6656","Insecta_50557","Hemiptera_7524","Pentatomidae_160513","Glypsus_-21471","Glypsus_conspicuus_-21472"
"pt2","PUF.BOT.9","PUF_BOT_09","Botanical Garden","06/09/2024","20/09/2024","f7718bbdbd503a21d2692b3b333490cb","0.55302161898262",91,"Fungi_4751","Basidiomycota_5204","Exobasidiomycetes_452283","Microstromatales_162475","Microstromatales_162475_family","Jaminaea_561108",NA
"pt2","PUF.BOT.9","PUF_BOT_09","Botanical Garden","06/09/2024","20/09/2024","eec2170a8f2d0cd7dc3a18841a1ea5c7","0.999999999699554",97,"Fungi_4751","Basidiomycota_5204","Exobasidiomycetes_452283","Microstromatales_162475",NA,NA,NA
"pt2","PUF.BOT.9","PUF_BOT_09","Botanical Garden","06/09/2024","20/09/2024","afb94828a83235f617d67b54fe89fe79","0.373408909311144",181,"Fungi_4751","Basidiomycota_5204","Pucciniomycetes_162484","Pucciniales_5258","Melampsoraceae_5259","Melampsora_5260","Melampsora_medusae_82101"
"pt2","PUF.BOT.9","PUF_BOT_09","Botanical Garden","06/09/2024","20/09/2024","b43d19c6734061aba20cde4334b0c772","0.933623859448047",341,"Fungi_4751","Ascomycota_4890","Dothideomycetes_147541","Cladosporiales_2726946","Cladosporiaceae_452563","Cladosporium_5498","Cladosporium_bruhnei_450181"
"pt2","PUF.BOT.9","PUF_BOT_09","Botanical Garden","06/09/2024","20/09/2024","bec08d51eb66022d7172c03768d5fd5d","0.937210778414611",440,"Fungi_4751","Ascomycota_4890","Dothideomycetes_147541","Cladosporiales_2726946","Cladosporiaceae_452563","Cladosporium_5498","Cladosporium_cladosporioides_29917"
"pt2","PUF.BOT.9","PUF_BOT_09","Botanical Garden","06/09/2024","20/09/2024","c684f602961d1fa707824757cb55af21","0.980027983287282",106,"Fungi_4751","Ascomycota_4890","Leotiomycetes_147548",NA,NA,NA,NA
"pt2","PUF.BOT.9","PUF_BOT_09","Botanical Garden","06/09/2024","20/09/2024","937d32d8b30569996c449126c9aa0c79","0.999086113297351",138,"Fungi_4751","Ascomycota_4890","Dothideomycetes_147541","Mycosphaerellales_2726947","Mycosphaerellaceae_93133","Cercospora_29002","Cercospora_nicotianae_29003"
"pt2","PUF.BOT.9","PUF_BOT_09","Botanical Garden","06/09/2024","20/09/2024","53814ac04567f8e2287c46b0b52f47f1","0.851549716705765",255,"Fungi_4751","Ascomycota_4890","Dothideomycetes_147541",NA,NA,NA,NA
"pt2","PUF.BOT.9","PUF_BOT_09","Botanical Garden","06/09/2024","20/09/2024","e07e46d7aafd4deecdc6327a714c759c","0.946704056119496",176,"Fungi_4751","Ascomycota_4890","Leotiomycetes_147548",NA,NA,NA,NA
"pt2","PUF.BOT.9","PUF_BOT_09","Botanical Garden","06/09/2024","20/09/2024","a26e6cc23365c60897b7d620c23de990","0.944259328386728",134,"Metazoa_33208","Arthropoda_6656","Insecta_50557","Lepidoptera_7088","Pyralidae_7135","Pionidia_2613197",NA
"pt2","PUF.BOT.9","PUF_BOT_09","Botanical Garden","06/09/2024","20/09/2024","d3818391d7f0c7a44c0f4151474788c2","0.656932599669466",99,"Fungi_4751","Basidiomycota_5204","Tremellomycetes_155616","Tremellales_5234","Bulleribasidiaceae_1884640","Dioszegia_165440","Dioszegia_changbaiensis_234950"
"pt2","PUF.BOT.9","PUF_BOT_09","Botanical Garden","06/09/2024","20/09/2024","92c74999244c29a44e723e2b73905c01","0.479530789167162",740,"Fungi_4751","Basidiomycota_5204","Microbotryomycetes_162481","Sporidiobolales_231213","Sporidiobolaceae_1799696","Rhodotorula_5533",NA
"pt2","PUF.BOT.9","PUF_BOT_09","Botanical Garden","06/09/2024","20/09/2024","e568316642a9d4f2542e85dcc7267df7","0.999999998668883",179,"Fungi_4751","Basidiomycota_5204","Exobasidiomycetes_452283","Microstromatales_162475",NA,NA,NA
"pt2","PUF.BOT.9","PUF_BOT_09","Botanical Garden","06/09/2024","20/09/2024","5f55b40d2f45184f5c9a56b8f5713317","0.711362304659374",104,"Fungi_4751","Ascomycota_4890","Leotiomycetes_147548",NA,NA,NA,NA
"pt2","PUF.BOT.9","PUF_BOT_09","Botanical Garden","06/09/2024","20/09/2024","5c9798df4a1eac0578316db93ec43ba0","0.49465976108077",83,"Fungi_4751","Basidiomycota_5204","Cystobasidiomycetes_432005","Cystobasidiales_204043","Cystobasidiaceae_34418",NA,NA
"pt2","PUF.BOT.9","PUF_BOT_09","Botanical Garden","06/09/2024","20/09/2024","9efa1d19a4ca97e174569558cd9ba204","0.499999956399884",569,"Fungi_4751","Basidiomycota_5204","Microbotryomycetes_162481","Sporidiobolales_231213","Sporidiobolaceae_1799696",NA,NA
"pt2","PUF.BOT.9","PUF_BOT_09","Botanical Garden","06/09/2024","20/09/2024","82e8ea181868d741bf983027205dbe1e","0.499999996663276",186,"Fungi_4751","Basidiomycota_5204","Microbotryomycetes_162481","Sporidiobolales_231213","Sporidiobolaceae_1799696",NA,NA
"pt2","PUF.BOT.9","PUF_BOT_09","Botanical Garden","06/09/2024","20/09/2024","ca9b33c5a19f6ce02bf89152efbc4969","0.959356947173558",149,"Fungi_4751","Basidiomycota_5204","Microbotryomycetes_162481","Sporidiobolales_231213","Sporidiobolaceae_1799696","Rhodotorula_5533",NA
"pt2","PUF.BOT.9","PUF_BOT_09","Botanical Garden","06/09/2024","20/09/2024","01d70b160a9fbc7c1fd554d317d6872a","0.499999992897691",123,"Fungi_4751","Basidiomycota_5204","Microbotryomycetes_162481","Sporidiobolales_231213","Sporidiobolaceae_1799696",NA,NA
"pt2","PUF.MBO.9","PUF_MBO_09","Bird Observatory","09/09/2024","23/09/2024","0c11abb10ca8c4ca6a9466f89d510f2e","0.907238614804815",1901,"Metazoa_33208","Arthropoda_6656","Insecta_50557","Hemiptera_7524","Pentatomidae_160513","Glypsus_-21471","Glypsus_conspicuus_-21472"
"pt2","PUF.MBO.9","PUF_MBO_09","Bird Observatory","09/09/2024","23/09/2024","589974931988706a852f1bb2c5aa12dc","0.814574741442148",372,"Fungi_4751","Basidiomycota_5204","Exobasidiomycetes_452283","Microstromatales_162475","Microstromatales_162475_family","Jaminaea_561108",NA
"pt2","PUF.MBO.9","PUF_MBO_09","Bird Observatory","09/09/2024","23/09/2024","f7718bbdbd503a21d2692b3b333490cb","0.55302161898262",1214,"Fungi_4751","Basidiomycota_5204","Exobasidiomycetes_452283","Microstromatales_162475","Microstromatales_162475_family","Jaminaea_561108",NA
"pt2","PUF.MBO.9","PUF_MBO_09","Bird Observatory","09/09/2024","23/09/2024","eec2170a8f2d0cd7dc3a18841a1ea5c7","0.999999999699554",2688,"Fungi_4751","Basidiomycota_5204","Exobasidiomycetes_452283","Microstromatales_162475",NA,NA,NA
"pt2","PUF.MBO.9","PUF_MBO_09","Bird Observatory","09/09/2024","23/09/2024","afb94828a83235f617d67b54fe89fe79","0.373408909311144",478,"Fungi_4751","Basidiomycota_5204","Pucciniomycetes_162484","Pucciniales_5258","Melampsoraceae_5259","Melampsora_5260","Melampsora_medusae_82101"
"pt2","PUF.MBO.9","PUF_MBO_09","Bird Observatory","09/09/2024","23/09/2024","b43d19c6734061aba20cde4334b0c772","0.933623859448047",240,"Fungi_4751","Ascomycota_4890","Dothideomycetes_147541","Cladosporiales_2726946","Cladosporiaceae_452563","Cladosporium_5498","Cladosporium_bruhnei_450181"
"pt2","PUF.MBO.9","PUF_MBO_09","Bird Observatory","09/09/2024","23/09/2024","bec08d51eb66022d7172c03768d5fd5d","0.937210778414611",1523,"Fungi_4751","Ascomycota_4890","Dothideomycetes_147541","Cladosporiales_2726946","Cladosporiaceae_452563","Cladosporium_5498","Cladosporium_cladosporioides_29917"
"pt2","PUF.MBO.9","PUF_MBO_09","Bird Observatory","09/09/2024","23/09/2024","0d1a483ebd4773116542454b0cc1a266","0.88739453904822",253,"Fungi_4751","Ascomycota_4890","Sordariomycetes_147550",NA,NA,NA,NA
"pt2","PUF.MBO.9","PUF_MBO_09","Bird Observatory","09/09/2024","23/09/2024","a4ce6cfe96b9ce0ad304803934790435","0.505582624946131",535,"Fungi_4751","Basidiomycota_5204","Exobasidiomycetes_452283","Microstromatales_162475",NA,NA,NA
"pt2","PUF.MBO.9","PUF_MBO_09","Bird Observatory","09/09/2024","23/09/2024","efe1ce8e8d1b9cdb5da01eb790e3abcc","0.499999775441608",208,"Fungi_4751","Basidiomycota_5204","Microbotryomycetes_162481","Sporidiobolales_231213","Sporidiobolaceae_1799696",NA,NA
"pt2","PUF.MBO.9","PUF_MBO_09","Bird Observatory","09/09/2024","23/09/2024","d42852543b1b05a1a1b572eec4ea5da2","0.408956436412255",319,"Metazoa_33208","Arthropoda_6656","Arachnida_6854",NA,NA,NA,NA
"pt2","PUF.MBO.9","PUF_MBO_09","Bird Observatory","09/09/2024","23/09/2024","efbf72a920a03347f6407072b84a43f9","0.999459556668486",438,"Fungi_4751","Basidiomycota_5204","Agaricomycetes_155619","Russulales_452342","Peniophoraceae_103393","Peniophora_40463","Peniophora_lycii_154539"
"pt2","PUF.MBO.9","PUF_MBO_09","Bird Observatory","09/09/2024","23/09/2024","2aa71d44beef2bcfaaecfc4703081f0d","0.499999934301922",194,"Fungi_4751","Basidiomycota_5204","Microbotryomycetes_162481","Sporidiobolales_231213","Sporidiobolaceae_1799696",NA,NA
"pt2","PUF.MBO.9","PUF_MBO_09","Bird Observatory","09/09/2024","23/09/2024","e75a78d0e5e97379aded12cb2d3e9b77","0.941256683637283",313,"Fungi_4751","Ascomycota_4890","Leotiomycetes_147548",NA,NA,NA,NA
"pt2","PUF.MBO.9","PUF_MBO_09","Bird Observatory","09/09/2024","23/09/2024","bcf59b4926413543b3fb02800d2d5b80","0.999999999844206",377,"Eukaryota_2759_kingdom","Oomycota_4762","Oomycota_4762_class","Peronosporales_4776","Peronosporaceae_4777","Plasmopara_4780","Plasmopara_carveri_3350122"
"pt2","PUF.MBO.9","PUF_MBO_09","Bird Observatory","09/09/2024","23/09/2024","7f182575baad2d44cbddc0244753a1f5","0.999999999346173",205,"Eukaryota_2759_kingdom","Oomycota_4762","Oomycota_4762_class","Peronosporales_4776","Peronosporaceae_4777","Plasmopara_4780","Plasmopara_carveri_3350122"
"pt2","PUF.MBO.9","PUF_MBO_09","Bird Observatory","09/09/2024","23/09/2024","b614567123b87fc63f2ec82e87a633d3","0.9922895434464",605,"Fungi_4751","Ascomycota_4890","Sordariomycetes_147550","Hypocreales_5125",NA,NA,NA
"pt2","PUF.MBO.9","PUF_MBO_09","Bird Observatory","09/09/2024","23/09/2024","1809a1c403c18a33fa7f21708b8b8554","0.611288213377514",504,"Fungi_4751","Basidiomycota_5204","Exobasidiomycetes_452283","Microstromatales_162475","Microstromatales_162475_family","Jaminaea_561108",NA
"pt2","PUF.BOT.7","PUF_BOT_07","Botanical Garden","09/08/2024","23/08/2024","0c11abb10ca8c4ca6a9466f89d510f2e","0.907238614804815",1959,"Metazoa_33208","Arthropoda_6656","Insecta_50557","Hemiptera_7524","Pentatomidae_160513","Glypsus_-21471","Glypsus_conspicuus_-21472"
"pt2","PUF.BOT.7","PUF_BOT_07","Botanical Garden","09/08/2024","23/08/2024","589974931988706a852f1bb2c5aa12dc","0.814574741442148",289,"Fungi_4751","Basidiomycota_5204","Exobasidiomycetes_452283","Microstromatales_162475","Microstromatales_162475_family","Jaminaea_561108",NA
"pt2","PUF.BOT.7","PUF_BOT_07","Botanical Garden","09/08/2024","23/08/2024","f7718bbdbd503a21d2692b3b333490cb","0.55302161898262",120,"Fungi_4751","Basidiomycota_5204","Exobasidiomycetes_452283","Microstromatales_162475","Microstromatales_162475_family","Jaminaea_561108",NA
"pt2","PUF.BOT.7","PUF_BOT_07","Botanical Garden","09/08/2024","23/08/2024","eec2170a8f2d0cd7dc3a18841a1ea5c7","0.999999999699554",444,"Fungi_4751","Basidiomycota_5204","Exobasidiomycetes_452283","Microstromatales_162475",NA,NA,NA
"pt2","PUF.BOT.7","PUF_BOT_07","Botanical Garden","09/08/2024","23/08/2024","afb94828a83235f617d67b54fe89fe79","0.373408909311144",328,"Fungi_4751","Basidiomycota_5204","Pucciniomycetes_162484","Pucciniales_5258","Melampsoraceae_5259","Melampsora_5260","Melampsora_medusae_82101"
"pt2","PUF.BOT.7","PUF_BOT_07","Botanical Garden","09/08/2024","23/08/2024","b43d19c6734061aba20cde4334b0c772","0.933623859448047",1149,"Fungi_4751","Ascomycota_4890","Dothideomycetes_147541","Cladosporiales_2726946","Cladosporiaceae_452563","Cladosporium_5498","Cladosporium_bruhnei_450181"
"pt2","PUF.BOT.7","PUF_BOT_07","Botanical Garden","09/08/2024","23/08/2024","bec08d51eb66022d7172c03768d5fd5d","0.937210778414611",542,"Fungi_4751","Ascomycota_4890","Dothideomycetes_147541","Cladosporiales_2726946","Cladosporiaceae_452563","Cladosporium_5498","Cladosporium_cladosporioides_29917"
"pt2","PUF.BOT.7","PUF_BOT_07","Botanical Garden","09/08/2024","23/08/2024","c684f602961d1fa707824757cb55af21","0.980027983287282",182,"Fungi_4751","Ascomycota_4890","Leotiomycetes_147548",NA,NA,NA,NA
"pt2","PUF.BOT.7","PUF_BOT_07","Botanical Garden","09/08/2024","23/08/2024","937d32d8b30569996c449126c9aa0c79","0.999086113297351",217,"Fungi_4751","Ascomycota_4890","Dothideomycetes_147541","Mycosphaerellales_2726947","Mycosphaerellaceae_93133","Cercospora_29002","Cercospora_nicotianae_29003"
"pt2","PUF.BOT.7","PUF_BOT_07","Botanical Garden","09/08/2024","23/08/2024","53814ac04567f8e2287c46b0b52f47f1","0.851549716705765",938,"Fungi_4751","Ascomycota_4890","Dothideomycetes_147541",NA,NA,NA,NA
"pt2","PUF.BOT.7","PUF_BOT_07","Botanical Garden","09/08/2024","23/08/2024","e07e46d7aafd4deecdc6327a714c759c","0.946704056119496",395,"Fungi_4751","Ascomycota_4890","Leotiomycetes_147548",NA,NA,NA,NA
"pt2","PUF.BOT.7","PUF_BOT_07","Botanical Garden","09/08/2024","23/08/2024","efbf72a920a03347f6407072b84a43f9","0.999459556668486",538,"Fungi_4751","Basidiomycota_5204","Agaricomycetes_155619","Russulales_452342","Peniophoraceae_103393","Peniophora_40463","Peniophora_lycii_154539"
"pt2","PUF.BOT.7","PUF_BOT_07","Botanical Garden","09/08/2024","23/08/2024","5f55b40d2f45184f5c9a56b8f5713317","0.711362304659374",117,"Fungi_4751","Ascomycota_4890","Leotiomycetes_147548",NA,NA,NA,NA
"pt2","PUF.BOT.7","PUF_BOT_07","Botanical Garden","09/08/2024","23/08/2024","5c9798df4a1eac0578316db93ec43ba0","0.49465976108077",133,"Fungi_4751","Basidiomycota_5204","Cystobasidiomycetes_432005","Cystobasidiales_204043","Cystobasidiaceae_34418",NA,NA
"pt2","PUF.IPEX.9","PUF_IPEX_09","IPEX","04/09/2024","18/09/2024","0c11abb10ca8c4ca6a9466f89d510f2e","0.907238614804815",962,"Metazoa_33208","Arthropoda_6656","Insecta_50557","Hemiptera_7524","Pentatomidae_160513","Glypsus_-21471","Glypsus_conspicuus_-21472"
"pt2","PUF.IPEX.9","PUF_IPEX_09","IPEX","04/09/2024","18/09/2024","589974931988706a852f1bb2c5aa12dc","0.814574741442148",2946,"Fungi_4751","Basidiomycota_5204","Exobasidiomycetes_452283","Microstromatales_162475","Microstromatales_162475_family","Jaminaea_561108",NA
"pt2","PUF.IPEX.9","PUF_IPEX_09","IPEX","04/09/2024","18/09/2024","f7718bbdbd503a21d2692b3b333490cb","0.55302161898262",1934,"Fungi_4751","Basidiomycota_5204","Exobasidiomycetes_452283","Microstromatales_162475","Microstromatales_162475_family","Jaminaea_561108",NA
"pt2","PUF.IPEX.9","PUF_IPEX_09","IPEX","04/09/2024","18/09/2024","eec2170a8f2d0cd7dc3a18841a1ea5c7","0.999999999699554",1505,"Fungi_4751","Basidiomycota_5204","Exobasidiomycetes_452283","Microstromatales_162475",NA,NA,NA
"pt2","PUF.IPEX.9","PUF_IPEX_09","IPEX","04/09/2024","18/09/2024","afb94828a83235f617d67b54fe89fe79","0.373408909311144",1426,"Fungi_4751","Basidiomycota_5204","Pucciniomycetes_162484","Pucciniales_5258","Melampsoraceae_5259","Melampsora_5260","Melampsora_medusae_82101"
"pt2","PUF.IPEX.9","PUF_IPEX_09","IPEX","04/09/2024","18/09/2024","b43d19c6734061aba20cde4334b0c772","0.933623859448047",243,"Fungi_4751","Ascomycota_4890","Dothideomycetes_147541","Cladosporiales_2726946","Cladosporiaceae_452563","Cladosporium_5498","Cladosporium_bruhnei_450181"
"pt2","PUF.IPEX.9","PUF_IPEX_09","IPEX","04/09/2024","18/09/2024","bec08d51eb66022d7172c03768d5fd5d","0.937210778414611",508,"Fungi_4751","Ascomycota_4890","Dothideomycetes_147541","Cladosporiales_2726946","Cladosporiaceae_452563","Cladosporium_5498","Cladosporium_cladosporioides_29917"
"pt2","PUF.IPEX.9","PUF_IPEX_09","IPEX","04/09/2024","18/09/2024","0d1a483ebd4773116542454b0cc1a266","0.88739453904822",406,"Fungi_4751","Ascomycota_4890","Sordariomycetes_147550",NA,NA,NA,NA
"pt2","PUF.IPEX.9","PUF_IPEX_09","IPEX","04/09/2024","18/09/2024","42a334b44b84641c69386150c7cde441","0.975711405297424",579,"Fungi_4751","Ascomycota_4890","Leotiomycetes_147548",NA,NA,NA,NA
"pt2","PUF.IPEX.9","PUF_IPEX_09","IPEX","04/09/2024","18/09/2024","ce9e585d5196adf56f4e2c0e02e27b73","0.499999974718733",176,"Fungi_4751","Basidiomycota_5204","Microbotryomycetes_162481","Sporidiobolales_231213","Sporidiobolaceae_1799696",NA,NA
"pt2","PUF.IPEX.9","PUF_IPEX_09","IPEX","04/09/2024","18/09/2024","7f182575baad2d44cbddc0244753a1f5","0.999999999346173",139,"Eukaryota_2759_kingdom","Oomycota_4762","Oomycota_4762_class","Peronosporales_4776","Peronosporaceae_4777","Plasmopara_4780","Plasmopara_carveri_3350122"
"pt2","C.pos.1",NA,NA,NA,NA,"5d3564d6737e166e83ce8240f724d01b","0.99999881538543",3533,"Metazoa_33208","Arthropoda_6656","Insecta_50557","Lepidoptera_7088","Nymphalidae_33415","Cethosia_127316","Cethosia_biblis_876379"
"pt2","C.pos.1",NA,NA,NA,NA,"6f1a1255050532cae60680a72dce419a","0.932517804012975",3236,"Metazoa_33208","Arthropoda_6656","Insecta_50557","Lepidoptera_7088","Nymphalidae_33415","Heliconius_33416","Heliconius_doris_33455"
"pt2","C.pos.1",NA,NA,NA,NA,"cfbe78fed13ab87970c71076fd125838","0.561655359507809",2374,"Metazoa_33208","Arthropoda_6656","Insecta_50557","Lepidoptera_7088","Nymphalidae_33415","Caligo_127325","Caligo_brasiliensis_1005066"
"pt2","C.pos.1",NA,NA,NA,NA,"fd4bad522467847ada733a06160cd758","0.999871073236204",340,"Metazoa_33208","Arthropoda_6656","Collembola_30001","Entomobryomorpha_730330","Entomobryidae_48704","Willowsia_181624","Willowsia_buskii_1458441"
"pt2","C.pos.1",NA,NA,NA,NA,"c6faa26a7ab01e150962542b974ef824","0.999999859893857",316,"Metazoa_33208","Arthropoda_6656","Insecta_50557","Lepidoptera_7088","Nymphalidae_33415","Cethosia_127316","Cethosia_biblis_876379"
"pt2","PUF.JD.1","PUF_JD_01","Jean-Drapeau","22/05/2024","05/06/2024","b43d19c6734061aba20cde4334b0c772","0.933623859448047",114,"Fungi_4751","Ascomycota_4890","Dothideomycetes_147541","Cladosporiales_2726946","Cladosporiaceae_452563","Cladosporium_5498","Cladosporium_bruhnei_450181"
"pt2","PUF.JD.1","PUF_JD_01","Jean-Drapeau","22/05/2024","05/06/2024","353cf88b067a953f6a7463a158fb4458","0.956710293760633",148,"Fungi_4751","Ascomycota_4890","Leotiomycetes_147548",NA,NA,NA,NA
"pt2","PUF.JD.1","PUF_JD_01","Jean-Drapeau","22/05/2024","05/06/2024","e961ee812e814a754542db23bae2cf68","0.390753683146527",782,"Metazoa_33208","Arthropoda_6656","Arachnida_6854",NA,NA,NA,NA
"pt2","PUF.JD.1","PUF_JD_01","Jean-Drapeau","22/05/2024","05/06/2024","c102657dfcf5a1a045f54686d054f23d","0.999999106079189",6071,"Metazoa_33208","Arthropoda_6656","Insecta_50557","Lepidoptera_7088","Erebidae_695564","Hypena_95218","Hypena_scabra_95219"
"pt2","PUF.JD.1","PUF_JD_01","Jean-Drapeau","22/05/2024","05/06/2024","234491dfbfa36f619268cb922b8edfda","0.999520880665047",1435,"Metazoa_33208","Arthropoda_6656","Arachnida_6854","Trombidiformes_83136","Anystidae_92248","Anystis_66557","Anystis_baccarum_2250316"
"pt2","PUF.JD.1","PUF_JD_01","Jean-Drapeau","22/05/2024","05/06/2024","a3fa07daf126d1254801d4451062d3cb","0.336721502201319",114,"Metazoa_33208","Arthropoda_6656","Arachnida_6854","Mesostigmata_34634","Blattisociidae_1251892","Lasioseius_296243",NA
"pt2","PUF.BOT.6","PUF_BOT_06","Botanical Garden","26/07/2024","09/08/2024","0c11abb10ca8c4ca6a9466f89d510f2e","0.907238614804815",800,"Metazoa_33208","Arthropoda_6656","Insecta_50557","Hemiptera_7524","Pentatomidae_160513","Glypsus_-21471","Glypsus_conspicuus_-21472"
"pt2","PUF.BOT.6","PUF_BOT_06","Botanical Garden","26/07/2024","09/08/2024","b43d19c6734061aba20cde4334b0c772","0.933623859448047",391,"Fungi_4751","Ascomycota_4890","Dothideomycetes_147541","Cladosporiales_2726946","Cladosporiaceae_452563","Cladosporium_5498","Cladosporium_bruhnei_450181"
"pt2","PUF.BOT.6","PUF_BOT_06","Botanical Garden","26/07/2024","09/08/2024","18a2e110004e455b097f83f0c05922c6","0.975304870433857",705,"Metazoa_33208","Chordata_7711","Mammalia_40674","Primates_9443","Hominidae_9604","Homo_9605","Homo_sapiens_9606"
"pt2","PUF.BOT.6","PUF_BOT_06","Botanical Garden","26/07/2024","09/08/2024","ef8858611ab7825ba742dfb93d5dbedf","0.642077690453693",17783,"Metazoa_33208","Arthropoda_6656","Insecta_50557","Lepidoptera_7088","Pyralidae_7135","Pyla_683885","Pyla_fusca_683886"
"pt2","PUF.BOU.4","PUF_BOU_04","Boucherville","08/07/2024","22/07/2024","0c11abb10ca8c4ca6a9466f89d510f2e","0.907238614804815",276,"Metazoa_33208","Arthropoda_6656","Insecta_50557","Hemiptera_7524","Pentatomidae_160513","Glypsus_-21471","Glypsus_conspicuus_-21472"
"pt2","PUF.BOU.4","PUF_BOU_04","Boucherville","08/07/2024","22/07/2024","eec2170a8f2d0cd7dc3a18841a1ea5c7","0.999999999699554",661,"Fungi_4751","Basidiomycota_5204","Exobasidiomycetes_452283","Microstromatales_162475",NA,NA,NA
"pt2","PUF.BOU.4","PUF_BOU_04","Boucherville","08/07/2024","22/07/2024","b43d19c6734061aba20cde4334b0c772","0.933623859448047",1004,"Fungi_4751","Ascomycota_4890","Dothideomycetes_147541","Cladosporiales_2726946","Cladosporiaceae_452563","Cladosporium_5498","Cladosporium_bruhnei_450181"
"pt2","PUF.BOU.4","PUF_BOU_04","Boucherville","08/07/2024","22/07/2024","0d1a483ebd4773116542454b0cc1a266","0.88739453904822",59,"Fungi_4751","Ascomycota_4890","Sordariomycetes_147550",NA,NA,NA,NA
"pt2","PUF.BOU.4","PUF_BOU_04","Boucherville","08/07/2024","22/07/2024","c1b05b58063b2a2ce034c9b37a2afa7a","0.998948779700455",89,"Fungi_4751","Ascomycota_4890","Leotiomycetes_147548",NA,NA,NA,NA
"pt2","PUF.BOU.4","PUF_BOU_04","Boucherville","08/07/2024","22/07/2024","42a334b44b84641c69386150c7cde441","0.975711405297424",101,"Fungi_4751","Ascomycota_4890","Leotiomycetes_147548",NA,NA,NA,NA
"pt2","PUF.BOU.4","PUF_BOU_04","Boucherville","08/07/2024","22/07/2024","b68e68d28b1bf1fab06f4b523042e2d3","0.983792751072165",44,"Fungi_4751","Ascomycota_4890","Leotiomycetes_147548",NA,NA,NA,NA
"pt2","PUF.BOU.4","PUF_BOU_04","Boucherville","08/07/2024","22/07/2024","efbf72a920a03347f6407072b84a43f9","0.999459556668486",42,"Fungi_4751","Basidiomycota_5204","Agaricomycetes_155619","Russulales_452342","Peniophoraceae_103393","Peniophora_40463","Peniophora_lycii_154539"
"pt2","PUF.BOU.4","PUF_BOU_04","Boucherville","08/07/2024","22/07/2024","dece8419b8e4e1cc5d3a8bdc85038c21","0.996090882194318",130,"Fungi_4751","Ascomycota_4890","Leotiomycetes_147548",NA,NA,NA,NA
"pt2","PUF.BOU.4","PUF_BOU_04","Boucherville","08/07/2024","22/07/2024","5f907557675481632654c893c4e319d5","0.369832764629548",93,"Fungi_4751","Ascomycota_4890","Dothideomycetes_147541","Cladosporiales_2726946","Cladosporiaceae_452563","Cladosporium_5498","Cladosporium_bruhnei_450181"
"pt2","PUF.BOU.4","PUF_BOU_04","Boucherville","08/07/2024","22/07/2024","c38372039005405c2e6443c3d3488d49","0.571355839189392",58,"Fungi_4751","Ascomycota_4890","Dothideomycetes_147541","Cladosporiales_2726946","Cladosporiaceae_452563","Cladosporium_5498","Cladosporium_bruhnei_450181"
"pt2","PUF.BOU.4","PUF_BOU_04","Boucherville","08/07/2024","22/07/2024","e2f909b13c3ebf8128f397a64f5faae1","0.865408471778355",44,"Fungi_4751","Basidiomycota_5204","Agaricomycetes_155619","Agaricales_5338","Psathyrellaceae_184208","Candolleomyces_2791032","Candolleomyces_candolleanus_71730"
"pt2","PUF.BOU.4","PUF_BOU_04","Boucherville","08/07/2024","22/07/2024","9fe1c702458193e49887d52ce314a594","0.523325682824076",60,"Fungi_4751","Ascomycota_4890","Leotiomycetes_147548",NA,NA,NA,NA
"pt2","PUF.BOU.4","PUF_BOU_04","Boucherville","08/07/2024","22/07/2024","a38a1a8358cd93a9e5b4f3db3e0f7c35","0.292761721747615",41,"Metazoa_33208","Arthropoda_6656","Insecta_50557","Hemiptera_7524",NA,NA,NA
"pt2","PUF.BOU.4","PUF_BOU_04","Boucherville","08/07/2024","22/07/2024","3a59f523f64652b02b8187b7d78b53eb","0.233542652191399",47,"Viridiplantae_33090","Streptophyta_35493","Magnoliopsida_3398","Malvales_41938","Malvaceae_3629","Gossypium_3633","Gossypium_australe_47621"
"pt2","PUF.IPEX.6","PUF_IPEX_06","IPEX","24/07/2024","07/08/2024","0c11abb10ca8c4ca6a9466f89d510f2e","0.907238614804815",812,"Metazoa_33208","Arthropoda_6656","Insecta_50557","Hemiptera_7524","Pentatomidae_160513","Glypsus_-21471","Glypsus_conspicuus_-21472"
"pt2","PUF.IPEX.6","PUF_IPEX_06","IPEX","24/07/2024","07/08/2024","589974931988706a852f1bb2c5aa12dc","0.814574741442148",3542,"Fungi_4751","Basidiomycota_5204","Exobasidiomycetes_452283","Microstromatales_162475","Microstromatales_162475_family","Jaminaea_561108",NA
"pt2","PUF.IPEX.6","PUF_IPEX_06","IPEX","24/07/2024","07/08/2024","f7718bbdbd503a21d2692b3b333490cb","0.55302161898262",644,"Fungi_4751","Basidiomycota_5204","Exobasidiomycetes_452283","Microstromatales_162475","Microstromatales_162475_family","Jaminaea_561108",NA
"pt2","PUF.IPEX.6","PUF_IPEX_06","IPEX","24/07/2024","07/08/2024","eec2170a8f2d0cd7dc3a18841a1ea5c7","0.999999999699554",1557,"Fungi_4751","Basidiomycota_5204","Exobasidiomycetes_452283","Microstromatales_162475",NA,NA,NA
"pt2","PUF.IPEX.6","PUF_IPEX_06","IPEX","24/07/2024","07/08/2024","b43d19c6734061aba20cde4334b0c772","0.933623859448047",581,"Fungi_4751","Ascomycota_4890","Dothideomycetes_147541","Cladosporiales_2726946","Cladosporiaceae_452563","Cladosporium_5498","Cladosporium_bruhnei_450181"
"pt2","PUF.IPEX.6","PUF_IPEX_06","IPEX","24/07/2024","07/08/2024","bec08d51eb66022d7172c03768d5fd5d","0.937210778414611",166,"Fungi_4751","Ascomycota_4890","Dothideomycetes_147541","Cladosporiales_2726946","Cladosporiaceae_452563","Cladosporium_5498","Cladosporium_cladosporioides_29917"
"pt2","PUF.IPEX.6","PUF_IPEX_06","IPEX","24/07/2024","07/08/2024","42a334b44b84641c69386150c7cde441","0.975711405297424",412,"Fungi_4751","Ascomycota_4890","Leotiomycetes_147548",NA,NA,NA,NA
"pt2","PUF.IPEX.6","PUF_IPEX_06","IPEX","24/07/2024","07/08/2024","ce9e585d5196adf56f4e2c0e02e27b73","0.499999974718733",105,"Fungi_4751","Basidiomycota_5204","Microbotryomycetes_162481","Sporidiobolales_231213","Sporidiobolaceae_1799696",NA,NA
"pt2","PUF.IPEX.6","PUF_IPEX_06","IPEX","24/07/2024","07/08/2024","efbf72a920a03347f6407072b84a43f9","0.999459556668486",272,"Fungi_4751","Basidiomycota_5204","Agaricomycetes_155619","Russulales_452342","Peniophoraceae_103393","Peniophora_40463","Peniophora_lycii_154539"
"pt2","PUF.IPEX.6","PUF_IPEX_06","IPEX","24/07/2024","07/08/2024","186655c711d9c22435d048944254d180","0.999918046946559",112,"Fungi_4751","Basidiomycota_5204","Agaricomycetes_155619","Russulales_452342","Peniophoraceae_103393","Peniophora_40463","Peniophora_lycii_154539"
"pt2","PUF.IPEX.6","PUF_IPEX_06","IPEX","24/07/2024","07/08/2024","c9962e9ba8d3bfc1333df698883785b0","0.498907141317234",104,"Fungi_4751","Mucoromycota_1913637","Mucoromycetes_2212703","Mucorales_4827","Lichtheimiaceae_499202","Lichtheimia_688353","Lichtheimia_hongkongensis_549293"
"pt2","PUF.IPEX.7","PUF_IPEX_07","IPEX","07/08/2024","21/08/2024","0c11abb10ca8c4ca6a9466f89d510f2e","0.907238614804815",1045,"Metazoa_33208","Arthropoda_6656","Insecta_50557","Hemiptera_7524","Pentatomidae_160513","Glypsus_-21471","Glypsus_conspicuus_-21472"
"pt2","PUF.IPEX.7","PUF_IPEX_07","IPEX","07/08/2024","21/08/2024","589974931988706a852f1bb2c5aa12dc","0.814574741442148",560,"Fungi_4751","Basidiomycota_5204","Exobasidiomycetes_452283","Microstromatales_162475","Microstromatales_162475_family","Jaminaea_561108",NA
"pt2","PUF.IPEX.7","PUF_IPEX_07","IPEX","07/08/2024","21/08/2024","f7718bbdbd503a21d2692b3b333490cb","0.55302161898262",92,"Fungi_4751","Basidiomycota_5204","Exobasidiomycetes_452283","Microstromatales_162475","Microstromatales_162475_family","Jaminaea_561108",NA
"pt2","PUF.IPEX.7","PUF_IPEX_07","IPEX","07/08/2024","21/08/2024","eec2170a8f2d0cd7dc3a18841a1ea5c7","0.999999999699554",586,"Fungi_4751","Basidiomycota_5204","Exobasidiomycetes_452283","Microstromatales_162475",NA,NA,NA
"pt2","PUF.IPEX.7","PUF_IPEX_07","IPEX","07/08/2024","21/08/2024","b43d19c6734061aba20cde4334b0c772","0.933623859448047",410,"Fungi_4751","Ascomycota_4890","Dothideomycetes_147541","Cladosporiales_2726946","Cladosporiaceae_452563","Cladosporium_5498","Cladosporium_bruhnei_450181"
"pt2","PUF.IPEX.7","PUF_IPEX_07","IPEX","07/08/2024","21/08/2024","bec08d51eb66022d7172c03768d5fd5d","0.937210778414611",249,"Fungi_4751","Ascomycota_4890","Dothideomycetes_147541","Cladosporiales_2726946","Cladosporiaceae_452563","Cladosporium_5498","Cladosporium_cladosporioides_29917"
"pt2","PUF.IPEX.7","PUF_IPEX_07","IPEX","07/08/2024","21/08/2024","0d1a483ebd4773116542454b0cc1a266","0.88739453904822",252,"Fungi_4751","Ascomycota_4890","Sordariomycetes_147550",NA,NA,NA,NA
"pt2","PUF.IPEX.7","PUF_IPEX_07","IPEX","07/08/2024","21/08/2024","42a334b44b84641c69386150c7cde441","0.975711405297424",424,"Fungi_4751","Ascomycota_4890","Leotiomycetes_147548",NA,NA,NA,NA
"pt2","PUF.IPEX.7","PUF_IPEX_07","IPEX","07/08/2024","21/08/2024","96a2ca12e55abcc9577bcd54e6debad3","0.834652805023254",115,"Fungi_4751","Ascomycota_4890","Leotiomycetes_147548",NA,NA,NA,NA
"pt2","PUF.IPEX.7","PUF_IPEX_07","IPEX","07/08/2024","21/08/2024","18afda2e4c3b03e088538500a42aa706","0.14863927909265",139,"Metazoa_33208","Cnidaria_6073",NA,NA,NA,NA,NA
"pt2","PUF.IPEX.7","PUF_IPEX_07","IPEX","07/08/2024","21/08/2024","efbf72a920a03347f6407072b84a43f9","0.999459556668486",757,"Fungi_4751","Basidiomycota_5204","Agaricomycetes_155619","Russulales_452342","Peniophoraceae_103393","Peniophora_40463","Peniophora_lycii_154539"
"pt2","PUF.IPEX.7","PUF_IPEX_07","IPEX","07/08/2024","21/08/2024","ae467d204456103bc0262e65b5710bf3","0.969881597900368",140,"Fungi_4751","Ascomycota_4890","Leotiomycetes_147548",NA,NA,NA,NA
"pt2","PUF.IPEX.7","PUF_IPEX_07","IPEX","07/08/2024","21/08/2024","d3818391d7f0c7a44c0f4151474788c2","0.656932599669466",84,"Fungi_4751","Basidiomycota_5204","Tremellomycetes_155616","Tremellales_5234","Bulleribasidiaceae_1884640","Dioszegia_165440","Dioszegia_changbaiensis_234950"
"pt2","PUF.IPEX.7","PUF_IPEX_07","IPEX","07/08/2024","21/08/2024","dece8419b8e4e1cc5d3a8bdc85038c21","0.996090882194318",87,"Fungi_4751","Ascomycota_4890","Leotiomycetes_147548",NA,NA,NA,NA
"pt2","PUF.IPEX.7","PUF_IPEX_07","IPEX","07/08/2024","21/08/2024","186655c711d9c22435d048944254d180","0.999918046946559",221,"Fungi_4751","Basidiomycota_5204","Agaricomycetes_155619","Russulales_452342","Peniophoraceae_103393","Peniophora_40463","Peniophora_lycii_154539"
"pt2","PUF.IPEX.7","PUF_IPEX_07","IPEX","07/08/2024","21/08/2024","e2f909b13c3ebf8128f397a64f5faae1","0.865408471778355",273,"Fungi_4751","Basidiomycota_5204","Agaricomycetes_155619","Agaricales_5338","Psathyrellaceae_184208","Candolleomyces_2791032","Candolleomyces_candolleanus_71730"
"pt2","PUF.IPEX.7","PUF_IPEX_07","IPEX","07/08/2024","21/08/2024","bcf59b4926413543b3fb02800d2d5b80","0.999999999844206",97,"Eukaryota_2759_kingdom","Oomycota_4762","Oomycota_4762_class","Peronosporales_4776","Peronosporaceae_4777","Plasmopara_4780","Plasmopara_carveri_3350122"
"pt2","PUF.IPEX.7","PUF_IPEX_07","IPEX","07/08/2024","21/08/2024","7f182575baad2d44cbddc0244753a1f5","0.999999999346173",89,"Eukaryota_2759_kingdom","Oomycota_4762","Oomycota_4762_class","Peronosporales_4776","Peronosporaceae_4777","Plasmopara_4780","Plasmopara_carveri_3350122"
"pt2","PUF.IPEX.7","PUF_IPEX_07","IPEX","07/08/2024","21/08/2024","661a364817797075c64f09e013ebc663","0.798909175018059",89,"Eukaryota_2759_kingdom","Oomycota_4762","Oomycota_4762_class","Albuginales_370421","Albuginaceae_65355","Wilsoniana_572136","Wilsoniana_amaranthi_330680"
"pt2","PUF.JD.5","PUF_JD_05","Jean-Drapeau","17/07/2024","31/07/2024","0c11abb10ca8c4ca6a9466f89d510f2e","0.907238614804815",609,"Metazoa_33208","Arthropoda_6656","Insecta_50557","Hemiptera_7524","Pentatomidae_160513","Glypsus_-21471","Glypsus_conspicuus_-21472"
"pt2","PUF.JD.5","PUF_JD_05","Jean-Drapeau","17/07/2024","31/07/2024","eec2170a8f2d0cd7dc3a18841a1ea5c7","0.999999999699554",140,"Fungi_4751","Basidiomycota_5204","Exobasidiomycetes_452283","Microstromatales_162475",NA,NA,NA
"pt2","PUF.JD.5","PUF_JD_05","Jean-Drapeau","17/07/2024","31/07/2024","b43d19c6734061aba20cde4334b0c772","0.933623859448047",512,"Fungi_4751","Ascomycota_4890","Dothideomycetes_147541","Cladosporiales_2726946","Cladosporiaceae_452563","Cladosporium_5498","Cladosporium_bruhnei_450181"
"pt2","PUF.JD.5","PUF_JD_05","Jean-Drapeau","17/07/2024","31/07/2024","bec08d51eb66022d7172c03768d5fd5d","0.937210778414611",216,"Fungi_4751","Ascomycota_4890","Dothideomycetes_147541","Cladosporiales_2726946","Cladosporiaceae_452563","Cladosporium_5498","Cladosporium_cladosporioides_29917"
"pt2","PUF.JD.5","PUF_JD_05","Jean-Drapeau","17/07/2024","31/07/2024","be8dc1271132728b62d899f6fe83b643","0.417154486433497",90,"Fungi_4751","Ascomycota_4890","Dothideomycetes_147541",NA,NA,NA,NA
"pt2","PUF.JD.5","PUF_JD_05","Jean-Drapeau","17/07/2024","31/07/2024","202e53dd32a0e7b3fcb0945dd40b5e51","0.819547932595875",162,"Fungi_4751","Ascomycota_4890","Leotiomycetes_147548",NA,NA,NA,NA
"pt2","PUF.JD.5","PUF_JD_05","Jean-Drapeau","17/07/2024","31/07/2024","a26e6cc23365c60897b7d620c23de990","0.944259328386728",297,"Metazoa_33208","Arthropoda_6656","Insecta_50557","Lepidoptera_7088","Pyralidae_7135","Pionidia_2613197",NA
"pt2","PUF.JD.5","PUF_JD_05","Jean-Drapeau","17/07/2024","31/07/2024","efbf72a920a03347f6407072b84a43f9","0.999459556668486",133,"Fungi_4751","Basidiomycota_5204","Agaricomycetes_155619","Russulales_452342","Peniophoraceae_103393","Peniophora_40463","Peniophora_lycii_154539"
"pt2","PUF.JD.5","PUF_JD_05","Jean-Drapeau","17/07/2024","31/07/2024","fb63d8f5c3345552089a08c54e864eda","0.359503254678772",243,"Metazoa_33208","Arthropoda_6656","Insecta_50557","Diptera_7147","Chironomidae_7149","Cricotopus_153373",NA
"pt2","PUF.JD.5","PUF_JD_05","Jean-Drapeau","17/07/2024","31/07/2024","8187787e018ce4815342f12d65ff7dc8","0.464733719684335",227,"Fungi_4751","Ascomycota_4890","Sordariomycetes_147550",NA,NA,NA,NA
"pt2","PUF.JD.5","PUF_JD_05","Jean-Drapeau","17/07/2024","31/07/2024","d81f6cdff61b07652ac3a1e24f7d4d34","0.985570670322772",269,"Fungi_4751","Ascomycota_4890","Leotiomycetes_147548",NA,NA,NA,NA
"pt2","PUF.JD.5","PUF_JD_05","Jean-Drapeau","17/07/2024","31/07/2024","93fbaeb35bf27f164556db50f99e228a","0.315750696371221",108,"Metazoa_33208","Arthropoda_6656","Insecta_50557","Hemiptera_7524",NA,NA,NA
"pt2","PUF.JD.5","PUF_JD_05","Jean-Drapeau","17/07/2024","31/07/2024","15825abb1c439dc12e181c4372f56a88","0.300326563779124",122,"Metazoa_33208","Arthropoda_6656","Insecta_50557","Hemiptera_7524",NA,NA,NA
"pt2","PUF.JD.5","PUF_JD_05","Jean-Drapeau","17/07/2024","31/07/2024","fe176b308bbe88adcb2e8c347fa8e4c6","0.998579538404455",156,"Fungi_4751","Ascomycota_4890","Leotiomycetes_147548",NA,NA,NA,NA
"pt2","PUF.JD.5","PUF_JD_05","Jean-Drapeau","17/07/2024","31/07/2024","46b87a93800ec3908b4e236322e3b87d","0.999999999696428",1700,"Metazoa_33208","Arthropoda_6656","Arachnida_6854","Araneae_6893","Tetragnathidae_27394","Tetragnatha_27395","Tetragnatha_guatemalensis_336607"
"pt2","PUF.JD.5","PUF_JD_05","Jean-Drapeau","17/07/2024","31/07/2024","9c64ff35ce49463300691c22ce79f869","0.999560226372891",429,"Metazoa_33208","Arthropoda_6656","Insecta_50557","Hemiptera_7524","Aphididae_27482","Pemphigus_13192","Pemphigus_populitransversus_220090"
"pt2","PUF.BOT.2","PUF_BOT_02","Botanical Garden","31/05/2024","14/06/2024","0c11abb10ca8c4ca6a9466f89d510f2e","0.907238614804815",121,"Metazoa_33208","Arthropoda_6656","Insecta_50557","Hemiptera_7524","Pentatomidae_160513","Glypsus_-21471","Glypsus_conspicuus_-21472"
"pt2","PUF.BOT.2","PUF_BOT_02","Botanical Garden","31/05/2024","14/06/2024","afb94828a83235f617d67b54fe89fe79","0.373408909311144",88,"Fungi_4751","Basidiomycota_5204","Pucciniomycetes_162484","Pucciniales_5258","Melampsoraceae_5259","Melampsora_5260","Melampsora_medusae_82101"
"pt2","PUF.BOT.2","PUF_BOT_02","Botanical Garden","31/05/2024","14/06/2024","b43d19c6734061aba20cde4334b0c772","0.933623859448047",569,"Fungi_4751","Ascomycota_4890","Dothideomycetes_147541","Cladosporiales_2726946","Cladosporiaceae_452563","Cladosporium_5498","Cladosporium_bruhnei_450181"
"pt2","PUF.BOT.2","PUF_BOT_02","Botanical Garden","31/05/2024","14/06/2024","0654cc62f2b2d1f6652ba8acca4ba9fb","0.959194747463117",274,"Fungi_4751","Basidiomycota_5204","Exobasidiomycetes_452283","Microstromatales_162475","Microstromatales_162475_family","Jaminaea_561108",NA
"pt2","PUF.BOT.2","PUF_BOT_02","Botanical Garden","31/05/2024","14/06/2024","efbf72a920a03347f6407072b84a43f9","0.999459556668486",59,"Fungi_4751","Basidiomycota_5204","Agaricomycetes_155619","Russulales_452342","Peniophoraceae_103393","Peniophora_40463","Peniophora_lycii_154539"
"pt2","PUF.BOT.2","PUF_BOT_02","Botanical Garden","31/05/2024","14/06/2024","98d2a53535a08812e4a0db8fc3b0c5ce","0.989750383875536",78,"Fungi_4751","Ascomycota_4890","Leotiomycetes_147548",NA,NA,NA,NA
"pt2","PUF.BOT.2","PUF_BOT_02","Botanical Garden","31/05/2024","14/06/2024","349cecdaccca192a5aa609e9184c3c8e","0.674856366161648",102,"Fungi_4751","Ascomycota_4890","Sordariomycetes_147550","Hypocreales_5125",NA,NA,NA
"pt2","PUF.BOT.2","PUF_BOT_02","Botanical Garden","31/05/2024","14/06/2024","e961ee812e814a754542db23bae2cf68","0.390753683146527",1734,"Metazoa_33208","Arthropoda_6656","Arachnida_6854",NA,NA,NA,NA
"pt2","PUF.BOT.2","PUF_BOT_02","Botanical Garden","31/05/2024","14/06/2024","8d5b3ad081e57d8dc2ec8c3d8fbfeaa2","0.999999900427033",53,"Metazoa_33208","Arthropoda_6656","Arachnida_6854","Trombidiformes_83136","Tydeidae_708320","Tydeus_1670773",NA
"pt2","PUF.BOT.2","PUF_BOT_02","Botanical Garden","31/05/2024","14/06/2024","ef719044363dda683db9afebd8d6f411","0.749336919840533",81,"Viridiplantae_33090","Chlorophyta_3041","Trebouxiophyceae_75966",NA,NA,NA,NA
"pt2","PUF.BOT.2","PUF_BOT_02","Botanical Garden","31/05/2024","14/06/2024","61e5dd91a85097d0812bfadaaef557d8","0.999863382513252",114,"Fungi_4751","Basidiomycota_5204","Agaricomycetes_155619","Agaricales_5338","Mycenaceae_2024004","Panellus_5635","Panellus_stipticus_5636"
"pt2","PUF.BOT.2","PUF_BOT_02","Botanical Garden","31/05/2024","14/06/2024","a0b7084219abc3752a8971756672617e","0.895872830854137",109,"Metazoa_33208","Arthropoda_6656","Insecta_50557","Lepidoptera_7088","Noctuidae_7100","Xestia_320016","Xestia_c-nigrum_987431"
"pt2","PUF.BOT.2","PUF_BOT_02","Botanical Garden","31/05/2024","14/06/2024","00047deca8d67066a12b738d7903445d","0.999483408605686",60,"Eukaryota_2759_kingdom","Oomycota_4762","Oomycota_4762_class","Pythiales_121069","Pythiaceae_4782","Globisporangium_1448052","Globisporangium_rostratifingens_2711122"
"pt2","PUF.MBO.1","PUF_MBO_01","Bird Observatory","20/05/2024","03/06/2024","0c11abb10ca8c4ca6a9466f89d510f2e","0.907238614804815",128,"Metazoa_33208","Arthropoda_6656","Insecta_50557","Hemiptera_7524","Pentatomidae_160513","Glypsus_-21471","Glypsus_conspicuus_-21472"
"pt2","PUF.MBO.1","PUF_MBO_01","Bird Observatory","20/05/2024","03/06/2024","b43d19c6734061aba20cde4334b0c772","0.933623859448047",385,"Fungi_4751","Ascomycota_4890","Dothideomycetes_147541","Cladosporiales_2726946","Cladosporiaceae_452563","Cladosporium_5498","Cladosporium_bruhnei_450181"
"pt2","PUF.MBO.1","PUF_MBO_01","Bird Observatory","20/05/2024","03/06/2024","0d1a483ebd4773116542454b0cc1a266","0.88739453904822",143,"Fungi_4751","Ascomycota_4890","Sordariomycetes_147550",NA,NA,NA,NA
"pt2","PUF.MBO.1","PUF_MBO_01","Bird Observatory","20/05/2024","03/06/2024","945bd633c00552164446ce1c2ba94461","0.947741379948713",214,"Fungi_4751","Ascomycota_4890","Leotiomycetes_147548",NA,NA,NA,NA
"pt2","PUF.MBO.1","PUF_MBO_01","Bird Observatory","20/05/2024","03/06/2024","efbf72a920a03347f6407072b84a43f9","0.999459556668486",1272,"Fungi_4751","Basidiomycota_5204","Agaricomycetes_155619","Russulales_452342","Peniophoraceae_103393","Peniophora_40463","Peniophora_lycii_154539"
"pt2","PUF.MBO.1","PUF_MBO_01","Bird Observatory","20/05/2024","03/06/2024","8187787e018ce4815342f12d65ff7dc8","0.464733719684335",207,"Fungi_4751","Ascomycota_4890","Sordariomycetes_147550",NA,NA,NA,NA
"pt2","PUF.MBO.1","PUF_MBO_01","Bird Observatory","20/05/2024","03/06/2024","aec35e427b95f1cbf2c6d6503e172a4f","0.279152099836879",442,"Fungi_4751","Ascomycota_4890",NA,NA,NA,NA,NA
"pt2","PUF.MBO.1","PUF_MBO_01","Bird Observatory","20/05/2024","03/06/2024","8270514ad820103cc7adb495857263d0","0.684488549128601",103,"Fungi_4751","Ascomycota_4890","Sordariomycetes_147550",NA,NA,NA,NA
"pt2","PUF.MBO.1","PUF_MBO_01","Bird Observatory","20/05/2024","03/06/2024","60ed8a06138d911c61bed7f3f6fd672a","0.990641217654615",129,"Fungi_4751","Basidiomycota_5204","Agaricomycetes_155619","Agaricales_5338","Schizophyllaceae_5332","Schizophyllum_5333","Schizophyllum_commune_5334"
"pt2","PUF.MBO.1","PUF_MBO_01","Bird Observatory","20/05/2024","03/06/2024","353cf88b067a953f6a7463a158fb4458","0.956710293760633",212,"Fungi_4751","Ascomycota_4890","Leotiomycetes_147548",NA,NA,NA,NA
"pt2","PUF.MBO.1","PUF_MBO_01","Bird Observatory","20/05/2024","03/06/2024","ddfd319f3d88ba3067d804c949cf1f1a","0.436151395675201",101,"Fungi_4751","Ascomycota_4890",NA,NA,NA,NA,NA
"pt2","PUF.MBO.1","PUF_MBO_01","Bird Observatory","20/05/2024","03/06/2024","0da03bee56cd2894f91b852c221c84d0","0.536459125746362",93,"Fungi_4751","Ascomycota_4890","Leotiomycetes_147548",NA,NA,NA,NA
"pt2","PUF.MBO.1","PUF_MBO_01","Bird Observatory","20/05/2024","03/06/2024","a8ce915f182ed95bbc64217af27815d7","0.541561903796751",98,"Fungi_4751","Ascomycota_4890",NA,NA,NA,NA,NA
"pt2","PUF.MBO.1","PUF_MBO_01","Bird Observatory","20/05/2024","03/06/2024","8d5b3ad081e57d8dc2ec8c3d8fbfeaa2","0.999999900427033",216,"Metazoa_33208","Arthropoda_6656","Arachnida_6854","Trombidiformes_83136","Tydeidae_708320","Tydeus_1670773",NA
"pt2","PUF.MBO.1","PUF_MBO_01","Bird Observatory","20/05/2024","03/06/2024","fa3fcdb5d6e280583db9f51553307b69","0.998296563535426",132,"Fungi_4751","Ascomycota_4890","Leotiomycetes_147548",NA,NA,NA,NA
"pt2","PUF.MBO.1","PUF_MBO_01","Bird Observatory","20/05/2024","03/06/2024","6a6cea84fad711c9cce5a727d388e1c1","0.991786570915145",334,"Fungi_4751","Ascomycota_4890","Leotiomycetes_147548",NA,NA,NA,NA
"pt2","PUF.MBO.1","PUF_MBO_01","Bird Observatory","20/05/2024","03/06/2024","0d02dafaa8ab788143666c570731fd73","0.455860506527336",405,"Metazoa_33208","Arthropoda_6656","Arachnida_6854","Trombidiformes_83136","Tydeidae_708320",NA,NA
"pt2","PUF.MBO.1","PUF_MBO_01","Bird Observatory","20/05/2024","03/06/2024","38b9fb8b2121e1f28c7312fc312c992a","0.99796051004556",220,"Fungi_4751","Ascomycota_4890","Leotiomycetes_147548",NA,NA,NA,NA
"pt2","PUF.MBO.1","PUF_MBO_01","Bird Observatory","20/05/2024","03/06/2024","639dd99c93b8b9fd80f1e1d1a65cc657","0.999999483967604",141,"Metazoa_33208","Arthropoda_6656","Insecta_50557","Diptera_7147","Chironomidae_7149","Limnophyes_190098",NA
"pt2","PUF.MBO.1","PUF_MBO_01","Bird Observatory","20/05/2024","03/06/2024","68770b5f0fbb30ab3e0e44692e452591","0.999999999998209",120,"Metazoa_33208","Arthropoda_6656","Arachnida_6854","Trombidiformes_83136","Eriophyidae_70320","Aculodes_644138","Aculodes_mckenziei_644532"
"pt2","PUF.MBO.1","PUF_MBO_01","Bird Observatory","20/05/2024","03/06/2024","0577c209c3d8b36164367be02d2ba25e","0.281029478513563",113,"Fungi_4751","Ascomycota_4890","Sordariomycetes_147550","Hypocreales_5125",NA,NA,NA
"pt2","PUF.MBO.1","PUF_MBO_01","Bird Observatory","20/05/2024","03/06/2024","061168a7f985a96ba7eb89cc6bdaf3da","0.508467872156768",107,"Fungi_4751","Ascomycota_4890","Sordariomycetes_147550",NA,NA,NA,NA
"pt2","PUF.BOU.5","PUF_BOU_05","Boucherville","22/07/2024","05/08/2024","0c11abb10ca8c4ca6a9466f89d510f2e","0.907238614804815",1825,"Metazoa_33208","Arthropoda_6656","Insecta_50557","Hemiptera_7524","Pentatomidae_160513","Glypsus_-21471","Glypsus_conspicuus_-21472"
"pt2","PUF.BOU.5","PUF_BOU_05","Boucherville","22/07/2024","05/08/2024","589974931988706a852f1bb2c5aa12dc","0.814574741442148",254,"Fungi_4751","Basidiomycota_5204","Exobasidiomycetes_452283","Microstromatales_162475","Microstromatales_162475_family","Jaminaea_561108",NA
"pt2","PUF.BOU.5","PUF_BOU_05","Boucherville","22/07/2024","05/08/2024","eec2170a8f2d0cd7dc3a18841a1ea5c7","0.999999999699554",1427,"Fungi_4751","Basidiomycota_5204","Exobasidiomycetes_452283","Microstromatales_162475",NA,NA,NA
"pt2","PUF.BOU.5","PUF_BOU_05","Boucherville","22/07/2024","05/08/2024","b43d19c6734061aba20cde4334b0c772","0.933623859448047",1725,"Fungi_4751","Ascomycota_4890","Dothideomycetes_147541","Cladosporiales_2726946","Cladosporiaceae_452563","Cladosporium_5498","Cladosporium_bruhnei_450181"
"pt2","PUF.BOU.5","PUF_BOU_05","Boucherville","22/07/2024","05/08/2024","bec08d51eb66022d7172c03768d5fd5d","0.937210778414611",1592,"Fungi_4751","Ascomycota_4890","Dothideomycetes_147541","Cladosporiales_2726946","Cladosporiaceae_452563","Cladosporium_5498","Cladosporium_cladosporioides_29917"
"pt2","PUF.BOU.5","PUF_BOU_05","Boucherville","22/07/2024","05/08/2024","42a334b44b84641c69386150c7cde441","0.975711405297424",672,"Fungi_4751","Ascomycota_4890","Leotiomycetes_147548",NA,NA,NA,NA
"pt2","PUF.BOU.5","PUF_BOU_05","Boucherville","22/07/2024","05/08/2024","efbf72a920a03347f6407072b84a43f9","0.999459556668486",215,"Fungi_4751","Basidiomycota_5204","Agaricomycetes_155619","Russulales_452342","Peniophoraceae_103393","Peniophora_40463","Peniophora_lycii_154539"
"pt2","PUF.BOU.5","PUF_BOU_05","Boucherville","22/07/2024","05/08/2024","dece8419b8e4e1cc5d3a8bdc85038c21","0.996090882194318",180,"Fungi_4751","Ascomycota_4890","Leotiomycetes_147548",NA,NA,NA,NA
"pt2","PUF.BOU.5","PUF_BOU_05","Boucherville","22/07/2024","05/08/2024","c38372039005405c2e6443c3d3488d49","0.571355839189392",125,"Fungi_4751","Ascomycota_4890","Dothideomycetes_147541","Cladosporiales_2726946","Cladosporiaceae_452563","Cladosporium_5498","Cladosporium_bruhnei_450181"
"pt2","PUF.BOU.5","PUF_BOU_05","Boucherville","22/07/2024","05/08/2024","5bb70078448d859b011a6379391bcb93","0.478476009551109",145,"Fungi_4751","Ascomycota_4890","Sordariomycetes_147550",NA,NA,NA,NA
"pt2","PUF.BOU.5","PUF_BOU_05","Boucherville","22/07/2024","05/08/2024","e88733a6a0cb6b46d84af1e52d70ec5b","0.510201733410729",130,"Fungi_4751","Ascomycota_4890","Sordariomycetes_147550","Hypocreales_5125",NA,NA,NA
"pt2","PUF.BOU.5","PUF_BOU_05","Boucherville","22/07/2024","05/08/2024","e9e7e2b3c56b7b51f82f6f1f0a337521","0.999997442376726",140,"Metazoa_33208","Arthropoda_6656","Insecta_50557","Hemiptera_7524","Aphididae_27482","Aphis_80764","Aphis_glycines_307491"
"pt2","PUF.BOU.6","PUF_BOU_06","Boucherville","05/08/2024","19/08/2024","0c11abb10ca8c4ca6a9466f89d510f2e","0.907238614804815",563,"Metazoa_33208","Arthropoda_6656","Insecta_50557","Hemiptera_7524","Pentatomidae_160513","Glypsus_-21471","Glypsus_conspicuus_-21472"
"pt2","PUF.BOU.6","PUF_BOU_06","Boucherville","05/08/2024","19/08/2024","589974931988706a852f1bb2c5aa12dc","0.814574741442148",128,"Fungi_4751","Basidiomycota_5204","Exobasidiomycetes_452283","Microstromatales_162475","Microstromatales_162475_family","Jaminaea_561108",NA
"pt2","PUF.BOU.6","PUF_BOU_06","Boucherville","05/08/2024","19/08/2024","f7718bbdbd503a21d2692b3b333490cb","0.55302161898262",134,"Fungi_4751","Basidiomycota_5204","Exobasidiomycetes_452283","Microstromatales_162475","Microstromatales_162475_family","Jaminaea_561108",NA
"pt2","PUF.BOU.6","PUF_BOU_06","Boucherville","05/08/2024","19/08/2024","eec2170a8f2d0cd7dc3a18841a1ea5c7","0.999999999699554",391,"Fungi_4751","Basidiomycota_5204","Exobasidiomycetes_452283","Microstromatales_162475",NA,NA,NA
"pt2","PUF.BOU.6","PUF_BOU_06","Boucherville","05/08/2024","19/08/2024","b43d19c6734061aba20cde4334b0c772","0.933623859448047",445,"Fungi_4751","Ascomycota_4890","Dothideomycetes_147541","Cladosporiales_2726946","Cladosporiaceae_452563","Cladosporium_5498","Cladosporium_bruhnei_450181"
"pt2","PUF.BOU.6","PUF_BOU_06","Boucherville","05/08/2024","19/08/2024","bec08d51eb66022d7172c03768d5fd5d","0.937210778414611",129,"Fungi_4751","Ascomycota_4890","Dothideomycetes_147541","Cladosporiales_2726946","Cladosporiaceae_452563","Cladosporium_5498","Cladosporium_cladosporioides_29917"
"pt2","PUF.BOU.6","PUF_BOU_06","Boucherville","05/08/2024","19/08/2024","0d1a483ebd4773116542454b0cc1a266","0.88739453904822",166,"Fungi_4751","Ascomycota_4890","Sordariomycetes_147550",NA,NA,NA,NA
"pt2","PUF.BOU.6","PUF_BOU_06","Boucherville","05/08/2024","19/08/2024","42a334b44b84641c69386150c7cde441","0.975711405297424",274,"Fungi_4751","Ascomycota_4890","Leotiomycetes_147548",NA,NA,NA,NA
"pt2","PUF.BOU.6","PUF_BOU_06","Boucherville","05/08/2024","19/08/2024","b3a298b6b16a5d32bd1ba8c64c3d64d7","0.758196564130766",47,"Fungi_4751","Ascomycota_4890","Dothideomycetes_147541","Pleosporales_92860","Shiraiaceae_224418","Shiraia_224419","Shiraia_bambusicola_224420"
"pt2","PUF.BOU.6","PUF_BOU_06","Boucherville","05/08/2024","19/08/2024","922c407078b43f634da20b2e149c57c5","0.973530600220828",156,"Fungi_4751","Ascomycota_4890","Leotiomycetes_147548",NA,NA,NA,NA
"pt2","PUF.BOU.6","PUF_BOU_06","Boucherville","05/08/2024","19/08/2024","efbf72a920a03347f6407072b84a43f9","0.999459556668486",102,"Fungi_4751","Basidiomycota_5204","Agaricomycetes_155619","Russulales_452342","Peniophoraceae_103393","Peniophora_40463","Peniophora_lycii_154539"
"pt2","PUF.BOU.6","PUF_BOU_06","Boucherville","05/08/2024","19/08/2024","b4973746d688a7879255e08741b614fc","0.830431601896564",47,"Fungi_4751","Ascomycota_4890","Leotiomycetes_147548",NA,NA,NA,NA
"pt2","PUF.BOU.6","PUF_BOU_06","Boucherville","05/08/2024","19/08/2024","d3818391d7f0c7a44c0f4151474788c2","0.656932599669466",44,"Fungi_4751","Basidiomycota_5204","Tremellomycetes_155616","Tremellales_5234","Bulleribasidiaceae_1884640","Dioszegia_165440","Dioszegia_changbaiensis_234950"
"pt2","PUF.BOU.6","PUF_BOU_06","Boucherville","05/08/2024","19/08/2024","dece8419b8e4e1cc5d3a8bdc85038c21","0.996090882194318",61,"Fungi_4751","Ascomycota_4890","Leotiomycetes_147548",NA,NA,NA,NA
"pt2","PUF.BOU.6","PUF_BOU_06","Boucherville","05/08/2024","19/08/2024","aec35e427b95f1cbf2c6d6503e172a4f","0.279152099836879",46,"Fungi_4751","Ascomycota_4890",NA,NA,NA,NA,NA
"pt2","PUF.BOU.6","PUF_BOU_06","Boucherville","05/08/2024","19/08/2024","186655c711d9c22435d048944254d180","0.999918046946559",48,"Fungi_4751","Basidiomycota_5204","Agaricomycetes_155619","Russulales_452342","Peniophoraceae_103393","Peniophora_40463","Peniophora_lycii_154539"
"pt2","PUF.BOU.6","PUF_BOU_06","Boucherville","05/08/2024","19/08/2024","784fbb5a2eccb7f8611634cb41bd0950","0.813571112051154",44,"Fungi_4751","Ascomycota_4890","Sordariomycetes_147550","Hypocreales_5125","Nectriaceae_110618","Fusarium_5506","Fusarium_babinda_48486"
"pt2","PUF.BOU.6","PUF_BOU_06","Boucherville","05/08/2024","19/08/2024","70dd71e30cb419bfb3ccdb805f24709b","0.22520384571259",55,"Fungi_4751","Basidiomycota_5204","Cystobasidiomycetes_432005","Cystobasidiales_204043","Cystobasidiaceae_34418",NA,NA
"pt2","PUF.BOU.6","PUF_BOU_06","Boucherville","05/08/2024","19/08/2024","9e03752effce83d535c132e3fb5ae79c","0.499999967472668",52,"Fungi_4751","Basidiomycota_5204","Microbotryomycetes_162481","Sporidiobolales_231213","Sporidiobolaceae_1799696",NA,NA
"pt2","PUF.BOU.1","PUF_BOU_01","Boucherville","27/05/2024","10/06/2024","b43d19c6734061aba20cde4334b0c772","0.933623859448047",24,"Fungi_4751","Ascomycota_4890","Dothideomycetes_147541","Cladosporiales_2726946","Cladosporiaceae_452563","Cladosporium_5498","Cladosporium_bruhnei_450181"
"pt2","PUF.BOU.1","PUF_BOU_01","Boucherville","27/05/2024","10/06/2024","3fce04aacbf052e126e4dab1d663d992","0.999999999008097",63,"Fungi_4751","Ascomycota_4890","Lecanoromycetes_147547","Lecanorales_5197","Parmeliaceae_78060","Hypogymnia_87258","Hypogymnia_vittata_315943"
"pt2","PUF.BOU.1","PUF_BOU_01","Boucherville","27/05/2024","10/06/2024","e0dd1a525f6e21a1cc7362d0b4e8c431","0.464366984018431",29,"Fungi_4751","Basidiomycota_5204","Cystobasidiomycetes_432005","Cystobasidiales_204043","Cystobasidiaceae_34418",NA,NA
"pt2","PUF.BOU.1","PUF_BOU_01","Boucherville","27/05/2024","10/06/2024","efbf72a920a03347f6407072b84a43f9","0.999459556668486",18,"Fungi_4751","Basidiomycota_5204","Agaricomycetes_155619","Russulales_452342","Peniophoraceae_103393","Peniophora_40463","Peniophora_lycii_154539"
"pt2","PUF.BOU.1","PUF_BOU_01","Boucherville","27/05/2024","10/06/2024","5f907557675481632654c893c4e319d5","0.369832764629548",7,"Fungi_4751","Ascomycota_4890","Dothideomycetes_147541","Cladosporiales_2726946","Cladosporiaceae_452563","Cladosporium_5498","Cladosporium_bruhnei_450181"
"pt2","PUF.BOU.1","PUF_BOU_01","Boucherville","27/05/2024","10/06/2024","349cecdaccca192a5aa609e9184c3c8e","0.674856366161648",22,"Fungi_4751","Ascomycota_4890","Sordariomycetes_147550","Hypocreales_5125",NA,NA,NA
"pt2","PUF.BOU.1","PUF_BOU_01","Boucherville","27/05/2024","10/06/2024","8187787e018ce4815342f12d65ff7dc8","0.464733719684335",41,"Fungi_4751","Ascomycota_4890","Sordariomycetes_147550",NA,NA,NA,NA
"pt2","PUF.BOU.1","PUF_BOU_01","Boucherville","27/05/2024","10/06/2024","e9e1a86cfe2cba496becdcea2eb45b9d","0.571050464731067",11,"Fungi_4751","Ascomycota_4890","Sordariomycetes_147550","Hypocreales_5125",NA,NA,NA
"pt2","PUF.BOU.1","PUF_BOU_01","Boucherville","27/05/2024","10/06/2024","5be1d53751f3907ff2f5d002e6a3d716","0.915464081512389",45,"Fungi_4751","Ascomycota_4890","Leotiomycetes_147548",NA,NA,NA,NA
"pt2","PUF.BOU.1","PUF_BOU_01","Boucherville","27/05/2024","10/06/2024","e961ee812e814a754542db23bae2cf68","0.390753683146527",209,"Metazoa_33208","Arthropoda_6656","Arachnida_6854",NA,NA,NA,NA
"pt2","PUF.BOU.1","PUF_BOU_01","Boucherville","27/05/2024","10/06/2024","7eaf0ebfccb100ed0f09e03bd90f42fa","0.938698234644775",10,"Fungi_4751","Basidiomycota_5204","Agaricomycetes_155619","Agaricales_5338","Amanitaceae_41954","Amanita_41955",NA
"pt2","PUF.BOU.1","PUF_BOU_01","Boucherville","27/05/2024","10/06/2024","a38a1a8358cd93a9e5b4f3db3e0f7c35","0.292761721747615",19,"Metazoa_33208","Arthropoda_6656","Insecta_50557","Hemiptera_7524",NA,NA,NA
"pt2","PUF.BOU.1","PUF_BOU_01","Boucherville","27/05/2024","10/06/2024","0515edd7270e387d214f886b884d385d","0.500274876306892",18,"Fungi_4751","Ascomycota_4890","Eurotiomycetes_147545","Eurotiales_5042",NA,NA,NA
"pt2","PUF.BOU.1","PUF_BOU_01","Boucherville","27/05/2024","10/06/2024","21b91375902f9ec5d0c4f35b403f6943","0.878111558023125",48,"Fungi_4751","Ascomycota_4890","Leotiomycetes_147548",NA,NA,NA,NA
"pt2","PUF.BOU.1","PUF_BOU_01","Boucherville","27/05/2024","10/06/2024","cdae3df2260b66d0acaaa2f9fb3db543","0.999999999915261",8,"Eukaryota_2759_kingdom","Oomycota_4762","Oomycota_4762_class","Peronosporales_4776","Peronosporaceae_4777","Plasmopara_4780","Plasmopara_carveri_3350122"
"pt2","PUF.BOU.1","PUF_BOU_01","Boucherville","27/05/2024","10/06/2024","d05e7df567c0933880e2f7493f9c6116","0.558275941464986",14,"Fungi_4751","Ascomycota_4890","Sordariomycetes_147550",NA,NA,NA,NA
"pt2","PUF.BOU.1","PUF_BOU_01","Boucherville","27/05/2024","10/06/2024","0a40c7639d5f90622a3a36c8308e0baa","0.464739624031798",7,"Fungi_4751","Ascomycota_4890","Sordariomycetes_147550",NA,NA,NA,NA
"pt2","PUF.BOT.8","PUF_BOT_08","Botanical Garden","23/08/2024","06/09/2024","0c11abb10ca8c4ca6a9466f89d510f2e","0.907238614804815",571,"Metazoa_33208","Arthropoda_6656","Insecta_50557","Hemiptera_7524","Pentatomidae_160513","Glypsus_-21471","Glypsus_conspicuus_-21472"
"pt2","PUF.BOT.8","PUF_BOT_08","Botanical Garden","23/08/2024","06/09/2024","589974931988706a852f1bb2c5aa12dc","0.814574741442148",299,"Fungi_4751","Basidiomycota_5204","Exobasidiomycetes_452283","Microstromatales_162475","Microstromatales_162475_family","Jaminaea_561108",NA
"pt2","PUF.BOT.8","PUF_BOT_08","Botanical Garden","23/08/2024","06/09/2024","f7718bbdbd503a21d2692b3b333490cb","0.55302161898262",96,"Fungi_4751","Basidiomycota_5204","Exobasidiomycetes_452283","Microstromatales_162475","Microstromatales_162475_family","Jaminaea_561108",NA
"pt2","PUF.BOT.8","PUF_BOT_08","Botanical Garden","23/08/2024","06/09/2024","eec2170a8f2d0cd7dc3a18841a1ea5c7","0.999999999699554",109,"Fungi_4751","Basidiomycota_5204","Exobasidiomycetes_452283","Microstromatales_162475",NA,NA,NA
"pt2","PUF.BOT.8","PUF_BOT_08","Botanical Garden","23/08/2024","06/09/2024","afb94828a83235f617d67b54fe89fe79","0.373408909311144",278,"Fungi_4751","Basidiomycota_5204","Pucciniomycetes_162484","Pucciniales_5258","Melampsoraceae_5259","Melampsora_5260","Melampsora_medusae_82101"
"pt2","PUF.BOT.8","PUF_BOT_08","Botanical Garden","23/08/2024","06/09/2024","b43d19c6734061aba20cde4334b0c772","0.933623859448047",407,"Fungi_4751","Ascomycota_4890","Dothideomycetes_147541","Cladosporiales_2726946","Cladosporiaceae_452563","Cladosporium_5498","Cladosporium_bruhnei_450181"
"pt2","PUF.BOT.8","PUF_BOT_08","Botanical Garden","23/08/2024","06/09/2024","bec08d51eb66022d7172c03768d5fd5d","0.937210778414611",421,"Fungi_4751","Ascomycota_4890","Dothideomycetes_147541","Cladosporiales_2726946","Cladosporiaceae_452563","Cladosporium_5498","Cladosporium_cladosporioides_29917"
"pt2","PUF.BOT.8","PUF_BOT_08","Botanical Garden","23/08/2024","06/09/2024","c684f602961d1fa707824757cb55af21","0.980027983287282",112,"Fungi_4751","Ascomycota_4890","Leotiomycetes_147548",NA,NA,NA,NA
"pt2","PUF.BOT.8","PUF_BOT_08","Botanical Garden","23/08/2024","06/09/2024","53814ac04567f8e2287c46b0b52f47f1","0.851549716705765",362,"Fungi_4751","Ascomycota_4890","Dothideomycetes_147541",NA,NA,NA,NA
"pt2","PUF.BOT.8","PUF_BOT_08","Botanical Garden","23/08/2024","06/09/2024","e07e46d7aafd4deecdc6327a714c759c","0.946704056119496",80,"Fungi_4751","Ascomycota_4890","Leotiomycetes_147548",NA,NA,NA,NA
"pt2","PUF.BOT.8","PUF_BOT_08","Botanical Garden","23/08/2024","06/09/2024","efbf72a920a03347f6407072b84a43f9","0.999459556668486",479,"Fungi_4751","Basidiomycota_5204","Agaricomycetes_155619","Russulales_452342","Peniophoraceae_103393","Peniophora_40463","Peniophora_lycii_154539"
"pt2","PUF.BOT.8","PUF_BOT_08","Botanical Garden","23/08/2024","06/09/2024","70b4d7ba28aab2a3317ba97f972e7482","0.412109360706104",65,"Eukaryota_2759_kingdom","Oomycota_4762","Oomycota_4762_class","Peronosporales_4776","Peronosporaceae_4777","Phytophthora_4783",NA
"pt2","PUF.BOT.8","PUF_BOT_08","Botanical Garden","23/08/2024","06/09/2024","1856623b5c61dc63c815a0e9bc93eaec","0.993729504568258",91,"Fungi_4751","Ascomycota_4890","Leotiomycetes_147548",NA,NA,NA,NA
"pt2","PUF.BOT.8","PUF_BOT_08","Botanical Garden","23/08/2024","06/09/2024","186655c711d9c22435d048944254d180","0.999918046946559",61,"Fungi_4751","Basidiomycota_5204","Agaricomycetes_155619","Russulales_452342","Peniophoraceae_103393","Peniophora_40463","Peniophora_lycii_154539"
"pt2","PUF.BOT.8","PUF_BOT_08","Botanical Garden","23/08/2024","06/09/2024","5f55b40d2f45184f5c9a56b8f5713317","0.711362304659374",133,"Fungi_4751","Ascomycota_4890","Leotiomycetes_147548",NA,NA,NA,NA
"pt2","PUF.BOT.8","PUF_BOT_08","Botanical Garden","23/08/2024","06/09/2024","5c9798df4a1eac0578316db93ec43ba0","0.49465976108077",92,"Fungi_4751","Basidiomycota_5204","Cystobasidiomycetes_432005","Cystobasidiales_204043","Cystobasidiaceae_34418",NA,NA
"pt2","PUF.BOT.8","PUF_BOT_08","Botanical Garden","23/08/2024","06/09/2024","402e86753250356f4d438432556963dd","0.618546504254879",61,"Fungi_4751","Ascomycota_4890","Sordariomycetes_147550","Hypocreales_5125",NA,NA,NA
"pt2","C.pos.2",NA,NA,NA,NA,"5d3564d6737e166e83ce8240f724d01b","0.99999881538543",11539,"Metazoa_33208","Arthropoda_6656","Insecta_50557","Lepidoptera_7088","Nymphalidae_33415","Cethosia_127316","Cethosia_biblis_876379"
"pt2","C.pos.2",NA,NA,NA,NA,"6f1a1255050532cae60680a72dce419a","0.932517804012975",7532,"Metazoa_33208","Arthropoda_6656","Insecta_50557","Lepidoptera_7088","Nymphalidae_33415","Heliconius_33416","Heliconius_doris_33455"
"pt2","C.pos.2",NA,NA,NA,NA,"cfbe78fed13ab87970c71076fd125838","0.561655359507809",336,"Metazoa_33208","Arthropoda_6656","Insecta_50557","Lepidoptera_7088","Nymphalidae_33415","Caligo_127325","Caligo_brasiliensis_1005066"
"pt2","C.pos.2",NA,NA,NA,NA,"1c91512bbbb272bb43585873f67ec694","0.997412619272048",209,"Metazoa_33208","Arthropoda_6656","Insecta_50557","Lepidoptera_7088","Nymphalidae_33415","Parthenos_191422","Parthenos_sylvia_3150745"
"pt2","PUF.JD.9","PUF_JD_09","Jean-Drapeau","11/09/2024","25/09/2024","0c11abb10ca8c4ca6a9466f89d510f2e","0.907238614804815",670,"Metazoa_33208","Arthropoda_6656","Insecta_50557","Hemiptera_7524","Pentatomidae_160513","Glypsus_-21471","Glypsus_conspicuus_-21472"
"pt2","PUF.JD.9","PUF_JD_09","Jean-Drapeau","11/09/2024","25/09/2024","589974931988706a852f1bb2c5aa12dc","0.814574741442148",85,"Fungi_4751","Basidiomycota_5204","Exobasidiomycetes_452283","Microstromatales_162475","Microstromatales_162475_family","Jaminaea_561108",NA
"pt2","PUF.JD.9","PUF_JD_09","Jean-Drapeau","11/09/2024","25/09/2024","afb94828a83235f617d67b54fe89fe79","0.373408909311144",169,"Fungi_4751","Basidiomycota_5204","Pucciniomycetes_162484","Pucciniales_5258","Melampsoraceae_5259","Melampsora_5260","Melampsora_medusae_82101"
"pt2","PUF.JD.9","PUF_JD_09","Jean-Drapeau","11/09/2024","25/09/2024","b43d19c6734061aba20cde4334b0c772","0.933623859448047",885,"Fungi_4751","Ascomycota_4890","Dothideomycetes_147541","Cladosporiales_2726946","Cladosporiaceae_452563","Cladosporium_5498","Cladosporium_bruhnei_450181"
"pt2","PUF.JD.9","PUF_JD_09","Jean-Drapeau","11/09/2024","25/09/2024","bec08d51eb66022d7172c03768d5fd5d","0.937210778414611",325,"Fungi_4751","Ascomycota_4890","Dothideomycetes_147541","Cladosporiales_2726946","Cladosporiaceae_452563","Cladosporium_5498","Cladosporium_cladosporioides_29917"
"pt2","PUF.JD.9","PUF_JD_09","Jean-Drapeau","11/09/2024","25/09/2024","be8dc1271132728b62d899f6fe83b643","0.417154486433497",128,"Fungi_4751","Ascomycota_4890","Dothideomycetes_147541",NA,NA,NA,NA
"pt2","PUF.JD.9","PUF_JD_09","Jean-Drapeau","11/09/2024","25/09/2024","c0899651ae378553204b1e5ea53060b9","0.621258210680944",49,"Fungi_4751","Basidiomycota_5204","Exobasidiomycetes_452283","Microstromatales_162475","Microstromatales_162475_family","Jaminaea_561108",NA
"pt2","PUF.JD.9","PUF_JD_09","Jean-Drapeau","11/09/2024","25/09/2024","b68e68d28b1bf1fab06f4b523042e2d3","0.983792751072165",68,"Fungi_4751","Ascomycota_4890","Leotiomycetes_147548",NA,NA,NA,NA
"pt2","PUF.JD.9","PUF_JD_09","Jean-Drapeau","11/09/2024","25/09/2024","53814ac04567f8e2287c46b0b52f47f1","0.851549716705765",50,"Fungi_4751","Ascomycota_4890","Dothideomycetes_147541",NA,NA,NA,NA
"pt2","PUF.JD.9","PUF_JD_09","Jean-Drapeau","11/09/2024","25/09/2024","e07e46d7aafd4deecdc6327a714c759c","0.946704056119496",73,"Fungi_4751","Ascomycota_4890","Leotiomycetes_147548",NA,NA,NA,NA
"pt2","PUF.JD.9","PUF_JD_09","Jean-Drapeau","11/09/2024","25/09/2024","a26e6cc23365c60897b7d620c23de990","0.944259328386728",227,"Metazoa_33208","Arthropoda_6656","Insecta_50557","Lepidoptera_7088","Pyralidae_7135","Pionidia_2613197",NA
"pt2","PUF.JD.9","PUF_JD_09","Jean-Drapeau","11/09/2024","25/09/2024","efbf72a920a03347f6407072b84a43f9","0.999459556668486",65,"Fungi_4751","Basidiomycota_5204","Agaricomycetes_155619","Russulales_452342","Peniophoraceae_103393","Peniophora_40463","Peniophora_lycii_154539"
"pt2","PUF.JD.9","PUF_JD_09","Jean-Drapeau","11/09/2024","25/09/2024","24e6afde065c6d5c729886e1ee63f7ad","0.499999972166463",51,"Fungi_4751","Basidiomycota_5204","Microbotryomycetes_162481","Sporidiobolales_231213","Sporidiobolaceae_1799696",NA,NA
"pt2","PUF.JD.9","PUF_JD_09","Jean-Drapeau","11/09/2024","25/09/2024","385f9d354c8f8f8a9480db16d720ce5a","0.824118573770902",71,"Fungi_4751","Basidiomycota_5204","Tremellomycetes_155616","Tremellales_5234","Bulleribasidiaceae_1884640","Dioszegia_165440","Dioszegia_changbaiensis_234950"
"pt2","PUF.JD.9","PUF_JD_09","Jean-Drapeau","11/09/2024","25/09/2024","db800311f5ae69565ec96214053622f1","0.999987270154586",467,"Fungi_4751","Ascomycota_4890","Dothideomycetes_147541","Cladosporiales_2726946","Cladosporiaceae_452563","Cladosporium_5498","Cladosporium_sphaerospermum_92950"
"pt2","PUF.JD.9","PUF_JD_09","Jean-Drapeau","11/09/2024","25/09/2024","fca8e7c3ba7204a2c919c12db8f1b6dd","0.818757655880705",123,"Fungi_4751","Ascomycota_4890","Sordariomycetes_147550","Glomerellales_1028384","Plectosphaerellaceae_1033978","Plectosphaerella_40657",NA
"pt2","PUF.JD.9","PUF_JD_09","Jean-Drapeau","11/09/2024","25/09/2024","686a3bd5feb4a6319528d398f8c68342","1",114,"Fungi_4751","Ascomycota_4890","Dipodascomycetes_3239873","Dipodascales_3243772","Dipodascaceae_34353","Geotrichum_43987","Geotrichum_candidum_1173061"
"pt2","PUF.JD.9","PUF_JD_09","Jean-Drapeau","11/09/2024","25/09/2024","ecab90c53b0e4386036a4937a4eb3824","0.946609306608457",140,"Fungi_4751","Ascomycota_4890","Sordariomycetes_147550",NA,NA,NA,NA
"pt2","PUF.JD.9","PUF_JD_09","Jean-Drapeau","11/09/2024","25/09/2024","0497c66b327405be8ce067e7b981bc29","0.99997383737685",69,"Metazoa_33208","Arthropoda_6656","Insecta_50557","Neuroptera_7516","Myrmeleontidae_27427","Obus_279488",NA
"pt2","PUF.JD.9","PUF_JD_09","Jean-Drapeau","11/09/2024","25/09/2024","f14ab5d48c10f6a4254a643f7ff0d87a","0.546731782864976",63,"Metazoa_33208","Cnidaria_6073",NA,NA,NA,NA,NA
"pt2","PUF.MBO.8","PUF_MBO_08","Bird Observatory","26/08/2024","09/09/2024","0c11abb10ca8c4ca6a9466f89d510f2e","0.907238614804815",1252,"Metazoa_33208","Arthropoda_6656","Insecta_50557","Hemiptera_7524","Pentatomidae_160513","Glypsus_-21471","Glypsus_conspicuus_-21472"
"pt2","PUF.MBO.8","PUF_MBO_08","Bird Observatory","26/08/2024","09/09/2024","589974931988706a852f1bb2c5aa12dc","0.814574741442148",1567,"Fungi_4751","Basidiomycota_5204","Exobasidiomycetes_452283","Microstromatales_162475","Microstromatales_162475_family","Jaminaea_561108",NA
"pt2","PUF.MBO.8","PUF_MBO_08","Bird Observatory","26/08/2024","09/09/2024","f7718bbdbd503a21d2692b3b333490cb","0.55302161898262",1454,"Fungi_4751","Basidiomycota_5204","Exobasidiomycetes_452283","Microstromatales_162475","Microstromatales_162475_family","Jaminaea_561108",NA
"pt2","PUF.MBO.8","PUF_MBO_08","Bird Observatory","26/08/2024","09/09/2024","eec2170a8f2d0cd7dc3a18841a1ea5c7","0.999999999699554",1237,"Fungi_4751","Basidiomycota_5204","Exobasidiomycetes_452283","Microstromatales_162475",NA,NA,NA
"pt2","PUF.MBO.8","PUF_MBO_08","Bird Observatory","26/08/2024","09/09/2024","afb94828a83235f617d67b54fe89fe79","0.373408909311144",888,"Fungi_4751","Basidiomycota_5204","Pucciniomycetes_162484","Pucciniales_5258","Melampsoraceae_5259","Melampsora_5260","Melampsora_medusae_82101"
"pt2","PUF.MBO.8","PUF_MBO_08","Bird Observatory","26/08/2024","09/09/2024","b43d19c6734061aba20cde4334b0c772","0.933623859448047",666,"Fungi_4751","Ascomycota_4890","Dothideomycetes_147541","Cladosporiales_2726946","Cladosporiaceae_452563","Cladosporium_5498","Cladosporium_bruhnei_450181"
"pt2","PUF.MBO.8","PUF_MBO_08","Bird Observatory","26/08/2024","09/09/2024","bec08d51eb66022d7172c03768d5fd5d","0.937210778414611",545,"Fungi_4751","Ascomycota_4890","Dothideomycetes_147541","Cladosporiales_2726946","Cladosporiaceae_452563","Cladosporium_5498","Cladosporium_cladosporioides_29917"
"pt2","PUF.MBO.8","PUF_MBO_08","Bird Observatory","26/08/2024","09/09/2024","0d1a483ebd4773116542454b0cc1a266","0.88739453904822",900,"Fungi_4751","Ascomycota_4890","Sordariomycetes_147550",NA,NA,NA,NA
"pt2","PUF.MBO.8","PUF_MBO_08","Bird Observatory","26/08/2024","09/09/2024","a4ce6cfe96b9ce0ad304803934790435","0.505582624946131",621,"Fungi_4751","Basidiomycota_5204","Exobasidiomycetes_452283","Microstromatales_162475",NA,NA,NA
"pt2","PUF.MBO.8","PUF_MBO_08","Bird Observatory","26/08/2024","09/09/2024","8277aef53dee13c182babc116a100648","0.407898027838656",189,"Fungi_4751","Ascomycota_4890","Leotiomycetes_147548",NA,NA,NA,NA
"pt2","PUF.MBO.8","PUF_MBO_08","Bird Observatory","26/08/2024","09/09/2024","efbf72a920a03347f6407072b84a43f9","0.999459556668486",1033,"Fungi_4751","Basidiomycota_5204","Agaricomycetes_155619","Russulales_452342","Peniophoraceae_103393","Peniophora_40463","Peniophora_lycii_154539"
"pt2","PUF.MBO.8","PUF_MBO_08","Bird Observatory","26/08/2024","09/09/2024","757ecae2e601e8cb8f983ac712833b60","0.662704638933771",157,"Fungi_4751","Ascomycota_4890","Sordariomycetes_147550",NA,NA,NA,NA
"pt2","PUF.MBO.8","PUF_MBO_08","Bird Observatory","26/08/2024","09/09/2024","e515a6785174bcccc5e8e213aa0be50e","0.541028725854913",167,"Fungi_4751","Ascomycota_4890","Leotiomycetes_147548",NA,NA,NA,NA
"pt2","PUF.MBO.8","PUF_MBO_08","Bird Observatory","26/08/2024","09/09/2024","cdddbf1aa9568196ab9cd20e817c068a","0.401350341355564",147,"Fungi_4751","Ascomycota_4890","Eurotiomycetes_147545","Eurotiales_5042",NA,NA,NA
"pt2","PUF.MBO.8","PUF_MBO_08","Bird Observatory","26/08/2024","09/09/2024","cbf53c0b743ae19e1abee77ad2a676bb","0.356232309566013",183,"Fungi_4751","Ascomycota_4890","Leotiomycetes_147548","Helotiales_5178","Helotiales_5178_family","Tetracladium_164535",NA
"pt2","PUF.MBO.2","PUF_MBO_02","Bird Observatory","03/06/2024","17/06/2024","b43d19c6734061aba20cde4334b0c772","0.933623859448047",477,"Fungi_4751","Ascomycota_4890","Dothideomycetes_147541","Cladosporiales_2726946","Cladosporiaceae_452563","Cladosporium_5498","Cladosporium_bruhnei_450181"
"pt2","PUF.MBO.2","PUF_MBO_02","Bird Observatory","03/06/2024","17/06/2024","5a868fe056602df6b3b7becc4fd3ec7c","0.999771866555826",7029,"Metazoa_33208","Arthropoda_6656","Arachnida_6854","Trombidiformes_83136","Trombidiidae_83144","Allothrombium_92077",NA
"pt2","PUF.MBO.2","PUF_MBO_02","Bird Observatory","03/06/2024","17/06/2024","e961ee812e814a754542db23bae2cf68","0.390753683146527",187,"Metazoa_33208","Arthropoda_6656","Arachnida_6854",NA,NA,NA,NA
"pt2","PUF.MBO.2","PUF_MBO_02","Bird Observatory","03/06/2024","17/06/2024","a0b7084219abc3752a8971756672617e","0.895872830854137",8006,"Metazoa_33208","Arthropoda_6656","Insecta_50557","Lepidoptera_7088","Noctuidae_7100","Xestia_320016","Xestia_c-nigrum_987431"
"pt2","PUF.MBO.6","PUF_MBO_06","Bird Observatory","29/07/2024","12/08/2024","0c11abb10ca8c4ca6a9466f89d510f2e","0.907238614804815",588,"Metazoa_33208","Arthropoda_6656","Insecta_50557","Hemiptera_7524","Pentatomidae_160513","Glypsus_-21471","Glypsus_conspicuus_-21472"
"pt2","PUF.MBO.6","PUF_MBO_06","Bird Observatory","29/07/2024","12/08/2024","589974931988706a852f1bb2c5aa12dc","0.814574741442148",1719,"Fungi_4751","Basidiomycota_5204","Exobasidiomycetes_452283","Microstromatales_162475","Microstromatales_162475_family","Jaminaea_561108",NA
"pt2","PUF.MBO.6","PUF_MBO_06","Bird Observatory","29/07/2024","12/08/2024","f7718bbdbd503a21d2692b3b333490cb","0.55302161898262",772,"Fungi_4751","Basidiomycota_5204","Exobasidiomycetes_452283","Microstromatales_162475","Microstromatales_162475_family","Jaminaea_561108",NA
"pt2","PUF.MBO.6","PUF_MBO_06","Bird Observatory","29/07/2024","12/08/2024","eec2170a8f2d0cd7dc3a18841a1ea5c7","0.999999999699554",1697,"Fungi_4751","Basidiomycota_5204","Exobasidiomycetes_452283","Microstromatales_162475",NA,NA,NA
"pt2","PUF.MBO.6","PUF_MBO_06","Bird Observatory","29/07/2024","12/08/2024","b43d19c6734061aba20cde4334b0c772","0.933623859448047",287,"Fungi_4751","Ascomycota_4890","Dothideomycetes_147541","Cladosporiales_2726946","Cladosporiaceae_452563","Cladosporium_5498","Cladosporium_bruhnei_450181"
"pt2","PUF.MBO.6","PUF_MBO_06","Bird Observatory","29/07/2024","12/08/2024","bec08d51eb66022d7172c03768d5fd5d","0.937210778414611",178,"Fungi_4751","Ascomycota_4890","Dothideomycetes_147541","Cladosporiales_2726946","Cladosporiaceae_452563","Cladosporium_5498","Cladosporium_cladosporioides_29917"
"pt2","PUF.MBO.6","PUF_MBO_06","Bird Observatory","29/07/2024","12/08/2024","0d1a483ebd4773116542454b0cc1a266","0.88739453904822",129,"Fungi_4751","Ascomycota_4890","Sordariomycetes_147550",NA,NA,NA,NA
"pt2","PUF.MBO.6","PUF_MBO_06","Bird Observatory","29/07/2024","12/08/2024","a4ce6cfe96b9ce0ad304803934790435","0.505582624946131",499,"Fungi_4751","Basidiomycota_5204","Exobasidiomycetes_452283","Microstromatales_162475",NA,NA,NA
"pt2","PUF.MBO.6","PUF_MBO_06","Bird Observatory","29/07/2024","12/08/2024","922c407078b43f634da20b2e149c57c5","0.973530600220828",160,"Fungi_4751","Ascomycota_4890","Leotiomycetes_147548",NA,NA,NA,NA
"pt2","PUF.MBO.6","PUF_MBO_06","Bird Observatory","29/07/2024","12/08/2024","efbf72a920a03347f6407072b84a43f9","0.999459556668486",757,"Fungi_4751","Basidiomycota_5204","Agaricomycetes_155619","Russulales_452342","Peniophoraceae_103393","Peniophora_40463","Peniophora_lycii_154539"
"pt2","PUF.MBO.6","PUF_MBO_06","Bird Observatory","29/07/2024","12/08/2024","757ecae2e601e8cb8f983ac712833b60","0.662704638933771",151,"Fungi_4751","Ascomycota_4890","Sordariomycetes_147550",NA,NA,NA,NA
"pt2","PUF.MBO.6","PUF_MBO_06","Bird Observatory","29/07/2024","12/08/2024","855c2fab8cc20bbb6ccd9f90e7c5baff","0.468910821012382",422,"Fungi_4751","Ascomycota_4890","Leotiomycetes_147548",NA,NA,NA,NA
"pt2","PUF.MBO.3","PUF_MBO_03","Bird Observatory","17/06/2024","01/07/2024","0c11abb10ca8c4ca6a9466f89d510f2e","0.907238614804815",305,"Metazoa_33208","Arthropoda_6656","Insecta_50557","Hemiptera_7524","Pentatomidae_160513","Glypsus_-21471","Glypsus_conspicuus_-21472"
"pt2","PUF.MBO.3","PUF_MBO_03","Bird Observatory","17/06/2024","01/07/2024","eec2170a8f2d0cd7dc3a18841a1ea5c7","0.999999999699554",5063,"Fungi_4751","Basidiomycota_5204","Exobasidiomycetes_452283","Microstromatales_162475",NA,NA,NA
"pt2","PUF.MBO.3","PUF_MBO_03","Bird Observatory","17/06/2024","01/07/2024","b43d19c6734061aba20cde4334b0c772","0.933623859448047",2971,"Fungi_4751","Ascomycota_4890","Dothideomycetes_147541","Cladosporiales_2726946","Cladosporiaceae_452563","Cladosporium_5498","Cladosporium_bruhnei_450181"
"pt2","PUF.MBO.3","PUF_MBO_03","Bird Observatory","17/06/2024","01/07/2024","bec08d51eb66022d7172c03768d5fd5d","0.937210778414611",135,"Fungi_4751","Ascomycota_4890","Dothideomycetes_147541","Cladosporiales_2726946","Cladosporiaceae_452563","Cladosporium_5498","Cladosporium_cladosporioides_29917"
"pt2","PUF.MBO.3","PUF_MBO_03","Bird Observatory","17/06/2024","01/07/2024","0d1a483ebd4773116542454b0cc1a266","0.88739453904822",184,"Fungi_4751","Ascomycota_4890","Sordariomycetes_147550",NA,NA,NA,NA
"pt2","PUF.MBO.3","PUF_MBO_03","Bird Observatory","17/06/2024","01/07/2024","c0899651ae378553204b1e5ea53060b9","0.621258210680944",427,"Fungi_4751","Basidiomycota_5204","Exobasidiomycetes_452283","Microstromatales_162475","Microstromatales_162475_family","Jaminaea_561108",NA
"pt2","PUF.MBO.3","PUF_MBO_03","Bird Observatory","17/06/2024","01/07/2024","efe1ce8e8d1b9cdb5da01eb790e3abcc","0.499999775441608",131,"Fungi_4751","Basidiomycota_5204","Microbotryomycetes_162481","Sporidiobolales_231213","Sporidiobolaceae_1799696",NA,NA
"pt2","PUF.MBO.3","PUF_MBO_03","Bird Observatory","17/06/2024","01/07/2024","efbf72a920a03347f6407072b84a43f9","0.999459556668486",287,"Fungi_4751","Basidiomycota_5204","Agaricomycetes_155619","Russulales_452342","Peniophoraceae_103393","Peniophora_40463","Peniophora_lycii_154539"
"pt2","PUF.MBO.3","PUF_MBO_03","Bird Observatory","17/06/2024","01/07/2024","757ecae2e601e8cb8f983ac712833b60","0.662704638933771",176,"Fungi_4751","Ascomycota_4890","Sordariomycetes_147550",NA,NA,NA,NA
"pt2","PUF.MBO.3","PUF_MBO_03","Bird Observatory","17/06/2024","01/07/2024","8187787e018ce4815342f12d65ff7dc8","0.464733719684335",375,"Fungi_4751","Ascomycota_4890","Sordariomycetes_147550",NA,NA,NA,NA
"pt2","PUF.MBO.3","PUF_MBO_03","Bird Observatory","17/06/2024","01/07/2024","e6a5d465c0e92eb61139c146390b326f","0.819474011112641",180,"Fungi_4751","Basidiomycota_5204","Exobasidiomycetes_452283","Microstromatales_162475","Microstromatales_162475_family","Jaminaea_561108",NA
"pt2","PUF.MBO.3","PUF_MBO_03","Bird Observatory","17/06/2024","01/07/2024","ebfa25410fd451e2ddb8081ce1f7531a","0.999999933485585",139,"Metazoa_33208","Arthropoda_6656","Arachnida_6854","Araneae_6893","Philodromidae_243501","Philodromus_336567","Philodromus_rufus_336570"
"pt2","PUF.MBO.10","PUF_MBO_10","Bird Observatory","23/09/2024","07/10/2024","0c11abb10ca8c4ca6a9466f89d510f2e","0.907238614804815",800,"Metazoa_33208","Arthropoda_6656","Insecta_50557","Hemiptera_7524","Pentatomidae_160513","Glypsus_-21471","Glypsus_conspicuus_-21472"
"pt2","PUF.MBO.10","PUF_MBO_10","Bird Observatory","23/09/2024","07/10/2024","589974931988706a852f1bb2c5aa12dc","0.814574741442148",372,"Fungi_4751","Basidiomycota_5204","Exobasidiomycetes_452283","Microstromatales_162475","Microstromatales_162475_family","Jaminaea_561108",NA
"pt2","PUF.MBO.10","PUF_MBO_10","Bird Observatory","23/09/2024","07/10/2024","f7718bbdbd503a21d2692b3b333490cb","0.55302161898262",473,"Fungi_4751","Basidiomycota_5204","Exobasidiomycetes_452283","Microstromatales_162475","Microstromatales_162475_family","Jaminaea_561108",NA
"pt2","PUF.MBO.10","PUF_MBO_10","Bird Observatory","23/09/2024","07/10/2024","eec2170a8f2d0cd7dc3a18841a1ea5c7","0.999999999699554",481,"Fungi_4751","Basidiomycota_5204","Exobasidiomycetes_452283","Microstromatales_162475",NA,NA,NA
"pt2","PUF.MBO.10","PUF_MBO_10","Bird Observatory","23/09/2024","07/10/2024","afb94828a83235f617d67b54fe89fe79","0.373408909311144",232,"Fungi_4751","Basidiomycota_5204","Pucciniomycetes_162484","Pucciniales_5258","Melampsoraceae_5259","Melampsora_5260","Melampsora_medusae_82101"
"pt2","PUF.MBO.10","PUF_MBO_10","Bird Observatory","23/09/2024","07/10/2024","b43d19c6734061aba20cde4334b0c772","0.933623859448047",593,"Fungi_4751","Ascomycota_4890","Dothideomycetes_147541","Cladosporiales_2726946","Cladosporiaceae_452563","Cladosporium_5498","Cladosporium_bruhnei_450181"
"pt2","PUF.MBO.10","PUF_MBO_10","Bird Observatory","23/09/2024","07/10/2024","bec08d51eb66022d7172c03768d5fd5d","0.937210778414611",506,"Fungi_4751","Ascomycota_4890","Dothideomycetes_147541","Cladosporiales_2726946","Cladosporiaceae_452563","Cladosporium_5498","Cladosporium_cladosporioides_29917"
"pt2","PUF.MBO.10","PUF_MBO_10","Bird Observatory","23/09/2024","07/10/2024","0d1a483ebd4773116542454b0cc1a266","0.88739453904822",185,"Fungi_4751","Ascomycota_4890","Sordariomycetes_147550",NA,NA,NA,NA
"pt2","PUF.MBO.10","PUF_MBO_10","Bird Observatory","23/09/2024","07/10/2024","a4ce6cfe96b9ce0ad304803934790435","0.505582624946131",179,"Fungi_4751","Basidiomycota_5204","Exobasidiomycetes_452283","Microstromatales_162475",NA,NA,NA
"pt2","PUF.MBO.10","PUF_MBO_10","Bird Observatory","23/09/2024","07/10/2024","c684f602961d1fa707824757cb55af21","0.980027983287282",164,"Fungi_4751","Ascomycota_4890","Leotiomycetes_147548",NA,NA,NA,NA
"pt2","PUF.MBO.10","PUF_MBO_10","Bird Observatory","23/09/2024","07/10/2024","efe1ce8e8d1b9cdb5da01eb790e3abcc","0.499999775441608",123,"Fungi_4751","Basidiomycota_5204","Microbotryomycetes_162481","Sporidiobolales_231213","Sporidiobolaceae_1799696",NA,NA
"pt2","PUF.MBO.10","PUF_MBO_10","Bird Observatory","23/09/2024","07/10/2024","efbf72a920a03347f6407072b84a43f9","0.999459556668486",1792,"Fungi_4751","Basidiomycota_5204","Agaricomycetes_155619","Russulales_452342","Peniophoraceae_103393","Peniophora_40463","Peniophora_lycii_154539"
"pt2","PUF.MBO.10","PUF_MBO_10","Bird Observatory","23/09/2024","07/10/2024","24e6afde065c6d5c729886e1ee63f7ad","0.499999972166463",111,"Fungi_4751","Basidiomycota_5204","Microbotryomycetes_162481","Sporidiobolales_231213","Sporidiobolaceae_1799696",NA,NA
"pt2","PUF.MBO.10","PUF_MBO_10","Bird Observatory","23/09/2024","07/10/2024","bcf59b4926413543b3fb02800d2d5b80","0.999999999844206",309,"Eukaryota_2759_kingdom","Oomycota_4762","Oomycota_4762_class","Peronosporales_4776","Peronosporaceae_4777","Plasmopara_4780","Plasmopara_carveri_3350122"
"pt2","PUF.MBO.10","PUF_MBO_10","Bird Observatory","23/09/2024","07/10/2024","ddfd319f3d88ba3067d804c949cf1f1a","0.436151395675201",169,"Fungi_4751","Ascomycota_4890",NA,NA,NA,NA,NA
"pt2","PUF.MBO.10","PUF_MBO_10","Bird Observatory","23/09/2024","07/10/2024","7f182575baad2d44cbddc0244753a1f5","0.999999999346173",103,"Eukaryota_2759_kingdom","Oomycota_4762","Oomycota_4762_class","Peronosporales_4776","Peronosporaceae_4777","Plasmopara_4780","Plasmopara_carveri_3350122"
"pt2","PUF.MBO.10","PUF_MBO_10","Bird Observatory","23/09/2024","07/10/2024","3590c14c4cc09e8263d95f1dec7d20e0","0.499999969876221",163,"Fungi_4751","Basidiomycota_5204","Microbotryomycetes_162481","Sporidiobolales_231213","Sporidiobolaceae_1799696",NA,NA
"pt2","PUF.MBO.10","PUF_MBO_10","Bird Observatory","23/09/2024","07/10/2024","baa0e4854e235b890cf7934181065df8","0.499999997952826",196,"Fungi_4751","Basidiomycota_5204","Microbotryomycetes_162481","Sporidiobolales_231213","Sporidiobolaceae_1799696",NA,NA
"pt2","PUF.MBO.5","PUF_MBO_05","Bird Observatory","15/07/2024","29/07/2024","0c11abb10ca8c4ca6a9466f89d510f2e","0.907238614804815",368,"Metazoa_33208","Arthropoda_6656","Insecta_50557","Hemiptera_7524","Pentatomidae_160513","Glypsus_-21471","Glypsus_conspicuus_-21472"
"pt2","PUF.MBO.5","PUF_MBO_05","Bird Observatory","15/07/2024","29/07/2024","589974931988706a852f1bb2c5aa12dc","0.814574741442148",1306,"Fungi_4751","Basidiomycota_5204","Exobasidiomycetes_452283","Microstromatales_162475","Microstromatales_162475_family","Jaminaea_561108",NA
"pt2","PUF.MBO.5","PUF_MBO_05","Bird Observatory","15/07/2024","29/07/2024","f7718bbdbd503a21d2692b3b333490cb","0.55302161898262",395,"Fungi_4751","Basidiomycota_5204","Exobasidiomycetes_452283","Microstromatales_162475","Microstromatales_162475_family","Jaminaea_561108",NA
"pt2","PUF.MBO.5","PUF_MBO_05","Bird Observatory","15/07/2024","29/07/2024","eec2170a8f2d0cd7dc3a18841a1ea5c7","0.999999999699554",2577,"Fungi_4751","Basidiomycota_5204","Exobasidiomycetes_452283","Microstromatales_162475",NA,NA,NA
"pt2","PUF.MBO.5","PUF_MBO_05","Bird Observatory","15/07/2024","29/07/2024","b43d19c6734061aba20cde4334b0c772","0.933623859448047",560,"Fungi_4751","Ascomycota_4890","Dothideomycetes_147541","Cladosporiales_2726946","Cladosporiaceae_452563","Cladosporium_5498","Cladosporium_bruhnei_450181"
"pt2","PUF.MBO.5","PUF_MBO_05","Bird Observatory","15/07/2024","29/07/2024","0d1a483ebd4773116542454b0cc1a266","0.88739453904822",243,"Fungi_4751","Ascomycota_4890","Sordariomycetes_147550",NA,NA,NA,NA
"pt2","PUF.MBO.5","PUF_MBO_05","Bird Observatory","15/07/2024","29/07/2024","efbf72a920a03347f6407072b84a43f9","0.999459556668486",235,"Fungi_4751","Basidiomycota_5204","Agaricomycetes_155619","Russulales_452342","Peniophoraceae_103393","Peniophora_40463","Peniophora_lycii_154539"
"pt2","PUF.MBO.5","PUF_MBO_05","Bird Observatory","15/07/2024","29/07/2024","757ecae2e601e8cb8f983ac712833b60","0.662704638933771",581,"Fungi_4751","Ascomycota_4890","Sordariomycetes_147550",NA,NA,NA,NA
"pt2","PUF.MBO.5","PUF_MBO_05","Bird Observatory","15/07/2024","29/07/2024","855c2fab8cc20bbb6ccd9f90e7c5baff","0.468910821012382",731,"Fungi_4751","Ascomycota_4890","Leotiomycetes_147548",NA,NA,NA,NA
"pt2","PUF.MBO.5","PUF_MBO_05","Bird Observatory","15/07/2024","29/07/2024","9369291b6ed49e558cd099ab7427cc81","0.994766198205071",8556,"Metazoa_33208","Arthropoda_6656","Insecta_50557","Lepidoptera_7088","Tortricidae_7139","Choristoneura_7140","Choristoneura_rosaceana_27543"
"pt2","PUF.IPEX.2","PUF_IPEX_02","IPEX","29/05/2024","12/06/2024","0c11abb10ca8c4ca6a9466f89d510f2e","0.907238614804815",90,"Metazoa_33208","Arthropoda_6656","Insecta_50557","Hemiptera_7524","Pentatomidae_160513","Glypsus_-21471","Glypsus_conspicuus_-21472"
"pt2","PUF.IPEX.2","PUF_IPEX_02","IPEX","29/05/2024","12/06/2024","eec2170a8f2d0cd7dc3a18841a1ea5c7","0.999999999699554",79,"Fungi_4751","Basidiomycota_5204","Exobasidiomycetes_452283","Microstromatales_162475",NA,NA,NA
"pt2","PUF.IPEX.2","PUF_IPEX_02","IPEX","29/05/2024","12/06/2024","b43d19c6734061aba20cde4334b0c772","0.933623859448047",705,"Fungi_4751","Ascomycota_4890","Dothideomycetes_147541","Cladosporiales_2726946","Cladosporiaceae_452563","Cladosporium_5498","Cladosporium_bruhnei_450181"
"pt2","PUF.IPEX.2","PUF_IPEX_02","IPEX","29/05/2024","12/06/2024","0d1a483ebd4773116542454b0cc1a266","0.88739453904822",70,"Fungi_4751","Ascomycota_4890","Sordariomycetes_147550",NA,NA,NA,NA
"pt2","PUF.IPEX.2","PUF_IPEX_02","IPEX","29/05/2024","12/06/2024","0654cc62f2b2d1f6652ba8acca4ba9fb","0.959194747463117",135,"Fungi_4751","Basidiomycota_5204","Exobasidiomycetes_452283","Microstromatales_162475","Microstromatales_162475_family","Jaminaea_561108",NA
"pt2","PUF.IPEX.2","PUF_IPEX_02","IPEX","29/05/2024","12/06/2024","efbf72a920a03347f6407072b84a43f9","0.999459556668486",253,"Fungi_4751","Basidiomycota_5204","Agaricomycetes_155619","Russulales_452342","Peniophoraceae_103393","Peniophora_40463","Peniophora_lycii_154539"
"pt2","PUF.IPEX.2","PUF_IPEX_02","IPEX","29/05/2024","12/06/2024","8187787e018ce4815342f12d65ff7dc8","0.464733719684335",302,"Fungi_4751","Ascomycota_4890","Sordariomycetes_147550",NA,NA,NA,NA
"pt2","PUF.IPEX.2","PUF_IPEX_02","IPEX","29/05/2024","12/06/2024","186655c711d9c22435d048944254d180","0.999918046946559",111,"Fungi_4751","Basidiomycota_5204","Agaricomycetes_155619","Russulales_452342","Peniophoraceae_103393","Peniophora_40463","Peniophora_lycii_154539"
"pt2","PUF.IPEX.2","PUF_IPEX_02","IPEX","29/05/2024","12/06/2024","e3625b78fc7d223a7bce189dca39f019","0.931434102040716",106,"Fungi_4751","Ascomycota_4890","Dothideomycetes_147541","Pleosporales_92860","Shiraiaceae_224418","Shiraia_224419","Shiraia_bambusicola_224420"
"pt2","PUF.IPEX.2","PUF_IPEX_02","IPEX","29/05/2024","12/06/2024","e2f909b13c3ebf8128f397a64f5faae1","0.865408471778355",75,"Fungi_4751","Basidiomycota_5204","Agaricomycetes_155619","Agaricales_5338","Psathyrellaceae_184208","Candolleomyces_2791032","Candolleomyces_candolleanus_71730"
"pt2","PUF.IPEX.2","PUF_IPEX_02","IPEX","29/05/2024","12/06/2024","bcf59b4926413543b3fb02800d2d5b80","0.999999999844206",148,"Eukaryota_2759_kingdom","Oomycota_4762","Oomycota_4762_class","Peronosporales_4776","Peronosporaceae_4777","Plasmopara_4780","Plasmopara_carveri_3350122"
"pt2","PUF.IPEX.2","PUF_IPEX_02","IPEX","29/05/2024","12/06/2024","02e9a719b9dab5bd47c5fa414506bceb","0.953846760547688",72,"Fungi_4751","Ascomycota_4890","Leotiomycetes_147548",NA,NA,NA,NA
"pt2","PUF.IPEX.2","PUF_IPEX_02","IPEX","29/05/2024","12/06/2024","5be1d53751f3907ff2f5d002e6a3d716","0.915464081512389",84,"Fungi_4751","Ascomycota_4890","Leotiomycetes_147548",NA,NA,NA,NA
"pt2","PUF.IPEX.2","PUF_IPEX_02","IPEX","29/05/2024","12/06/2024","ddfd319f3d88ba3067d804c949cf1f1a","0.436151395675201",136,"Fungi_4751","Ascomycota_4890",NA,NA,NA,NA,NA
"pt2","PUF.IPEX.2","PUF_IPEX_02","IPEX","29/05/2024","12/06/2024","e961ee812e814a754542db23bae2cf68","0.390753683146527",681,"Metazoa_33208","Arthropoda_6656","Arachnida_6854",NA,NA,NA,NA
"pt2","PUF.IPEX.2","PUF_IPEX_02","IPEX","29/05/2024","12/06/2024","7f182575baad2d44cbddc0244753a1f5","0.999999999346173",343,"Eukaryota_2759_kingdom","Oomycota_4762","Oomycota_4762_class","Peronosporales_4776","Peronosporaceae_4777","Plasmopara_4780","Plasmopara_carveri_3350122"
"pt2","PUF.IPEX.2","PUF_IPEX_02","IPEX","29/05/2024","12/06/2024","bd29633837bcc3003dd038eac7ec33ff","0.280159842707106",99,"Fungi_4751","Basidiomycota_5204","Agaricomycetes_155619","Boletales_68889","Boletaceae_5368","Tylopilus_80671",NA
"pt2","PUF.IPEX.2","PUF_IPEX_02","IPEX","29/05/2024","12/06/2024","58361fd36d93b8d6dad1be21ba9a12a0","0.416418519943832",69,"Fungi_4751","Ascomycota_4890","Leotiomycetes_147548",NA,NA,NA,NA
"pt2","PUF.IPEX.2","PUF_IPEX_02","IPEX","29/05/2024","12/06/2024","507b88a761be428a682b5bf765b03197","0.885251073908748",76,"Fungi_4751","Ascomycota_4890","Leotiomycetes_147548",NA,NA,NA,NA
"pt2","PUF.IPEX.2","PUF_IPEX_02","IPEX","29/05/2024","12/06/2024","2c4dff555b2582367902ad3e38b509f4","0.411012513823327",148,"Fungi_4751","Ascomycota_4890","Sordariomycetes_147550",NA,NA,NA,NA
"pt2","PUF.IPEX.2","PUF_IPEX_02","IPEX","29/05/2024","12/06/2024","927562d8852f23bcf14eddf33853af1b","0.999999999998906",125,"Metazoa_33208","Arthropoda_6656","Arachnida_6854","Trombidiformes_83136","Eriophyidae_70320","Abacarus_644136","Abacarus_hystrix_644148"
"pt2","PUF.IPEX.2","PUF_IPEX_02","IPEX","29/05/2024","12/06/2024","21b8967b62735ba8f63c4d4626941193","0.829682511221669",66,"Metazoa_33208","Arthropoda_6656","Insecta_50557","Diptera_7147","Cecidomyiidae_33406",NA,NA
"pt2","PUF.JD.3","PUF_JD_03","Jean-Drapeau","19/06/2024","03/07/2024","0c11abb10ca8c4ca6a9466f89d510f2e","0.907238614804815",160,"Metazoa_33208","Arthropoda_6656","Insecta_50557","Hemiptera_7524","Pentatomidae_160513","Glypsus_-21471","Glypsus_conspicuus_-21472"
"pt2","PUF.JD.3","PUF_JD_03","Jean-Drapeau","19/06/2024","03/07/2024","eec2170a8f2d0cd7dc3a18841a1ea5c7","0.999999999699554",159,"Fungi_4751","Basidiomycota_5204","Exobasidiomycetes_452283","Microstromatales_162475",NA,NA,NA
"pt2","PUF.JD.3","PUF_JD_03","Jean-Drapeau","19/06/2024","03/07/2024","b43d19c6734061aba20cde4334b0c772","0.933623859448047",1108,"Fungi_4751","Ascomycota_4890","Dothideomycetes_147541","Cladosporiales_2726946","Cladosporiaceae_452563","Cladosporium_5498","Cladosporium_bruhnei_450181"
"pt2","PUF.JD.3","PUF_JD_03","Jean-Drapeau","19/06/2024","03/07/2024","bec08d51eb66022d7172c03768d5fd5d","0.937210778414611",66,"Fungi_4751","Ascomycota_4890","Dothideomycetes_147541","Cladosporiales_2726946","Cladosporiaceae_452563","Cladosporium_5498","Cladosporium_cladosporioides_29917"
"pt2","PUF.JD.3","PUF_JD_03","Jean-Drapeau","19/06/2024","03/07/2024","202e53dd32a0e7b3fcb0945dd40b5e51","0.819547932595875",118,"Fungi_4751","Ascomycota_4890","Leotiomycetes_147548",NA,NA,NA,NA
"pt2","PUF.JD.3","PUF_JD_03","Jean-Drapeau","19/06/2024","03/07/2024","9fef5822b6479afee6e10ef53e9236c2","0.388924696350803",84,"Fungi_4751","Ascomycota_4890","Sordariomycetes_147550",NA,NA,NA,NA
"pt2","PUF.JD.3","PUF_JD_03","Jean-Drapeau","19/06/2024","03/07/2024","53814ac04567f8e2287c46b0b52f47f1","0.851549716705765",100,"Fungi_4751","Ascomycota_4890","Dothideomycetes_147541",NA,NA,NA,NA
"pt2","PUF.JD.3","PUF_JD_03","Jean-Drapeau","19/06/2024","03/07/2024","945bd633c00552164446ce1c2ba94461","0.947741379948713",149,"Fungi_4751","Ascomycota_4890","Leotiomycetes_147548",NA,NA,NA,NA
"pt2","PUF.JD.3","PUF_JD_03","Jean-Drapeau","19/06/2024","03/07/2024","396bb1d73aaa06e2cf8e8bf726986bfb","0.323464504166269",63,"Fungi_4751","Basidiomycota_5204","Cystobasidiomycetes_432005","Cystobasidiales_204043","Cystobasidiaceae_34418",NA,NA
"pt2","PUF.JD.3","PUF_JD_03","Jean-Drapeau","19/06/2024","03/07/2024","efbf72a920a03347f6407072b84a43f9","0.999459556668486",192,"Fungi_4751","Basidiomycota_5204","Agaricomycetes_155619","Russulales_452342","Peniophoraceae_103393","Peniophora_40463","Peniophora_lycii_154539"
"pt2","PUF.JD.3","PUF_JD_03","Jean-Drapeau","19/06/2024","03/07/2024","18a2e110004e455b097f83f0c05922c6","0.975304870433857",94,"Metazoa_33208","Chordata_7711","Mammalia_40674","Primates_9443","Hominidae_9604","Homo_9605","Homo_sapiens_9606"
"pt2","PUF.JD.3","PUF_JD_03","Jean-Drapeau","19/06/2024","03/07/2024","8187787e018ce4815342f12d65ff7dc8","0.464733719684335",218,"Fungi_4751","Ascomycota_4890","Sordariomycetes_147550",NA,NA,NA,NA
"pt2","PUF.JD.3","PUF_JD_03","Jean-Drapeau","19/06/2024","03/07/2024","aec35e427b95f1cbf2c6d6503e172a4f","0.279152099836879",86,"Fungi_4751","Ascomycota_4890",NA,NA,NA,NA,NA
"pt2","PUF.JD.3","PUF_JD_03","Jean-Drapeau","19/06/2024","03/07/2024","e3625b78fc7d223a7bce189dca39f019","0.931434102040716",102,"Fungi_4751","Ascomycota_4890","Dothideomycetes_147541","Pleosporales_92860","Shiraiaceae_224418","Shiraia_224419","Shiraia_bambusicola_224420"
"pt2","PUF.JD.3","PUF_JD_03","Jean-Drapeau","19/06/2024","03/07/2024","d81f6cdff61b07652ac3a1e24f7d4d34","0.985570670322772",143,"Fungi_4751","Ascomycota_4890","Leotiomycetes_147548",NA,NA,NA,NA
"pt2","PUF.JD.3","PUF_JD_03","Jean-Drapeau","19/06/2024","03/07/2024","bcf59b4926413543b3fb02800d2d5b80","0.999999999844206",245,"Eukaryota_2759_kingdom","Oomycota_4762","Oomycota_4762_class","Peronosporales_4776","Peronosporaceae_4777","Plasmopara_4780","Plasmopara_carveri_3350122"
"pt2","PUF.JD.3","PUF_JD_03","Jean-Drapeau","19/06/2024","03/07/2024","7f182575baad2d44cbddc0244753a1f5","0.999999999346173",100,"Eukaryota_2759_kingdom","Oomycota_4762","Oomycota_4762_class","Peronosporales_4776","Peronosporaceae_4777","Plasmopara_4780","Plasmopara_carveri_3350122"
"pt2","PUF.JD.3","PUF_JD_03","Jean-Drapeau","19/06/2024","03/07/2024","7c52a29f282c5b604c81d08d5511e009","0.695653665404119",208,"Fungi_4751","Basidiomycota_5204","Agaricomycetes_155619","Agaricales_5338","Psathyrellaceae_184208","Candolleomyces_2791032","Candolleomyces_candolleanus_71730"
"pt2","PUF.JD.3","PUF_JD_03","Jean-Drapeau","19/06/2024","03/07/2024","30d1f39562968d4b798847c2e714c64b","0.735208941121617",106,"Fungi_4751","Basidiomycota_5204","Agaricomycetes_155619","Agaricales_5338","Psathyrellaceae_184208","Candolleomyces_2791032","Candolleomyces_candolleanus_71730"
"pt2","PUF.JD.3","PUF_JD_03","Jean-Drapeau","19/06/2024","03/07/2024","c9962e9ba8d3bfc1333df698883785b0","0.498907141317234",72,"Fungi_4751","Mucoromycota_1913637","Mucoromycetes_2212703","Mucorales_4827","Lichtheimiaceae_499202","Lichtheimia_688353","Lichtheimia_hongkongensis_549293"
"pt2","PUF.JD.3","PUF_JD_03","Jean-Drapeau","19/06/2024","03/07/2024","a8b5ac1f211806076e860c9f436d076e","0.907539297209108",163,"Metazoa_33208","Arthropoda_6656","Insecta_50557","Hemiptera_7524","Miridae_30083","Plagiognathus_236934","Plagiognathus_obscurus_881741"
"pt2","PUF.JD.3","PUF_JD_03","Jean-Drapeau","19/06/2024","03/07/2024","70ec25088f55e49de5ebcaf3b2d18e40","0.977617837618304",93,"Metazoa_33208","Arthropoda_6656","Insecta_50557","Diptera_7147","Chloropidae_29032","Thaumatomyia_333800",NA
"pt2","PUF.JD.3","PUF_JD_03","Jean-Drapeau","19/06/2024","03/07/2024","e8aff0de35b715cb9f8a76b0104f719e","0.887804521684622",64,"Viridiplantae_33090","Chlorophyta_3041","Trebouxiophyceae_75966",NA,NA,NA,NA
"pt2","PUF.BOU.9","PUF_BOU_09","Boucherville","16/09/2024","30/09/2024","0c11abb10ca8c4ca6a9466f89d510f2e","0.907238614804815",1259,"Metazoa_33208","Arthropoda_6656","Insecta_50557","Hemiptera_7524","Pentatomidae_160513","Glypsus_-21471","Glypsus_conspicuus_-21472"
"pt2","PUF.BOU.9","PUF_BOU_09","Boucherville","16/09/2024","30/09/2024","589974931988706a852f1bb2c5aa12dc","0.814574741442148",1262,"Fungi_4751","Basidiomycota_5204","Exobasidiomycetes_452283","Microstromatales_162475","Microstromatales_162475_family","Jaminaea_561108",NA
"pt2","PUF.BOU.9","PUF_BOU_09","Boucherville","16/09/2024","30/09/2024","f7718bbdbd503a21d2692b3b333490cb","0.55302161898262",2012,"Fungi_4751","Basidiomycota_5204","Exobasidiomycetes_452283","Microstromatales_162475","Microstromatales_162475_family","Jaminaea_561108",NA
"pt2","PUF.BOU.9","PUF_BOU_09","Boucherville","16/09/2024","30/09/2024","eec2170a8f2d0cd7dc3a18841a1ea5c7","0.999999999699554",395,"Fungi_4751","Basidiomycota_5204","Exobasidiomycetes_452283","Microstromatales_162475",NA,NA,NA
"pt2","PUF.BOU.9","PUF_BOU_09","Boucherville","16/09/2024","30/09/2024","afb94828a83235f617d67b54fe89fe79","0.373408909311144",648,"Fungi_4751","Basidiomycota_5204","Pucciniomycetes_162484","Pucciniales_5258","Melampsoraceae_5259","Melampsora_5260","Melampsora_medusae_82101"
"pt2","PUF.BOU.9","PUF_BOU_09","Boucherville","16/09/2024","30/09/2024","b43d19c6734061aba20cde4334b0c772","0.933623859448047",324,"Fungi_4751","Ascomycota_4890","Dothideomycetes_147541","Cladosporiales_2726946","Cladosporiaceae_452563","Cladosporium_5498","Cladosporium_bruhnei_450181"
"pt2","PUF.BOU.9","PUF_BOU_09","Boucherville","16/09/2024","30/09/2024","bec08d51eb66022d7172c03768d5fd5d","0.937210778414611",628,"Fungi_4751","Ascomycota_4890","Dothideomycetes_147541","Cladosporiales_2726946","Cladosporiaceae_452563","Cladosporium_5498","Cladosporium_cladosporioides_29917"
"pt2","PUF.BOU.9","PUF_BOU_09","Boucherville","16/09/2024","30/09/2024","0d1a483ebd4773116542454b0cc1a266","0.88739453904822",401,"Fungi_4751","Ascomycota_4890","Sordariomycetes_147550",NA,NA,NA,NA
"pt2","PUF.BOU.9","PUF_BOU_09","Boucherville","16/09/2024","30/09/2024","a4ce6cfe96b9ce0ad304803934790435","0.505582624946131",1053,"Fungi_4751","Basidiomycota_5204","Exobasidiomycetes_452283","Microstromatales_162475",NA,NA,NA
"pt2","PUF.BOU.9","PUF_BOU_09","Boucherville","16/09/2024","30/09/2024","42a334b44b84641c69386150c7cde441","0.975711405297424",145,"Fungi_4751","Ascomycota_4890","Leotiomycetes_147548",NA,NA,NA,NA
"pt2","PUF.BOU.9","PUF_BOU_09","Boucherville","16/09/2024","30/09/2024","5580961b9a41be03abce5562553ec49c","0.419336811656045",260,"Metazoa_33208","Arthropoda_6656","Arachnida_6854",NA,NA,NA,NA
"pt2","PUF.BOU.9","PUF_BOU_09","Boucherville","16/09/2024","30/09/2024","24e6afde065c6d5c729886e1ee63f7ad","0.499999972166463",312,"Fungi_4751","Basidiomycota_5204","Microbotryomycetes_162481","Sporidiobolales_231213","Sporidiobolaceae_1799696",NA,NA
"pt2","PUF.JD.2","PUF_JD_02","Jean-Drapeau","05/06/2024","19/06/2024","b43d19c6734061aba20cde4334b0c772","0.933623859448047",151,"Fungi_4751","Ascomycota_4890","Dothideomycetes_147541","Cladosporiales_2726946","Cladosporiaceae_452563","Cladosporium_5498","Cladosporium_bruhnei_450181"
"pt2","PUF.JD.2","PUF_JD_02","Jean-Drapeau","05/06/2024","19/06/2024","e961ee812e814a754542db23bae2cf68","0.390753683146527",231,"Metazoa_33208","Arthropoda_6656","Arachnida_6854",NA,NA,NA,NA
"pt2","PUF.JD.2","PUF_JD_02","Jean-Drapeau","05/06/2024","19/06/2024","434f6ae6ef6e722112c5b3bc5ec6824c","0.999390817258313",13406,"Metazoa_33208","Arthropoda_6656","Insecta_50557","Lepidoptera_7088","Blastobasidae_173649","Pigritia_347817","Pigritia_fidella_1473675"
"pt2","PUF.JD.2","PUF_JD_02","Jean-Drapeau","05/06/2024","19/06/2024","a0b7084219abc3752a8971756672617e","0.895872830854137",183,"Metazoa_33208","Arthropoda_6656","Insecta_50557","Lepidoptera_7088","Noctuidae_7100","Xestia_320016","Xestia_c-nigrum_987431"
"pt2","PUF.IPEX.4","PUF_IPEX_04","IPEX","26/06/2024","10/07/2024","0c11abb10ca8c4ca6a9466f89d510f2e","0.907238614804815",888,"Metazoa_33208","Arthropoda_6656","Insecta_50557","Hemiptera_7524","Pentatomidae_160513","Glypsus_-21471","Glypsus_conspicuus_-21472"
"pt2","PUF.IPEX.4","PUF_IPEX_04","IPEX","26/06/2024","10/07/2024","589974931988706a852f1bb2c5aa12dc","0.814574741442148",200,"Fungi_4751","Basidiomycota_5204","Exobasidiomycetes_452283","Microstromatales_162475","Microstromatales_162475_family","Jaminaea_561108",NA
"pt2","PUF.IPEX.4","PUF_IPEX_04","IPEX","26/06/2024","10/07/2024","eec2170a8f2d0cd7dc3a18841a1ea5c7","0.999999999699554",555,"Fungi_4751","Basidiomycota_5204","Exobasidiomycetes_452283","Microstromatales_162475",NA,NA,NA
"pt2","PUF.IPEX.4","PUF_IPEX_04","IPEX","26/06/2024","10/07/2024","b43d19c6734061aba20cde4334b0c772","0.933623859448047",2856,"Fungi_4751","Ascomycota_4890","Dothideomycetes_147541","Cladosporiales_2726946","Cladosporiaceae_452563","Cladosporium_5498","Cladosporium_bruhnei_450181"
"pt2","PUF.IPEX.4","PUF_IPEX_04","IPEX","26/06/2024","10/07/2024","bec08d51eb66022d7172c03768d5fd5d","0.937210778414611",270,"Fungi_4751","Ascomycota_4890","Dothideomycetes_147541","Cladosporiales_2726946","Cladosporiaceae_452563","Cladosporium_5498","Cladosporium_cladosporioides_29917"
"pt2","PUF.IPEX.4","PUF_IPEX_04","IPEX","26/06/2024","10/07/2024","0d1a483ebd4773116542454b0cc1a266","0.88739453904822",199,"Fungi_4751","Ascomycota_4890","Sordariomycetes_147550",NA,NA,NA,NA
"pt2","PUF.IPEX.4","PUF_IPEX_04","IPEX","26/06/2024","10/07/2024","42a334b44b84641c69386150c7cde441","0.975711405297424",283,"Fungi_4751","Ascomycota_4890","Leotiomycetes_147548",NA,NA,NA,NA
"pt2","PUF.IPEX.4","PUF_IPEX_04","IPEX","26/06/2024","10/07/2024","efbf72a920a03347f6407072b84a43f9","0.999459556668486",449,"Fungi_4751","Basidiomycota_5204","Agaricomycetes_155619","Russulales_452342","Peniophoraceae_103393","Peniophora_40463","Peniophora_lycii_154539"
"pt2","PUF.IPEX.4","PUF_IPEX_04","IPEX","26/06/2024","10/07/2024","5f907557675481632654c893c4e319d5","0.369832764629548",418,"Fungi_4751","Ascomycota_4890","Dothideomycetes_147541","Cladosporiales_2726946","Cladosporiaceae_452563","Cladosporium_5498","Cladosporium_bruhnei_450181"
"pt2","PUF.IPEX.4","PUF_IPEX_04","IPEX","26/06/2024","10/07/2024","8187787e018ce4815342f12d65ff7dc8","0.464733719684335",269,"Fungi_4751","Ascomycota_4890","Sordariomycetes_147550",NA,NA,NA,NA
"pt2","PUF.IPEX.4","PUF_IPEX_04","IPEX","26/06/2024","10/07/2024","186655c711d9c22435d048944254d180","0.999918046946559",177,"Fungi_4751","Basidiomycota_5204","Agaricomycetes_155619","Russulales_452342","Peniophoraceae_103393","Peniophora_40463","Peniophora_lycii_154539"
"pt2","PUF.IPEX.4","PUF_IPEX_04","IPEX","26/06/2024","10/07/2024","e2f909b13c3ebf8128f397a64f5faae1","0.865408471778355",853,"Fungi_4751","Basidiomycota_5204","Agaricomycetes_155619","Agaricales_5338","Psathyrellaceae_184208","Candolleomyces_2791032","Candolleomyces_candolleanus_71730"
"pt2","PUF.IPEX.4","PUF_IPEX_04","IPEX","26/06/2024","10/07/2024","bcf59b4926413543b3fb02800d2d5b80","0.999999999844206",521,"Eukaryota_2759_kingdom","Oomycota_4762","Oomycota_4762_class","Peronosporales_4776","Peronosporaceae_4777","Plasmopara_4780","Plasmopara_carveri_3350122"
"pt2","PUF.IPEX.4","PUF_IPEX_04","IPEX","26/06/2024","10/07/2024","7f182575baad2d44cbddc0244753a1f5","0.999999999346173",1079,"Eukaryota_2759_kingdom","Oomycota_4762","Oomycota_4762_class","Peronosporales_4776","Peronosporaceae_4777","Plasmopara_4780","Plasmopara_carveri_3350122"
"pt2","PUF.IPEX.4","PUF_IPEX_04","IPEX","26/06/2024","10/07/2024","507b88a761be428a682b5bf765b03197","0.885251073908748",247,"Fungi_4751","Ascomycota_4890","Leotiomycetes_147548",NA,NA,NA,NA
"pt2","PUF.IPEX.4","PUF_IPEX_04","IPEX","26/06/2024","10/07/2024","537c1cbbbf0cd94f59e6616e090f51f7","0.968283922612581",219,"Fungi_4751","Ascomycota_4890","Leotiomycetes_147548",NA,NA,NA,NA
"pt2","PUF.IPEX.10","PUF_IPEX_10","IPEX","18/09/2024","02/10/2024","0c11abb10ca8c4ca6a9466f89d510f2e","0.907238614804815",2651,"Metazoa_33208","Arthropoda_6656","Insecta_50557","Hemiptera_7524","Pentatomidae_160513","Glypsus_-21471","Glypsus_conspicuus_-21472"
"pt2","PUF.IPEX.10","PUF_IPEX_10","IPEX","18/09/2024","02/10/2024","589974931988706a852f1bb2c5aa12dc","0.814574741442148",1397,"Fungi_4751","Basidiomycota_5204","Exobasidiomycetes_452283","Microstromatales_162475","Microstromatales_162475_family","Jaminaea_561108",NA
"pt2","PUF.IPEX.10","PUF_IPEX_10","IPEX","18/09/2024","02/10/2024","f7718bbdbd503a21d2692b3b333490cb","0.55302161898262",1445,"Fungi_4751","Basidiomycota_5204","Exobasidiomycetes_452283","Microstromatales_162475","Microstromatales_162475_family","Jaminaea_561108",NA
"pt2","PUF.IPEX.10","PUF_IPEX_10","IPEX","18/09/2024","02/10/2024","eec2170a8f2d0cd7dc3a18841a1ea5c7","0.999999999699554",450,"Fungi_4751","Basidiomycota_5204","Exobasidiomycetes_452283","Microstromatales_162475",NA,NA,NA
"pt2","PUF.IPEX.10","PUF_IPEX_10","IPEX","18/09/2024","02/10/2024","afb94828a83235f617d67b54fe89fe79","0.373408909311144",820,"Fungi_4751","Basidiomycota_5204","Pucciniomycetes_162484","Pucciniales_5258","Melampsoraceae_5259","Melampsora_5260","Melampsora_medusae_82101"
"pt2","PUF.IPEX.10","PUF_IPEX_10","IPEX","18/09/2024","02/10/2024","b43d19c6734061aba20cde4334b0c772","0.933623859448047",975,"Fungi_4751","Ascomycota_4890","Dothideomycetes_147541","Cladosporiales_2726946","Cladosporiaceae_452563","Cladosporium_5498","Cladosporium_bruhnei_450181"
"pt2","PUF.IPEX.10","PUF_IPEX_10","IPEX","18/09/2024","02/10/2024","bec08d51eb66022d7172c03768d5fd5d","0.937210778414611",1469,"Fungi_4751","Ascomycota_4890","Dothideomycetes_147541","Cladosporiales_2726946","Cladosporiaceae_452563","Cladosporium_5498","Cladosporium_cladosporioides_29917"
"pt2","PUF.IPEX.10","PUF_IPEX_10","IPEX","18/09/2024","02/10/2024","0d1a483ebd4773116542454b0cc1a266","0.88739453904822",543,"Fungi_4751","Ascomycota_4890","Sordariomycetes_147550",NA,NA,NA,NA
"pt2","PUF.IPEX.10","PUF_IPEX_10","IPEX","18/09/2024","02/10/2024","42a334b44b84641c69386150c7cde441","0.975711405297424",268,"Fungi_4751","Ascomycota_4890","Leotiomycetes_147548",NA,NA,NA,NA
"pt2","PUF.IPEX.10","PUF_IPEX_10","IPEX","18/09/2024","02/10/2024","efbf72a920a03347f6407072b84a43f9","0.999459556668486",762,"Fungi_4751","Basidiomycota_5204","Agaricomycetes_155619","Russulales_452342","Peniophoraceae_103393","Peniophora_40463","Peniophora_lycii_154539"
"pt2","PUF.IPEX.10","PUF_IPEX_10","IPEX","18/09/2024","02/10/2024","24e6afde065c6d5c729886e1ee63f7ad","0.499999972166463",626,"Fungi_4751","Basidiomycota_5204","Microbotryomycetes_162481","Sporidiobolales_231213","Sporidiobolaceae_1799696",NA,NA
"pt2","PUF.IPEX.10","PUF_IPEX_10","IPEX","18/09/2024","02/10/2024","9120a8bbdc5d8261589ee9e90f0509a9","0.158530216682823",180,"Fungi_4751","Basidiomycota_5204","Agaricomycetes_155619","Boletales_68889","Boletaceae_5368","Tylopilus_80671","Tylopilus_plumbeoviolaceoides_374766"
"pt2","PUF.IPEX.10","PUF_IPEX_10","IPEX","18/09/2024","02/10/2024","fffee20f2e55a93f20f18addabd5dbbd","0.499999986638762",192,"Fungi_4751","Basidiomycota_5204","Microbotryomycetes_162481","Sporidiobolales_231213","Sporidiobolaceae_1799696",NA,NA
"pt2","PUF.IPEX.10","PUF_IPEX_10","IPEX","18/09/2024","02/10/2024","adbbbf60563bbe1a134d45fa7c75b406","0.894622248839249",574,"Metazoa_33208","Arthropoda_6656","Insecta_50557","Psocoptera_30259","Liposcelididae_2545764","Liposcelis_160150","Liposcelis_paeta_209927"
"pt2","PUF.JD.8","PUF_JD_08","Jean-Drapeau","28/08/2024","11/09/2024","0c11abb10ca8c4ca6a9466f89d510f2e","0.907238614804815",95,"Metazoa_33208","Arthropoda_6656","Insecta_50557","Hemiptera_7524","Pentatomidae_160513","Glypsus_-21471","Glypsus_conspicuus_-21472"
"pt2","PUF.JD.8","PUF_JD_08","Jean-Drapeau","28/08/2024","11/09/2024","baa9c80092114cb0554a186c5bb8be0f","0.999999998546613",8581,"Metazoa_33208","Arthropoda_6656","Arachnida_6854","Araneae_6893","Tetragnathidae_27394","Tetragnatha_27395","Tetragnatha_guatemalensis_336607"
"pt2","PUF.JD.6","PUF_JD_06","Jean-Drapeau","31/07/2024","14/08/2024","0c11abb10ca8c4ca6a9466f89d510f2e","0.907238614804815",3494,"Metazoa_33208","Arthropoda_6656","Insecta_50557","Hemiptera_7524","Pentatomidae_160513","Glypsus_-21471","Glypsus_conspicuus_-21472"
"pt2","PUF.JD.6","PUF_JD_06","Jean-Drapeau","31/07/2024","14/08/2024","f7718bbdbd503a21d2692b3b333490cb","0.55302161898262",124,"Fungi_4751","Basidiomycota_5204","Exobasidiomycetes_452283","Microstromatales_162475","Microstromatales_162475_family","Jaminaea_561108",NA
"pt2","PUF.JD.6","PUF_JD_06","Jean-Drapeau","31/07/2024","14/08/2024","eec2170a8f2d0cd7dc3a18841a1ea5c7","0.999999999699554",157,"Fungi_4751","Basidiomycota_5204","Exobasidiomycetes_452283","Microstromatales_162475",NA,NA,NA
"pt2","PUF.JD.6","PUF_JD_06","Jean-Drapeau","31/07/2024","14/08/2024","b43d19c6734061aba20cde4334b0c772","0.933623859448047",1343,"Fungi_4751","Ascomycota_4890","Dothideomycetes_147541","Cladosporiales_2726946","Cladosporiaceae_452563","Cladosporium_5498","Cladosporium_bruhnei_450181"
"pt2","PUF.JD.6","PUF_JD_06","Jean-Drapeau","31/07/2024","14/08/2024","bec08d51eb66022d7172c03768d5fd5d","0.937210778414611",1031,"Fungi_4751","Ascomycota_4890","Dothideomycetes_147541","Cladosporiales_2726946","Cladosporiaceae_452563","Cladosporium_5498","Cladosporium_cladosporioides_29917"
"pt2","PUF.JD.6","PUF_JD_06","Jean-Drapeau","31/07/2024","14/08/2024","be8dc1271132728b62d899f6fe83b643","0.417154486433497",1219,"Fungi_4751","Ascomycota_4890","Dothideomycetes_147541",NA,NA,NA,NA
"pt2","PUF.JD.6","PUF_JD_06","Jean-Drapeau","31/07/2024","14/08/2024","202e53dd32a0e7b3fcb0945dd40b5e51","0.819547932595875",138,"Fungi_4751","Ascomycota_4890","Leotiomycetes_147548",NA,NA,NA,NA
"pt2","PUF.JD.6","PUF_JD_06","Jean-Drapeau","31/07/2024","14/08/2024","b68e68d28b1bf1fab06f4b523042e2d3","0.983792751072165",297,"Fungi_4751","Ascomycota_4890","Leotiomycetes_147548",NA,NA,NA,NA
"pt2","PUF.JD.6","PUF_JD_06","Jean-Drapeau","31/07/2024","14/08/2024","53814ac04567f8e2287c46b0b52f47f1","0.851549716705765",571,"Fungi_4751","Ascomycota_4890","Dothideomycetes_147541",NA,NA,NA,NA
"pt2","PUF.JD.6","PUF_JD_06","Jean-Drapeau","31/07/2024","14/08/2024","efbf72a920a03347f6407072b84a43f9","0.999459556668486",150,"Fungi_4751","Basidiomycota_5204","Agaricomycetes_155619","Russulales_452342","Peniophoraceae_103393","Peniophora_40463","Peniophora_lycii_154539"
"pt2","PUF.JD.6","PUF_JD_06","Jean-Drapeau","31/07/2024","14/08/2024","b95489e3a5b28ae3f988e6fc613086f8","0.795283300424582",170,"Fungi_4751","Ascomycota_4890","Dothideomycetes_147541",NA,NA,NA,NA
"pt2","PUF.JD.6","PUF_JD_06","Jean-Drapeau","31/07/2024","14/08/2024","d81f6cdff61b07652ac3a1e24f7d4d34","0.985570670322772",169,"Fungi_4751","Ascomycota_4890","Leotiomycetes_147548",NA,NA,NA,NA
"pt2","PUF.JD.6","PUF_JD_06","Jean-Drapeau","31/07/2024","14/08/2024","db800311f5ae69565ec96214053622f1","0.999987270154586",409,"Fungi_4751","Ascomycota_4890","Dothideomycetes_147541","Cladosporiales_2726946","Cladosporiaceae_452563","Cladosporium_5498","Cladosporium_sphaerospermum_92950"
"pt2","PUF.JD.6","PUF_JD_06","Jean-Drapeau","31/07/2024","14/08/2024","46b87a93800ec3908b4e236322e3b87d","0.999999999696428",119,"Metazoa_33208","Arthropoda_6656","Arachnida_6854","Araneae_6893","Tetragnathidae_27394","Tetragnatha_27395","Tetragnatha_guatemalensis_336607"
