"Library","Sample","ID_order","site","from","to","Feature.ID","Confidence","Reads","k","p","c","o","f","g","s"
"pt1","PUF.IPEX.3","PUF_IPEX_03","IPEX","12/06/2024","26/06/2024","947d103d0e3192467b5fda6ff37e7146","0.99999999518738",9576,"Metazoa_33208","Arthropoda_6656","Arachnida_6854","Araneae_6893","Araneidae_6913","Larinioides_280405","Larinioides_sclopetarius_280406"
"pt1","PUF.IPEX.3","PUF_IPEX_03","IPEX","12/06/2024","26/06/2024","b43d19c6734061aba20cde4334b0c772","0.933623859448047",1099,"Fungi_4751","Ascomycota_4890","Dothideomycetes_147541","Cladosporiales_2726946","Cladosporiaceae_452563","Cladosporium_5498","Cladosporium_bruhnei_450181"
"pt1","PUF.IPEX.3","PUF_IPEX_03","IPEX","12/06/2024","26/06/2024","efbf72a920a03347f6407072b84a43f9","0.999459556668486",407,"Fungi_4751","Basidiomycota_5204","Agaricomycetes_155619","Russulales_452342","Peniophoraceae_103393","Peniophora_40463","Peniophora_lycii_154539"
"pt1","PUF.IPEX.3","PUF_IPEX_03","IPEX","12/06/2024","26/06/2024","7f182575baad2d44cbddc0244753a1f5","0.999999999346173",275,"Eukaryota_2759_kingdom","Oomycota_4762","Oomycota_4762_class","Peronosporales_4776","Peronosporaceae_4777","Plasmopara_4780","Plasmopara_carveri_3350122"
"pt1","PUF.IPEX.3","PUF_IPEX_03","IPEX","12/06/2024","26/06/2024","e2acd4fdce2163d8d0e1baaff3074f01","0.818321206370973",270,"Metazoa_33208","Arthropoda_6656","Arachnida_6854","Araneae_6893","Araneidae_6913","Larinioides_280405",NA
"pt1","PUF.IPEX.3","PUF_IPEX_03","IPEX","12/06/2024","26/06/2024","53814ac04567f8e2287c46b0b52f47f1","0.851549716705765",183,"Fungi_4751","Ascomycota_4890","Dothideomycetes_147541",NA,NA,NA,NA
"pt1","PUF.IPEX.3","PUF_IPEX_03","IPEX","12/06/2024","26/06/2024","0c11abb10ca8c4ca6a9466f89d510f2e","0.907238614804815",174,"Metazoa_33208","Arthropoda_6656","Insecta_50557","Hemiptera_7524","Pentatomidae_160513","Glypsus_-21471","Glypsus_conspicuus_-21472"
"pt1","PUF.IPEX.3","PUF_IPEX_03","IPEX","12/06/2024","26/06/2024","0d1a483ebd4773116542454b0cc1a266","0.88739453904822",138,"Fungi_4751","Ascomycota_4890","Sordariomycetes_147550",NA,NA,NA,NA
"pt1","PUF.IPEX.3","PUF_IPEX_03","IPEX","12/06/2024","26/06/2024","f031b07755265e77bda32778bf0081a4","0.374510418739436",130,"Metazoa_33208","Arthropoda_6656",NA,NA,NA,NA,NA
"pt1","PUF.IPEX.3","PUF_IPEX_03","IPEX","12/06/2024","26/06/2024","186655c711d9c22435d048944254d180","0.999918046946559",130,"Fungi_4751","Basidiomycota_5204","Agaricomycetes_155619","Russulales_452342","Peniophoraceae_103393","Peniophora_40463","Peniophora_lycii_154539"
"pt1","PUF.IPEX.3","PUF_IPEX_03","IPEX","12/06/2024","26/06/2024","eec2170a8f2d0cd7dc3a18841a1ea5c7","0.999999999699554",128,"Fungi_4751","Basidiomycota_5204","Exobasidiomycetes_452283","Microstromatales_162475",NA,NA,NA
"pt1","PUF.IPEX.3","PUF_IPEX_03","IPEX","12/06/2024","26/06/2024","bcf59b4926413543b3fb02800d2d5b80","0.999999999844206",123,"Eukaryota_2759_kingdom","Oomycota_4762","Oomycota_4762_class","Peronosporales_4776","Peronosporaceae_4777","Plasmopara_4780","Plasmopara_carveri_3350122"
"pt1","PUF.IPEX.3","PUF_IPEX_03","IPEX","12/06/2024","26/06/2024","2c4dff555b2582367902ad3e38b509f4","0.411012513823327",108,"Fungi_4751","Ascomycota_4890","Sordariomycetes_147550",NA,NA,NA,NA
"pt1","PUF.IPEX.3","PUF_IPEX_03","IPEX","12/06/2024","26/06/2024","1ff367e0f102d6ce0e147114d2c9bbbd","0.221947764199423",107,"Metazoa_33208","Arthropoda_6656","Arachnida_6854",NA,NA,NA,NA
"pt1","PUF.IPEX.3","PUF_IPEX_03","IPEX","12/06/2024","26/06/2024","28322f16f318f6f937eec8e15d7e8a06","0.999999999640011",99,"Eukaryota_2759_kingdom","Oomycota_4762","Oomycota_4762_class","Peronosporales_4776","Peronosporaceae_4777","Plasmopara_4780","Plasmopara_carveri_3350122"
"pt1","PUF.IPEX.3","PUF_IPEX_03","IPEX","12/06/2024","26/06/2024","4916354e10b56f01558cec61ea960e29","0.654480496146084",89,"Fungi_4751","Ascomycota_4890","Dothideomycetes_147541",NA,NA,NA,NA
"pt1","PUF.IPEX.3","PUF_IPEX_03","IPEX","12/06/2024","26/06/2024","cd105d28d4d35f057ad155c0d6676939","0.615409157326562",82,"Fungi_4751","Ascomycota_4890","Sordariomycetes_147550",NA,NA,NA,NA
"pt1","PUF.IPEX.3","PUF_IPEX_03","IPEX","12/06/2024","26/06/2024","84d466ebc485ab20f3291f656031a621","0.337268800250169",78,"Metazoa_33208","Arthropoda_6656","Arachnida_6854",NA,NA,NA,NA
"pt1","PUF.IPEX.3","PUF_IPEX_03","IPEX","12/06/2024","26/06/2024","5f907557675481632654c893c4e319d5","0.369832764629548",75,"Fungi_4751","Ascomycota_4890","Dothideomycetes_147541","Cladosporiales_2726946","Cladosporiaceae_452563","Cladosporium_5498","Cladosporium_bruhnei_450181"
"pt1","PUF.IPEX.3","PUF_IPEX_03","IPEX","12/06/2024","26/06/2024","bec08d51eb66022d7172c03768d5fd5d","0.937210778414611",75,"Fungi_4751","Ascomycota_4890","Dothideomycetes_147541","Cladosporiales_2726946","Cladosporiaceae_452563","Cladosporium_5498","Cladosporium_cladosporioides_29917"
"pt1","PUF.IPEX.3","PUF_IPEX_03","IPEX","12/06/2024","26/06/2024","46887261dcfc9c9ed16c3d394da9675c","0.587265591209654",73,"Metazoa_33208","Arthropoda_6656","Collembola_30001","Symphypleona_79705",NA,NA,NA
"pt1","PUF.IPEX.3","PUF_IPEX_03","IPEX","12/06/2024","26/06/2024","589974931988706a852f1bb2c5aa12dc","0.814574741442148",69,"Fungi_4751","Basidiomycota_5204","Exobasidiomycetes_452283","Microstromatales_162475","Microstromatales_162475_family","Jaminaea_561108",NA
"pt1","PUF.IPEX.3","PUF_IPEX_03","IPEX","12/06/2024","26/06/2024","509601293428a905ac98259d992a33d4","0.199416009308237",66,"Metazoa_33208","Arthropoda_6656","Insecta_50557","Hemiptera_7524",NA,NA,NA
"pt1","PUF.IPEX.3","PUF_IPEX_03","IPEX","12/06/2024","26/06/2024","bd29633837bcc3003dd038eac7ec33ff","0.280159842707106",65,"Fungi_4751","Basidiomycota_5204","Agaricomycetes_155619","Boletales_68889","Boletaceae_5368","Tylopilus_80671",NA
"pt1","PUF.IPEX.3","PUF_IPEX_03","IPEX","12/06/2024","26/06/2024","346bc70bbc56cc5fc46932accd608df6","0.940973284457854",62,"Fungi_4751","Ascomycota_4890","Leotiomycetes_147548",NA,NA,NA,NA
"pt1","PUF.IPEX.3","PUF_IPEX_03","IPEX","12/06/2024","26/06/2024","86da7c5fa355c537016c0b5a771dd7eb","0.378651499018209",61,"Metazoa_33208","Arthropoda_6656","Insecta_50557","Hemiptera_7524",NA,NA,NA
"pt1","PUF.IPEX.3","PUF_IPEX_03","IPEX","12/06/2024","26/06/2024","efe1ce8e8d1b9cdb5da01eb790e3abcc","0.499999775441608",59,"Fungi_4751","Basidiomycota_5204","Microbotryomycetes_162481","Sporidiobolales_231213","Sporidiobolaceae_1799696",NA,NA
"pt1","PUF.IPEX.3","PUF_IPEX_03","IPEX","12/06/2024","26/06/2024","7970c113788b8dd3c3d4ab8cd0cff958","0.951507539644968",59,"Eukaryota_2759_kingdom","Bacillariophyta_2836","Bacillariophyceae_33849","Bacillariales_33851","Bacillariaceae_33852","Nitzschia_2857",NA
"pt1","PUF.IPEX.3","PUF_IPEX_03","IPEX","12/06/2024","26/06/2024","c1d3a60fd01c1a6a9e7caab084de0b3c","0.621039904393715",57,"Fungi_4751","Ascomycota_4890","Sordariomycetes_147550",NA,NA,NA,NA
"pt1","PUF.IPEX.3","PUF_IPEX_03","IPEX","12/06/2024","26/06/2024","723fc0509a818919c3b86838e64e8ac6","0.796431101344656",53,"Metazoa_33208","Arthropoda_6656","Arachnida_6854",NA,NA,NA,NA
"pt1","PUF.IPEX.3","PUF_IPEX_03","IPEX","12/06/2024","26/06/2024","a3612a98863d0cb2a0423fb56a0bef70","0.670862072239708",52,"Metazoa_33208","Chordata_7711","Mammalia_40674","Artiodactyla_91561","Bovidae_9895","Bos_9903","Bos_taurus_9913"
"pt1","PUF.IPEX.3","PUF_IPEX_03","IPEX","12/06/2024","26/06/2024","dece8419b8e4e1cc5d3a8bdc85038c21","0.996090882194318",50,"Fungi_4751","Ascomycota_4890","Leotiomycetes_147548",NA,NA,NA,NA
"pt1","PUF.IPEX.3","PUF_IPEX_03","IPEX","12/06/2024","26/06/2024","87e30c3f3485f697a459ff0bff3ae47f","0.341960448477193",50,"Metazoa_33208","Arthropoda_6656","Arachnida_6854","Trombidiformes_83136",NA,NA,NA
"pt1","PUF.IPEX.3","PUF_IPEX_03","IPEX","12/06/2024","26/06/2024","24c7b169fd1a4bbd0df611e175020c64","0.892829697181287",50,"Metazoa_33208","Arthropoda_6656","Insecta_50557","Lepidoptera_7088","Pyralidae_7135","Pionidia_2613197",NA
"pt1","PUF.IPEX.3","PUF_IPEX_03","IPEX","12/06/2024","26/06/2024","250d17eba03bf76ef3b4e3dc5e4150d0","0.790874991634872",48,"Eukaryota_2759_kingdom","Bacillariophyta_2836","Bacillariophyceae_33849","Naviculales_38748","Naviculaceae_67474","Navicula_50949",NA
"pt1","PUF.IPEX.3","PUF_IPEX_03","IPEX","12/06/2024","26/06/2024","aec35e427b95f1cbf2c6d6503e172a4f","0.279152099836879",47,"Fungi_4751","Ascomycota_4890",NA,NA,NA,NA,NA
"pt1","PUF.IPEX.3","PUF_IPEX_03","IPEX","12/06/2024","26/06/2024","8e912b58de9ac7c94d8ccdb252e4256b","0.95414304753851",46,"Metazoa_33208","Arthropoda_6656","Arachnida_6854","Trombidiformes_83136","Eriophyidae_70320",NA,NA
"pt1","PUF.IPEX.3","PUF_IPEX_03","IPEX","12/06/2024","26/06/2024","1d534186f20b242a93cb7e6b95377dee","0.268084076049703",44,"Eukaryota_2759_kingdom","Bacillariophyta_2836","Bacillariophyceae_33849","Naviculales_38748","Naviculaceae_67474","Mayamaea_431390","Mayamaea_permitis_1302819"
"pt1","PUF.IPEX.3","PUF_IPEX_03","IPEX","12/06/2024","26/06/2024","ce9e585d5196adf56f4e2c0e02e27b73","0.499999974718733",42,"Fungi_4751","Basidiomycota_5204","Microbotryomycetes_162481","Sporidiobolales_231213","Sporidiobolaceae_1799696",NA,NA
"pt1","PUF.IPEX.3","PUF_IPEX_03","IPEX","12/06/2024","26/06/2024","945bd633c00552164446ce1c2ba94461","0.947741379948713",41,"Fungi_4751","Ascomycota_4890","Leotiomycetes_147548",NA,NA,NA,NA
"pt1","PUF.IPEX.3","PUF_IPEX_03","IPEX","12/06/2024","26/06/2024","8187787e018ce4815342f12d65ff7dc8","0.464733719684335",40,"Fungi_4751","Ascomycota_4890","Sordariomycetes_147550",NA,NA,NA,NA
"pt1","PUF.IPEX.3","PUF_IPEX_03","IPEX","12/06/2024","26/06/2024","1df8ad75688f7b9844c611cc87f3f889","0.965226722533139",40,"Fungi_4751","Ascomycota_4890","Leotiomycetes_147548",NA,NA,NA,NA
"pt1","PUF.BOU.7","PUF_BOU_07","Boucherville","19/08/2024","02/09/2024","53814ac04567f8e2287c46b0b52f47f1","0.851549716705765",56,"Fungi_4751","Ascomycota_4890","Dothideomycetes_147541",NA,NA,NA,NA
"pt1","PUF.BOU.7","PUF_BOU_07","Boucherville","19/08/2024","02/09/2024","0c11abb10ca8c4ca6a9466f89d510f2e","0.907238614804815",92,"Metazoa_33208","Arthropoda_6656","Insecta_50557","Hemiptera_7524","Pentatomidae_160513","Glypsus_-21471","Glypsus_conspicuus_-21472"
"pt1","PUF.BOU.7","PUF_BOU_07","Boucherville","19/08/2024","02/09/2024","0d1a483ebd4773116542454b0cc1a266","0.88739453904822",184,"Fungi_4751","Ascomycota_4890","Sordariomycetes_147550",NA,NA,NA,NA
"pt1","PUF.BOU.7","PUF_BOU_07","Boucherville","19/08/2024","02/09/2024","186655c711d9c22435d048944254d180","0.999918046946559",20,"Fungi_4751","Basidiomycota_5204","Agaricomycetes_155619","Russulales_452342","Peniophoraceae_103393","Peniophora_40463","Peniophora_lycii_154539"
"pt1","PUF.BOU.7","PUF_BOU_07","Boucherville","19/08/2024","02/09/2024","eec2170a8f2d0cd7dc3a18841a1ea5c7","0.999999999699554",112,"Fungi_4751","Basidiomycota_5204","Exobasidiomycetes_452283","Microstromatales_162475",NA,NA,NA
"pt1","PUF.BOU.7","PUF_BOU_07","Boucherville","19/08/2024","02/09/2024","5f907557675481632654c893c4e319d5","0.369832764629548",9,"Fungi_4751","Ascomycota_4890","Dothideomycetes_147541","Cladosporiales_2726946","Cladosporiaceae_452563","Cladosporium_5498","Cladosporium_bruhnei_450181"
"pt1","PUF.BOU.7","PUF_BOU_07","Boucherville","19/08/2024","02/09/2024","bec08d51eb66022d7172c03768d5fd5d","0.937210778414611",21,"Fungi_4751","Ascomycota_4890","Dothideomycetes_147541","Cladosporiales_2726946","Cladosporiaceae_452563","Cladosporium_5498","Cladosporium_cladosporioides_29917"
"pt1","PUF.BOU.7","PUF_BOU_07","Boucherville","19/08/2024","02/09/2024","589974931988706a852f1bb2c5aa12dc","0.814574741442148",26,"Fungi_4751","Basidiomycota_5204","Exobasidiomycetes_452283","Microstromatales_162475","Microstromatales_162475_family","Jaminaea_561108",NA
"pt1","PUF.BOU.7","PUF_BOU_07","Boucherville","19/08/2024","02/09/2024","a3612a98863d0cb2a0423fb56a0bef70","0.670862072239708",60,"Metazoa_33208","Chordata_7711","Mammalia_40674","Artiodactyla_91561","Bovidae_9895","Bos_9903","Bos_taurus_9913"
"pt1","PUF.BOU.7","PUF_BOU_07","Boucherville","19/08/2024","02/09/2024","aec35e427b95f1cbf2c6d6503e172a4f","0.279152099836879",8,"Fungi_4751","Ascomycota_4890",NA,NA,NA,NA,NA
"pt1","PUF.BOU.7","PUF_BOU_07","Boucherville","19/08/2024","02/09/2024","537c1cbbbf0cd94f59e6616e090f51f7","0.968283922612581",63,"Fungi_4751","Ascomycota_4890","Leotiomycetes_147548",NA,NA,NA,NA
"pt1","PUF.BOU.7","PUF_BOU_07","Boucherville","19/08/2024","02/09/2024","f7718bbdbd503a21d2692b3b333490cb","0.55302161898262",57,"Fungi_4751","Basidiomycota_5204","Exobasidiomycetes_452283","Microstromatales_162475","Microstromatales_162475_family","Jaminaea_561108",NA
"pt1","PUF.BOU.7","PUF_BOU_07","Boucherville","19/08/2024","02/09/2024","000bd972d687c52e8b047ae9b1ab4087","0.978353638425837",53,"Metazoa_33208","Arthropoda_6656","Collembola_30001","Symphypleona_79705","Bourletiellidae_187607","Deuterosminthurus_1304590","Deuterosminthurus_bicinctus_2041938"
"pt1","PUF.BOU.7","PUF_BOU_07","Boucherville","19/08/2024","02/09/2024","afb94828a83235f617d67b54fe89fe79","0.373408909311144",48,"Fungi_4751","Basidiomycota_5204","Pucciniomycetes_162484","Pucciniales_5258","Melampsoraceae_5259","Melampsora_5260","Melampsora_medusae_82101"
"pt1","PUF.BOU.7","PUF_BOU_07","Boucherville","19/08/2024","02/09/2024","5580961b9a41be03abce5562553ec49c","0.419336811656045",39,"Metazoa_33208","Arthropoda_6656","Arachnida_6854",NA,NA,NA,NA
"pt1","PUF.BOU.7","PUF_BOU_07","Boucherville","19/08/2024","02/09/2024","42a334b44b84641c69386150c7cde441","0.975711405297424",34,"Fungi_4751","Ascomycota_4890","Leotiomycetes_147548",NA,NA,NA,NA
"pt1","PUF.BOU.7","PUF_BOU_07","Boucherville","19/08/2024","02/09/2024","c188bae2ea531ea23b6e9697d793e886","0.499999928585315",33,"Fungi_4751","Basidiomycota_5204","Microbotryomycetes_162481","Sporidiobolales_231213","Sporidiobolaceae_1799696",NA,NA
"pt1","PUF.BOU.7","PUF_BOU_07","Boucherville","19/08/2024","02/09/2024","ae467d204456103bc0262e65b5710bf3","0.969881597900368",30,"Fungi_4751","Ascomycota_4890","Leotiomycetes_147548",NA,NA,NA,NA
"pt1","PUF.BOU.7","PUF_BOU_07","Boucherville","19/08/2024","02/09/2024","2afb061e0ca58eb4eeec07e8e46746ae","0.339606274753171",24,"Metazoa_33208","Mollusca_6447","Gastropoda_6448",NA,NA,NA,NA
"pt1","PUF.BOU.7","PUF_BOU_07","Boucherville","19/08/2024","02/09/2024","a4ce6cfe96b9ce0ad304803934790435","0.505582624946131",20,"Fungi_4751","Basidiomycota_5204","Exobasidiomycetes_452283","Microstromatales_162475",NA,NA,NA
"pt1","PUF.BOU.7","PUF_BOU_07","Boucherville","19/08/2024","02/09/2024","b3a298b6b16a5d32bd1ba8c64c3d64d7","0.758196564130766",20,"Fungi_4751","Ascomycota_4890","Dothideomycetes_147541","Pleosporales_92860","Shiraiaceae_224418","Shiraia_224419","Shiraia_bambusicola_224420"
"pt1","PUF.BOU.7","PUF_BOU_07","Boucherville","19/08/2024","02/09/2024","24e6afde065c6d5c729886e1ee63f7ad","0.499999972166463",20,"Fungi_4751","Basidiomycota_5204","Microbotryomycetes_162481","Sporidiobolales_231213","Sporidiobolaceae_1799696",NA,NA
"pt1","PUF.BOU.7","PUF_BOU_07","Boucherville","19/08/2024","02/09/2024","e1075be938bdad2c9af1b215f6c68944","0.676000852986078",15,"Metazoa_33208","Arthropoda_6656","Arachnida_6854",NA,NA,NA,NA
"pt1","PUF.BOU.7","PUF_BOU_07","Boucherville","19/08/2024","02/09/2024","8a5b522cd0043aaa3825c3c09e12a89a","0.452958919690598",14,"Fungi_4751","Basidiomycota_5204","Agaricomycetes_155619","Agaricales_5338","Clitocybaceae_2982168","Clitocybe_50966",NA
"pt1","PUF.BOU.7","PUF_BOU_07","Boucherville","19/08/2024","02/09/2024","0defe652e22096a2ebe5ee2a18d13a11","0.75746274007388",14,"Fungi_4751","Ascomycota_4890","Sordariomycetes_147550",NA,NA,NA,NA
"pt1","PUF.BOU.7","PUF_BOU_07","Boucherville","19/08/2024","02/09/2024","661dd3221faca2cc45ae8c60bcb085f7","0.499999956075045",13,"Fungi_4751","Basidiomycota_5204","Microbotryomycetes_162481","Sporidiobolales_231213","Sporidiobolaceae_1799696",NA,NA
"pt1","PUF.BOU.7","PUF_BOU_07","Boucherville","19/08/2024","02/09/2024","18afda2e4c3b03e088538500a42aa706","0.14863927909265",13,"Metazoa_33208","Cnidaria_6073",NA,NA,NA,NA,NA
"pt1","PUF.BOU.7","PUF_BOU_07","Boucherville","19/08/2024","02/09/2024","00d61d9aad5b9f0844db4f5ed7b5467e","0.448435672893613",12,"Fungi_4751","Ascomycota_4890","Sordariomycetes_147550","Hypocreales_5125","Nectriaceae_110618","Pseudocosmospora_1406987","Pseudocosmospora_vilior_45281"
"pt1","PUF.BOU.7","PUF_BOU_07","Boucherville","19/08/2024","02/09/2024","c38372039005405c2e6443c3d3488d49","0.571355839189392",11,"Fungi_4751","Ascomycota_4890","Dothideomycetes_147541","Cladosporiales_2726946","Cladosporiaceae_452563","Cladosporium_5498","Cladosporium_bruhnei_450181"
"pt1","PUF.BOU.7","PUF_BOU_07","Boucherville","19/08/2024","02/09/2024","332d4393db73c7427984790777e06dd6","0.353990995074119",11,"Metazoa_33208","Arthropoda_6656","Arachnida_6854",NA,NA,NA,NA
"pt1","PUF.BOU.7","PUF_BOU_07","Boucherville","19/08/2024","02/09/2024","682e474f59d9bac506d92693a4feb45c","0.898811000648324",10,"Fungi_4751","Ascomycota_4890","Sordariomycetes_147550",NA,NA,NA,NA
"pt1","PUF.BOU.7","PUF_BOU_07","Boucherville","19/08/2024","02/09/2024","b995f264804c2f7319c94d04ee09ac5b","0.81267630754816",10,"Fungi_4751","Ascomycota_4890","Sordariomycetes_147550",NA,NA,NA,NA
"pt1","PUF.BOU.7","PUF_BOU_07","Boucherville","19/08/2024","02/09/2024","772e7735929f1c930c6f49b34f2f2409","0.650392512660383",9,"Fungi_4751","Ascomycota_4890","Dothideomycetes_147541","Pleosporales_92860","Shiraiaceae_224418","Shiraia_224419","Shiraia_bambusicola_224420"
"pt1","PUF.BOU.7","PUF_BOU_07","Boucherville","19/08/2024","02/09/2024","2f13f121577313e78366e6a1423c94fb","0.967606140881254",9,"Fungi_4751","Ascomycota_4890","Dothideomycetes_147541","Pleosporales_92860","Shiraiaceae_224418","Shiraia_224419","Shiraia_bambusicola_224420"
"pt1","PUF.BOU.7","PUF_BOU_07","Boucherville","19/08/2024","02/09/2024","21e486e5b0390082e16f41592cd6db47","0.208806068792897",9,"Metazoa_33208","Cnidaria_6073",NA,NA,NA,NA,NA
"pt1","PUF.BOU.7","PUF_BOU_07","Boucherville","19/08/2024","02/09/2024","501fafaee6092a370c3ac12cef546d67","0.221879741735925",8,"Metazoa_33208","Arthropoda_6656","Insecta_50557","Hemiptera_7524",NA,NA,NA
"pt1","PUF.BOU.7","PUF_BOU_07","Boucherville","19/08/2024","02/09/2024","12458b2a0937bbde973d321eebd537dd","0.872607235225293",7,"Fungi_4751","Ascomycota_4890",NA,NA,NA,NA,NA
"pt1","PUF.BOU.7","PUF_BOU_07","Boucherville","19/08/2024","02/09/2024","48583a3c2ba12a2dfd5d6837130d2a15","0.499999997986612",6,"Fungi_4751","Basidiomycota_5204","Microbotryomycetes_162481","Sporidiobolales_231213","Sporidiobolaceae_1799696",NA,NA
"pt1","PUF.BOU.7","PUF_BOU_07","Boucherville","19/08/2024","02/09/2024","7f48dc9359c231e277df72620d99807f","0.766386757099881",5,"Fungi_4751","Ascomycota_4890","Sordariomycetes_147550",NA,NA,NA,NA
"pt1","PUF.BOU.7","PUF_BOU_07","Boucherville","19/08/2024","02/09/2024","15b4175fc70318c16bd98b81789fb503","0.856143723918434",5,"Fungi_4751","Ascomycota_4890","Sordariomycetes_147550",NA,NA,NA,NA
"pt1","PUF.BOU.7","PUF_BOU_07","Boucherville","19/08/2024","02/09/2024","5aed11ba544c173021f3e6b6409a1d21","0.991137813442884",4,"Fungi_4751","Ascomycota_4890","Sordariomycetes_147550",NA,NA,NA,NA
"pt1","PUF.BOU.7","PUF_BOU_07","Boucherville","19/08/2024","02/09/2024","a3727e4d12abc4f5289682fe42cc7bd2","0.986863306391556",4,"Fungi_4751","Ascomycota_4890","Sordariomycetes_147550","Hypocreales_5125",NA,NA,NA
"pt1","PUF.BOU.7","PUF_BOU_07","Boucherville","19/08/2024","02/09/2024","3b8ad135a622199c069ac61ab049a60c","0.978226118675444",4,"Fungi_4751","Basidiomycota_5204","Agaricomycetes_155619","Agaricales_5338","Psathyrellaceae_184208","Coprinellus_184430","Coprinellus_micaceus_71717"
"pt1","PUF.BOU.7","PUF_BOU_07","Boucherville","19/08/2024","02/09/2024","8bca8da2e780f4ec5677df7b2641d966","0.499999999163392",4,"Fungi_4751","Basidiomycota_5204","Microbotryomycetes_162481","Sporidiobolales_231213","Sporidiobolaceae_1799696",NA,NA
"pt1","PUF.MBO.4","PUF_MBO_04","Bird Observatory","01/07/2024","15/07/2024","b43d19c6734061aba20cde4334b0c772","0.933623859448047",1115,"Fungi_4751","Ascomycota_4890","Dothideomycetes_147541","Cladosporiales_2726946","Cladosporiaceae_452563","Cladosporium_5498","Cladosporium_bruhnei_450181"
"pt1","PUF.MBO.4","PUF_MBO_04","Bird Observatory","01/07/2024","15/07/2024","efbf72a920a03347f6407072b84a43f9","0.999459556668486",552,"Fungi_4751","Basidiomycota_5204","Agaricomycetes_155619","Russulales_452342","Peniophoraceae_103393","Peniophora_40463","Peniophora_lycii_154539"
"pt1","PUF.MBO.4","PUF_MBO_04","Bird Observatory","01/07/2024","15/07/2024","0c11abb10ca8c4ca6a9466f89d510f2e","0.907238614804815",398,"Metazoa_33208","Arthropoda_6656","Insecta_50557","Hemiptera_7524","Pentatomidae_160513","Glypsus_-21471","Glypsus_conspicuus_-21472"
"pt1","PUF.MBO.4","PUF_MBO_04","Bird Observatory","01/07/2024","15/07/2024","0d1a483ebd4773116542454b0cc1a266","0.88739453904822",519,"Fungi_4751","Ascomycota_4890","Sordariomycetes_147550",NA,NA,NA,NA
"pt1","PUF.MBO.4","PUF_MBO_04","Bird Observatory","01/07/2024","15/07/2024","eec2170a8f2d0cd7dc3a18841a1ea5c7","0.999999999699554",5325,"Fungi_4751","Basidiomycota_5204","Exobasidiomycetes_452283","Microstromatales_162475",NA,NA,NA
"pt1","PUF.MBO.4","PUF_MBO_04","Bird Observatory","01/07/2024","15/07/2024","5f907557675481632654c893c4e319d5","0.369832764629548",127,"Fungi_4751","Ascomycota_4890","Dothideomycetes_147541","Cladosporiales_2726946","Cladosporiaceae_452563","Cladosporium_5498","Cladosporium_bruhnei_450181"
"pt1","PUF.MBO.4","PUF_MBO_04","Bird Observatory","01/07/2024","15/07/2024","bec08d51eb66022d7172c03768d5fd5d","0.937210778414611",183,"Fungi_4751","Ascomycota_4890","Dothideomycetes_147541","Cladosporiales_2726946","Cladosporiaceae_452563","Cladosporium_5498","Cladosporium_cladosporioides_29917"
"pt1","PUF.MBO.4","PUF_MBO_04","Bird Observatory","01/07/2024","15/07/2024","589974931988706a852f1bb2c5aa12dc","0.814574741442148",1311,"Fungi_4751","Basidiomycota_5204","Exobasidiomycetes_452283","Microstromatales_162475","Microstromatales_162475_family","Jaminaea_561108",NA
"pt1","PUF.MBO.4","PUF_MBO_04","Bird Observatory","01/07/2024","15/07/2024","a3612a98863d0cb2a0423fb56a0bef70","0.670862072239708",308,"Metazoa_33208","Chordata_7711","Mammalia_40674","Artiodactyla_91561","Bovidae_9895","Bos_9903","Bos_taurus_9913"
"pt1","PUF.MBO.4","PUF_MBO_04","Bird Observatory","01/07/2024","15/07/2024","8187787e018ce4815342f12d65ff7dc8","0.464733719684335",68,"Fungi_4751","Ascomycota_4890","Sordariomycetes_147550",NA,NA,NA,NA
"pt1","PUF.MBO.4","PUF_MBO_04","Bird Observatory","01/07/2024","15/07/2024","5580961b9a41be03abce5562553ec49c","0.419336811656045",244,"Metazoa_33208","Arthropoda_6656","Arachnida_6854",NA,NA,NA,NA
"pt1","PUF.MBO.4","PUF_MBO_04","Bird Observatory","01/07/2024","15/07/2024","42a334b44b84641c69386150c7cde441","0.975711405297424",216,"Fungi_4751","Ascomycota_4890","Leotiomycetes_147548",NA,NA,NA,NA
"pt1","PUF.MBO.4","PUF_MBO_04","Bird Observatory","01/07/2024","15/07/2024","d6626a1d124518b308f9a8879b48cdbf","0.594898914748369",52,"Fungi_4751","Basidiomycota_5204",NA,NA,NA,NA,NA
"pt1","PUF.MBO.4","PUF_MBO_04","Bird Observatory","01/07/2024","15/07/2024","893a317ff25f3be600989440e8428424","0.992719513159888",161,"Fungi_4751","Basidiomycota_5204","Agaricomycetes_155619","Agaricales_5338","Schizophyllaceae_5332","Schizophyllum_5333","Schizophyllum_commune_5334"
"pt1","PUF.MBO.4","PUF_MBO_04","Bird Observatory","01/07/2024","15/07/2024","757ecae2e601e8cb8f983ac712833b60","0.662704638933771",694,"Fungi_4751","Ascomycota_4890","Sordariomycetes_147550",NA,NA,NA,NA
"pt1","PUF.MBO.4","PUF_MBO_04","Bird Observatory","01/07/2024","15/07/2024","855c2fab8cc20bbb6ccd9f90e7c5baff","0.468910821012382",1385,"Fungi_4751","Ascomycota_4890","Leotiomycetes_147548",NA,NA,NA,NA
"pt1","PUF.MBO.4","PUF_MBO_04","Bird Observatory","01/07/2024","15/07/2024","6a6cea84fad711c9cce5a727d388e1c1","0.991786570915145",226,"Fungi_4751","Ascomycota_4890","Leotiomycetes_147548",NA,NA,NA,NA
"pt1","PUF.MBO.4","PUF_MBO_04","Bird Observatory","01/07/2024","15/07/2024","b19032388a05684f63f247bf087d65e3","0.498561244029647",218,"Fungi_4751","Basidiomycota_5204","Exobasidiomycetes_452283","Microstromatales_162475",NA,NA,NA
"pt1","PUF.MBO.4","PUF_MBO_04","Bird Observatory","01/07/2024","15/07/2024","a9649dc75c437494ef47fb5c4191b00f","0.499632601664568",185,"Fungi_4751","Mucoromycota_1913637","Mucoromycetes_2212703","Mucorales_4827","Lichtheimiaceae_499202","Lichtheimia_688353","Lichtheimia_hongkongensis_549293"
"pt1","PUF.MBO.4","PUF_MBO_04","Bird Observatory","01/07/2024","15/07/2024","d1f498b407238a672962bbedb106f9f0","0.996186623095339",116,"Metazoa_33208","Arthropoda_6656","Insecta_50557","Hemiptera_7524","Pentatomidae_160513","Rhacognathus_1545358","Rhacognathus_americanus_-21479"
"pt1","PUF.MBO.4","PUF_MBO_04","Bird Observatory","01/07/2024","15/07/2024","e439522cd8251257ad5f39d1c8d30a44","0.858811390488436",113,"Fungi_4751","Ascomycota_4890","Leotiomycetes_147548",NA,NA,NA,NA
"pt1","PUF.MBO.4","PUF_MBO_04","Bird Observatory","01/07/2024","15/07/2024","cc5845e4e658472e1171bcb9f1d1a812","0.999999999703078",108,"Fungi_4751","Basidiomycota_5204","Microbotryomycetes_162481","Sporidiobolales_231213","Sporidiobolaceae_1799696","Rhodotorula_5533",NA
"pt1","PUF.MBO.4","PUF_MBO_04","Bird Observatory","01/07/2024","15/07/2024","e3625b78fc7d223a7bce189dca39f019","0.931434102040716",98,"Fungi_4751","Ascomycota_4890","Dothideomycetes_147541","Pleosporales_92860","Shiraiaceae_224418","Shiraia_224419","Shiraia_bambusicola_224420"
"pt1","PUF.MBO.4","PUF_MBO_04","Bird Observatory","01/07/2024","15/07/2024","8c03c00ae629a80575bd794e13111cda","0.980298614049166",98,"Fungi_4751","Ascomycota_4890","Sordariomycetes_147550",NA,NA,NA,NA
"pt1","PUF.MBO.4","PUF_MBO_04","Bird Observatory","01/07/2024","15/07/2024","2cd5cd2d6853681240817a74c9f7c3eb","0.486412721515334",79,"Fungi_4751","Ascomycota_4890","Sordariomycetes_147550",NA,NA,NA,NA
"pt1","PUF.MBO.4","PUF_MBO_04","Bird Observatory","01/07/2024","15/07/2024","fdec9ef456c290ecd2e48ed0edbbf8f0","0.999201158238705",76,"Fungi_4751","Ascomycota_4890","Leotiomycetes_147548",NA,NA,NA,NA
"pt1","PUF.MBO.4","PUF_MBO_04","Bird Observatory","01/07/2024","15/07/2024","2a029222cecfe4e90a96a33c5aa44b0a","0.995998205412968",65,"Fungi_4751","Ascomycota_4890","Leotiomycetes_147548",NA,NA,NA,NA
"pt1","PUF.MBO.4","PUF_MBO_04","Bird Observatory","01/07/2024","15/07/2024","5e61ebd95a7061ddfc13aa875f6f37bd","0.654332170314251",63,"Fungi_4751","Ascomycota_4890","Sordariomycetes_147550",NA,NA,NA,NA
"pt1","PUF.MBO.4","PUF_MBO_04","Bird Observatory","01/07/2024","15/07/2024","6054764396456af05a8ec58302d41c02","0.499999934593067",61,"Fungi_4751","Basidiomycota_5204","Microbotryomycetes_162481","Sporidiobolales_231213","Sporidiobolaceae_1799696",NA,NA
"pt1","PUF.MBO.4","PUF_MBO_04","Bird Observatory","01/07/2024","15/07/2024","67264970597a212045d3be733fe2af6a","0.96263722379597",59,"Fungi_4751","Ascomycota_4890","Leotiomycetes_147548",NA,NA,NA,NA
"pt1","PUF.MBO.4","PUF_MBO_04","Bird Observatory","01/07/2024","15/07/2024","60ed8a06138d911c61bed7f3f6fd672a","0.990641217654615",45,"Fungi_4751","Basidiomycota_5204","Agaricomycetes_155619","Agaricales_5338","Schizophyllaceae_5332","Schizophyllum_5333","Schizophyllum_commune_5334"
"pt1","PUF.BOT.3","PUF_BOT_03","Botanical Garden","24/06/2024","28/06/2024","589974931988706a852f1bb2c5aa12dc","0.814574741442148",1,"Fungi_4751","Basidiomycota_5204","Exobasidiomycetes_452283","Microstromatales_162475","Microstromatales_162475_family","Jaminaea_561108",NA
"pt1","PUF.BOT.3","PUF_BOT_03","Botanical Garden","24/06/2024","28/06/2024","a3612a98863d0cb2a0423fb56a0bef70","0.670862072239708",88,"Metazoa_33208","Chordata_7711","Mammalia_40674","Artiodactyla_91561","Bovidae_9895","Bos_9903","Bos_taurus_9913"
"pt1","PUF.BOT.10","PUF_BOT_10","Botanical Garden","20/09/2024","04/10/2024","b43d19c6734061aba20cde4334b0c772","0.933623859448047",872,"Fungi_4751","Ascomycota_4890","Dothideomycetes_147541","Cladosporiales_2726946","Cladosporiaceae_452563","Cladosporium_5498","Cladosporium_bruhnei_450181"
"pt1","PUF.BOT.10","PUF_BOT_10","Botanical Garden","20/09/2024","04/10/2024","0c11abb10ca8c4ca6a9466f89d510f2e","0.907238614804815",2761,"Metazoa_33208","Arthropoda_6656","Insecta_50557","Hemiptera_7524","Pentatomidae_160513","Glypsus_-21471","Glypsus_conspicuus_-21472"
"pt1","PUF.BOT.10","PUF_BOT_10","Botanical Garden","20/09/2024","04/10/2024","eec2170a8f2d0cd7dc3a18841a1ea5c7","0.999999999699554",62,"Fungi_4751","Basidiomycota_5204","Exobasidiomycetes_452283","Microstromatales_162475",NA,NA,NA
"pt1","PUF.BOT.10","PUF_BOT_10","Botanical Garden","20/09/2024","04/10/2024","bec08d51eb66022d7172c03768d5fd5d","0.937210778414611",1899,"Fungi_4751","Ascomycota_4890","Dothideomycetes_147541","Cladosporiales_2726946","Cladosporiaceae_452563","Cladosporium_5498","Cladosporium_cladosporioides_29917"
"pt1","PUF.BOT.10","PUF_BOT_10","Botanical Garden","20/09/2024","04/10/2024","a3612a98863d0cb2a0423fb56a0bef70","0.670862072239708",327,"Metazoa_33208","Chordata_7711","Mammalia_40674","Artiodactyla_91561","Bovidae_9895","Bos_9903","Bos_taurus_9913"
"pt1","PUF.BOT.10","PUF_BOT_10","Botanical Garden","20/09/2024","04/10/2024","ce9e585d5196adf56f4e2c0e02e27b73","0.499999974718733",128,"Fungi_4751","Basidiomycota_5204","Microbotryomycetes_162481","Sporidiobolales_231213","Sporidiobolaceae_1799696",NA,NA
"pt1","PUF.BOT.10","PUF_BOT_10","Botanical Garden","20/09/2024","04/10/2024","afb94828a83235f617d67b54fe89fe79","0.373408909311144",418,"Fungi_4751","Basidiomycota_5204","Pucciniomycetes_162484","Pucciniales_5258","Melampsoraceae_5259","Melampsora_5260","Melampsora_medusae_82101"
"pt1","PUF.BOT.10","PUF_BOT_10","Botanical Garden","20/09/2024","04/10/2024","5580961b9a41be03abce5562553ec49c","0.419336811656045",126,"Metazoa_33208","Arthropoda_6656","Arachnida_6854",NA,NA,NA,NA
"pt1","PUF.BOT.10","PUF_BOT_10","Botanical Garden","20/09/2024","04/10/2024","332d4393db73c7427984790777e06dd6","0.353990995074119",27,"Metazoa_33208","Arthropoda_6656","Arachnida_6854",NA,NA,NA,NA
"pt1","PUF.BOT.10","PUF_BOT_10","Botanical Garden","20/09/2024","04/10/2024","2a06217d46605d2c8981d0484ee29b48","0.937261099020095",104,"Fungi_4751","Ascomycota_4890","Leotiomycetes_147548",NA,NA,NA,NA
"pt1","PUF.BOT.10","PUF_BOT_10","Botanical Garden","20/09/2024","04/10/2024","5f991012def010c537cabe594bdd6e7a","0.22891992360822",494,"Metazoa_33208","Arthropoda_6656","Arachnida_6854",NA,NA,NA,NA
"pt1","PUF.BOT.10","PUF_BOT_10","Botanical Garden","20/09/2024","04/10/2024","6529e354b07834a6e157a878f423cf77","0.999113146396814",204,"Fungi_4751","Ascomycota_4890","Dothideomycetes_147541","Mycosphaerellales_2726947","Mycosphaerellaceae_93133","Cercospora_29002","Cercospora_nicotianae_29003"
"pt1","PUF.BOT.10","PUF_BOT_10","Botanical Garden","20/09/2024","04/10/2024","0a9666c935274725761e261542c25713","0.477691186418859",192,"Fungi_4751","Ascomycota_4890","Sordariomycetes_147550",NA,NA,NA,NA
"pt1","PUF.BOT.10","PUF_BOT_10","Botanical Garden","20/09/2024","04/10/2024","9fef5822b6479afee6e10ef53e9236c2","0.388924696350803",187,"Fungi_4751","Ascomycota_4890","Sordariomycetes_147550",NA,NA,NA,NA
"pt1","PUF.BOT.10","PUF_BOT_10","Botanical Garden","20/09/2024","04/10/2024","970a584ab3e0de978fadeffdd7abfedc","0.966032441687425",98,"Fungi_4751","Ascomycota_4890","Lecanoromycetes_147547","Lecanorales_5197","Parmeliaceae_78060","Hypogymnia_87258","Hypogymnia_vittata_315943"
"pt1","PUF.BOT.10","PUF_BOT_10","Botanical Garden","20/09/2024","04/10/2024","431fc469c7c74aad4658db25dbec8d97","0.919479846469028",97,"Fungi_4751","Ascomycota_4890","Leotiomycetes_147548",NA,NA,NA,NA
"pt1","PUF.BOT.10","PUF_BOT_10","Botanical Garden","20/09/2024","04/10/2024","b68e68d28b1bf1fab06f4b523042e2d3","0.983792751072165",87,"Fungi_4751","Ascomycota_4890","Leotiomycetes_147548",NA,NA,NA,NA
"pt1","PUF.BOT.10","PUF_BOT_10","Botanical Garden","20/09/2024","04/10/2024","539740f6c6fb4368cd3070167472cacd","0.968328194646846",73,"Fungi_4751","Ascomycota_4890","Sordariomycetes_147550",NA,NA,NA,NA
"pt1","PUF.BOT.10","PUF_BOT_10","Botanical Garden","20/09/2024","04/10/2024","4b03ec4eb7c17f6e6654dd7d2e85c4c4","0.646287879906065",73,"Metazoa_33208","Arthropoda_6656","Insecta_50557","Lepidoptera_7088","Pyralidae_7135","Pionidia_2613197",NA
"pt1","PUF.BOT.10","PUF_BOT_10","Botanical Garden","20/09/2024","04/10/2024","1e939b1e4af6e3c3ab4a78ddc4cec4b2","0.999780804831726",41,"Fungi_4751","Ascomycota_4890","Sordariomycetes_147550","Hypocreales_5125",NA,NA,NA
"pt1","PUF.BOT.10","PUF_BOT_10","Botanical Garden","20/09/2024","04/10/2024","0ebb0e1b263cd7763337a51a9276e076","0.56997656798035",31,"Fungi_4751","Ascomycota_4890","Leotiomycetes_147548",NA,NA,NA,NA
"pt1","PUF.BOT.10","PUF_BOT_10","Botanical Garden","20/09/2024","04/10/2024","735b9d7e78b93096d71558f13616109a","0.9999929746052",31,"Fungi_4751","Ascomycota_4890","Dothideomycetes_147541","Capnodiales_134362",NA,NA,NA
"pt1","PUF.JD.10","PUF_JD_10","Jean-Drapeau","25/09/2024","09/10/2024","b43d19c6734061aba20cde4334b0c772","0.933623859448047",776,"Fungi_4751","Ascomycota_4890","Dothideomycetes_147541","Cladosporiales_2726946","Cladosporiaceae_452563","Cladosporium_5498","Cladosporium_bruhnei_450181"
"pt1","PUF.JD.10","PUF_JD_10","Jean-Drapeau","25/09/2024","09/10/2024","efbf72a920a03347f6407072b84a43f9","0.999459556668486",291,"Fungi_4751","Basidiomycota_5204","Agaricomycetes_155619","Russulales_452342","Peniophoraceae_103393","Peniophora_40463","Peniophora_lycii_154539"
"pt1","PUF.JD.10","PUF_JD_10","Jean-Drapeau","25/09/2024","09/10/2024","53814ac04567f8e2287c46b0b52f47f1","0.851549716705765",290,"Fungi_4751","Ascomycota_4890","Dothideomycetes_147541",NA,NA,NA,NA
"pt1","PUF.JD.10","PUF_JD_10","Jean-Drapeau","25/09/2024","09/10/2024","0c11abb10ca8c4ca6a9466f89d510f2e","0.907238614804815",1552,"Metazoa_33208","Arthropoda_6656","Insecta_50557","Hemiptera_7524","Pentatomidae_160513","Glypsus_-21471","Glypsus_conspicuus_-21472"
"pt1","PUF.JD.10","PUF_JD_10","Jean-Drapeau","25/09/2024","09/10/2024","bcf59b4926413543b3fb02800d2d5b80","0.999999999844206",98,"Eukaryota_2759_kingdom","Oomycota_4762","Oomycota_4762_class","Peronosporales_4776","Peronosporaceae_4777","Plasmopara_4780","Plasmopara_carveri_3350122"
"pt1","PUF.JD.10","PUF_JD_10","Jean-Drapeau","25/09/2024","09/10/2024","bec08d51eb66022d7172c03768d5fd5d","0.937210778414611",1231,"Fungi_4751","Ascomycota_4890","Dothideomycetes_147541","Cladosporiales_2726946","Cladosporiaceae_452563","Cladosporium_5498","Cladosporium_cladosporioides_29917"
"pt1","PUF.JD.10","PUF_JD_10","Jean-Drapeau","25/09/2024","09/10/2024","589974931988706a852f1bb2c5aa12dc","0.814574741442148",125,"Fungi_4751","Basidiomycota_5204","Exobasidiomycetes_452283","Microstromatales_162475","Microstromatales_162475_family","Jaminaea_561108",NA
"pt1","PUF.JD.10","PUF_JD_10","Jean-Drapeau","25/09/2024","09/10/2024","efe1ce8e8d1b9cdb5da01eb790e3abcc","0.499999775441608",101,"Fungi_4751","Basidiomycota_5204","Microbotryomycetes_162481","Sporidiobolales_231213","Sporidiobolaceae_1799696",NA,NA
"pt1","PUF.JD.10","PUF_JD_10","Jean-Drapeau","25/09/2024","09/10/2024","be8dc1271132728b62d899f6fe83b643","0.417154486433497",386,"Fungi_4751","Ascomycota_4890","Dothideomycetes_147541",NA,NA,NA,NA
"pt1","PUF.JD.10","PUF_JD_10","Jean-Drapeau","25/09/2024","09/10/2024","e568316642a9d4f2542e85dcc7267df7","0.999999998668883",103,"Fungi_4751","Basidiomycota_5204","Exobasidiomycetes_452283","Microstromatales_162475",NA,NA,NA
"pt1","PUF.JD.10","PUF_JD_10","Jean-Drapeau","25/09/2024","09/10/2024","f7718bbdbd503a21d2692b3b333490cb","0.55302161898262",295,"Fungi_4751","Basidiomycota_5204","Exobasidiomycetes_452283","Microstromatales_162475","Microstromatales_162475_family","Jaminaea_561108",NA
"pt1","PUF.JD.10","PUF_JD_10","Jean-Drapeau","25/09/2024","09/10/2024","afb94828a83235f617d67b54fe89fe79","0.373408909311144",14118,"Fungi_4751","Basidiomycota_5204","Pucciniomycetes_162484","Pucciniales_5258","Melampsoraceae_5259","Melampsora_5260","Melampsora_medusae_82101"
"pt1","PUF.JD.10","PUF_JD_10","Jean-Drapeau","25/09/2024","09/10/2024","24e6afde065c6d5c729886e1ee63f7ad","0.499999972166463",272,"Fungi_4751","Basidiomycota_5204","Microbotryomycetes_162481","Sporidiobolales_231213","Sporidiobolaceae_1799696",NA,NA
"pt1","PUF.JD.10","PUF_JD_10","Jean-Drapeau","25/09/2024","09/10/2024","b68e68d28b1bf1fab06f4b523042e2d3","0.983792751072165",106,"Fungi_4751","Ascomycota_4890","Leotiomycetes_147548",NA,NA,NA,NA
"pt1","PUF.JD.10","PUF_JD_10","Jean-Drapeau","25/09/2024","09/10/2024","a38777c69c910bc8f231702574dffe70","0.993706578003434",6147,"Metazoa_33208","Arthropoda_6656","Insecta_50557","Hemiptera_7524","Aphididae_27482","Capitophorus_527611","Capitophorus_elaeagni_527612"
"pt1","PUF.JD.10","PUF_JD_10","Jean-Drapeau","25/09/2024","09/10/2024","9479c94a8356ab43a89f6e4882339b14","0.971316238715954",1686,"Fungi_4751","Ascomycota_4890","Leotiomycetes_147548",NA,NA,NA,NA
"pt1","PUF.JD.10","PUF_JD_10","Jean-Drapeau","25/09/2024","09/10/2024","db800311f5ae69565ec96214053622f1","0.999987270154586",1438,"Fungi_4751","Ascomycota_4890","Dothideomycetes_147541","Cladosporiales_2726946","Cladosporiaceae_452563","Cladosporium_5498","Cladosporium_sphaerospermum_92950"
"pt1","PUF.JD.10","PUF_JD_10","Jean-Drapeau","25/09/2024","09/10/2024","8249522b9a4dc10f88a130fc6a78098a","0.999999999894825",243,"Metazoa_33208","Arthropoda_6656","Insecta_50557","Diptera_7147","Chironomidae_7149","Cricotopus_153373","Cricotopus_trifascia_401643"
"pt1","PUF.JD.10","PUF_JD_10","Jean-Drapeau","25/09/2024","09/10/2024","2aa71d44beef2bcfaaecfc4703081f0d","0.499999934301922",222,"Fungi_4751","Basidiomycota_5204","Microbotryomycetes_162481","Sporidiobolales_231213","Sporidiobolaceae_1799696",NA,NA
"pt1","PUF.JD.10","PUF_JD_10","Jean-Drapeau","25/09/2024","09/10/2024","4678a938f27bee2228cff52a3383343f","0.997725962055536",215,"Metazoa_33208","Arthropoda_6656","Arachnida_6854","Araneae_6893","Tetragnathidae_27394","Tetragnatha_27395","Tetragnatha_shoshone_1659988"
"pt1","PUF.JD.10","PUF_JD_10","Jean-Drapeau","25/09/2024","09/10/2024","1b62e3ce536bbf2fdb3504e106adf4dd","0.499999884619404",92,"Fungi_4751","Basidiomycota_5204","Microbotryomycetes_162481","Sporidiobolales_231213","Sporidiobolaceae_1799696",NA,NA
"pt1","PUF.JD.10","PUF_JD_10","Jean-Drapeau","25/09/2024","09/10/2024","392d8fe0c2aa4f951de40d352af3bf60","0.400871218448871",89,"Fungi_4751","Basidiomycota_5204","Agaricomycetes_155619","Agaricales_5338","Hygrophoraceae_51005","Hygrocybe_51006",NA
"pt1","PUF.JD.10","PUF_JD_10","Jean-Drapeau","25/09/2024","09/10/2024","7c52a29f282c5b604c81d08d5511e009","0.695653665404119",88,"Fungi_4751","Basidiomycota_5204","Agaricomycetes_155619","Agaricales_5338","Psathyrellaceae_184208","Candolleomyces_2791032","Candolleomyces_candolleanus_71730"
"pt1","PUF.IPEX.1","PUF_IPEX_01","IPEX","15/05/2024","29/05/2024","b43d19c6734061aba20cde4334b0c772","0.933623859448047",14,"Fungi_4751","Ascomycota_4890","Dothideomycetes_147541","Cladosporiales_2726946","Cladosporiaceae_452563","Cladosporium_5498","Cladosporium_bruhnei_450181"
"pt1","PUF.IPEX.1","PUF_IPEX_01","IPEX","15/05/2024","29/05/2024","efbf72a920a03347f6407072b84a43f9","0.999459556668486",13,"Fungi_4751","Basidiomycota_5204","Agaricomycetes_155619","Russulales_452342","Peniophoraceae_103393","Peniophora_40463","Peniophora_lycii_154539"
"pt1","PUF.IPEX.1","PUF_IPEX_01","IPEX","15/05/2024","29/05/2024","0c11abb10ca8c4ca6a9466f89d510f2e","0.907238614804815",48,"Metazoa_33208","Arthropoda_6656","Insecta_50557","Hemiptera_7524","Pentatomidae_160513","Glypsus_-21471","Glypsus_conspicuus_-21472"
"pt1","PUF.IPEX.1","PUF_IPEX_01","IPEX","15/05/2024","29/05/2024","186655c711d9c22435d048944254d180","0.999918046946559",33,"Fungi_4751","Basidiomycota_5204","Agaricomycetes_155619","Russulales_452342","Peniophoraceae_103393","Peniophora_40463","Peniophora_lycii_154539"
"pt1","PUF.IPEX.1","PUF_IPEX_01","IPEX","15/05/2024","29/05/2024","eec2170a8f2d0cd7dc3a18841a1ea5c7","0.999999999699554",1,"Fungi_4751","Basidiomycota_5204","Exobasidiomycetes_452283","Microstromatales_162475",NA,NA,NA
"pt1","PUF.IPEX.1","PUF_IPEX_01","IPEX","15/05/2024","29/05/2024","2c4dff555b2582367902ad3e38b509f4","0.411012513823327",24,"Fungi_4751","Ascomycota_4890","Sordariomycetes_147550",NA,NA,NA,NA
"pt1","PUF.IPEX.1","PUF_IPEX_01","IPEX","15/05/2024","29/05/2024","24c7b169fd1a4bbd0df611e175020c64","0.892829697181287",1,"Metazoa_33208","Arthropoda_6656","Insecta_50557","Lepidoptera_7088","Pyralidae_7135","Pionidia_2613197",NA
"pt1","PUF.IPEX.1","PUF_IPEX_01","IPEX","15/05/2024","29/05/2024","aec35e427b95f1cbf2c6d6503e172a4f","0.279152099836879",27,"Fungi_4751","Ascomycota_4890",NA,NA,NA,NA,NA
"pt1","PUF.IPEX.1","PUF_IPEX_01","IPEX","15/05/2024","29/05/2024","8187787e018ce4815342f12d65ff7dc8","0.464733719684335",1,"Fungi_4751","Ascomycota_4890","Sordariomycetes_147550",NA,NA,NA,NA
"pt1","PUF.IPEX.1","PUF_IPEX_01","IPEX","15/05/2024","29/05/2024","18a2e110004e455b097f83f0c05922c6","0.975304870433857",7,"Metazoa_33208","Chordata_7711","Mammalia_40674","Primates_9443","Hominidae_9604","Homo_9605","Homo_sapiens_9606"
"pt1","PUF.IPEX.1","PUF_IPEX_01","IPEX","15/05/2024","29/05/2024","0654cc62f2b2d1f6652ba8acca4ba9fb","0.959194747463117",1,"Fungi_4751","Basidiomycota_5204","Exobasidiomycetes_452283","Microstromatales_162475","Microstromatales_162475_family","Jaminaea_561108",NA
"pt1","PUF.IPEX.1","PUF_IPEX_01","IPEX","15/05/2024","29/05/2024","d6626a1d124518b308f9a8879b48cdbf","0.594898914748369",9,"Fungi_4751","Basidiomycota_5204",NA,NA,NA,NA,NA
"pt1","PUF.IPEX.1","PUF_IPEX_01","IPEX","15/05/2024","29/05/2024","ddfd319f3d88ba3067d804c949cf1f1a","0.436151395675201",3,"Fungi_4751","Ascomycota_4890",NA,NA,NA,NA,NA
"pt1","PUF.IPEX.1","PUF_IPEX_01","IPEX","15/05/2024","29/05/2024","349cecdaccca192a5aa609e9184c3c8e","0.674856366161648",1,"Fungi_4751","Ascomycota_4890","Sordariomycetes_147550","Hypocreales_5125",NA,NA,NA
"pt1","PUF.IPEX.1","PUF_IPEX_01","IPEX","15/05/2024","29/05/2024","a5077025ffc7757205966e6e3c9986a4","0.537193923554354",6,"Eukaryota_2759_kingdom","Oomycota_4762","Oomycota_4762_class","Peronosporales_4776","Peronosporaceae_4777","Peronospora_70742",NA
"pt1","PUF.IPEX.1","PUF_IPEX_01","IPEX","15/05/2024","29/05/2024","02e9a719b9dab5bd47c5fa414506bceb","0.953846760547688",64,"Fungi_4751","Ascomycota_4890","Leotiomycetes_147548",NA,NA,NA,NA
"pt1","PUF.IPEX.1","PUF_IPEX_01","IPEX","15/05/2024","29/05/2024","5c3753741e13d6700e51f943d940cfe6","0.812497866942036",21,"Metazoa_33208","Chordata_7711","Mammalia_40674","Artiodactyla_91561","Bovidae_9895","Bos_9903","Bos_grunniens_30521"
"pt1","PUF.IPEX.1","PUF_IPEX_01","IPEX","15/05/2024","29/05/2024","bf6ed260b7b134ca4a79db0b0cd30ef1","0.999999490110059",12,"Fungi_4751","Ascomycota_4890","Sordariomycetes_147550","Hypocreales_5125","Nectriaceae_110618","Macroconia_1053137","Macroconia_gigas_431009"
"pt1","PUF.IPEX.1","PUF_IPEX_01","IPEX","15/05/2024","29/05/2024","8880b960a3dc278b27846e5d8980c17c","0.536409736547187",11,"Metazoa_33208","Arthropoda_6656","Arachnida_6854",NA,NA,NA,NA
"pt1","PUF.IPEX.1","PUF_IPEX_01","IPEX","15/05/2024","29/05/2024","8088fe6f5411c0ceb7ef0ad6e605a0a5","0.374844239425193",11,"Metazoa_33208","Arthropoda_6656","Arachnida_6854",NA,NA,NA,NA
"pt1","PUF.IPEX.1","PUF_IPEX_01","IPEX","15/05/2024","29/05/2024","72ea551712e1e5c28f4e9a189adf6d90","0.426103154269762",9,"Fungi_4751","Ascomycota_4890",NA,NA,NA,NA,NA
"pt1","PUF.IPEX.1","PUF_IPEX_01","IPEX","15/05/2024","29/05/2024","a96b19b53a8df5d0e21df21131ca0503","0.802063860915857",8,"Fungi_4751","Basidiomycota_5204","Tremellomycetes_155616","Tremellales_5234","Bulleribasidiaceae_1884640","Dioszegia_165440","Dioszegia_changbaiensis_234950"
"pt1","PUF.IPEX.1","PUF_IPEX_01","IPEX","15/05/2024","29/05/2024","35a2e87382461e916772ffae979b90c4","0.942118746876148",8,"Fungi_4751","Ascomycota_4890","Lecanoromycetes_147547","Lecanorales_5197","Parmeliaceae_78060","Hypogymnia_87258","Hypogymnia_vittata_315943"
"pt1","PUF.IPEX.1","PUF_IPEX_01","IPEX","15/05/2024","29/05/2024","b562734cca8df12b554efa330be6e23f","0.347429077677074",7,"Metazoa_33208","Arthropoda_6656","Arachnida_6854",NA,NA,NA,NA
"pt1","PUF.IPEX.1","PUF_IPEX_01","IPEX","15/05/2024","29/05/2024","a8ce915f182ed95bbc64217af27815d7","0.541561903796751",6,"Fungi_4751","Ascomycota_4890",NA,NA,NA,NA,NA
"pt1","PUF.IPEX.1","PUF_IPEX_01","IPEX","15/05/2024","29/05/2024","ea6133ef3ca3dcb859a88c8dc1e62c9d","0.499652218722903",6,"Fungi_4751","Basidiomycota_5204","Microbotryomycetes_162481","Sporidiobolales_231213","Sporidiobolaceae_1799696",NA,NA
"pt1","PUF.IPEX.1","PUF_IPEX_01","IPEX","15/05/2024","29/05/2024","f2ba9ae60045ddbfbe24ffce87cb929f","0.999999995751523",4,"Fungi_4751","Basidiomycota_5204","Agaricomycetes_155619","Cantharellales_36064","Ceratobasidiaceae_5250","Rhizoctonia_1322061",NA
"pt1","PUF.IPEX.1","PUF_IPEX_01","IPEX","15/05/2024","29/05/2024","b0ea6895a97e3ab2a839f5b0b1994c9b","0.820274158614018",3,"Fungi_4751","Ascomycota_4890","Sordariomycetes_147550",NA,NA,NA,NA
"pt1","PUF.IPEX.1","PUF_IPEX_01","IPEX","15/05/2024","29/05/2024","011d3c1383eec48b4ac8024566936187","0.953409944024871",3,"Metazoa_33208","Arthropoda_6656","Arachnida_6854","Trombidiformes_83136","Diptilomiopidae_1336387","Rhyncaphytoptus_1452700","Rhyncaphytoptus_amplus_2837673"
"pt1","PUF.IPEX.1","PUF_IPEX_01","IPEX","15/05/2024","29/05/2024","8270514ad820103cc7adb495857263d0","0.684488549128601",3,"Fungi_4751","Ascomycota_4890","Sordariomycetes_147550",NA,NA,NA,NA
"pt1","PUF.IPEX.1","PUF_IPEX_01","IPEX","15/05/2024","29/05/2024","d3818391d7f0c7a44c0f4151474788c2","0.656932599669466",2,"Fungi_4751","Basidiomycota_5204","Tremellomycetes_155616","Tremellales_5234","Bulleribasidiaceae_1884640","Dioszegia_165440","Dioszegia_changbaiensis_234950"
"pt1","PUF.IPEX.1","PUF_IPEX_01","IPEX","15/05/2024","29/05/2024","0645d5950080043de9b23b4480b453b4","0.756352403944234",2,"Fungi_4751","Ascomycota_4890","Leotiomycetes_147548","Helotiales_5178","Helotiales_5178_family","Tetracladium_164535","Tetracladium_apiense_164536"
"pt1","PUF.IPEX.1","PUF_IPEX_01","IPEX","15/05/2024","29/05/2024","049603f33d9788e5e934851f57083fb6","0.5960128773966",1,"Fungi_4751","Ascomycota_4890","Leotiomycetes_147548","Helotiales_5178","Helotiales_5178_family","Tetracladium_164535","Tetracladium_apiense_164536"
"pt1","PUF.IPEX.1","PUF_IPEX_01","IPEX","15/05/2024","29/05/2024","75fb82b372f74fd349c2bc79a41c0beb","0.516427902461757",1,"Fungi_4751","Ascomycota_4890","Leotiomycetes_147548","Helotiales_5178","Helotiales_5178_family","Tetracladium_164535","Tetracladium_apiense_164536"
"pt1","PUF.IPEX.1","PUF_IPEX_01","IPEX","15/05/2024","29/05/2024","87a293c1b3459f43ef6714a83f123531","0.946800540793261",1,"Fungi_4751","Ascomycota_4890","Sordariomycetes_147550",NA,NA,NA,NA
"pt1","PUF.IPEX.1","PUF_IPEX_01","IPEX","15/05/2024","29/05/2024","e7c3becce69a41f50236df153159108b","0.999999995459689",1,"Fungi_4751","Ascomycota_4890","Lecanoromycetes_147547","Lecanorales_5197","Parmeliaceae_78060","Hypogymnia_87258","Hypogymnia_vittata_315943"
"pt1","PUF.IPEX.1","PUF_IPEX_01","IPEX","15/05/2024","29/05/2024","f280464a75459e25cd594d3db24e2202","0.999999968582472",1,"Fungi_4751","Basidiomycota_5204","Agaricomycetes_155619","Cantharellales_36064","Ceratobasidiaceae_5250","Rhizoctonia_1322061",NA
"pt1","PUF.IPEX.1","PUF_IPEX_01","IPEX","15/05/2024","29/05/2024","e1273ee37ca795e1638e02fa406c0b31","0.438816218833038",1,"Fungi_4751","Ascomycota_4890","Sordariomycetes_147550",NA,NA,NA,NA
"pt1","PUF.IPEX.1","PUF_IPEX_01","IPEX","15/05/2024","29/05/2024","25a84ef92c9e387e8ec2ce0d27007bb6","0.425480820391368",1,"Metazoa_33208","Arthropoda_6656","Arachnida_6854",NA,NA,NA,NA
"pt1","PUF.IPEX.1","PUF_IPEX_01","IPEX","15/05/2024","29/05/2024","d98f9eceb9433e8fd59f88d7606ce197","0.999999997389921",1,"Fungi_4751","Ascomycota_4890","Lecanoromycetes_147547","Lecanorales_5197","Parmeliaceae_78060","Hypogymnia_87258","Hypogymnia_vittata_315943"
"pt1","PUF.IPEX.1","PUF_IPEX_01","IPEX","15/05/2024","29/05/2024","2187e46033426f9081cf4dd6d2fac065","0.489122618675963",1,"Metazoa_33208","Arthropoda_6656","Arachnida_6854",NA,NA,NA,NA
"pt1","PUF.IPEX.1","PUF_IPEX_01","IPEX","15/05/2024","29/05/2024","12053881242efc0d4a7e37fa1f9219b9","0.474615810601579",1,"Fungi_4751","Ascomycota_4890","Sordariomycetes_147550",NA,NA,NA,NA
"pt1","PUF.IPEX.1","PUF_IPEX_01","IPEX","15/05/2024","29/05/2024","898486e7eb3a755894d1d72d9b82bc4b","0.999999999158504",1,"Fungi_4751","Basidiomycota_5204","Exobasidiomycetes_452283","Microstromatales_162475",NA,NA,NA
"pt1","PUF.IPEX.1","PUF_IPEX_01","IPEX","15/05/2024","29/05/2024","df141cb603ed5c548f39cfeb3b4b90f4","0.483076245628796",1,"Metazoa_33208","Arthropoda_6656","Arachnida_6854",NA,NA,NA,NA
"pt1","PUF.IPEX.1","PUF_IPEX_01","IPEX","15/05/2024","29/05/2024","33720358b8ad59d5e819000e892bcefa","0.999999999656666",1,"Fungi_4751","Basidiomycota_5204","Exobasidiomycetes_452283","Microstromatales_162475",NA,NA,NA
"pt1","PUF.IPEX.1","PUF_IPEX_01","IPEX","15/05/2024","29/05/2024","dee34723df7ce87d67bdc9923fe47874","0.987267057004483",1,"Fungi_4751","Ascomycota_4890","Sordariomycetes_147550",NA,NA,NA,NA
"pt1","PUF.IPEX.1","PUF_IPEX_01","IPEX","15/05/2024","29/05/2024","39b737fcf7686159333e6247b3d446e0","0.937134556927223",1,"Fungi_4751","Ascomycota_4890","Sordariomycetes_147550",NA,NA,NA,NA
"pt1","PUF.IPEX.1","PUF_IPEX_01","IPEX","15/05/2024","29/05/2024","998758fc0b0ac2aedc0d0d58c88fafcf","0.725544224457275",1,"Fungi_4751","Ascomycota_4890","Sordariomycetes_147550",NA,NA,NA,NA
"pt1","PUF.IPEX.8","PUF_IPEX_08","IPEX","21/08/2024","04/09/2024","b43d19c6734061aba20cde4334b0c772","0.933623859448047",196,"Fungi_4751","Ascomycota_4890","Dothideomycetes_147541","Cladosporiales_2726946","Cladosporiaceae_452563","Cladosporium_5498","Cladosporium_bruhnei_450181"
"pt1","PUF.IPEX.8","PUF_IPEX_08","IPEX","21/08/2024","04/09/2024","efbf72a920a03347f6407072b84a43f9","0.999459556668486",1718,"Fungi_4751","Basidiomycota_5204","Agaricomycetes_155619","Russulales_452342","Peniophoraceae_103393","Peniophora_40463","Peniophora_lycii_154539"
"pt1","PUF.IPEX.8","PUF_IPEX_08","IPEX","21/08/2024","04/09/2024","53814ac04567f8e2287c46b0b52f47f1","0.851549716705765",675,"Fungi_4751","Ascomycota_4890","Dothideomycetes_147541",NA,NA,NA,NA
"pt1","PUF.IPEX.8","PUF_IPEX_08","IPEX","21/08/2024","04/09/2024","0c11abb10ca8c4ca6a9466f89d510f2e","0.907238614804815",1466,"Metazoa_33208","Arthropoda_6656","Insecta_50557","Hemiptera_7524","Pentatomidae_160513","Glypsus_-21471","Glypsus_conspicuus_-21472"
"pt1","PUF.IPEX.8","PUF_IPEX_08","IPEX","21/08/2024","04/09/2024","0d1a483ebd4773116542454b0cc1a266","0.88739453904822",494,"Fungi_4751","Ascomycota_4890","Sordariomycetes_147550",NA,NA,NA,NA
"pt1","PUF.IPEX.8","PUF_IPEX_08","IPEX","21/08/2024","04/09/2024","186655c711d9c22435d048944254d180","0.999918046946559",171,"Fungi_4751","Basidiomycota_5204","Agaricomycetes_155619","Russulales_452342","Peniophoraceae_103393","Peniophora_40463","Peniophora_lycii_154539"
"pt1","PUF.IPEX.8","PUF_IPEX_08","IPEX","21/08/2024","04/09/2024","eec2170a8f2d0cd7dc3a18841a1ea5c7","0.999999999699554",1248,"Fungi_4751","Basidiomycota_5204","Exobasidiomycetes_452283","Microstromatales_162475",NA,NA,NA
"pt1","PUF.IPEX.8","PUF_IPEX_08","IPEX","21/08/2024","04/09/2024","bec08d51eb66022d7172c03768d5fd5d","0.937210778414611",461,"Fungi_4751","Ascomycota_4890","Dothideomycetes_147541","Cladosporiales_2726946","Cladosporiaceae_452563","Cladosporium_5498","Cladosporium_cladosporioides_29917"
"pt1","PUF.IPEX.8","PUF_IPEX_08","IPEX","21/08/2024","04/09/2024","589974931988706a852f1bb2c5aa12dc","0.814574741442148",6825,"Fungi_4751","Basidiomycota_5204","Exobasidiomycetes_452283","Microstromatales_162475","Microstromatales_162475_family","Jaminaea_561108",NA
"pt1","PUF.IPEX.8","PUF_IPEX_08","IPEX","21/08/2024","04/09/2024","a3612a98863d0cb2a0423fb56a0bef70","0.670862072239708",70,"Metazoa_33208","Chordata_7711","Mammalia_40674","Artiodactyla_91561","Bovidae_9895","Bos_9903","Bos_taurus_9913"
"pt1","PUF.IPEX.8","PUF_IPEX_08","IPEX","21/08/2024","04/09/2024","0180c418a1d46063a877eb5a4578d32f","0.993738129005134",211,"Fungi_4751","Basidiomycota_5204","Agaricomycetes_155619","Agaricales_5338","Schizophyllaceae_5332","Schizophyllum_5333","Schizophyllum_commune_5334"
"pt1","PUF.IPEX.8","PUF_IPEX_08","IPEX","21/08/2024","04/09/2024","f7718bbdbd503a21d2692b3b333490cb","0.55302161898262",3197,"Fungi_4751","Basidiomycota_5204","Exobasidiomycetes_452283","Microstromatales_162475","Microstromatales_162475_family","Jaminaea_561108",NA
"pt1","PUF.IPEX.8","PUF_IPEX_08","IPEX","21/08/2024","04/09/2024","afb94828a83235f617d67b54fe89fe79","0.373408909311144",403,"Fungi_4751","Basidiomycota_5204","Pucciniomycetes_162484","Pucciniales_5258","Melampsoraceae_5259","Melampsora_5260","Melampsora_medusae_82101"
"pt1","PUF.IPEX.8","PUF_IPEX_08","IPEX","21/08/2024","04/09/2024","42a334b44b84641c69386150c7cde441","0.975711405297424",209,"Fungi_4751","Ascomycota_4890","Leotiomycetes_147548",NA,NA,NA,NA
"pt1","PUF.IPEX.8","PUF_IPEX_08","IPEX","21/08/2024","04/09/2024","e07e46d7aafd4deecdc6327a714c759c","0.946704056119496",94,"Fungi_4751","Ascomycota_4890","Leotiomycetes_147548",NA,NA,NA,NA
"pt1","PUF.IPEX.8","PUF_IPEX_08","IPEX","21/08/2024","04/09/2024","c684f602961d1fa707824757cb55af21","0.980027983287282",135,"Fungi_4751","Ascomycota_4890","Leotiomycetes_147548",NA,NA,NA,NA
"pt1","PUF.IPEX.8","PUF_IPEX_08","IPEX","21/08/2024","04/09/2024","18afda2e4c3b03e088538500a42aa706","0.14863927909265",142,"Metazoa_33208","Cnidaria_6073",NA,NA,NA,NA,NA
"pt1","PUF.IPEX.8","PUF_IPEX_08","IPEX","21/08/2024","04/09/2024","922c407078b43f634da20b2e149c57c5","0.973530600220828",255,"Fungi_4751","Ascomycota_4890","Leotiomycetes_147548",NA,NA,NA,NA
"pt1","PUF.IPEX.8","PUF_IPEX_08","IPEX","21/08/2024","04/09/2024","d6626a1d124518b308f9a8879b48cdbf","0.594898914748369",67,"Fungi_4751","Basidiomycota_5204",NA,NA,NA,NA,NA
"pt1","PUF.IPEX.8","PUF_IPEX_08","IPEX","21/08/2024","04/09/2024","9120a8bbdc5d8261589ee9e90f0509a9","0.158530216682823",81,"Fungi_4751","Basidiomycota_5204","Agaricomycetes_155619","Boletales_68889","Boletaceae_5368","Tylopilus_80671","Tylopilus_plumbeoviolaceoides_374766"
"pt1","PUF.IPEX.8","PUF_IPEX_08","IPEX","21/08/2024","04/09/2024","757ecae2e601e8cb8f983ac712833b60","0.662704638933771",141,"Fungi_4751","Ascomycota_4890","Sordariomycetes_147550",NA,NA,NA,NA
"pt1","PUF.IPEX.8","PUF_IPEX_08","IPEX","21/08/2024","04/09/2024","60ed8a06138d911c61bed7f3f6fd672a","0.990641217654615",108,"Fungi_4751","Basidiomycota_5204","Agaricomycetes_155619","Agaricales_5338","Schizophyllaceae_5332","Schizophyllum_5333","Schizophyllum_commune_5334"
"pt1","PUF.IPEX.8","PUF_IPEX_08","IPEX","21/08/2024","04/09/2024","cc71aa32d19418d8afe27f4faece796a","0.499999990069191",73,"Fungi_4751","Basidiomycota_5204","Microbotryomycetes_162481","Sporidiobolales_231213","Sporidiobolaceae_1799696",NA,NA
"pt1","PUF.IPEX.8","PUF_IPEX_08","IPEX","21/08/2024","04/09/2024","02e9a719b9dab5bd47c5fa414506bceb","0.953846760547688",100,"Fungi_4751","Ascomycota_4890","Leotiomycetes_147548",NA,NA,NA,NA
"pt1","PUF.IPEX.8","PUF_IPEX_08","IPEX","21/08/2024","04/09/2024","d388a42f47cf0aff79dc33ea832fa6ba","0.688087973270429",480,"Fungi_4751","Ascomycota_4890","Sordariomycetes_147550","Hypocreales_5125","Nectriaceae_110618","Fusarium_5506","Fusarium_babinda_48486"
"pt1","PUF.IPEX.8","PUF_IPEX_08","IPEX","21/08/2024","04/09/2024","6874dd172e908401f659917eccfef8b1","0.839633636059701",196,"Fungi_4751","Ascomycota_4890","Sordariomycetes_147550",NA,NA,NA,NA
"pt1","PUF.IPEX.8","PUF_IPEX_08","IPEX","21/08/2024","04/09/2024","96a2ca12e55abcc9577bcd54e6debad3","0.834652805023254",155,"Fungi_4751","Ascomycota_4890","Leotiomycetes_147548",NA,NA,NA,NA
"pt1","PUF.IPEX.8","PUF_IPEX_08","IPEX","21/08/2024","04/09/2024","32f572690ba816e1a0504c9650dba2da","0.307107241200301",124,"Metazoa_33208","Arthropoda_6656","Arachnida_6854",NA,NA,NA,NA
"pt1","PUF.IPEX.8","PUF_IPEX_08","IPEX","21/08/2024","04/09/2024","396bb1d73aaa06e2cf8e8bf726986bfb","0.323464504166269",111,"Fungi_4751","Basidiomycota_5204","Cystobasidiomycetes_432005","Cystobasidiales_204043","Cystobasidiaceae_34418",NA,NA
"pt1","PUF.IPEX.8","PUF_IPEX_08","IPEX","21/08/2024","04/09/2024","d2ddc2b0ce96c6bd30f3f20e74119b3d","0.325417701937601",103,"Metazoa_33208","Arthropoda_6656","Arachnida_6854",NA,NA,NA,NA
"pt1","PUF.IPEX.8","PUF_IPEX_08","IPEX","21/08/2024","04/09/2024","269faefa124ce63f1c4f0535c639da13","0.485351305304401",70,"Metazoa_33208","Arthropoda_6656","Arachnida_6854",NA,NA,NA,NA
"pt1","PUF.IPEX.8","PUF_IPEX_08","IPEX","21/08/2024","04/09/2024","d97d2031f30559aa95f8b738440e4fad","0.99999727376386",65,"Fungi_4751","Basidiomycota_5204","Agaricomycetes_155619","Agaricales_5338","Entolomataceae_71934","Entoloma_71937",NA
"pt1","PUF.IPEX.8","PUF_IPEX_08","IPEX","21/08/2024","04/09/2024","247dac45f6a3be86dabf8b66612c077e","0.924887190838525",63,"Fungi_4751","Ascomycota_4890","Sordariomycetes_147550",NA,NA,NA,NA
"pt1","PUF.IPEX.8","PUF_IPEX_08","IPEX","21/08/2024","04/09/2024","a00ee0bb6c7de90cd83519643be9960f","0.501048482685249",62,"Fungi_4751","Ascomycota_4890","Sordariomycetes_147550","Hypocreales_5125",NA,NA,NA
"pt1","PUF.IPEX.8","PUF_IPEX_08","IPEX","21/08/2024","04/09/2024","79e1e83a6376294b6c7188645640ec18","0.986838895739122",54,"Fungi_4751","Ascomycota_4890","Sordariomycetes_147550",NA,NA,NA,NA
"pt1","PUF.IPEX.8","PUF_IPEX_08","IPEX","21/08/2024","04/09/2024","5602575607468d2ab1fbac8f819ed9a8","0.413575285174535",54,"Metazoa_33208","Arthropoda_6656","Arachnida_6854",NA,NA,NA,NA
"pt1","PUF.JD14","PUF_JD_04","Jean-Drapeau","03/07/2024","17/07/2024","b43d19c6734061aba20cde4334b0c772","0.933623859448047",1977,"Fungi_4751","Ascomycota_4890","Dothideomycetes_147541","Cladosporiales_2726946","Cladosporiaceae_452563","Cladosporium_5498","Cladosporium_bruhnei_450181"
"pt1","PUF.JD14","PUF_JD_04","Jean-Drapeau","03/07/2024","17/07/2024","efbf72a920a03347f6407072b84a43f9","0.999459556668486",443,"Fungi_4751","Basidiomycota_5204","Agaricomycetes_155619","Russulales_452342","Peniophoraceae_103393","Peniophora_40463","Peniophora_lycii_154539"
"pt1","PUF.JD14","PUF_JD_04","Jean-Drapeau","03/07/2024","17/07/2024","53814ac04567f8e2287c46b0b52f47f1","0.851549716705765",163,"Fungi_4751","Ascomycota_4890","Dothideomycetes_147541",NA,NA,NA,NA
"pt1","PUF.JD14","PUF_JD_04","Jean-Drapeau","03/07/2024","17/07/2024","0c11abb10ca8c4ca6a9466f89d510f2e","0.907238614804815",996,"Metazoa_33208","Arthropoda_6656","Insecta_50557","Hemiptera_7524","Pentatomidae_160513","Glypsus_-21471","Glypsus_conspicuus_-21472"
"pt1","PUF.JD14","PUF_JD_04","Jean-Drapeau","03/07/2024","17/07/2024","186655c711d9c22435d048944254d180","0.999918046946559",72,"Fungi_4751","Basidiomycota_5204","Agaricomycetes_155619","Russulales_452342","Peniophoraceae_103393","Peniophora_40463","Peniophora_lycii_154539"
"pt1","PUF.JD14","PUF_JD_04","Jean-Drapeau","03/07/2024","17/07/2024","eec2170a8f2d0cd7dc3a18841a1ea5c7","0.999999999699554",491,"Fungi_4751","Basidiomycota_5204","Exobasidiomycetes_452283","Microstromatales_162475",NA,NA,NA
"pt1","PUF.JD14","PUF_JD_04","Jean-Drapeau","03/07/2024","17/07/2024","bcf59b4926413543b3fb02800d2d5b80","0.999999999844206",70,"Eukaryota_2759_kingdom","Oomycota_4762","Oomycota_4762_class","Peronosporales_4776","Peronosporaceae_4777","Plasmopara_4780","Plasmopara_carveri_3350122"
"pt1","PUF.JD14","PUF_JD_04","Jean-Drapeau","03/07/2024","17/07/2024","5f907557675481632654c893c4e319d5","0.369832764629548",205,"Fungi_4751","Ascomycota_4890","Dothideomycetes_147541","Cladosporiales_2726946","Cladosporiaceae_452563","Cladosporium_5498","Cladosporium_bruhnei_450181"
"pt1","PUF.JD14","PUF_JD_04","Jean-Drapeau","03/07/2024","17/07/2024","bec08d51eb66022d7172c03768d5fd5d","0.937210778414611",75,"Fungi_4751","Ascomycota_4890","Dothideomycetes_147541","Cladosporiales_2726946","Cladosporiaceae_452563","Cladosporium_5498","Cladosporium_cladosporioides_29917"
"pt1","PUF.JD14","PUF_JD_04","Jean-Drapeau","03/07/2024","17/07/2024","589974931988706a852f1bb2c5aa12dc","0.814574741442148",295,"Fungi_4751","Basidiomycota_5204","Exobasidiomycetes_452283","Microstromatales_162475","Microstromatales_162475_family","Jaminaea_561108",NA
"pt1","PUF.JD14","PUF_JD_04","Jean-Drapeau","03/07/2024","17/07/2024","bd29633837bcc3003dd038eac7ec33ff","0.280159842707106",248,"Fungi_4751","Basidiomycota_5204","Agaricomycetes_155619","Boletales_68889","Boletaceae_5368","Tylopilus_80671",NA
"pt1","PUF.JD14","PUF_JD_04","Jean-Drapeau","03/07/2024","17/07/2024","a3612a98863d0cb2a0423fb56a0bef70","0.670862072239708",217,"Metazoa_33208","Chordata_7711","Mammalia_40674","Artiodactyla_91561","Bovidae_9895","Bos_9903","Bos_taurus_9913"
"pt1","PUF.JD14","PUF_JD_04","Jean-Drapeau","03/07/2024","17/07/2024","aec35e427b95f1cbf2c6d6503e172a4f","0.279152099836879",113,"Fungi_4751","Ascomycota_4890",NA,NA,NA,NA,NA
"pt1","PUF.JD14","PUF_JD_04","Jean-Drapeau","03/07/2024","17/07/2024","8187787e018ce4815342f12d65ff7dc8","0.464733719684335",172,"Fungi_4751","Ascomycota_4890","Sordariomycetes_147550",NA,NA,NA,NA
"pt1","PUF.JD14","PUF_JD_04","Jean-Drapeau","03/07/2024","17/07/2024","a26e6cc23365c60897b7d620c23de990","0.944259328386728",149,"Metazoa_33208","Arthropoda_6656","Insecta_50557","Lepidoptera_7088","Pyralidae_7135","Pionidia_2613197",NA
"pt1","PUF.JD14","PUF_JD_04","Jean-Drapeau","03/07/2024","17/07/2024","be8dc1271132728b62d899f6fe83b643","0.417154486433497",278,"Fungi_4751","Ascomycota_4890","Dothideomycetes_147541",NA,NA,NA,NA
"pt1","PUF.JD14","PUF_JD_04","Jean-Drapeau","03/07/2024","17/07/2024","0180c418a1d46063a877eb5a4578d32f","0.993738129005134",131,"Fungi_4751","Basidiomycota_5204","Agaricomycetes_155619","Agaricales_5338","Schizophyllaceae_5332","Schizophyllum_5333","Schizophyllum_commune_5334"
"pt1","PUF.JD14","PUF_JD_04","Jean-Drapeau","03/07/2024","17/07/2024","0654cc62f2b2d1f6652ba8acca4ba9fb","0.959194747463117",38,"Fungi_4751","Basidiomycota_5204","Exobasidiomycetes_452283","Microstromatales_162475","Microstromatales_162475_family","Jaminaea_561108",NA
"pt1","PUF.JD14","PUF_JD_04","Jean-Drapeau","03/07/2024","17/07/2024","202e53dd32a0e7b3fcb0945dd40b5e51","0.819547932595875",239,"Fungi_4751","Ascomycota_4890","Leotiomycetes_147548",NA,NA,NA,NA
"pt1","PUF.JD14","PUF_JD_04","Jean-Drapeau","03/07/2024","17/07/2024","7ef585184d09a2e4635d0aeeada52a46","0.853627915109959",58,"Fungi_4751","Ascomycota_4890","Leotiomycetes_147548",NA,NA,NA,NA
"pt1","PUF.JD14","PUF_JD_04","Jean-Drapeau","03/07/2024","17/07/2024","b4973746d688a7879255e08741b614fc","0.830431601896564",61,"Fungi_4751","Ascomycota_4890","Leotiomycetes_147548",NA,NA,NA,NA
"pt1","PUF.JD14","PUF_JD_04","Jean-Drapeau","03/07/2024","17/07/2024","3b8ad135a622199c069ac61ab049a60c","0.978226118675444",138,"Fungi_4751","Basidiomycota_5204","Agaricomycetes_155619","Agaricales_5338","Psathyrellaceae_184208","Coprinellus_184430","Coprinellus_micaceus_71717"
"pt1","PUF.JD14","PUF_JD_04","Jean-Drapeau","03/07/2024","17/07/2024","ddfd319f3d88ba3067d804c949cf1f1a","0.436151395675201",79,"Fungi_4751","Ascomycota_4890",NA,NA,NA,NA,NA
"pt1","PUF.JD14","PUF_JD_04","Jean-Drapeau","03/07/2024","17/07/2024","9fef5822b6479afee6e10ef53e9236c2","0.388924696350803",48,"Fungi_4751","Ascomycota_4890","Sordariomycetes_147550",NA,NA,NA,NA
"pt1","PUF.JD14","PUF_JD_04","Jean-Drapeau","03/07/2024","17/07/2024","431fc469c7c74aad4658db25dbec8d97","0.919479846469028",77,"Fungi_4751","Ascomycota_4890","Leotiomycetes_147548",NA,NA,NA,NA
"pt1","PUF.JD14","PUF_JD_04","Jean-Drapeau","03/07/2024","17/07/2024","7c52a29f282c5b604c81d08d5511e009","0.695653665404119",339,"Fungi_4751","Basidiomycota_5204","Agaricomycetes_155619","Agaricales_5338","Psathyrellaceae_184208","Candolleomyces_2791032","Candolleomyces_candolleanus_71730"
"pt1","PUF.JD14","PUF_JD_04","Jean-Drapeau","03/07/2024","17/07/2024","d1d24d5ef702ed8316897967f0aed4bc","0.438081783143306",33,"Fungi_4751","Ascomycota_4890","Sordariomycetes_147550",NA,NA,NA,NA
"pt1","PUF.JD14","PUF_JD_04","Jean-Drapeau","03/07/2024","17/07/2024","3fce04aacbf052e126e4dab1d663d992","0.999999999008097",160,"Fungi_4751","Ascomycota_4890","Lecanoromycetes_147547","Lecanorales_5197","Parmeliaceae_78060","Hypogymnia_87258","Hypogymnia_vittata_315943"
"pt1","PUF.JD14","PUF_JD_04","Jean-Drapeau","03/07/2024","17/07/2024","46b87a93800ec3908b4e236322e3b87d","0.999999999696428",153,"Metazoa_33208","Arthropoda_6656","Arachnida_6854","Araneae_6893","Tetragnathidae_27394","Tetragnatha_27395","Tetragnatha_guatemalensis_336607"
"pt1","PUF.JD14","PUF_JD_04","Jean-Drapeau","03/07/2024","17/07/2024","6874dd172e908401f659917eccfef8b1","0.839633636059701",106,"Fungi_4751","Ascomycota_4890","Sordariomycetes_147550",NA,NA,NA,NA
"pt1","PUF.JD14","PUF_JD_04","Jean-Drapeau","03/07/2024","17/07/2024","5f55b40d2f45184f5c9a56b8f5713317","0.711362304659374",279,"Fungi_4751","Ascomycota_4890","Leotiomycetes_147548",NA,NA,NA,NA
"pt1","PUF.JD14","PUF_JD_04","Jean-Drapeau","03/07/2024","17/07/2024","30d1f39562968d4b798847c2e714c64b","0.735208941121617",246,"Fungi_4751","Basidiomycota_5204","Agaricomycetes_155619","Agaricales_5338","Psathyrellaceae_184208","Candolleomyces_2791032","Candolleomyces_candolleanus_71730"
"pt1","PUF.JD14","PUF_JD_04","Jean-Drapeau","03/07/2024","17/07/2024","5b83be8884718e4af4da748d75359e7f","0.784050509081532",176,"Fungi_4751","Ascomycota_4890","Sordariomycetes_147550",NA,NA,NA,NA
"pt1","PUF.JD14","PUF_JD_04","Jean-Drapeau","03/07/2024","17/07/2024","d81f6cdff61b07652ac3a1e24f7d4d34","0.985570670322772",161,"Fungi_4751","Ascomycota_4890","Leotiomycetes_147548",NA,NA,NA,NA
"pt1","PUF.JD14","PUF_JD_04","Jean-Drapeau","03/07/2024","17/07/2024","385f9d354c8f8f8a9480db16d720ce5a","0.824118573770902",157,"Fungi_4751","Basidiomycota_5204","Tremellomycetes_155616","Tremellales_5234","Bulleribasidiaceae_1884640","Dioszegia_165440","Dioszegia_changbaiensis_234950"
"pt1","PUF.JD14","PUF_JD_04","Jean-Drapeau","03/07/2024","17/07/2024","0818b54bc8491e9ca30cf7de1cc0eedc","0.969990226499893",145,"Fungi_4751","Ascomycota_4890","Sordariomycetes_147550","Glomerellales_1028384","Glomerellaceae_681950","Colletotrichum_5455","Colletotrichum_salicis_1209931"
"pt1","PUF.JD14","PUF_JD_04","Jean-Drapeau","03/07/2024","17/07/2024","a94d5933f8cbed393e5699f4e53e8c13","0.789996524728913",142,"Fungi_4751","Ascomycota_4890","Sordariomycetes_147550",NA,NA,NA,NA
"pt1","PUF.JD14","PUF_JD_04","Jean-Drapeau","03/07/2024","17/07/2024","5ec0c4b740623cfb7faf840d836c5204","0.862890407983248",139,"Fungi_4751","Ascomycota_4890","Leotiomycetes_147548",NA,NA,NA,NA
"pt1","PUF.JD14","PUF_JD_04","Jean-Drapeau","03/07/2024","17/07/2024","5bfa8f38a8fdf7735699766cee275666","0.519210884141658",128,"Fungi_4751","Ascomycota_4890","Leotiomycetes_147548",NA,NA,NA,NA
"pt1","PUF.JD14","PUF_JD_04","Jean-Drapeau","03/07/2024","17/07/2024","b57dae9ebeb1e6a4e9f3e4d249bbd1ef","0.931122504098132",120,"Fungi_4751","Ascomycota_4890","Dothideomycetes_147541",NA,NA,NA,NA
"pt1","PUF.JD14","PUF_JD_04","Jean-Drapeau","03/07/2024","17/07/2024","358f1d5de57345da23f9f0e42b7af748","0.9501203522746",109,"Fungi_4751","Ascomycota_4890","Dothideomycetes_147541","Pleosporales_92860","Shiraiaceae_224418","Shiraia_224419","Shiraia_bambusicola_224420"
"pt1","PUF.JD14","PUF_JD_04","Jean-Drapeau","03/07/2024","17/07/2024","49227d040aedf2b28214ba15e6d6e85e","0.99260588987666",75,"Fungi_4751","Ascomycota_4890","Leotiomycetes_147548",NA,NA,NA,NA
"pt1","PUF.JD14","PUF_JD_04","Jean-Drapeau","03/07/2024","17/07/2024","ee1cfc99bfd40d3b3cdf5ca84a24ad5d","0.499999969468448",72,"Fungi_4751","Basidiomycota_5204","Microbotryomycetes_162481","Sporidiobolales_231213","Sporidiobolaceae_1799696",NA,NA
"pt1","PUF.JD14","PUF_JD_04","Jean-Drapeau","03/07/2024","17/07/2024","990e780073b5048eefc2b8e23979a5e6","0.306458200154957",71,"Metazoa_33208","Arthropoda_6656","Arachnida_6854",NA,NA,NA,NA
"pt1","PUF.JD14","PUF_JD_04","Jean-Drapeau","03/07/2024","17/07/2024","e2f909b13c3ebf8128f397a64f5faae1","0.865408471778355",66,"Fungi_4751","Basidiomycota_5204","Agaricomycetes_155619","Agaricales_5338","Psathyrellaceae_184208","Candolleomyces_2791032","Candolleomyces_candolleanus_71730"
"pt1","PUF.JD14","PUF_JD_04","Jean-Drapeau","03/07/2024","17/07/2024","16109bbb924a562c677866a62145067a","0.755192804856963",48,"Fungi_4751","Ascomycota_4890","Leotiomycetes_147548",NA,NA,NA,NA
"pt2","PUF.BOU.8","PUF_BOU_08","Boucherville","02/09/2024","16/09/2024","0c11abb10ca8c4ca6a9466f89d510f2e","0.907238614804815",1701,"Metazoa_33208","Arthropoda_6656","Insecta_50557","Hemiptera_7524","Pentatomidae_160513","Glypsus_-21471","Glypsus_conspicuus_-21472"
"pt2","PUF.BOU.8","PUF_BOU_08","Boucherville","02/09/2024","16/09/2024","589974931988706a852f1bb2c5aa12dc","0.814574741442148",1067,"Fungi_4751","Basidiomycota_5204","Exobasidiomycetes_452283","Microstromatales_162475","Microstromatales_162475_family","Jaminaea_561108",NA
"pt2","PUF.BOU.8","PUF_BOU_08","Boucherville","02/09/2024","16/09/2024","f7718bbdbd503a21d2692b3b333490cb","0.55302161898262",998,"Fungi_4751","Basidiomycota_5204","Exobasidiomycetes_452283","Microstromatales_162475","Microstromatales_162475_family","Jaminaea_561108",NA
"pt2","PUF.BOU.8","PUF_BOU_08","Boucherville","02/09/2024","16/09/2024","eec2170a8f2d0cd7dc3a18841a1ea5c7","0.999999999699554",939,"Fungi_4751","Basidiomycota_5204","Exobasidiomycetes_452283","Microstromatales_162475",NA,NA,NA
"pt2","PUF.BOU.8","PUF_BOU_08","Boucherville","02/09/2024","16/09/2024","afb94828a83235f617d67b54fe89fe79","0.373408909311144",868,"Fungi_4751","Basidiomycota_5204","Pucciniomycetes_162484","Pucciniales_5258","Melampsoraceae_5259","Melampsora_5260","Melampsora_medusae_82101"
"pt2","PUF.BOU.8","PUF_BOU_08","Boucherville","02/09/2024","16/09/2024","b43d19c6734061aba20cde4334b0c772","0.933623859448047",776,"Fungi_4751","Ascomycota_4890","Dothideomycetes_147541","Cladosporiales_2726946","Cladosporiaceae_452563","Cladosporium_5498","Cladosporium_bruhnei_450181"
"pt2","PUF.BOU.8","PUF_BOU_08","Boucherville","02/09/2024","16/09/2024","bec08d51eb66022d7172c03768d5fd5d","0.937210778414611",668,"Fungi_4751","Ascomycota_4890","Dothideomycetes_147541","Cladosporiales_2726946","Cladosporiaceae_452563","Cladosporium_5498","Cladosporium_cladosporioides_29917"
"pt2","PUF.BOU.8","PUF_BOU_08","Boucherville","02/09/2024","16/09/2024","0d1a483ebd4773116542454b0cc1a266","0.88739453904822",569,"Fungi_4751","Ascomycota_4890","Sordariomycetes_147550",NA,NA,NA,NA
"pt2","PUF.BOU.8","PUF_BOU_08","Boucherville","02/09/2024","16/09/2024","a4ce6cfe96b9ce0ad304803934790435","0.505582624946131",251,"Fungi_4751","Basidiomycota_5204","Exobasidiomycetes_452283","Microstromatales_162475",NA,NA,NA
"pt2","PUF.BOU.8","PUF_BOU_08","Boucherville","02/09/2024","16/09/2024","c1b05b58063b2a2ce034c9b37a2afa7a","0.998948779700455",212,"Fungi_4751","Ascomycota_4890","Leotiomycetes_147548",NA,NA,NA,NA
"pt2","PUF.BOU.8","PUF_BOU_08","Boucherville","02/09/2024","16/09/2024","42a334b44b84641c69386150c7cde441","0.975711405297424",198,"Fungi_4751","Ascomycota_4890","Leotiomycetes_147548",NA,NA,NA,NA
"pt2","PUF.BOU.8","PUF_BOU_08","Boucherville","02/09/2024","16/09/2024","be8dc1271132728b62d899f6fe83b643","0.417154486433497",152,"Fungi_4751","Ascomycota_4890","Dothideomycetes_147541",NA,NA,NA,NA
"pt2","PUF.BOU.8","PUF_BOU_08","Boucherville","02/09/2024","16/09/2024","59e6049d961456e2d630c072e518e9b6","0.66815967777537",137,"Eukaryota_2759_kingdom","Oomycota_4762","Oomycota_4762_class","Pythiales_121069","Pythiaceae_4782","Phytophthora_-69394",NA
"pt2","PUF.BOU.8","PUF_BOU_08","Boucherville","02/09/2024","16/09/2024","5580961b9a41be03abce5562553ec49c","0.419336811656045",135,"Metazoa_33208","Arthropoda_6656","Arachnida_6854",NA,NA,NA,NA
"pt2","PUF.BOU.8","PUF_BOU_08","Boucherville","02/09/2024","16/09/2024","e46a578b0e29ecec00b1077904a0e397","0.499999714525752",130,"Fungi_4751","Basidiomycota_5204","Microbotryomycetes_162481","Sporidiobolales_231213","Sporidiobolaceae_1799696",NA,NA
"pt2","PUF.BOU.8","PUF_BOU_08","Boucherville","02/09/2024","16/09/2024","c0899651ae378553204b1e5ea53060b9","0.621258210680944",102,"Fungi_4751","Basidiomycota_5204","Exobasidiomycetes_452283","Microstromatales_162475","Microstromatales_162475_family","Jaminaea_561108",NA
"pt2","PUF.BOU.8","PUF_BOU_08","Boucherville","02/09/2024","16/09/2024","c684f602961d1fa707824757cb55af21","0.980027983287282",91,"Fungi_4751","Ascomycota_4890","Leotiomycetes_147548",NA,NA,NA,NA
"pt2","PUF.BOU.8","PUF_BOU_08","Boucherville","02/09/2024","16/09/2024","8ccdd426084d53cca9f91412b92cd91e","0.498870169867322",84,"Fungi_4751","Basidiomycota_5204","Cystobasidiomycetes_432005","Cystobasidiales_204043","Cystobasidiaceae_34418",NA,NA
"pt2","PUF.BOU.8","PUF_BOU_08","Boucherville","02/09/2024","16/09/2024","202e53dd32a0e7b3fcb0945dd40b5e51","0.819547932595875",81,"Fungi_4751","Ascomycota_4890","Leotiomycetes_147548",NA,NA,NA,NA
"pt2","PUF.BOU.8","PUF_BOU_08","Boucherville","02/09/2024","16/09/2024","937d32d8b30569996c449126c9aa0c79","0.999086113297351",80,"Fungi_4751","Ascomycota_4890","Dothideomycetes_147541","Mycosphaerellales_2726947","Mycosphaerellaceae_93133","Cercospora_29002","Cercospora_nicotianae_29003"
"pt2","PUF.BOU.8","PUF_BOU_08","Boucherville","02/09/2024","16/09/2024","df7b2d8e7b65bb44c6dc3cca51b40d71","0.993930594490194",79,"Fungi_4751","Ascomycota_4890","Sordariomycetes_147550","Hypocreales_5125",NA,NA,NA
"pt2","PUF.BOU.8","PUF_BOU_08","Boucherville","02/09/2024","16/09/2024","df763680c53a93fe7465936ea7f8492f","0.499999998707771",64,"Fungi_4751","Basidiomycota_5204","Microbotryomycetes_162481","Sporidiobolales_231213","Sporidiobolaceae_1799696",NA,NA
"pt2","PUF.BOU.8","PUF_BOU_08","Boucherville","02/09/2024","16/09/2024","f4008cd280125b58d6af250ecc4a334f","0.993827970487403",63,"Fungi_4751","Ascomycota_4890","Leotiomycetes_147548",NA,NA,NA,NA
"pt2","PUF.BOU.8","PUF_BOU_08","Boucherville","02/09/2024","16/09/2024","875b7ee9b0f15d6355ec11aa7267edd0","0.999636544902391",63,"Fungi_4751","Ascomycota_4890","Leotiomycetes_147548",NA,NA,NA,NA
"pt2","PUF.BOU.8","PUF_BOU_08","Boucherville","02/09/2024","16/09/2024","a1e5340afd1877bae4a25354fad5220e","0.560710730052692",61,"Fungi_4751","Ascomycota_4890","Leotiomycetes_147548",NA,NA,NA,NA
"pt2","PUF.BOU.8","PUF_BOU_08","Boucherville","02/09/2024","16/09/2024","6054764396456af05a8ec58302d41c02","0.499999934593067",61,"Fungi_4751","Basidiomycota_5204","Microbotryomycetes_162481","Sporidiobolales_231213","Sporidiobolaceae_1799696",NA,NA
"pt2","PUF.BOU.8","PUF_BOU_08","Boucherville","02/09/2024","16/09/2024","9fef5822b6479afee6e10ef53e9236c2","0.388924696350803",57,"Fungi_4751","Ascomycota_4890","Sordariomycetes_147550",NA,NA,NA,NA
"pt2","PUF.BOU.8","PUF_BOU_08","Boucherville","02/09/2024","16/09/2024","b291d863b11e904794fc1c90c1b716fe","0.967211464582596",57,"Fungi_4751","Ascomycota_4890","Leotiomycetes_147548",NA,NA,NA,NA
"pt2","PUF.BOU.8","PUF_BOU_08","Boucherville","02/09/2024","16/09/2024","0654cc62f2b2d1f6652ba8acca4ba9fb","0.959194747463117",56,"Fungi_4751","Basidiomycota_5204","Exobasidiomycetes_452283","Microstromatales_162475","Microstromatales_162475_family","Jaminaea_561108",NA
"pt2","PUF.BOU.8","PUF_BOU_08","Boucherville","02/09/2024","16/09/2024","4e5a5f11feba8f5eb452c09b36ac2b05","0.499999887884852",54,"Fungi_4751","Basidiomycota_5204","Microbotryomycetes_162481","Sporidiobolales_231213","Sporidiobolaceae_1799696",NA,NA
"pt2","PUF.BOU.8","PUF_BOU_08","Boucherville","02/09/2024","16/09/2024","069f3891cbf4474871c6649b0e5bfe21","0.822543861375091",54,"Fungi_4751","Ascomycota_4890","Leotiomycetes_147548",NA,NA,NA,NA
"pt2","PUF.BOU.8","PUF_BOU_08","Boucherville","02/09/2024","16/09/2024","b68e68d28b1bf1fab06f4b523042e2d3","0.983792751072165",52,"Fungi_4751","Ascomycota_4890","Leotiomycetes_147548",NA,NA,NA,NA
"pt2","PUF.BOU.8","PUF_BOU_08","Boucherville","02/09/2024","16/09/2024","d6626a1d124518b308f9a8879b48cdbf","0.594898914748369",49,"Fungi_4751","Basidiomycota_5204",NA,NA,NA,NA,NA
"pt2","PUF.BOU.8","PUF_BOU_08","Boucherville","02/09/2024","16/09/2024","efe1ce8e8d1b9cdb5da01eb790e3abcc","0.499999775441608",47,"Fungi_4751","Basidiomycota_5204","Microbotryomycetes_162481","Sporidiobolales_231213","Sporidiobolaceae_1799696",NA,NA
"pt2","PUF.BOU.8","PUF_BOU_08","Boucherville","02/09/2024","16/09/2024","8277aef53dee13c182babc116a100648","0.407898027838656",47,"Fungi_4751","Ascomycota_4890","Leotiomycetes_147548",NA,NA,NA,NA
"pt2","PUF.BOU.8","PUF_BOU_08","Boucherville","02/09/2024","16/09/2024","ce9e585d5196adf56f4e2c0e02e27b73","0.499999974718733",47,"Fungi_4751","Basidiomycota_5204","Microbotryomycetes_162481","Sporidiobolales_231213","Sporidiobolaceae_1799696",NA,NA
"pt2","PUF.BOU.8","PUF_BOU_08","Boucherville","02/09/2024","16/09/2024","b3a298b6b16a5d32bd1ba8c64c3d64d7","0.758196564130766",46,"Fungi_4751","Ascomycota_4890","Dothideomycetes_147541","Pleosporales_92860","Shiraiaceae_224418","Shiraia_224419","Shiraia_bambusicola_224420"
"pt2","PUF.BOU.8","PUF_BOU_08","Boucherville","02/09/2024","16/09/2024","feaf7faf41e9503a6fcb711db0c7cab9","0.650811864119562",45,"Fungi_4751","Ascomycota_4890","Leotiomycetes_147548",NA,NA,NA,NA
"pt2","PUF.BOU.8","PUF_BOU_08","Boucherville","02/09/2024","16/09/2024","53814ac04567f8e2287c46b0b52f47f1","0.851549716705765",42,"Fungi_4751","Ascomycota_4890","Dothideomycetes_147541",NA,NA,NA,NA
"pt2","PUF.BOU.8","PUF_BOU_08","Boucherville","02/09/2024","16/09/2024","e07e46d7aafd4deecdc6327a714c759c","0.946704056119496",42,"Fungi_4751","Ascomycota_4890","Leotiomycetes_147548",NA,NA,NA,NA
"pt2","PUF.BOU.8","PUF_BOU_08","Boucherville","02/09/2024","16/09/2024","970a584ab3e0de978fadeffdd7abfedc","0.966032441687425",41,"Fungi_4751","Ascomycota_4890","Lecanoromycetes_147547","Lecanorales_5197","Parmeliaceae_78060","Hypogymnia_87258","Hypogymnia_vittata_315943"
"pt2","PUF.BOU.8","PUF_BOU_08","Boucherville","02/09/2024","16/09/2024","5aa84e563916eb3e150ddc7110b9a84f","0.499999999244074",40,"Fungi_4751","Basidiomycota_5204","Microbotryomycetes_162481","Sporidiobolales_231213","Sporidiobolaceae_1799696",NA,NA
"pt2","PUF.BOU.8","PUF_BOU_08","Boucherville","02/09/2024","16/09/2024","945bd633c00552164446ce1c2ba94461","0.947741379948713",39,"Fungi_4751","Ascomycota_4890","Leotiomycetes_147548",NA,NA,NA,NA
"pt2","PUF.BOU.8","PUF_BOU_08","Boucherville","02/09/2024","16/09/2024","2cd5cd2d6853681240817a74c9f7c3eb","0.486412721515334",38,"Fungi_4751","Ascomycota_4890","Sordariomycetes_147550",NA,NA,NA,NA
"pt2","PUF.BOU.8","PUF_BOU_08","Boucherville","02/09/2024","16/09/2024","162c0aaffc51a84a33e7cecf2faaf142","0.800555354508717",38,"Fungi_4751","Ascomycota_4890","Leotiomycetes_147548",NA,NA,NA,NA
"pt2","PUF.BOU.8","PUF_BOU_08","Boucherville","02/09/2024","16/09/2024","396bb1d73aaa06e2cf8e8bf726986bfb","0.323464504166269",38,"Fungi_4751","Basidiomycota_5204","Cystobasidiomycetes_432005","Cystobasidiales_204043","Cystobasidiaceae_34418",NA,NA
"pt2","PUF.BOU.8","PUF_BOU_08","Boucherville","02/09/2024","16/09/2024","45b68f1719dfca8305cf0e9ff744a70a","0.499999914153882",37,"Fungi_4751","Basidiomycota_5204","Microbotryomycetes_162481","Sporidiobolales_231213","Sporidiobolaceae_1799696",NA,NA
"pt2","PUF.BOU.8","PUF_BOU_08","Boucherville","02/09/2024","16/09/2024","d464b351d717222808ff78b828624801","0.294773663997215",36,"Metazoa_33208","Arthropoda_6656","Arachnida_6854",NA,NA,NA,NA
"pt2","PUF.BOU.8","PUF_BOU_08","Boucherville","02/09/2024","16/09/2024","ee1cfc99bfd40d3b3cdf5ca84a24ad5d","0.499999969468448",33,"Fungi_4751","Basidiomycota_5204","Microbotryomycetes_162481","Sporidiobolales_231213","Sporidiobolaceae_1799696",NA,NA
"pt2","PUF.BOU.8","PUF_BOU_08","Boucherville","02/09/2024","16/09/2024","6a3a695d2a7c94579fde4ce82b675183","0.587033299570399",32,"Metazoa_33208","Chordata_7711","Mammalia_40674","Rodentia_9989","Dipodidae_30648",NA,NA
"pt2","PUF.BOU.8","PUF_BOU_08","Boucherville","02/09/2024","16/09/2024","95844ed22b0441a05fad5cdcfa8a0c0c","0.386764039581997",32,"Metazoa_33208","Arthropoda_6656","Insecta_50557","Hemiptera_7524",NA,NA,NA
"pt2","PUF.BOU.8","PUF_BOU_08","Boucherville","02/09/2024","16/09/2024","d1d24d5ef702ed8316897967f0aed4bc","0.438081783143306",31,"Fungi_4751","Ascomycota_4890","Sordariomycetes_147550",NA,NA,NA,NA
"pt2","PUF.BOU.8","PUF_BOU_08","Boucherville","02/09/2024","16/09/2024","a0a8b439e6f05cf113cfe725980dd5c6","0.606158564369307",31,"Fungi_4751","Ascomycota_4890","Sordariomycetes_147550",NA,NA,NA,NA
"pt2","PUF.BOT.5","PUF_BOT_05","Botanical Garden","12/07/2024","26/07/2024","0c11abb10ca8c4ca6a9466f89d510f2e","0.907238614804815",569,"Metazoa_33208","Arthropoda_6656","Insecta_50557","Hemiptera_7524","Pentatomidae_160513","Glypsus_-21471","Glypsus_conspicuus_-21472"
"pt2","PUF.BOT.5","PUF_BOT_05","Botanical Garden","12/07/2024","26/07/2024","589974931988706a852f1bb2c5aa12dc","0.814574741442148",150,"Fungi_4751","Basidiomycota_5204","Exobasidiomycetes_452283","Microstromatales_162475","Microstromatales_162475_family","Jaminaea_561108",NA
"pt2","PUF.BOT.5","PUF_BOT_05","Botanical Garden","12/07/2024","26/07/2024","eec2170a8f2d0cd7dc3a18841a1ea5c7","0.999999999699554",97,"Fungi_4751","Basidiomycota_5204","Exobasidiomycetes_452283","Microstromatales_162475",NA,NA,NA
"pt2","PUF.BOT.5","PUF_BOT_05","Botanical Garden","12/07/2024","26/07/2024","b43d19c6734061aba20cde4334b0c772","0.933623859448047",665,"Fungi_4751","Ascomycota_4890","Dothideomycetes_147541","Cladosporiales_2726946","Cladosporiaceae_452563","Cladosporium_5498","Cladosporium_bruhnei_450181"
"pt2","PUF.BOT.5","PUF_BOT_05","Botanical Garden","12/07/2024","26/07/2024","bec08d51eb66022d7172c03768d5fd5d","0.937210778414611",82,"Fungi_4751","Ascomycota_4890","Dothideomycetes_147541","Cladosporiales_2726946","Cladosporiaceae_452563","Cladosporium_5498","Cladosporium_cladosporioides_29917"
"pt2","PUF.BOT.5","PUF_BOT_05","Botanical Garden","12/07/2024","26/07/2024","42a334b44b84641c69386150c7cde441","0.975711405297424",69,"Fungi_4751","Ascomycota_4890","Leotiomycetes_147548",NA,NA,NA,NA
"pt2","PUF.BOT.5","PUF_BOT_05","Botanical Garden","12/07/2024","26/07/2024","5580961b9a41be03abce5562553ec49c","0.419336811656045",29,"Metazoa_33208","Arthropoda_6656","Arachnida_6854",NA,NA,NA,NA
"pt2","PUF.BOT.5","PUF_BOT_05","Botanical Garden","12/07/2024","26/07/2024","9fef5822b6479afee6e10ef53e9236c2","0.388924696350803",44,"Fungi_4751","Ascomycota_4890","Sordariomycetes_147550",NA,NA,NA,NA
"pt2","PUF.BOT.5","PUF_BOT_05","Botanical Garden","12/07/2024","26/07/2024","efe1ce8e8d1b9cdb5da01eb790e3abcc","0.499999775441608",50,"Fungi_4751","Basidiomycota_5204","Microbotryomycetes_162481","Sporidiobolales_231213","Sporidiobolaceae_1799696",NA,NA
"pt2","PUF.BOT.5","PUF_BOT_05","Botanical Garden","12/07/2024","26/07/2024","ce9e585d5196adf56f4e2c0e02e27b73","0.499999974718733",36,"Fungi_4751","Basidiomycota_5204","Microbotryomycetes_162481","Sporidiobolales_231213","Sporidiobolaceae_1799696",NA,NA
"pt2","PUF.BOT.5","PUF_BOT_05","Botanical Garden","12/07/2024","26/07/2024","e07e46d7aafd4deecdc6327a714c759c","0.946704056119496",52,"Fungi_4751","Ascomycota_4890","Leotiomycetes_147548",NA,NA,NA,NA
"pt2","PUF.BOT.5","PUF_BOT_05","Botanical Garden","12/07/2024","26/07/2024","ee1cfc99bfd40d3b3cdf5ca84a24ad5d","0.499999969468448",82,"Fungi_4751","Basidiomycota_5204","Microbotryomycetes_162481","Sporidiobolales_231213","Sporidiobolaceae_1799696",NA,NA
"pt2","PUF.BOT.5","PUF_BOT_05","Botanical Garden","12/07/2024","26/07/2024","a3612a98863d0cb2a0423fb56a0bef70","0.670862072239708",61,"Metazoa_33208","Chordata_7711","Mammalia_40674","Artiodactyla_91561","Bovidae_9895","Bos_9903","Bos_taurus_9913"
"pt2","PUF.BOT.5","PUF_BOT_05","Botanical Garden","12/07/2024","26/07/2024","a26e6cc23365c60897b7d620c23de990","0.944259328386728",52,"Metazoa_33208","Arthropoda_6656","Insecta_50557","Lepidoptera_7088","Pyralidae_7135","Pionidia_2613197",NA
"pt2","PUF.BOT.5","PUF_BOT_05","Botanical Garden","12/07/2024","26/07/2024","efbf72a920a03347f6407072b84a43f9","0.999459556668486",247,"Fungi_4751","Basidiomycota_5204","Agaricomycetes_155619","Russulales_452342","Peniophoraceae_103393","Peniophora_40463","Peniophora_lycii_154539"
"pt2","PUF.BOT.5","PUF_BOT_05","Botanical Garden","12/07/2024","26/07/2024","693bb632a72482fd25a05c0311a27e14","0.710726372982711",28,"Fungi_4751","Basidiomycota_5204","Agaricomycetes_155619","Agaricales_5338","Hygrophoraceae_51005","Hygrocybe_51006",NA
"pt2","PUF.BOT.5","PUF_BOT_05","Botanical Garden","12/07/2024","26/07/2024","5f907557675481632654c893c4e319d5","0.369832764629548",34,"Fungi_4751","Ascomycota_4890","Dothideomycetes_147541","Cladosporiales_2726946","Cladosporiaceae_452563","Cladosporium_5498","Cladosporium_bruhnei_450181"
"pt2","PUF.BOT.5","PUF_BOT_05","Botanical Garden","12/07/2024","26/07/2024","60cada34130fe8a67ab9208ad65247cd","0.69455384243676",50,"Fungi_4751","Ascomycota_4890","Leotiomycetes_147548",NA,NA,NA,NA
"pt2","PUF.BOT.5","PUF_BOT_05","Botanical Garden","12/07/2024","26/07/2024","349cecdaccca192a5aa609e9184c3c8e","0.674856366161648",20,"Fungi_4751","Ascomycota_4890","Sordariomycetes_147550","Hypocreales_5125",NA,NA,NA
"pt2","PUF.BOT.5","PUF_BOT_05","Botanical Garden","12/07/2024","26/07/2024","7c051e52b4df245b4b6b8a6eeca2cc3d","0.459191577111538",381,"Metazoa_33208","Arthropoda_6656","Insecta_50557","Diptera_7147","Cecidomyiidae_33406","Dasineura_240745",NA
"pt2","PUF.BOT.5","PUF_BOT_05","Botanical Garden","12/07/2024","26/07/2024","8187787e018ce4815342f12d65ff7dc8","0.464733719684335",150,"Fungi_4751","Ascomycota_4890","Sordariomycetes_147550",NA,NA,NA,NA
"pt2","PUF.BOT.5","PUF_BOT_05","Botanical Garden","12/07/2024","26/07/2024","aec35e427b95f1cbf2c6d6503e172a4f","0.279152099836879",146,"Fungi_4751","Ascomycota_4890",NA,NA,NA,NA,NA
"pt2","PUF.BOT.5","PUF_BOT_05","Botanical Garden","12/07/2024","26/07/2024","e568316642a9d4f2542e85dcc7267df7","0.999999998668883",141,"Fungi_4751","Basidiomycota_5204","Exobasidiomycetes_452283","Microstromatales_162475",NA,NA,NA
"pt2","PUF.BOT.5","PUF_BOT_05","Botanical Garden","12/07/2024","26/07/2024","186655c711d9c22435d048944254d180","0.999918046946559",117,"Fungi_4751","Basidiomycota_5204","Agaricomycetes_155619","Russulales_452342","Peniophoraceae_103393","Peniophora_40463","Peniophora_lycii_154539"
"pt2","PUF.BOT.5","PUF_BOT_05","Botanical Garden","12/07/2024","26/07/2024","5f55b40d2f45184f5c9a56b8f5713317","0.711362304659374",109,"Fungi_4751","Ascomycota_4890","Leotiomycetes_147548",NA,NA,NA,NA
"pt2","PUF.BOT.5","PUF_BOT_05","Botanical Garden","12/07/2024","26/07/2024","bb8d731dce1e38c5ee65ce6157b54c1f","0.990610182243102",93,"Eukaryota_2759_kingdom","Oomycota_4762","Oomycota_4762_class","Peronosporales_4776","Peronosporaceae_4777","Peronospora_70742","Peronospora_belbahrii_622444"
"pt2","PUF.BOT.5","PUF_BOT_05","Botanical Garden","12/07/2024","26/07/2024","e3625b78fc7d223a7bce189dca39f019","0.931434102040716",85,"Fungi_4751","Ascomycota_4890","Dothideomycetes_147541","Pleosporales_92860","Shiraiaceae_224418","Shiraia_224419","Shiraia_bambusicola_224420"
"pt2","PUF.BOT.5","PUF_BOT_05","Botanical Garden","12/07/2024","26/07/2024","e2f909b13c3ebf8128f397a64f5faae1","0.865408471778355",84,"Fungi_4751","Basidiomycota_5204","Agaricomycetes_155619","Agaricales_5338","Psathyrellaceae_184208","Candolleomyces_2791032","Candolleomyces_candolleanus_71730"
"pt2","PUF.BOT.5","PUF_BOT_05","Botanical Garden","12/07/2024","26/07/2024","63cbf205978bd08a2360e291c4df8e3b","0.999997716102478",81,"Fungi_4751","Ascomycota_4890","Ascomycetes_-67464",NA,NA,NA,NA
"pt2","PUF.BOT.5","PUF_BOT_05","Botanical Garden","12/07/2024","26/07/2024","69a8a7322bd45f64630dcc355a1e5114","0.805478636501538",80,"Fungi_4751","Basidiomycota_5204","Agaricomycetes_155619","Polyporales_5303","Polyporaceae_5317","Picipes_1871912","Picipes_badius_196231"
"pt2","PUF.BOT.5","PUF_BOT_05","Botanical Garden","12/07/2024","26/07/2024","0818b54bc8491e9ca30cf7de1cc0eedc","0.969990226499893",70,"Fungi_4751","Ascomycota_4890","Sordariomycetes_147550","Glomerellales_1028384","Glomerellaceae_681950","Colletotrichum_5455","Colletotrichum_salicis_1209931"
"pt2","PUF.BOT.5","PUF_BOT_05","Botanical Garden","12/07/2024","26/07/2024","d0045eca281be7c1a39b8db1f0a5f63d","0.556259345935238",69,"Metazoa_33208","Arthropoda_6656","Arachnida_6854",NA,NA,NA,NA
"pt2","PUF.BOT.5","PUF_BOT_05","Botanical Garden","12/07/2024","26/07/2024","cfcaeca651274535c2d397b09257b18a","0.813834899945192",63,"Fungi_4751","Ascomycota_4890","Leotiomycetes_147548",NA,NA,NA,NA
"pt2","PUF.BOT.5","PUF_BOT_05","Botanical Garden","12/07/2024","26/07/2024","e75a78d0e5e97379aded12cb2d3e9b77","0.941256683637283",58,"Fungi_4751","Ascomycota_4890","Leotiomycetes_147548",NA,NA,NA,NA
"pt2","PUF.BOT.5","PUF_BOT_05","Botanical Garden","12/07/2024","26/07/2024","6f8e48be787d95a1a4fdec99a3f781d4","0.689521769449841",58,"Fungi_4751","Ascomycota_4890","Leotiomycetes_147548",NA,NA,NA,NA
"pt2","PUF.BOT.5","PUF_BOT_05","Botanical Garden","12/07/2024","26/07/2024","8270514ad820103cc7adb495857263d0","0.684488549128601",57,"Fungi_4751","Ascomycota_4890","Sordariomycetes_147550",NA,NA,NA,NA
"pt2","PUF.BOT.5","PUF_BOT_05","Botanical Garden","12/07/2024","26/07/2024","3d042a847d0a3208343616c2c95242f0","0.546052228910285",57,"Fungi_4751","Basidiomycota_5204","Agaricomycetes_155619","Agaricales_5338","Hygrophoraceae_51005","Hygrocybe_51006",NA
"pt2","PUF.BOT.5","PUF_BOT_05","Botanical Garden","12/07/2024","26/07/2024","6529e354b07834a6e157a878f423cf77","0.999113146396814",55,"Fungi_4751","Ascomycota_4890","Dothideomycetes_147541","Mycosphaerellales_2726947","Mycosphaerellaceae_93133","Cercospora_29002","Cercospora_nicotianae_29003"
"pt2","PUF.BOT.5","PUF_BOT_05","Botanical Garden","12/07/2024","26/07/2024","5eca08888a68693d5f5d5d40ca95e8c8","0.615139591491474",54,"Fungi_4751","Ascomycota_4890","Sordariomycetes_147550","Hypocreales_5125",NA,NA,NA
"pt2","PUF.BOT.5","PUF_BOT_05","Botanical Garden","12/07/2024","26/07/2024","e4e2c42f6b42c0e0f2e503990a5b0ea7","0.970797187989711",53,"Fungi_4751","Ascomycota_4890","Leotiomycetes_147548",NA,NA,NA,NA
"pt2","PUF.BOT.5","PUF_BOT_05","Botanical Garden","12/07/2024","26/07/2024","bea38624d47a810e42d4fa445f927a5d","0.965974197174914",52,"Fungi_4751","Ascomycota_4890","Lecanoromycetes_147547","Lecanorales_5197","Parmeliaceae_78060","Hypogymnia_87258","Hypogymnia_vittata_315943"
"pt2","PUF.BOT.5","PUF_BOT_05","Botanical Garden","12/07/2024","26/07/2024","70b03de450f8824c3eae6efb82d4ab01","0.869177566592948",50,"Fungi_4751","Ascomycota_4890","Leotiomycetes_147548",NA,NA,NA,NA
"pt2","PUF.BOT.5","PUF_BOT_05","Botanical Garden","12/07/2024","26/07/2024","ad46c6c92dcd370f9781679ebaa70758","0.412342465348987",45,"Fungi_4751","Basidiomycota_5204","Microbotryomycetes_162481","Sporidiobolales_231213","Sporidiobolaceae_1799696",NA,NA
"pt2","PUF.BOT.5","PUF_BOT_05","Botanical Garden","12/07/2024","26/07/2024","79868530de056c6cbd4b57242f8e948c","0.99953770604374",44,"Fungi_4751","Ascomycota_4890","Leotiomycetes_147548",NA,NA,NA,NA
"pt2","PUF.BOT.5","PUF_BOT_05","Botanical Garden","12/07/2024","26/07/2024","d81f6cdff61b07652ac3a1e24f7d4d34","0.985570670322772",43,"Fungi_4751","Ascomycota_4890","Leotiomycetes_147548",NA,NA,NA,NA
"pt2","PUF.BOT.5","PUF_BOT_05","Botanical Garden","12/07/2024","26/07/2024","d7737e0cbaff2b2affabf71433067b46","0.794321213685288",43,"Fungi_4751","Ascomycota_4890","Sordariomycetes_147550",NA,NA,NA,NA
"pt2","PUF.BOT.5","PUF_BOT_05","Botanical Garden","12/07/2024","26/07/2024","313af605cd82303ffe6cf4b8ab9d0d34","0.799061550015964",42,"Viridiplantae_33090","Chlorophyta_3041","Trebouxiophyceae_75966",NA,NA,NA,NA
"pt2","PUF.BOT.5","PUF_BOT_05","Botanical Garden","12/07/2024","26/07/2024","c19214d5953fb460b7d11e6f5e7632c3","0.980202218281149",42,"Fungi_4751","Ascomycota_4890","Leotiomycetes_147548",NA,NA,NA,NA
"pt2","PUF.BOT.5","PUF_BOT_05","Botanical Garden","12/07/2024","26/07/2024","cced06f478cfa3f4accd080ed1b89419","0.647718179991638",42,"Fungi_4751","Ascomycota_4890","Leotiomycetes_147548",NA,NA,NA,NA
"pt2","PUF.BOT.5","PUF_BOT_05","Botanical Garden","12/07/2024","26/07/2024","3d09129b662a5ee4614a6106eee17a46","0.17711932081119",41,"Fungi_4751","Basidiomycota_5204","Agaricomycetes_155619","Boletales_68889","Boletaceae_5368","Tylopilus_80671",NA
"pt2","PUF.BOT.5","PUF_BOT_05","Botanical Garden","12/07/2024","26/07/2024","9c5ec9063b70290cf5721f64c0f037d6","0.509793298304291",38,"Metazoa_33208","Arthropoda_6656","Arachnida_6854",NA,NA,NA,NA
"pt2","PUF.BOT.5","PUF_BOT_05","Botanical Garden","12/07/2024","26/07/2024","3a9c442c48a50c5e6eaa3a71fe25b8a3","0.414703698255577",37,"Metazoa_33208","Mollusca_6447","Gastropoda_6448",NA,NA,NA,NA
"pt2","PUF.BOT.5","PUF_BOT_05","Botanical Garden","12/07/2024","26/07/2024","817202ae0291849e610cf2e56e9e17d0","0.275806796010286",37,"Metazoa_33208","Arthropoda_6656","Arachnida_6854",NA,NA,NA,NA
"pt2","PUF.BOT.5","PUF_BOT_05","Botanical Garden","12/07/2024","26/07/2024","c17a6295766fd71b0f8776e8a8174ade","0.836415984535404",34,"Fungi_4751","Ascomycota_4890","Leotiomycetes_147548",NA,NA,NA,NA
"pt2","PUF.BOT.5","PUF_BOT_05","Botanical Garden","12/07/2024","26/07/2024","bcf59b4926413543b3fb02800d2d5b80","0.999999999844206",33,"Eukaryota_2759_kingdom","Oomycota_4762","Oomycota_4762_class","Peronosporales_4776","Peronosporaceae_4777","Plasmopara_4780","Plasmopara_carveri_3350122"
"pt2","PUF.BOT.5","PUF_BOT_05","Botanical Garden","12/07/2024","26/07/2024","990896d145f2a4f99f1ddd564b17acff","0.873350860040267",33,"Fungi_4751","Ascomycota_4890","Sordariomycetes_147550","Hypocreales_5125",NA,NA,NA
"pt2","PUF.BOT.5","PUF_BOT_05","Botanical Garden","12/07/2024","26/07/2024","0bc004d35f205c438a2e00b301c91f16","0.73431778769337",32,"Fungi_4751","Basidiomycota_5204","Exobasidiomycetes_452283","Microstromatales_162475","Microstromatales_162475_family","Jaminaea_561108",NA
"pt2","PUF.BOT.5","PUF_BOT_05","Botanical Garden","12/07/2024","26/07/2024","1bb27e80768d0b29f6c05308aec98723","0.94880441856436",32,"Fungi_4751","Ascomycota_4890","Leotiomycetes_147548",NA,NA,NA,NA
"pt2","PUF.BOT.5","PUF_BOT_05","Botanical Garden","12/07/2024","26/07/2024","1538f65dfa696771cffe185bc37aed85","0.999999999076621",31,"Metazoa_33208","Arthropoda_6656","Arachnida_6854","Trombidiformes_83136","Eriophyidae_70320","Shevtchenkella_1452708","Shevtchenkella_serrata_2883626"
"pt2","PUF.BOT.5","PUF_BOT_05","Botanical Garden","12/07/2024","26/07/2024","23abec441a8c1e5572654196b70b66dd","0.659619320198787",31,"Fungi_4751","Ascomycota_4890","Dothideomycetes_147541",NA,NA,NA,NA
"pt2","PUF.BOT.5","PUF_BOT_05","Botanical Garden","12/07/2024","26/07/2024","0b1248fd5015b1c1a757b8b014d559fd","0.499999918874478",29,"Fungi_4751","Basidiomycota_5204","Microbotryomycetes_162481","Sporidiobolales_231213","Sporidiobolaceae_1799696",NA,NA
"pt2","PUF.BOT.5","PUF_BOT_05","Botanical Garden","12/07/2024","26/07/2024","27230ce94bc4abfbb17df7e36eb2040f","0.97077567051089",29,"Fungi_4751","Ascomycota_4890","Sordariomycetes_147550",NA,NA,NA,NA
"pt2","PUF.BOT.5","PUF_BOT_05","Botanical Garden","12/07/2024","26/07/2024","2bde53e98d9af728271c48df23c812e5","0.999999427584264",28,"Fungi_4751","Basidiomycota_5204","Agaricomycetes_155619","Russulales_452342","Peniophoraceae_103393","Peniophora_40463","Peniophora_lycii_154539"
"pt2","PUF.BOT.5","PUF_BOT_05","Botanical Garden","12/07/2024","26/07/2024","930d9374c23ee9e080603a4d08498057","0.795978859738371",27,"Metazoa_33208","Cnidaria_6073",NA,NA,NA,NA,NA
"pt2","PUF.BOT.5","PUF_BOT_05","Botanical Garden","12/07/2024","26/07/2024","ddf27416d5871d18a22a2f12c571675c","0.36325013086571",26,"Metazoa_33208","Arthropoda_6656","Insecta_50557","Hemiptera_7524",NA,NA,NA
"pt2","PUF.BOT.5","PUF_BOT_05","Botanical Garden","12/07/2024","26/07/2024","e687b8b090082aecdd85a37d0c9f78f5","0.174357301053287",23,"Fungi_4751","Basidiomycota_5204","Agaricomycetes_155619","Polyporales_5303","Polyporaceae_5317","Picipes_1871912","Picipes_badius_196231"
"pt2","PUF.BOT.5","PUF_BOT_05","Botanical Garden","12/07/2024","26/07/2024","fc397a02012654845f3aecbde17406d2","0.524170320458372",23,"Metazoa_33208","Arthropoda_6656","Arachnida_6854",NA,NA,NA,NA
"pt2","PUF.BOT.5","PUF_BOT_05","Botanical Garden","12/07/2024","26/07/2024","528d58012e6ac1b6281f8377566b7428","0.569814208479468",22,"Fungi_4751","Ascomycota_4890","Sordariomycetes_147550",NA,NA,NA,NA
"pt2","PUF.BOT.5","PUF_BOT_05","Botanical Garden","12/07/2024","26/07/2024","7811f5ea9575b4e96a43657aeba092d8","0.880977722405841",20,"Fungi_4751","Basidiomycota_5204","Agaricomycetes_155619","Russulales_452342","Russulaceae_5401","Russula_5402","Russula_virescens_71688"
"pt2","PUF.BOT.5","PUF_BOT_05","Botanical Garden","12/07/2024","26/07/2024","34eab8ae3331579507f8c9b3e36d82c7","0.9999996771655",19,"Fungi_4751","Basidiomycota_5204","Agaricomycetes_155619","Russulales_452342","Peniophoraceae_103393","Peniophora_40463","Peniophora_lycii_154539"
"pt2","PUF.BOT.5","PUF_BOT_05","Botanical Garden","12/07/2024","26/07/2024","ef85e5e16cecdd130844e947c839626f","0.999995707971083",19,"Eukaryota_2759_kingdom","Oomycota_4762","Oomycota_4762_class","Peronosporales_4776","Peronosporaceae_4777","Peronospora_70742","Peronospora_variabilis_162102"
"pt2","PUF.BOT.5","PUF_BOT_05","Botanical Garden","12/07/2024","26/07/2024","13185d1c0a733aece3be2999a924b85e","0.999999934617309",18,"Metazoa_33208","Arthropoda_6656","Arachnida_6854","Trombidiformes_83136","Eriophyidae_70320","Aceria_109362","Aceria_tosichella_561515"
"pt2","PUF.BOT.5","PUF_BOT_05","Botanical Garden","12/07/2024","26/07/2024","e13334fb31c47a89092d399deef9bc2e","0.472638406336937",17,"Metazoa_33208","Arthropoda_6656","Arachnida_6854",NA,NA,NA,NA
"pt2","PUF.BOT.5","PUF_BOT_05","Botanical Garden","12/07/2024","26/07/2024","c54c721ec400c5f1c0f1220724536bca","0.319306567414497",17,"Fungi_4751","Basidiomycota_5204","Exobasidiomycetes_452283","Microstromatales_162475","Microstromatales_162475_family","Jaminaea_561108","Jaminaea_angkorensis_542766"
"pt2","PUF.BOT.5","PUF_BOT_05","Botanical Garden","12/07/2024","26/07/2024","824501fc149dbc7d56a0b939e15afdb0","0.999992179713712",17,"Fungi_4751","Ascomycota_4890","Dothideomycetes_147541","Dothideales_5014","Dothioraceae_64899","Sydowia_64497","Sydowia_polyspora_64499"
"pt2","PUF.BOT.5","PUF_BOT_05","Botanical Garden","12/07/2024","26/07/2024","a149f8ebcc1650e7fc407caae894f560","0.509443030992394",17,"Metazoa_33208","Arthropoda_6656","Arachnida_6854",NA,NA,NA,NA
"pt2","PUF.BOT.5","PUF_BOT_05","Botanical Garden","12/07/2024","26/07/2024","07ed97715261b3ccc2d444e592292ef0","0.369032771486752",16,"Fungi_4751","Basidiomycota_5204","Agaricomycetes_155619","Agaricales_5338","Amanitaceae_41954","Amanitopsis_1621069","Amanitopsis_battarae_-67528"
"pt2","PUF.BOT.1","PUF_BOT_01","Botanical Garden","17/05/2024","31/05/2024","b43d19c6734061aba20cde4334b0c772","0.933623859448047",535,"Fungi_4751","Ascomycota_4890","Dothideomycetes_147541","Cladosporiales_2726946","Cladosporiaceae_452563","Cladosporium_5498","Cladosporium_bruhnei_450181"
"pt2","PUF.BOT.1","PUF_BOT_01","Botanical Garden","17/05/2024","31/05/2024","bec08d51eb66022d7172c03768d5fd5d","0.937210778414611",29,"Fungi_4751","Ascomycota_4890","Dothideomycetes_147541","Cladosporiales_2726946","Cladosporiaceae_452563","Cladosporium_5498","Cladosporium_cladosporioides_29917"
"pt2","PUF.BOT.1","PUF_BOT_01","Botanical Garden","17/05/2024","31/05/2024","8ccdd426084d53cca9f91412b92cd91e","0.498870169867322",228,"Fungi_4751","Basidiomycota_5204","Cystobasidiomycetes_432005","Cystobasidiales_204043","Cystobasidiaceae_34418",NA,NA
"pt2","PUF.BOT.1","PUF_BOT_01","Botanical Garden","17/05/2024","31/05/2024","9fef5822b6479afee6e10ef53e9236c2","0.388924696350803",42,"Fungi_4751","Ascomycota_4890","Sordariomycetes_147550",NA,NA,NA,NA
"pt2","PUF.BOT.1","PUF_BOT_01","Botanical Garden","17/05/2024","31/05/2024","0654cc62f2b2d1f6652ba8acca4ba9fb","0.959194747463117",113,"Fungi_4751","Basidiomycota_5204","Exobasidiomycetes_452283","Microstromatales_162475","Microstromatales_162475_family","Jaminaea_561108",NA
"pt2","PUF.BOT.1","PUF_BOT_01","Botanical Garden","17/05/2024","31/05/2024","945bd633c00552164446ce1c2ba94461","0.947741379948713",217,"Fungi_4751","Ascomycota_4890","Leotiomycetes_147548",NA,NA,NA,NA
"pt2","PUF.BOT.1","PUF_BOT_01","Botanical Garden","17/05/2024","31/05/2024","4df3521688221ba63732d3172cbad532","0.587660626731592",50,"Fungi_4751","Ascomycota_4890","Sordariomycetes_147550",NA,NA,NA,NA
"pt2","PUF.BOT.1","PUF_BOT_01","Botanical Garden","17/05/2024","31/05/2024","a26e6cc23365c60897b7d620c23de990","0.944259328386728",92,"Metazoa_33208","Arthropoda_6656","Insecta_50557","Lepidoptera_7088","Pyralidae_7135","Pionidia_2613197",NA
"pt2","PUF.BOT.1","PUF_BOT_01","Botanical Garden","17/05/2024","31/05/2024","efbf72a920a03347f6407072b84a43f9","0.999459556668486",120,"Fungi_4751","Basidiomycota_5204","Agaricomycetes_155619","Russulales_452342","Peniophoraceae_103393","Peniophora_40463","Peniophora_lycii_154539"
"pt2","PUF.BOT.1","PUF_BOT_01","Botanical Garden","17/05/2024","31/05/2024","b4973746d688a7879255e08741b614fc","0.830431601896564",49,"Fungi_4751","Ascomycota_4890","Leotiomycetes_147548",NA,NA,NA,NA
"pt2","PUF.BOT.1","PUF_BOT_01","Botanical Garden","17/05/2024","31/05/2024","a0cd4bc500d745b03d73e63afb6a4143","0.963001766880495",91,"Fungi_4751","Ascomycota_4890","Leotiomycetes_147548",NA,NA,NA,NA
"pt2","PUF.BOT.1","PUF_BOT_01","Botanical Garden","17/05/2024","31/05/2024","3b409e2eda2f55e2ca3900a715e46249","0.822506205667299",49,"Fungi_4751","Ascomycota_4890","Sordariomycetes_147550",NA,NA,NA,NA
"pt2","PUF.BOT.1","PUF_BOT_01","Botanical Garden","17/05/2024","31/05/2024","92c74999244c29a44e723e2b73905c01","0.479530789167162",16,"Fungi_4751","Basidiomycota_5204","Microbotryomycetes_162481","Sporidiobolales_231213","Sporidiobolaceae_1799696","Rhodotorula_5533",NA
"pt2","PUF.BOT.1","PUF_BOT_01","Botanical Garden","17/05/2024","31/05/2024","0cfdb2fd1280dadc3e6649c3acd0bf5f","1",46,"Fungi_4751","Basidiomycota_5204","Exobasidiomycetes_452283","Microstromatales_162475",NA,NA,NA
"pt2","PUF.BOT.1","PUF_BOT_01","Botanical Garden","17/05/2024","31/05/2024","98d2a53535a08812e4a0db8fc3b0c5ce","0.989750383875536",50,"Fungi_4751","Ascomycota_4890","Leotiomycetes_147548",NA,NA,NA,NA
"pt2","PUF.BOT.1","PUF_BOT_01","Botanical Garden","17/05/2024","31/05/2024","18a2e110004e455b097f83f0c05922c6","0.975304870433857",31,"Metazoa_33208","Chordata_7711","Mammalia_40674","Primates_9443","Hominidae_9604","Homo_9605","Homo_sapiens_9606"
"pt2","PUF.BOT.1","PUF_BOT_01","Botanical Garden","17/05/2024","31/05/2024","7c5150237cc50f69001a07b4654a4c41","0.416698243847033",41,"Fungi_4751","Ascomycota_4890","Leotiomycetes_147548",NA,NA,NA,NA
"pt2","PUF.BOT.1","PUF_BOT_01","Botanical Garden","17/05/2024","31/05/2024","349cecdaccca192a5aa609e9184c3c8e","0.674856366161648",107,"Fungi_4751","Ascomycota_4890","Sordariomycetes_147550","Hypocreales_5125",NA,NA,NA
"pt2","PUF.BOT.1","PUF_BOT_01","Botanical Garden","17/05/2024","31/05/2024","aec35e427b95f1cbf2c6d6503e172a4f","0.279152099836879",15,"Fungi_4751","Ascomycota_4890",NA,NA,NA,NA,NA
"pt2","PUF.BOT.1","PUF_BOT_01","Botanical Garden","17/05/2024","31/05/2024","5f55b40d2f45184f5c9a56b8f5713317","0.711362304659374",86,"Fungi_4751","Ascomycota_4890","Leotiomycetes_147548",NA,NA,NA,NA
"pt2","PUF.BOT.1","PUF_BOT_01","Botanical Garden","17/05/2024","31/05/2024","e3625b78fc7d223a7bce189dca39f019","0.931434102040716",44,"Fungi_4751","Ascomycota_4890","Dothideomycetes_147541","Pleosporales_92860","Shiraiaceae_224418","Shiraia_224419","Shiraia_bambusicola_224420"
"pt2","PUF.BOT.1","PUF_BOT_01","Botanical Garden","17/05/2024","31/05/2024","8270514ad820103cc7adb495857263d0","0.684488549128601",81,"Fungi_4751","Ascomycota_4890","Sordariomycetes_147550",NA,NA,NA,NA
"pt2","PUF.BOT.1","PUF_BOT_01","Botanical Garden","17/05/2024","31/05/2024","e4e2c42f6b42c0e0f2e503990a5b0ea7","0.970797187989711",81,"Fungi_4751","Ascomycota_4890","Leotiomycetes_147548",NA,NA,NA,NA
"pt2","PUF.BOT.1","PUF_BOT_01","Botanical Garden","17/05/2024","31/05/2024","e9e1a86cfe2cba496becdcea2eb45b9d","0.571050464731067",69,"Fungi_4751","Ascomycota_4890","Sordariomycetes_147550","Hypocreales_5125",NA,NA,NA
"pt2","PUF.BOT.1","PUF_BOT_01","Botanical Garden","17/05/2024","31/05/2024","fcaa7e5bd28188b7993fdf4ffc7d9b7f","0.996822142667246",34,"Fungi_4751","Ascomycota_4890","Leotiomycetes_147548",NA,NA,NA,NA
"pt2","PUF.BOT.1","PUF_BOT_01","Botanical Garden","17/05/2024","31/05/2024","a5077025ffc7757205966e6e3c9986a4","0.537193923554354",25,"Eukaryota_2759_kingdom","Oomycota_4762","Oomycota_4762_class","Peronosporales_4776","Peronosporaceae_4777","Peronospora_70742",NA
"pt2","PUF.BOT.1","PUF_BOT_01","Botanical Garden","17/05/2024","31/05/2024","353cf88b067a953f6a7463a158fb4458","0.956710293760633",268,"Fungi_4751","Ascomycota_4890","Leotiomycetes_147548",NA,NA,NA,NA
"pt2","PUF.BOT.1","PUF_BOT_01","Botanical Garden","17/05/2024","31/05/2024","32d7c434253ab66ac640badd3685ad56","0.999125894285718",130,"Fungi_4751","Ascomycota_4890","Leotiomycetes_147548",NA,NA,NA,NA
"pt2","PUF.BOT.1","PUF_BOT_01","Botanical Garden","17/05/2024","31/05/2024","df9f56f50b9901074d04b075c16957db","0.777646822932057",77,"Fungi_4751","Ascomycota_4890","Leotiomycetes_147548",NA,NA,NA,NA
"pt2","PUF.BOT.1","PUF_BOT_01","Botanical Garden","17/05/2024","31/05/2024","048b1506652548effeac9d8c7a066229","0.999974954211271",75,"Metazoa_33208","Arthropoda_6656","Arachnida_6854","Trombidiformes_83136","Phytoptidae_1221082","Trisetacus_1227674","Trisetacus_thujae_2695370"
"pt2","PUF.BOT.1","PUF_BOT_01","Botanical Garden","17/05/2024","31/05/2024","707f18cbbafd24bac2dc8a5b73526c89","0.997977149338515",72,"Fungi_4751","Ascomycota_4890","Leotiomycetes_147548",NA,NA,NA,NA
"pt2","PUF.BOT.1","PUF_BOT_01","Botanical Garden","17/05/2024","31/05/2024","6dbf6710e8979d4a00b15c2964b20551","0.322347252633848",65,"Metazoa_33208","Arthropoda_6656","Arachnida_6854",NA,NA,NA,NA
"pt2","PUF.BOT.1","PUF_BOT_01","Botanical Garden","17/05/2024","31/05/2024","a9649dc75c437494ef47fb5c4191b00f","0.499632601664568",64,"Fungi_4751","Mucoromycota_1913637","Mucoromycetes_2212703","Mucorales_4827","Lichtheimiaceae_499202","Lichtheimia_688353","Lichtheimia_hongkongensis_549293"
"pt2","PUF.BOT.1","PUF_BOT_01","Botanical Garden","17/05/2024","31/05/2024","0adb28207d9013bb2c7dbc7888a17a5a","0.977492912521886",62,"Fungi_4751","Ascomycota_4890","Leotiomycetes_147548",NA,NA,NA,NA
"pt2","PUF.BOT.1","PUF_BOT_01","Botanical Garden","17/05/2024","31/05/2024","34ed5dc2d6b56e0c8bd9d85449928cab","0.999999999998991",62,"Fungi_4751","Ascomycota_4890","Lecanoromycetes_147547","Lecanorales_5197","Ramalinaceae_56478",NA,NA
"pt2","PUF.BOT.1","PUF_BOT_01","Botanical Garden","17/05/2024","31/05/2024","29a4dba1bfa1956fdee8b74924825ea4","0.757825971072733",60,"Fungi_4751","Ascomycota_4890","Leotiomycetes_147548",NA,NA,NA,NA
"pt2","PUF.BOT.1","PUF_BOT_01","Botanical Garden","17/05/2024","31/05/2024","ffe7294e1c2bc61fb928c49ef556e185","0.63582603301185",59,"Metazoa_33208","Arthropoda_6656","Arachnida_6854",NA,NA,NA,NA
"pt2","PUF.BOT.1","PUF_BOT_01","Botanical Garden","17/05/2024","31/05/2024","1bc80d244fbe72a22ebd2313111c972f","0.652239313136515",58,"Fungi_4751","Ascomycota_4890",NA,NA,NA,NA,NA
"pt2","PUF.BOT.1","PUF_BOT_01","Botanical Garden","17/05/2024","31/05/2024","0ba7f6bb10f8942755a4f712e7edd234","0.652448760589441",56,"Metazoa_33208","Arthropoda_6656","Arachnida_6854",NA,NA,NA,NA
"pt2","PUF.BOT.1","PUF_BOT_01","Botanical Garden","17/05/2024","31/05/2024","6b0d07a473eb76bedbf9d0f363f2848b","0.99992583245554",54,"Fungi_4751","Ascomycota_4890","Eurotiomycetes_147545","Eurotiales_5042","Aspergillaceae_1131492","Aspergillus_5052","Aspergillus_fumigatus_746128"
"pt2","PUF.BOT.1","PUF_BOT_01","Botanical Garden","17/05/2024","31/05/2024","f45a3c8ce5905a5dbb537ae4f85338f2","0.98004246106181",52,"Fungi_4751","Ascomycota_4890","Leotiomycetes_147548",NA,NA,NA,NA
"pt2","PUF.BOT.1","PUF_BOT_01","Botanical Garden","17/05/2024","31/05/2024","83f4a8265c04c17446e59b8275ea6aef","0.656356612132249",49,"Fungi_4751","Ascomycota_4890","Leotiomycetes_147548",NA,NA,NA,NA
"pt2","PUF.BOT.1","PUF_BOT_01","Botanical Garden","17/05/2024","31/05/2024","ddfd319f3d88ba3067d804c949cf1f1a","0.436151395675201",47,"Fungi_4751","Ascomycota_4890",NA,NA,NA,NA,NA
"pt2","PUF.BOT.1","PUF_BOT_01","Botanical Garden","17/05/2024","31/05/2024","332d4393db73c7427984790777e06dd6","0.353990995074119",45,"Metazoa_33208","Arthropoda_6656","Arachnida_6854",NA,NA,NA,NA
"pt2","PUF.BOT.1","PUF_BOT_01","Botanical Garden","17/05/2024","31/05/2024","d5b7e54064dd050f95bd94e5f21f7880","0.195993521143353",45,"Metazoa_33208","Arthropoda_6656","Insecta_50557","Hymenoptera_7399",NA,NA,NA
"pt2","PUF.BOT.1","PUF_BOT_01","Botanical Garden","17/05/2024","31/05/2024","d34620f9010b056ae75236e89a5e85dc","0.634892036069937",43,"Fungi_4751","Ascomycota_4890","Sordariomycetes_147550",NA,NA,NA,NA
"pt2","PUF.BOT.1","PUF_BOT_01","Botanical Garden","17/05/2024","31/05/2024","c8ac0bf602c206a03abb8013b161adad","0.934118238061332",43,"Fungi_4751","Ascomycota_4890","Leotiomycetes_147548",NA,NA,NA,NA
"pt2","PUF.BOT.1","PUF_BOT_01","Botanical Garden","17/05/2024","31/05/2024","d11327923f9891763cf14b7c9d17d63b","0.546901881168551",43,"Fungi_4751","Ascomycota_4890","Leotiomycetes_147548",NA,NA,NA,NA
"pt2","PUF.BOT.1","PUF_BOT_01","Botanical Garden","17/05/2024","31/05/2024","6532a188bd6e5ff1cf3dcec397d8387a","0.906026522778471",42,"Fungi_4751","Ascomycota_4890","Leotiomycetes_147548",NA,NA,NA,NA
"pt2","PUF.BOT.1","PUF_BOT_01","Botanical Garden","17/05/2024","31/05/2024","2243bf1dd1e267282575ff7c453fc2b1","0.999885022533997",41,"Fungi_4751","Ascomycota_4890","Leotiomycetes_147548",NA,NA,NA,NA
"pt2","PUF.BOT.1","PUF_BOT_01","Botanical Garden","17/05/2024","31/05/2024","9de6f98eb94fb9e0c6396d076e62c840","0.711516670393405",40,"Fungi_4751","Ascomycota_4890","Sordariomycetes_147550","Hypocreales_5125",NA,NA,NA
"pt2","PUF.BOT.1","PUF_BOT_01","Botanical Garden","17/05/2024","31/05/2024","0da03bee56cd2894f91b852c221c84d0","0.536459125746362",40,"Fungi_4751","Ascomycota_4890","Leotiomycetes_147548",NA,NA,NA,NA
"pt2","PUF.BOT.1","PUF_BOT_01","Botanical Garden","17/05/2024","31/05/2024","a4fd0321a092d37f79abe724924ec99d","0.253537472649972",39,"Metazoa_33208","Arthropoda_6656",NA,NA,NA,NA,NA
"pt2","PUF.BOT.1","PUF_BOT_01","Botanical Garden","17/05/2024","31/05/2024","8c64542121a0ba4d67a0eedd4eeead17","0.99999999999649",38,"Eukaryota_2759_kingdom","Heterolobosea_5752","Heterolobosea_5752_class","Heterolobosea_5752_class_order","Acrasidae_1144924","Acrasis_43694","Acrasis_kona_1008807"
"pt2","PUF.BOT.1","PUF_BOT_01","Botanical Garden","17/05/2024","31/05/2024","2c6c960470dac1d537a2e7d6da33a9f6","0.952860593744257",38,"Fungi_4751","Ascomycota_4890","Leotiomycetes_147548",NA,NA,NA,NA
"pt2","PUF.BOT.1","PUF_BOT_01","Botanical Garden","17/05/2024","31/05/2024","34df659fb1909ef2f3756ff203dc7472","0.747398931406143",37,"Fungi_4751","Ascomycota_4890","Leotiomycetes_147548",NA,NA,NA,NA
"pt2","PUF.BOT.1","PUF_BOT_01","Botanical Garden","17/05/2024","31/05/2024","e961ee812e814a754542db23bae2cf68","0.390753683146527",37,"Metazoa_33208","Arthropoda_6656","Arachnida_6854",NA,NA,NA,NA
"pt2","PUF.BOT.1","PUF_BOT_01","Botanical Garden","17/05/2024","31/05/2024","1eb7cf43f6d42bb656bf9359335ec358","0.99714878963493",36,"Metazoa_33208","Arthropoda_6656","Insecta_50557","Hemiptera_7524","Aphididae_27482","Eriosoma_133081","Eriosoma_americanum_527649"
"pt2","PUF.BOT.1","PUF_BOT_01","Botanical Garden","17/05/2024","31/05/2024","80b49ad4a2a92c44a7111bd3822b3734","0.570088389375488",36,"Fungi_4751","Ascomycota_4890","Leotiomycetes_147548",NA,NA,NA,NA
"pt2","PUF.BOT.1","PUF_BOT_01","Botanical Garden","17/05/2024","31/05/2024","e97fe7d8452dcbaa49c219b8545767c6","0.990267536436424",35,"Fungi_4751","Ascomycota_4890","Leotiomycetes_147548",NA,NA,NA,NA
"pt2","PUF.BOT.1","PUF_BOT_01","Botanical Garden","17/05/2024","31/05/2024","21e486e5b0390082e16f41592cd6db47","0.208806068792897",34,"Metazoa_33208","Cnidaria_6073",NA,NA,NA,NA,NA
"pt2","PUF.BOT.1","PUF_BOT_01","Botanical Garden","17/05/2024","31/05/2024","6d6c5d4b667b5aa9b127138a0965092b","0.553313663934411",34,"Fungi_4751","Basidiomycota_5204","Agaricomycetes_155619","Auriculariales_5226","Auriculariaceae_5227","Auricularia_5230","Auricularia_auricula-judae_29892"
"pt2","PUF.BOT.1","PUF_BOT_01","Botanical Garden","17/05/2024","31/05/2024","aa7b506e6bb5560e875a78bec0f910e8","0.947665774510226",34,"Fungi_4751","Ascomycota_4890","Leotiomycetes_147548",NA,NA,NA,NA
"pt2","PUF.BOT.1","PUF_BOT_01","Botanical Garden","17/05/2024","31/05/2024","72ea551712e1e5c28f4e9a189adf6d90","0.426103154269762",33,"Fungi_4751","Ascomycota_4890",NA,NA,NA,NA,NA
"pt2","PUF.BOT.1","PUF_BOT_01","Botanical Garden","17/05/2024","31/05/2024","c1749f731e79408f8e53db1e81a21bd9","0.311511024666531",31,"Metazoa_33208","Arthropoda_6656","Insecta_50557","Hemiptera_7524",NA,NA,NA
"pt2","PUF.BOT.1","PUF_BOT_01","Botanical Garden","17/05/2024","31/05/2024","295ddcc48ca701ccb0d8e8ff7c7ff783","0.929189145031692",30,"Fungi_4751","Basidiomycota_5204","Tremellomycetes_155616","Tremellales_5234","Bulleribasidiaceae_1884640","Dioszegia_165440","Dioszegia_changbaiensis_234950"
"pt2","PUF.BOT.1","PUF_BOT_01","Botanical Garden","17/05/2024","31/05/2024","1bdca4143e86fddb1553b2f77d3f876d","0.999999999356774",30,"Metazoa_33208","Arthropoda_6656","Insecta_50557","Diptera_7147","Chironomidae_7149","Heleniella_611355",NA
"pt2","PUF.BOT.1","PUF_BOT_01","Botanical Garden","17/05/2024","31/05/2024","bea2ef497bc51a39fd3ffb7c2c7d389b","0.326601148763297",26,"Fungi_4751","Basidiomycota_5204","Cystobasidiomycetes_432005","Cystobasidiales_204043","Cystobasidiaceae_34418",NA,NA
"pt2","PUF.BOT.1","PUF_BOT_01","Botanical Garden","17/05/2024","31/05/2024","b9c59e41bc7e412f1d0c3ba06d2c7d47","0.72767868180516",25,"Metazoa_33208","Arthropoda_6656","Insecta_50557","Trichoptera_30263","Hydropsychidae_41030","Cheumatopsyche_177865","Cheumatopsyche_campyla_692082"
"pt2","PUF.BOT.1","PUF_BOT_01","Botanical Garden","17/05/2024","31/05/2024","20a6592d305ad5bbcdcf5370f212cdac","0.780243159746674",25,"Fungi_4751","Ascomycota_4890","Sordariomycetes_147550",NA,NA,NA,NA
"pt2","PUF.BOT.1","PUF_BOT_01","Botanical Garden","17/05/2024","31/05/2024","c1265024319347f10b97d2bafeb27507","0.826535849403676",24,"Fungi_4751","Ascomycota_4890","Sordariomycetes_147550",NA,NA,NA,NA
"pt2","PUF.BOT.1","PUF_BOT_01","Botanical Garden","17/05/2024","31/05/2024","487f6655d4dce6a9c2625937201acc22","0.450334396662372",24,"Metazoa_33208","Arthropoda_6656","Arachnida_6854",NA,NA,NA,NA
"pt2","PUF.BOT.1","PUF_BOT_01","Botanical Garden","17/05/2024","31/05/2024","4270156948c2dd6c74e31c16f5860dc7","0.498904446887203",24,"Fungi_4751","Ascomycota_4890","Dothideomycetes_147541","Pleosporales_92860","Shiraiaceae_224418","Shiraia_224419","Shiraia_bambusicola_224420"
"pt2","PUF.BOT.1","PUF_BOT_01","Botanical Garden","17/05/2024","31/05/2024","0cb311ec6ba6cad1e44a283d562f61a4","0.476078933611679",23,"Fungi_4751","Ascomycota_4890","Dothideomycetes_147541","Pleosporales_92860","Shiraiaceae_224418","Shiraia_224419","Shiraia_bambusicola_224420"
"pt2","PUF.BOT.1","PUF_BOT_01","Botanical Garden","17/05/2024","31/05/2024","ef6c5d9224ce8b85a894bbfe6da173c8","0.953631496564354",22,"Fungi_4751","Ascomycota_4890",NA,NA,NA,NA,NA
"pt2","PUF.BOT.1","PUF_BOT_01","Botanical Garden","17/05/2024","31/05/2024","a97e1b9aaeb7bd9feb70effcd7085ead","0.999999766632256",22,"Eukaryota_2759_kingdom","Oomycota_4762","Oomycota_4762_class","Peronosporales_4776","Peronosporaceae_4777","Peronospora_70742","Peronospora_arthurii_230436"
"pt2","PUF.BOT.1","PUF_BOT_01","Botanical Garden","17/05/2024","31/05/2024","5fd6212f5fd870ce63fd6d7d8b0908ea","0.894233676618885",22,"Fungi_4751","Ascomycota_4890","Sordariomycetes_147550",NA,NA,NA,NA
"pt2","PUF.BOT.1","PUF_BOT_01","Botanical Garden","17/05/2024","31/05/2024","7f663d5ddcc0b57a6ec8cd6f49f62705","0.499036386995904",21,"Fungi_4751","Basidiomycota_5204","Cystobasidiomycetes_432005","Cystobasidiales_204043","Cystobasidiaceae_34418",NA,NA
"pt2","PUF.BOT.1","PUF_BOT_01","Botanical Garden","17/05/2024","31/05/2024","f9daeb92bd2886c072b578828d856be0","0.795094827263468",20,"Fungi_4751","Ascomycota_4890","Dothideomycetes_147541",NA,NA,NA,NA
"pt2","PUF.BOT.1","PUF_BOT_01","Botanical Garden","17/05/2024","31/05/2024","3a6fb3a082aff96669b5a9697ca8222f","0.988192578305971",19,"Fungi_4751","Ascomycota_4890","Sordariomycetes_147550",NA,NA,NA,NA
"pt2","PUF.BOT.1","PUF_BOT_01","Botanical Garden","17/05/2024","31/05/2024","dad7520e5554f130272b6ec0b6052ddc","0.992553271794522",19,"Fungi_4751","Ascomycota_4890","Dothideomycetes_147541","Pleosporales_92860","Shiraiaceae_224418","Shiraia_224419","Shiraia_bambusicola_224420"
"pt2","PUF.BOT.1","PUF_BOT_01","Botanical Garden","17/05/2024","31/05/2024","d02abd7f7605757a71b855324e344a3d","0.297153359459412",18,"Fungi_4751","Basidiomycota_5204","Cystobasidiomycetes_432005","Cystobasidiales_204043","Cystobasidiaceae_34418",NA,NA
"pt2","PUF.BOT.1","PUF_BOT_01","Botanical Garden","17/05/2024","31/05/2024","2be55b1ac487700043b8534318099fc3","0.412841930115038",18,"Metazoa_33208","Arthropoda_6656","Insecta_50557","Hemiptera_7524",NA,NA,NA
"pt2","PUF.BOT.1","PUF_BOT_01","Botanical Garden","17/05/2024","31/05/2024","e114da4ba63c955e21201ee1e86cd8bc","0.430488539077737",17,"Fungi_4751","Ascomycota_4890","Sordariomycetes_147550",NA,NA,NA,NA
"pt2","PUF.BOT.1","PUF_BOT_01","Botanical Garden","17/05/2024","31/05/2024","75d59202786c1b63b228be47313ef3dc","0.641851469025242",16,"Fungi_4751","Ascomycota_4890","Dothideomycetes_147541","Cladosporiales_2726946","Cladosporiaceae_452563","Cladosporium_5498","Cladosporium_bruhnei_450181"
"pt2","PUF.BOT.1","PUF_BOT_01","Botanical Garden","17/05/2024","31/05/2024","ebcd23ae8193f12ab6c7c0daa06a42d2","0.539669101338307",16,"Fungi_4751","Ascomycota_4890","Eurotiomycetes_147545","Eurotiales_5042",NA,NA,NA
"pt2","PUF.BOT.1","PUF_BOT_01","Botanical Garden","17/05/2024","31/05/2024","1df8963871166d02dfbd72ee9059ef6b","0.740589606216373",16,"Fungi_4751","Ascomycota_4890","Sordariomycetes_147550","Hypocreales_5125",NA,NA,NA
"pt2","PUF.BOT.1","PUF_BOT_01","Botanical Garden","17/05/2024","31/05/2024","8731e662f9e6a44400f0003f885491dc","0.903867648277213",15,"Fungi_4751","Basidiomycota_5204","Agaricomycetes_155619","Agaricales_5338","Clitocybaceae_2982168","Clitocybe_50966",NA
"pt2","PUF.IPEX.5","PUF_IPEX_05","IPEX","10/07/2024","24/07/2024","0c11abb10ca8c4ca6a9466f89d510f2e","0.907238614804815",3773,"Metazoa_33208","Arthropoda_6656","Insecta_50557","Hemiptera_7524","Pentatomidae_160513","Glypsus_-21471","Glypsus_conspicuus_-21472"
"pt2","PUF.IPEX.5","PUF_IPEX_05","IPEX","10/07/2024","24/07/2024","589974931988706a852f1bb2c5aa12dc","0.814574741442148",2006,"Fungi_4751","Basidiomycota_5204","Exobasidiomycetes_452283","Microstromatales_162475","Microstromatales_162475_family","Jaminaea_561108",NA
"pt2","PUF.IPEX.5","PUF_IPEX_05","IPEX","10/07/2024","24/07/2024","f7718bbdbd503a21d2692b3b333490cb","0.55302161898262",184,"Fungi_4751","Basidiomycota_5204","Exobasidiomycetes_452283","Microstromatales_162475","Microstromatales_162475_family","Jaminaea_561108",NA
"pt2","PUF.IPEX.5","PUF_IPEX_05","IPEX","10/07/2024","24/07/2024","eec2170a8f2d0cd7dc3a18841a1ea5c7","0.999999999699554",1656,"Fungi_4751","Basidiomycota_5204","Exobasidiomycetes_452283","Microstromatales_162475",NA,NA,NA
"pt2","PUF.IPEX.5","PUF_IPEX_05","IPEX","10/07/2024","24/07/2024","b43d19c6734061aba20cde4334b0c772","0.933623859448047",1969,"Fungi_4751","Ascomycota_4890","Dothideomycetes_147541","Cladosporiales_2726946","Cladosporiaceae_452563","Cladosporium_5498","Cladosporium_bruhnei_450181"
"pt2","PUF.IPEX.5","PUF_IPEX_05","IPEX","10/07/2024","24/07/2024","bec08d51eb66022d7172c03768d5fd5d","0.937210778414611",322,"Fungi_4751","Ascomycota_4890","Dothideomycetes_147541","Cladosporiales_2726946","Cladosporiaceae_452563","Cladosporium_5498","Cladosporium_cladosporioides_29917"
"pt2","PUF.IPEX.5","PUF_IPEX_05","IPEX","10/07/2024","24/07/2024","0d1a483ebd4773116542454b0cc1a266","0.88739453904822",134,"Fungi_4751","Ascomycota_4890","Sordariomycetes_147550",NA,NA,NA,NA
"pt2","PUF.IPEX.5","PUF_IPEX_05","IPEX","10/07/2024","24/07/2024","42a334b44b84641c69386150c7cde441","0.975711405297424",336,"Fungi_4751","Ascomycota_4890","Leotiomycetes_147548",NA,NA,NA,NA
"pt2","PUF.IPEX.5","PUF_IPEX_05","IPEX","10/07/2024","24/07/2024","5580961b9a41be03abce5562553ec49c","0.419336811656045",59,"Metazoa_33208","Arthropoda_6656","Arachnida_6854",NA,NA,NA,NA
"pt2","PUF.IPEX.5","PUF_IPEX_05","IPEX","10/07/2024","24/07/2024","c0899651ae378553204b1e5ea53060b9","0.621258210680944",228,"Fungi_4751","Basidiomycota_5204","Exobasidiomycetes_452283","Microstromatales_162475","Microstromatales_162475_family","Jaminaea_561108",NA
"pt2","PUF.IPEX.5","PUF_IPEX_05","IPEX","10/07/2024","24/07/2024","ce9e585d5196adf56f4e2c0e02e27b73","0.499999974718733",68,"Fungi_4751","Basidiomycota_5204","Microbotryomycetes_162481","Sporidiobolales_231213","Sporidiobolaceae_1799696",NA,NA
"pt2","PUF.IPEX.5","PUF_IPEX_05","IPEX","10/07/2024","24/07/2024","53814ac04567f8e2287c46b0b52f47f1","0.851549716705765",139,"Fungi_4751","Ascomycota_4890","Dothideomycetes_147541",NA,NA,NA,NA
"pt2","PUF.IPEX.5","PUF_IPEX_05","IPEX","10/07/2024","24/07/2024","96a2ca12e55abcc9577bcd54e6debad3","0.834652805023254",102,"Fungi_4751","Ascomycota_4890","Leotiomycetes_147548",NA,NA,NA,NA
"pt2","PUF.IPEX.5","PUF_IPEX_05","IPEX","10/07/2024","24/07/2024","d388a42f47cf0aff79dc33ea832fa6ba","0.688087973270429",454,"Fungi_4751","Ascomycota_4890","Sordariomycetes_147550","Hypocreales_5125","Nectriaceae_110618","Fusarium_5506","Fusarium_babinda_48486"
"pt2","PUF.IPEX.5","PUF_IPEX_05","IPEX","10/07/2024","24/07/2024","4df3521688221ba63732d3172cbad532","0.587660626731592",76,"Fungi_4751","Ascomycota_4890","Sordariomycetes_147550",NA,NA,NA,NA
"pt2","PUF.IPEX.5","PUF_IPEX_05","IPEX","10/07/2024","24/07/2024","18afda2e4c3b03e088538500a42aa706","0.14863927909265",221,"Metazoa_33208","Cnidaria_6073",NA,NA,NA,NA,NA
"pt2","PUF.IPEX.5","PUF_IPEX_05","IPEX","10/07/2024","24/07/2024","efbf72a920a03347f6407072b84a43f9","0.999459556668486",1165,"Fungi_4751","Basidiomycota_5204","Agaricomycetes_155619","Russulales_452342","Peniophoraceae_103393","Peniophora_40463","Peniophora_lycii_154539"
"pt2","PUF.IPEX.5","PUF_IPEX_05","IPEX","10/07/2024","24/07/2024","5aed11ba544c173021f3e6b6409a1d21","0.991137813442884",94,"Fungi_4751","Ascomycota_4890","Sordariomycetes_147550",NA,NA,NA,NA
"pt2","PUF.IPEX.5","PUF_IPEX_05","IPEX","10/07/2024","24/07/2024","5f907557675481632654c893c4e319d5","0.369832764629548",543,"Fungi_4751","Ascomycota_4890","Dothideomycetes_147541","Cladosporiales_2726946","Cladosporiaceae_452563","Cladosporium_5498","Cladosporium_bruhnei_450181"
"pt2","PUF.IPEX.5","PUF_IPEX_05","IPEX","10/07/2024","24/07/2024","9120a8bbdc5d8261589ee9e90f0509a9","0.158530216682823",194,"Fungi_4751","Basidiomycota_5204","Agaricomycetes_155619","Boletales_68889","Boletaceae_5368","Tylopilus_80671","Tylopilus_plumbeoviolaceoides_374766"
"pt2","PUF.IPEX.5","PUF_IPEX_05","IPEX","10/07/2024","24/07/2024","8187787e018ce4815342f12d65ff7dc8","0.464733719684335",184,"Fungi_4751","Ascomycota_4890","Sordariomycetes_147550",NA,NA,NA,NA
"pt2","PUF.IPEX.5","PUF_IPEX_05","IPEX","10/07/2024","24/07/2024","186655c711d9c22435d048944254d180","0.999918046946559",840,"Fungi_4751","Basidiomycota_5204","Agaricomycetes_155619","Russulales_452342","Peniophoraceae_103393","Peniophora_40463","Peniophora_lycii_154539"
"pt2","PUF.IPEX.5","PUF_IPEX_05","IPEX","10/07/2024","24/07/2024","e2f909b13c3ebf8128f397a64f5faae1","0.865408471778355",305,"Fungi_4751","Basidiomycota_5204","Agaricomycetes_155619","Agaricales_5338","Psathyrellaceae_184208","Candolleomyces_2791032","Candolleomyces_candolleanus_71730"
"pt2","PUF.IPEX.5","PUF_IPEX_05","IPEX","10/07/2024","24/07/2024","bcf59b4926413543b3fb02800d2d5b80","0.999999999844206",59,"Eukaryota_2759_kingdom","Oomycota_4762","Oomycota_4762_class","Peronosporales_4776","Peronosporaceae_4777","Plasmopara_4780","Plasmopara_carveri_3350122"
"pt2","PUF.IPEX.5","PUF_IPEX_05","IPEX","10/07/2024","24/07/2024","02e9a719b9dab5bd47c5fa414506bceb","0.953846760547688",82,"Fungi_4751","Ascomycota_4890","Leotiomycetes_147548",NA,NA,NA,NA
"pt2","PUF.IPEX.5","PUF_IPEX_05","IPEX","10/07/2024","24/07/2024","60ed8a06138d911c61bed7f3f6fd672a","0.990641217654615",106,"Fungi_4751","Basidiomycota_5204","Agaricomycetes_155619","Agaricales_5338","Schizophyllaceae_5332","Schizophyllum_5333","Schizophyllum_commune_5334"
"pt2","PUF.IPEX.5","PUF_IPEX_05","IPEX","10/07/2024","24/07/2024","5be1d53751f3907ff2f5d002e6a3d716","0.915464081512389",129,"Fungi_4751","Ascomycota_4890","Leotiomycetes_147548",NA,NA,NA,NA
"pt2","PUF.IPEX.5","PUF_IPEX_05","IPEX","10/07/2024","24/07/2024","a9649dc75c437494ef47fb5c4191b00f","0.499632601664568",85,"Fungi_4751","Mucoromycota_1913637","Mucoromycetes_2212703","Mucorales_4827","Lichtheimiaceae_499202","Lichtheimia_688353","Lichtheimia_hongkongensis_549293"
"pt2","PUF.IPEX.5","PUF_IPEX_05","IPEX","10/07/2024","24/07/2024","860b57eecef779b33903310d968fcc74","0.792677784674948",996,"Metazoa_33208","Arthropoda_6656","Arachnida_6854","Trombidiformes_83136","Pygmephoridae_1253854",NA,NA
"pt2","PUF.IPEX.5","PUF_IPEX_05","IPEX","10/07/2024","24/07/2024","7f182575baad2d44cbddc0244753a1f5","0.999999999346173",433,"Eukaryota_2759_kingdom","Oomycota_4762","Oomycota_4762_class","Peronosporales_4776","Peronosporaceae_4777","Plasmopara_4780","Plasmopara_carveri_3350122"
"pt2","PUF.IPEX.5","PUF_IPEX_05","IPEX","10/07/2024","24/07/2024","12458b2a0937bbde973d321eebd537dd","0.872607235225293",201,"Fungi_4751","Ascomycota_4890",NA,NA,NA,NA,NA
"pt2","PUF.IPEX.5","PUF_IPEX_05","IPEX","10/07/2024","24/07/2024","fcfa73c2500b3d83a4a2f5ef495b2695","0.763753965029741",130,"Fungi_4751","Ascomycota_4890","Leotiomycetes_147548",NA,NA,NA,NA
"pt2","PUF.IPEX.5","PUF_IPEX_05","IPEX","10/07/2024","24/07/2024","6c8afa4bb7c0245c68e1f9e1c00c3c81","0.989190192376783",121,"Metazoa_33208","Arthropoda_6656","Collembola_30001","Symphypleona_79705","Bourletiellidae_187607","Deuterosminthurus_1304590","Deuterosminthurus_bicinctus_2041938"
"pt2","PUF.IPEX.5","PUF_IPEX_05","IPEX","10/07/2024","24/07/2024","cd105d28d4d35f057ad155c0d6676939","0.615409157326562",120,"Fungi_4751","Ascomycota_4890","Sordariomycetes_147550",NA,NA,NA,NA
"pt2","PUF.IPEX.5","PUF_IPEX_05","IPEX","10/07/2024","24/07/2024","6874dd172e908401f659917eccfef8b1","0.839633636059701",117,"Fungi_4751","Ascomycota_4890","Sordariomycetes_147550",NA,NA,NA,NA
"pt2","PUF.IPEX.5","PUF_IPEX_05","IPEX","10/07/2024","24/07/2024","f9c1a0df0b70f38b19759e45b21db63a","0.589641706933968",91,"Fungi_4751","Ascomycota_4890","Sordariomycetes_147550","Hypocreales_5125",NA,NA,NA
"pt2","PUF.IPEX.5","PUF_IPEX_05","IPEX","10/07/2024","24/07/2024","bd29633837bcc3003dd038eac7ec33ff","0.280159842707106",85,"Fungi_4751","Basidiomycota_5204","Agaricomycetes_155619","Boletales_68889","Boletaceae_5368","Tylopilus_80671",NA
"pt2","PUF.IPEX.5","PUF_IPEX_05","IPEX","10/07/2024","24/07/2024","f99765faefc605e998e4c45df7e36716","0.38318037908547",76,"Fungi_4751","Ascomycota_4890","Sordariomycetes_147550",NA,NA,NA,NA
"pt2","PUF.IPEX.5","PUF_IPEX_05","IPEX","10/07/2024","24/07/2024","797194835044877011873c9ac3719657","0.987077244402822",62,"Fungi_4751","Ascomycota_4890","Leotiomycetes_147548",NA,NA,NA,NA
"pt2","PUF.IPEX.5","PUF_IPEX_05","IPEX","10/07/2024","24/07/2024","d1f498b407238a672962bbedb106f9f0","0.996186623095339",58,"Metazoa_33208","Arthropoda_6656","Insecta_50557","Hemiptera_7524","Pentatomidae_160513","Rhacognathus_1545358","Rhacognathus_americanus_-21479"
"pt2","PUF.MBO.7","PUF_MBO_07","Bird Observatory","12/08/2024","26/08/2024","0c11abb10ca8c4ca6a9466f89d510f2e","0.907238614804815",1123,"Metazoa_33208","Arthropoda_6656","Insecta_50557","Hemiptera_7524","Pentatomidae_160513","Glypsus_-21471","Glypsus_conspicuus_-21472"
"pt2","PUF.MBO.7","PUF_MBO_07","Bird Observatory","12/08/2024","26/08/2024","589974931988706a852f1bb2c5aa12dc","0.814574741442148",1086,"Fungi_4751","Basidiomycota_5204","Exobasidiomycetes_452283","Microstromatales_162475","Microstromatales_162475_family","Jaminaea_561108",NA
"pt2","PUF.MBO.7","PUF_MBO_07","Bird Observatory","12/08/2024","26/08/2024","f7718bbdbd503a21d2692b3b333490cb","0.55302161898262",616,"Fungi_4751","Basidiomycota_5204","Exobasidiomycetes_452283","Microstromatales_162475","Microstromatales_162475_family","Jaminaea_561108",NA
"pt2","PUF.MBO.7","PUF_MBO_07","Bird Observatory","12/08/2024","26/08/2024","eec2170a8f2d0cd7dc3a18841a1ea5c7","0.999999999699554",1803,"Fungi_4751","Basidiomycota_5204","Exobasidiomycetes_452283","Microstromatales_162475",NA,NA,NA
"pt2","PUF.MBO.7","PUF_MBO_07","Bird Observatory","12/08/2024","26/08/2024","b43d19c6734061aba20cde4334b0c772","0.933623859448047",998,"Fungi_4751","Ascomycota_4890","Dothideomycetes_147541","Cladosporiales_2726946","Cladosporiaceae_452563","Cladosporium_5498","Cladosporium_bruhnei_450181"
"pt2","PUF.MBO.7","PUF_MBO_07","Bird Observatory","12/08/2024","26/08/2024","bec08d51eb66022d7172c03768d5fd5d","0.937210778414611",311,"Fungi_4751","Ascomycota_4890","Dothideomycetes_147541","Cladosporiales_2726946","Cladosporiaceae_452563","Cladosporium_5498","Cladosporium_cladosporioides_29917"
"pt2","PUF.MBO.7","PUF_MBO_07","Bird Observatory","12/08/2024","26/08/2024","0d1a483ebd4773116542454b0cc1a266","0.88739453904822",444,"Fungi_4751","Ascomycota_4890","Sordariomycetes_147550",NA,NA,NA,NA
"pt2","PUF.MBO.7","PUF_MBO_07","Bird Observatory","12/08/2024","26/08/2024","a4ce6cfe96b9ce0ad304803934790435","0.505582624946131",257,"Fungi_4751","Basidiomycota_5204","Exobasidiomycetes_452283","Microstromatales_162475",NA,NA,NA
"pt2","PUF.MBO.7","PUF_MBO_07","Bird Observatory","12/08/2024","26/08/2024","42a334b44b84641c69386150c7cde441","0.975711405297424",160,"Fungi_4751","Ascomycota_4890","Leotiomycetes_147548",NA,NA,NA,NA
"pt2","PUF.MBO.7","PUF_MBO_07","Bird Observatory","12/08/2024","26/08/2024","5580961b9a41be03abce5562553ec49c","0.419336811656045",45,"Metazoa_33208","Arthropoda_6656","Arachnida_6854",NA,NA,NA,NA
"pt2","PUF.MBO.7","PUF_MBO_07","Bird Observatory","12/08/2024","26/08/2024","c0899651ae378553204b1e5ea53060b9","0.621258210680944",43,"Fungi_4751","Basidiomycota_5204","Exobasidiomycetes_452283","Microstromatales_162475","Microstromatales_162475_family","Jaminaea_561108",NA
"pt2","PUF.MBO.7","PUF_MBO_07","Bird Observatory","12/08/2024","26/08/2024","c684f602961d1fa707824757cb55af21","0.980027983287282",35,"Fungi_4751","Ascomycota_4890","Leotiomycetes_147548",NA,NA,NA,NA
"pt2","PUF.MBO.7","PUF_MBO_07","Bird Observatory","12/08/2024","26/08/2024","df763680c53a93fe7465936ea7f8492f","0.499999998707771",39,"Fungi_4751","Basidiomycota_5204","Microbotryomycetes_162481","Sporidiobolales_231213","Sporidiobolaceae_1799696",NA,NA
"pt2","PUF.MBO.7","PUF_MBO_07","Bird Observatory","12/08/2024","26/08/2024","d6626a1d124518b308f9a8879b48cdbf","0.594898914748369",129,"Fungi_4751","Basidiomycota_5204",NA,NA,NA,NA,NA
"pt2","PUF.MBO.7","PUF_MBO_07","Bird Observatory","12/08/2024","26/08/2024","efe1ce8e8d1b9cdb5da01eb790e3abcc","0.499999775441608",44,"Fungi_4751","Basidiomycota_5204","Microbotryomycetes_162481","Sporidiobolales_231213","Sporidiobolaceae_1799696",NA,NA
"pt2","PUF.MBO.7","PUF_MBO_07","Bird Observatory","12/08/2024","26/08/2024","8277aef53dee13c182babc116a100648","0.407898027838656",39,"Fungi_4751","Ascomycota_4890","Leotiomycetes_147548",NA,NA,NA,NA
"pt2","PUF.MBO.7","PUF_MBO_07","Bird Observatory","12/08/2024","26/08/2024","53814ac04567f8e2287c46b0b52f47f1","0.851549716705765",61,"Fungi_4751","Ascomycota_4890","Dothideomycetes_147541",NA,NA,NA,NA
"pt2","PUF.MBO.7","PUF_MBO_07","Bird Observatory","12/08/2024","26/08/2024","e07e46d7aafd4deecdc6327a714c759c","0.946704056119496",97,"Fungi_4751","Ascomycota_4890","Leotiomycetes_147548",NA,NA,NA,NA
"pt2","PUF.MBO.7","PUF_MBO_07","Bird Observatory","12/08/2024","26/08/2024","922c407078b43f634da20b2e149c57c5","0.973530600220828",56,"Fungi_4751","Ascomycota_4890","Leotiomycetes_147548",NA,NA,NA,NA
"pt2","PUF.MBO.7","PUF_MBO_07","Bird Observatory","12/08/2024","26/08/2024","81c40f150ea7abd71722b5bb5394c944","0.884292955825016",43,"Fungi_4751","Ascomycota_4890","Sordariomycetes_147550","Hypocreales_5125",NA,NA,NA
"pt2","PUF.MBO.7","PUF_MBO_07","Bird Observatory","12/08/2024","26/08/2024","a26e6cc23365c60897b7d620c23de990","0.944259328386728",55,"Metazoa_33208","Arthropoda_6656","Insecta_50557","Lepidoptera_7088","Pyralidae_7135","Pionidia_2613197",NA
"pt2","PUF.MBO.7","PUF_MBO_07","Bird Observatory","12/08/2024","26/08/2024","18afda2e4c3b03e088538500a42aa706","0.14863927909265",80,"Metazoa_33208","Cnidaria_6073",NA,NA,NA,NA,NA
"pt2","PUF.MBO.7","PUF_MBO_07","Bird Observatory","12/08/2024","26/08/2024","efbf72a920a03347f6407072b84a43f9","0.999459556668486",2841,"Fungi_4751","Basidiomycota_5204","Agaricomycetes_155619","Russulales_452342","Peniophoraceae_103393","Peniophora_40463","Peniophora_lycii_154539"
"pt2","PUF.MBO.7","PUF_MBO_07","Bird Observatory","12/08/2024","26/08/2024","2f13f121577313e78366e6a1423c94fb","0.967606140881254",77,"Fungi_4751","Ascomycota_4890","Dothideomycetes_147541","Pleosporales_92860","Shiraiaceae_224418","Shiraia_224419","Shiraia_bambusicola_224420"
"pt2","PUF.MBO.7","PUF_MBO_07","Bird Observatory","12/08/2024","26/08/2024","32f572690ba816e1a0504c9650dba2da","0.307107241200301",94,"Metazoa_33208","Arthropoda_6656","Arachnida_6854",NA,NA,NA,NA
"pt2","PUF.MBO.7","PUF_MBO_07","Bird Observatory","12/08/2024","26/08/2024","757ecae2e601e8cb8f983ac712833b60","0.662704638933771",269,"Fungi_4751","Ascomycota_4890","Sordariomycetes_147550",NA,NA,NA,NA
"pt2","PUF.MBO.7","PUF_MBO_07","Bird Observatory","12/08/2024","26/08/2024","a1f6d38048d4358acff81fd1db53a7ec","0.769505472265296",36,"Fungi_4751","Ascomycota_4890","Leotiomycetes_147548",NA,NA,NA,NA
"pt2","PUF.MBO.7","PUF_MBO_07","Bird Observatory","12/08/2024","26/08/2024","aec35e427b95f1cbf2c6d6503e172a4f","0.279152099836879",61,"Fungi_4751","Ascomycota_4890",NA,NA,NA,NA,NA
"pt2","PUF.MBO.7","PUF_MBO_07","Bird Observatory","12/08/2024","26/08/2024","186655c711d9c22435d048944254d180","0.999918046946559",99,"Fungi_4751","Basidiomycota_5204","Agaricomycetes_155619","Russulales_452342","Peniophoraceae_103393","Peniophora_40463","Peniophora_lycii_154539"
"pt2","PUF.MBO.7","PUF_MBO_07","Bird Observatory","12/08/2024","26/08/2024","bcf59b4926413543b3fb02800d2d5b80","0.999999999844206",72,"Eukaryota_2759_kingdom","Oomycota_4762","Oomycota_4762_class","Peronosporales_4776","Peronosporaceae_4777","Plasmopara_4780","Plasmopara_carveri_3350122"
"pt2","PUF.MBO.7","PUF_MBO_07","Bird Observatory","12/08/2024","26/08/2024","855c2fab8cc20bbb6ccd9f90e7c5baff","0.468910821012382",124,"Fungi_4751","Ascomycota_4890","Leotiomycetes_147548",NA,NA,NA,NA
"pt2","PUF.MBO.7","PUF_MBO_07","Bird Observatory","12/08/2024","26/08/2024","13cff813e66c4b42868a7da9ec168ece","0.91756556220675",49,"Fungi_4751","Ascomycota_4890","Sordariomycetes_147550","Hypocreales_5125",NA,NA,NA
"pt2","PUF.MBO.7","PUF_MBO_07","Bird Observatory","12/08/2024","26/08/2024","ddfd319f3d88ba3067d804c949cf1f1a","0.436151395675201",106,"Fungi_4751","Ascomycota_4890",NA,NA,NA,NA,NA
"pt2","PUF.MBO.7","PUF_MBO_07","Bird Observatory","12/08/2024","26/08/2024","7f182575baad2d44cbddc0244753a1f5","0.999999999346173",51,"Eukaryota_2759_kingdom","Oomycota_4762","Oomycota_4762_class","Peronosporales_4776","Peronosporaceae_4777","Plasmopara_4780","Plasmopara_carveri_3350122"
"pt2","PUF.MBO.7","PUF_MBO_07","Bird Observatory","12/08/2024","26/08/2024","a94d5933f8cbed393e5699f4e53e8c13","0.789996524728913",38,"Fungi_4751","Ascomycota_4890","Sordariomycetes_147550",NA,NA,NA,NA
"pt2","PUF.MBO.7","PUF_MBO_07","Bird Observatory","12/08/2024","26/08/2024","030a9779379257c7c973bfe2ca3c577a","0.499894884765071",43,"Fungi_4751","Basidiomycota_5204","Cystobasidiomycetes_432005","Cystobasidiales_204043","Cystobasidiaceae_34418",NA,NA
"pt2","PUF.MBO.7","PUF_MBO_07","Bird Observatory","12/08/2024","26/08/2024","7ae6d7c02b568d40834a2318158b0f30","0.173666656623669",36,"Fungi_4751","Basidiomycota_5204","Agaricomycetes_155619","Boletales_68889","Boletaceae_5368","Aureoboletus_285022",NA
"pt2","PUF.BOU.2","PUF_BOU_02","Boucherville","10/06/2024","24/06/2024","0c11abb10ca8c4ca6a9466f89d510f2e","0.907238614804815",18,"Metazoa_33208","Arthropoda_6656","Insecta_50557","Hemiptera_7524","Pentatomidae_160513","Glypsus_-21471","Glypsus_conspicuus_-21472"
"pt2","PUF.BOU.2","PUF_BOU_02","Boucherville","10/06/2024","24/06/2024","eec2170a8f2d0cd7dc3a18841a1ea5c7","0.999999999699554",311,"Fungi_4751","Basidiomycota_5204","Exobasidiomycetes_452283","Microstromatales_162475",NA,NA,NA
"pt2","PUF.BOU.2","PUF_BOU_02","Boucherville","10/06/2024","24/06/2024","afb94828a83235f617d67b54fe89fe79","0.373408909311144",12,"Fungi_4751","Basidiomycota_5204","Pucciniomycetes_162484","Pucciniales_5258","Melampsoraceae_5259","Melampsora_5260","Melampsora_medusae_82101"
"pt2","PUF.BOU.2","PUF_BOU_02","Boucherville","10/06/2024","24/06/2024","b43d19c6734061aba20cde4334b0c772","0.933623859448047",686,"Fungi_4751","Ascomycota_4890","Dothideomycetes_147541","Cladosporiales_2726946","Cladosporiaceae_452563","Cladosporium_5498","Cladosporium_bruhnei_450181"
"pt2","PUF.BOU.2","PUF_BOU_02","Boucherville","10/06/2024","24/06/2024","0d1a483ebd4773116542454b0cc1a266","0.88739453904822",168,"Fungi_4751","Ascomycota_4890","Sordariomycetes_147550",NA,NA,NA,NA
"pt2","PUF.BOU.2","PUF_BOU_02","Boucherville","10/06/2024","24/06/2024","42a334b44b84641c69386150c7cde441","0.975711405297424",54,"Fungi_4751","Ascomycota_4890","Leotiomycetes_147548",NA,NA,NA,NA
"pt2","PUF.BOU.2","PUF_BOU_02","Boucherville","10/06/2024","24/06/2024","5580961b9a41be03abce5562553ec49c","0.419336811656045",23,"Metazoa_33208","Arthropoda_6656","Arachnida_6854",NA,NA,NA,NA
"pt2","PUF.BOU.2","PUF_BOU_02","Boucherville","10/06/2024","24/06/2024","e46a578b0e29ecec00b1077904a0e397","0.499999714525752",11,"Fungi_4751","Basidiomycota_5204","Microbotryomycetes_162481","Sporidiobolales_231213","Sporidiobolaceae_1799696",NA,NA
"pt2","PUF.BOU.2","PUF_BOU_02","Boucherville","10/06/2024","24/06/2024","c0899651ae378553204b1e5ea53060b9","0.621258210680944",16,"Fungi_4751","Basidiomycota_5204","Exobasidiomycetes_452283","Microstromatales_162475","Microstromatales_162475_family","Jaminaea_561108",NA
"pt2","PUF.BOU.2","PUF_BOU_02","Boucherville","10/06/2024","24/06/2024","6054764396456af05a8ec58302d41c02","0.499999934593067",25,"Fungi_4751","Basidiomycota_5204","Microbotryomycetes_162481","Sporidiobolales_231213","Sporidiobolaceae_1799696",NA,NA
"pt2","PUF.BOU.2","PUF_BOU_02","Boucherville","10/06/2024","24/06/2024","b3a298b6b16a5d32bd1ba8c64c3d64d7","0.758196564130766",32,"Fungi_4751","Ascomycota_4890","Dothideomycetes_147541","Pleosporales_92860","Shiraiaceae_224418","Shiraia_224419","Shiraia_bambusicola_224420"
"pt2","PUF.BOU.2","PUF_BOU_02","Boucherville","10/06/2024","24/06/2024","d1d24d5ef702ed8316897967f0aed4bc","0.438081783143306",43,"Fungi_4751","Ascomycota_4890","Sordariomycetes_147550",NA,NA,NA,NA
"pt2","PUF.BOU.2","PUF_BOU_02","Boucherville","10/06/2024","24/06/2024","a26e6cc23365c60897b7d620c23de990","0.944259328386728",21,"Metazoa_33208","Arthropoda_6656","Insecta_50557","Lepidoptera_7088","Pyralidae_7135","Pionidia_2613197",NA
"pt2","PUF.BOU.2","PUF_BOU_02","Boucherville","10/06/2024","24/06/2024","efbf72a920a03347f6407072b84a43f9","0.999459556668486",25,"Fungi_4751","Basidiomycota_5204","Agaricomycetes_155619","Russulales_452342","Peniophoraceae_103393","Peniophora_40463","Peniophora_lycii_154539"
"pt2","PUF.BOU.2","PUF_BOU_02","Boucherville","10/06/2024","24/06/2024","9c956e9b80da0678c9968a383600cb91","0.400801521740469",38,"Fungi_4751","Ascomycota_4890","Leotiomycetes_147548","Leotiomycetes_147548_order","Leotiomycetes_147548_order_family","Leohumicola_290614","Leohumicola_terminalis_290616"
"pt2","PUF.BOU.2","PUF_BOU_02","Boucherville","10/06/2024","24/06/2024","b4973746d688a7879255e08741b614fc","0.830431601896564",54,"Fungi_4751","Ascomycota_4890","Leotiomycetes_147548",NA,NA,NA,NA
"pt2","PUF.BOU.2","PUF_BOU_02","Boucherville","10/06/2024","24/06/2024","1707a862b6008f3300fce7e049d883fd","0.702568988665005",10,"Fungi_4751","Ascomycota_4890","Sordariomycetes_147550",NA,NA,NA,NA
"pt2","PUF.BOU.2","PUF_BOU_02","Boucherville","10/06/2024","24/06/2024","dece8419b8e4e1cc5d3a8bdc85038c21","0.996090882194318",49,"Fungi_4751","Ascomycota_4890","Leotiomycetes_147548",NA,NA,NA,NA
"pt2","PUF.BOU.2","PUF_BOU_02","Boucherville","10/06/2024","24/06/2024","5f907557675481632654c893c4e319d5","0.369832764629548",13,"Fungi_4751","Ascomycota_4890","Dothideomycetes_147541","Cladosporiales_2726946","Cladosporiaceae_452563","Cladosporium_5498","Cladosporium_bruhnei_450181"
"pt2","PUF.BOU.2","PUF_BOU_02","Boucherville","10/06/2024","24/06/2024","12053881242efc0d4a7e37fa1f9219b9","0.474615810601579",33,"Fungi_4751","Ascomycota_4890","Sordariomycetes_147550",NA,NA,NA,NA
"pt2","PUF.BOU.2","PUF_BOU_02","Boucherville","10/06/2024","24/06/2024","18a2e110004e455b097f83f0c05922c6","0.975304870433857",34,"Metazoa_33208","Chordata_7711","Mammalia_40674","Primates_9443","Hominidae_9604","Homo_9605","Homo_sapiens_9606"
"pt2","PUF.BOU.2","PUF_BOU_02","Boucherville","10/06/2024","24/06/2024","eb6b5340d8804a841392a2178e81ad5e","0.564462508556644",99,"Fungi_4751","Ascomycota_4890","Leotiomycetes_147548",NA,NA,NA,NA
"pt2","PUF.BOU.2","PUF_BOU_02","Boucherville","10/06/2024","24/06/2024","349cecdaccca192a5aa609e9184c3c8e","0.674856366161648",27,"Fungi_4751","Ascomycota_4890","Sordariomycetes_147550","Hypocreales_5125",NA,NA,NA
"pt2","PUF.BOU.2","PUF_BOU_02","Boucherville","10/06/2024","24/06/2024","8187787e018ce4815342f12d65ff7dc8","0.464733719684335",15,"Fungi_4751","Ascomycota_4890","Sordariomycetes_147550",NA,NA,NA,NA
"pt2","PUF.BOU.2","PUF_BOU_02","Boucherville","10/06/2024","24/06/2024","e2f909b13c3ebf8128f397a64f5faae1","0.865408471778355",25,"Fungi_4751","Basidiomycota_5204","Agaricomycetes_155619","Agaricales_5338","Psathyrellaceae_184208","Candolleomyces_2791032","Candolleomyces_candolleanus_71730"
"pt2","PUF.BOU.2","PUF_BOU_02","Boucherville","10/06/2024","24/06/2024","e75a78d0e5e97379aded12cb2d3e9b77","0.941256683637283",42,"Fungi_4751","Ascomycota_4890","Leotiomycetes_147548",NA,NA,NA,NA
"pt2","PUF.BOU.2","PUF_BOU_02","Boucherville","10/06/2024","24/06/2024","313af605cd82303ffe6cf4b8ab9d0d34","0.799061550015964",31,"Viridiplantae_33090","Chlorophyta_3041","Trebouxiophyceae_75966",NA,NA,NA,NA
"pt2","PUF.BOU.2","PUF_BOU_02","Boucherville","10/06/2024","24/06/2024","34eab8ae3331579507f8c9b3e36d82c7","0.9999996771655",12,"Fungi_4751","Basidiomycota_5204","Agaricomycetes_155619","Russulales_452342","Peniophoraceae_103393","Peniophora_40463","Peniophora_lycii_154539"
"pt2","PUF.BOU.2","PUF_BOU_02","Boucherville","10/06/2024","24/06/2024","a656f5998d4fbda0b61410aaf57a01e0","0.544409552970536",22,"Fungi_4751","Ascomycota_4890","Sordariomycetes_147550",NA,NA,NA,NA
"pt2","PUF.BOU.2","PUF_BOU_02","Boucherville","10/06/2024","24/06/2024","5be1d53751f3907ff2f5d002e6a3d716","0.915464081512389",81,"Fungi_4751","Ascomycota_4890","Leotiomycetes_147548",NA,NA,NA,NA
"pt2","PUF.BOU.2","PUF_BOU_02","Boucherville","10/06/2024","24/06/2024","353cf88b067a953f6a7463a158fb4458","0.956710293760633",52,"Fungi_4751","Ascomycota_4890","Leotiomycetes_147548",NA,NA,NA,NA
"pt2","PUF.BOU.2","PUF_BOU_02","Boucherville","10/06/2024","24/06/2024","ddfd319f3d88ba3067d804c949cf1f1a","0.436151395675201",20,"Fungi_4751","Ascomycota_4890",NA,NA,NA,NA,NA
"pt2","PUF.BOU.2","PUF_BOU_02","Boucherville","10/06/2024","24/06/2024","e961ee812e814a754542db23bae2cf68","0.390753683146527",24,"Metazoa_33208","Arthropoda_6656","Arachnida_6854",NA,NA,NA,NA
"pt2","PUF.BOU.2","PUF_BOU_02","Boucherville","10/06/2024","24/06/2024","21e486e5b0390082e16f41592cd6db47","0.208806068792897",20,"Metazoa_33208","Cnidaria_6073",NA,NA,NA,NA,NA
"pt2","PUF.BOU.2","PUF_BOU_02","Boucherville","10/06/2024","24/06/2024","57951528e102e774eed45ce29cb56acc","0.527209898458268",56,"Fungi_4751","Ascomycota_4890",NA,NA,NA,NA,NA
"pt2","PUF.BOU.2","PUF_BOU_02","Boucherville","10/06/2024","24/06/2024","6c8afa4bb7c0245c68e1f9e1c00c3c81","0.989190192376783",344,"Metazoa_33208","Arthropoda_6656","Collembola_30001","Symphypleona_79705","Bourletiellidae_187607","Deuterosminthurus_1304590","Deuterosminthurus_bicinctus_2041938"
"pt2","PUF.BOU.2","PUF_BOU_02","Boucherville","10/06/2024","24/06/2024","6874dd172e908401f659917eccfef8b1","0.839633636059701",87,"Fungi_4751","Ascomycota_4890","Sordariomycetes_147550",NA,NA,NA,NA
"pt2","PUF.BOU.2","PUF_BOU_02","Boucherville","10/06/2024","24/06/2024","d1f498b407238a672962bbedb106f9f0","0.996186623095339",15,"Metazoa_33208","Arthropoda_6656","Insecta_50557","Hemiptera_7524","Pentatomidae_160513","Rhacognathus_1545358","Rhacognathus_americanus_-21479"
"pt2","PUF.BOU.2","PUF_BOU_02","Boucherville","10/06/2024","24/06/2024","479ce4a73b03bc3a105dcef2c444a52c","0.703767814764341",15,"Fungi_4751","Ascomycota_4890","Sordariomycetes_147550",NA,NA,NA,NA
"pt2","PUF.BOU.2","PUF_BOU_02","Boucherville","10/06/2024","24/06/2024","507b88a761be428a682b5bf765b03197","0.885251073908748",36,"Fungi_4751","Ascomycota_4890","Leotiomycetes_147548",NA,NA,NA,NA
"pt2","PUF.BOU.2","PUF_BOU_02","Boucherville","10/06/2024","24/06/2024","a38a1a8358cd93a9e5b4f3db3e0f7c35","0.292761721747615",16,"Metazoa_33208","Arthropoda_6656","Insecta_50557","Hemiptera_7524",NA,NA,NA
"pt2","PUF.BOU.2","PUF_BOU_02","Boucherville","10/06/2024","24/06/2024","21b91375902f9ec5d0c4f35b403f6943","0.878111558023125",31,"Fungi_4751","Ascomycota_4890","Leotiomycetes_147548",NA,NA,NA,NA
"pt2","PUF.BOU.2","PUF_BOU_02","Boucherville","10/06/2024","24/06/2024","9878e109f12c75ef2712c42c3588d69b","0.246829617513969",15,"Metazoa_33208","Arthropoda_6656",NA,NA,NA,NA,NA
"pt2","PUF.BOU.2","PUF_BOU_02","Boucherville","10/06/2024","24/06/2024","70dd71e30cb419bfb3ccdb805f24709b","0.22520384571259",28,"Fungi_4751","Basidiomycota_5204","Cystobasidiomycetes_432005","Cystobasidiales_204043","Cystobasidiaceae_34418",NA,NA
"pt2","PUF.BOU.2","PUF_BOU_02","Boucherville","10/06/2024","24/06/2024","021dddc5396e71c6e6136204b9de679a","0.182809472552411",238,"Metazoa_33208","Arthropoda_6656","Insecta_50557","Diptera_7147","Tipulidae_41042",NA,NA
"pt2","PUF.BOU.2","PUF_BOU_02","Boucherville","10/06/2024","24/06/2024","ee887797d543eb5bca70685a80448f33","0.999999999833875",76,"Metazoa_33208","Arthropoda_6656","Arachnida_6854","Sarcoptiformes_83137","Acaridae_41442","Tyrophagus_41443","Tyrophagus_putrescentiae_59818"
"pt2","PUF.BOU.2","PUF_BOU_02","Boucherville","10/06/2024","24/06/2024","d7425bd9e67834376c4667db47365a9f","0.999674934136119",61,"Fungi_4751","Ascomycota_4890","Leotiomycetes_147548",NA,NA,NA,NA
"pt2","PUF.BOU.2","PUF_BOU_02","Boucherville","10/06/2024","24/06/2024","e3baab37e90401b721b55376b0d67a9d","0.933103885147195",59,"Fungi_4751","Ascomycota_4890","Sordariomycetes_147550",NA,NA,NA,NA
"pt2","PUF.BOU.2","PUF_BOU_02","Boucherville","10/06/2024","24/06/2024","8f5d1cb67cac026bd1b3f7c27c224e78","0.819571786664826",57,"Metazoa_33208","Arthropoda_6656","Collembola_30001","Symphypleona_79705",NA,NA,NA
"pt2","PUF.BOU.2","PUF_BOU_02","Boucherville","10/06/2024","24/06/2024","3f1c86e8d986b1484f42b9829c73570a","0.997827252670228",42,"Fungi_4751","Ascomycota_4890","Eurotiomycetes_147545","Eurotiales_5042","Aspergillaceae_1131492","Penicillium_5073","Penicillium_brevicompactum_5074"
"pt2","PUF.BOU.2","PUF_BOU_02","Boucherville","10/06/2024","24/06/2024","98f504260dedd762ffe164175a017c0d","0.857021670560635",37,"Fungi_4751","Ascomycota_4890","Leotiomycetes_147548",NA,NA,NA,NA
"pt2","PUF.BOU.2","PUF_BOU_02","Boucherville","10/06/2024","24/06/2024","2c840cb5067bc7796ee07253cae3db5f","0.693121899339959",36,"Fungi_4751","Ascomycota_4890","Leotiomycetes_147548",NA,NA,NA,NA
"pt2","PUF.BOU.2","PUF_BOU_02","Boucherville","10/06/2024","24/06/2024","0eac383ddf9c337d9b57a0b60ebecae3","0.304266745829016",35,"Metazoa_33208","Arthropoda_6656","Arachnida_6854",NA,NA,NA,NA
"pt2","PUF.BOU.2","PUF_BOU_02","Boucherville","10/06/2024","24/06/2024","586e2d68cab1790537deda59a1d17ebc","0.93113266317108",34,"Fungi_4751","Ascomycota_4890","Leotiomycetes_147548",NA,NA,NA,NA
"pt2","PUF.BOU.2","PUF_BOU_02","Boucherville","10/06/2024","24/06/2024","d8838cd2c7c59704589d4b22dae05797","0.764436097770735",34,"Fungi_4751","Ascomycota_4890","Sordariomycetes_147550",NA,NA,NA,NA
"pt2","PUF.BOU.2","PUF_BOU_02","Boucherville","10/06/2024","24/06/2024","55c518f6045b82cb2231e01ded74b736","0.314688235007178",29,"Metazoa_33208","Arthropoda_6656","Arachnida_6854",NA,NA,NA,NA
"pt2","PUF.BOU.2","PUF_BOU_02","Boucherville","10/06/2024","24/06/2024","12bc03e85da43a533ff09badfef93f03","0.977064333348134",24,"Metazoa_33208","Arthropoda_6656","Insecta_50557","Coleoptera_7041","Cantharidae_41097","Cantharis_41098","Cantharis_versicolor_-4961"
"pt2","PUF.BOU.2","PUF_BOU_02","Boucherville","10/06/2024","24/06/2024","2c9f510b0ae0134550ce3162047b915f","0.656824924110671",24,"Fungi_4751","Ascomycota_4890","Sordariomycetes_147550",NA,NA,NA,NA
"pt2","PUF.BOU.2","PUF_BOU_02","Boucherville","10/06/2024","24/06/2024","e952443b92cda9f7791f4131b4cb340c","0.775701963532314",23,"Fungi_4751","Ascomycota_4890","Sordariomycetes_147550",NA,NA,NA,NA
"pt2","PUF.BOU.2","PUF_BOU_02","Boucherville","10/06/2024","24/06/2024","1b62e3ce536bbf2fdb3504e106adf4dd","0.499999884619404",23,"Fungi_4751","Basidiomycota_5204","Microbotryomycetes_162481","Sporidiobolales_231213","Sporidiobolaceae_1799696",NA,NA
"pt2","PUF.BOU.2","PUF_BOU_02","Boucherville","10/06/2024","24/06/2024","60f7b406b7185e1df9d863539ca62340","0.549749999623427",23,"Metazoa_33208","Arthropoda_6656","Arachnida_6854",NA,NA,NA,NA
"pt2","PUF.BOU.2","PUF_BOU_02","Boucherville","10/06/2024","24/06/2024","6e1145bb6069776bc153bd39445f584a","0.711319363804091",16,"Fungi_4751","Ascomycota_4890","Eurotiomycetes_147545","Eurotiales_5042","Aspergillaceae_1131492","Penicillium_5073","Penicillium_waksmanii_69791"
"pt2","PUF.BOU.2","PUF_BOU_02","Boucherville","10/06/2024","24/06/2024","8e0eb5ce46bb66a2c9da722fb59ae565","0.502055318744527",12,"Fungi_4751","Ascomycota_4890","Sordariomycetes_147550",NA,NA,NA,NA
"pt2","PUF.BOU.2","PUF_BOU_02","Boucherville","10/06/2024","24/06/2024","f6498dfcb8bb0f2c615f6fe6525b6e0a","0.995721507303047",11,"Fungi_4751","Basidiomycota_5204","Agaricomycetes_155619","Agaricales_5338","Amanitaceae_41954","Amanita_41955",NA
"pt2","PUF.BOU.2","PUF_BOU_02","Boucherville","10/06/2024","24/06/2024","f759b3e329616ac120a3b03130686423","0.996196962155816",11,"Fungi_4751","Ascomycota_4890","Sordariomycetes_147550","Hypocreales_5125",NA,NA,NA
"pt2","PUF.BOU.2","PUF_BOU_02","Boucherville","10/06/2024","24/06/2024","818b63afe51a7c9226cb394ff9d9325a","0.292849391967977",11,"Fungi_4751","Ascomycota_4890","Leotiomycetes_147548","Helotiales_5178","Mollisiaceae_2755564",NA,NA
"pt2","PUF.JD.7","PUF_JD_07","Jean-Drapeau","14/08/2024","28/08/2024","0c11abb10ca8c4ca6a9466f89d510f2e","0.907238614804815",2271,"Metazoa_33208","Arthropoda_6656","Insecta_50557","Hemiptera_7524","Pentatomidae_160513","Glypsus_-21471","Glypsus_conspicuus_-21472"
"pt2","PUF.JD.7","PUF_JD_07","Jean-Drapeau","14/08/2024","28/08/2024","589974931988706a852f1bb2c5aa12dc","0.814574741442148",241,"Fungi_4751","Basidiomycota_5204","Exobasidiomycetes_452283","Microstromatales_162475","Microstromatales_162475_family","Jaminaea_561108",NA
"pt2","PUF.JD.7","PUF_JD_07","Jean-Drapeau","14/08/2024","28/08/2024","f7718bbdbd503a21d2692b3b333490cb","0.55302161898262",260,"Fungi_4751","Basidiomycota_5204","Exobasidiomycetes_452283","Microstromatales_162475","Microstromatales_162475_family","Jaminaea_561108",NA
"pt2","PUF.JD.7","PUF_JD_07","Jean-Drapeau","14/08/2024","28/08/2024","eec2170a8f2d0cd7dc3a18841a1ea5c7","0.999999999699554",200,"Fungi_4751","Basidiomycota_5204","Exobasidiomycetes_452283","Microstromatales_162475",NA,NA,NA
"pt2","PUF.JD.7","PUF_JD_07","Jean-Drapeau","14/08/2024","28/08/2024","afb94828a83235f617d67b54fe89fe79","0.373408909311144",67,"Fungi_4751","Basidiomycota_5204","Pucciniomycetes_162484","Pucciniales_5258","Melampsoraceae_5259","Melampsora_5260","Melampsora_medusae_82101"
"pt2","PUF.JD.7","PUF_JD_07","Jean-Drapeau","14/08/2024","28/08/2024","b43d19c6734061aba20cde4334b0c772","0.933623859448047",884,"Fungi_4751","Ascomycota_4890","Dothideomycetes_147541","Cladosporiales_2726946","Cladosporiaceae_452563","Cladosporium_5498","Cladosporium_bruhnei_450181"
"pt2","PUF.JD.7","PUF_JD_07","Jean-Drapeau","14/08/2024","28/08/2024","bec08d51eb66022d7172c03768d5fd5d","0.937210778414611",1271,"Fungi_4751","Ascomycota_4890","Dothideomycetes_147541","Cladosporiales_2726946","Cladosporiaceae_452563","Cladosporium_5498","Cladosporium_cladosporioides_29917"
"pt2","PUF.JD.7","PUF_JD_07","Jean-Drapeau","14/08/2024","28/08/2024","be8dc1271132728b62d899f6fe83b643","0.417154486433497",1955,"Fungi_4751","Ascomycota_4890","Dothideomycetes_147541",NA,NA,NA,NA
"pt2","PUF.JD.7","PUF_JD_07","Jean-Drapeau","14/08/2024","28/08/2024","c684f602961d1fa707824757cb55af21","0.980027983287282",65,"Fungi_4751","Ascomycota_4890","Leotiomycetes_147548",NA,NA,NA,NA
"pt2","PUF.JD.7","PUF_JD_07","Jean-Drapeau","14/08/2024","28/08/2024","202e53dd32a0e7b3fcb0945dd40b5e51","0.819547932595875",195,"Fungi_4751","Ascomycota_4890","Leotiomycetes_147548",NA,NA,NA,NA
"pt2","PUF.JD.7","PUF_JD_07","Jean-Drapeau","14/08/2024","28/08/2024","937d32d8b30569996c449126c9aa0c79","0.999086113297351",201,"Fungi_4751","Ascomycota_4890","Dothideomycetes_147541","Mycosphaerellales_2726947","Mycosphaerellaceae_93133","Cercospora_29002","Cercospora_nicotianae_29003"
"pt2","PUF.JD.7","PUF_JD_07","Jean-Drapeau","14/08/2024","28/08/2024","b68e68d28b1bf1fab06f4b523042e2d3","0.983792751072165",668,"Fungi_4751","Ascomycota_4890","Leotiomycetes_147548",NA,NA,NA,NA
"pt2","PUF.JD.7","PUF_JD_07","Jean-Drapeau","14/08/2024","28/08/2024","8277aef53dee13c182babc116a100648","0.407898027838656",99,"Fungi_4751","Ascomycota_4890","Leotiomycetes_147548",NA,NA,NA,NA
"pt2","PUF.JD.7","PUF_JD_07","Jean-Drapeau","14/08/2024","28/08/2024","53814ac04567f8e2287c46b0b52f47f1","0.851549716705765",1495,"Fungi_4751","Ascomycota_4890","Dothideomycetes_147541",NA,NA,NA,NA
"pt2","PUF.JD.7","PUF_JD_07","Jean-Drapeau","14/08/2024","28/08/2024","e07e46d7aafd4deecdc6327a714c759c","0.946704056119496",332,"Fungi_4751","Ascomycota_4890","Leotiomycetes_147548",NA,NA,NA,NA
"pt2","PUF.JD.7","PUF_JD_07","Jean-Drapeau","14/08/2024","28/08/2024","3fce04aacbf052e126e4dab1d663d992","0.999999999008097",85,"Fungi_4751","Ascomycota_4890","Lecanoromycetes_147547","Lecanorales_5197","Parmeliaceae_78060","Hypogymnia_87258","Hypogymnia_vittata_315943"
"pt2","PUF.JD.7","PUF_JD_07","Jean-Drapeau","14/08/2024","28/08/2024","a26e6cc23365c60897b7d620c23de990","0.944259328386728",53,"Metazoa_33208","Arthropoda_6656","Insecta_50557","Lepidoptera_7088","Pyralidae_7135","Pionidia_2613197",NA
"pt2","PUF.JD.7","PUF_JD_07","Jean-Drapeau","14/08/2024","28/08/2024","18afda2e4c3b03e088538500a42aa706","0.14863927909265",182,"Metazoa_33208","Cnidaria_6073",NA,NA,NA,NA,NA
"pt2","PUF.JD.7","PUF_JD_07","Jean-Drapeau","14/08/2024","28/08/2024","efbf72a920a03347f6407072b84a43f9","0.999459556668486",366,"Fungi_4751","Basidiomycota_5204","Agaricomycetes_155619","Russulales_452342","Peniophoraceae_103393","Peniophora_40463","Peniophora_lycii_154539"
"pt2","PUF.JD.7","PUF_JD_07","Jean-Drapeau","14/08/2024","28/08/2024","70b4d7ba28aab2a3317ba97f972e7482","0.412109360706104",108,"Eukaryota_2759_kingdom","Oomycota_4762","Oomycota_4762_class","Peronosporales_4776","Peronosporaceae_4777","Phytophthora_4783",NA
"pt2","PUF.JD.7","PUF_JD_07","Jean-Drapeau","14/08/2024","28/08/2024","b57dae9ebeb1e6a4e9f3e4d249bbd1ef","0.931122504098132",132,"Fungi_4751","Ascomycota_4890","Dothideomycetes_147541",NA,NA,NA,NA
"pt2","PUF.JD.7","PUF_JD_07","Jean-Drapeau","14/08/2024","28/08/2024","63cbf205978bd08a2360e291c4df8e3b","0.999997716102478",189,"Fungi_4751","Ascomycota_4890","Ascomycetes_-67464",NA,NA,NA,NA
"pt2","PUF.JD.7","PUF_JD_07","Jean-Drapeau","14/08/2024","28/08/2024","d81f6cdff61b07652ac3a1e24f7d4d34","0.985570670322772",376,"Fungi_4751","Ascomycota_4890","Leotiomycetes_147548",NA,NA,NA,NA
"pt2","PUF.JD.7","PUF_JD_07","Jean-Drapeau","14/08/2024","28/08/2024","e9e1a86cfe2cba496becdcea2eb45b9d","0.571050464731067",99,"Fungi_4751","Ascomycota_4890","Sordariomycetes_147550","Hypocreales_5125",NA,NA,NA
"pt2","PUF.JD.7","PUF_JD_07","Jean-Drapeau","14/08/2024","28/08/2024","bd29633837bcc3003dd038eac7ec33ff","0.280159842707106",58,"Fungi_4751","Basidiomycota_5204","Agaricomycetes_155619","Boletales_68889","Boletaceae_5368","Tylopilus_80671",NA
"pt2","PUF.JD.7","PUF_JD_07","Jean-Drapeau","14/08/2024","28/08/2024","f6bd0ea1ca999b4fcbaf02442add7f1b","0.764678870519537",93,"Eukaryota_2759_kingdom","Oomycota_4762","Oomycota_4762_class","Peronosporales_4776","Peronosporaceae_4777","Pseudoperonospora_143452","Pseudoperonospora_cubensis_143453"
"pt2","PUF.JD.7","PUF_JD_07","Jean-Drapeau","14/08/2024","28/08/2024","db800311f5ae69565ec96214053622f1","0.999987270154586",3186,"Fungi_4751","Ascomycota_4890","Dothideomycetes_147541","Cladosporiales_2726946","Cladosporiaceae_452563","Cladosporium_5498","Cladosporium_sphaerospermum_92950"
"pt2","PUF.JD.7","PUF_JD_07","Jean-Drapeau","14/08/2024","28/08/2024","ac2856f0b486761c43a4e56486d97377","0.999999491541673",867,"Metazoa_33208","Arthropoda_6656","Insecta_50557","Coleoptera_7041","Coccinellidae_7080","Harmonia_115356","Harmonia_axyridis_115357"
"pt2","PUF.JD.7","PUF_JD_07","Jean-Drapeau","14/08/2024","28/08/2024","9a4e8fcb141854d158a02347f61b6677","0.948598508015616",592,"Metazoa_33208","Arthropoda_6656","Insecta_50557","Trichoptera_30263","Hydropsychidae_41030","Hydropsyche_50443","Hydropsyche_alternans_3381222"
"pt2","PUF.JD.7","PUF_JD_07","Jean-Drapeau","14/08/2024","28/08/2024","63cdace15ced03181c4ae0254b6b2e84","0.461745657855029",160,"Fungi_4751","Ascomycota_4890","Leotiomycetes_147548",NA,NA,NA,NA
"pt2","PUF.JD.7","PUF_JD_07","Jean-Drapeau","14/08/2024","28/08/2024","33f5bd6d5b02ad1a28c9894bea48c392","0.999999998120828",95,"Metazoa_33208","Arthropoda_6656","Arachnida_6854","Trombidiformes_83136","Eriophyidae_70320","Aceria_109362","Aceria_fraxiniflora_2837636"
"pt2","PUF.JD.7","PUF_JD_07","Jean-Drapeau","14/08/2024","28/08/2024","d01ee7e425c5bd0d117afc45dd6a7db3","0.600452871115013",88,"Fungi_4751","Ascomycota_4890","Leotiomycetes_147548",NA,NA,NA,NA
"pt2","PUF.JD.7","PUF_JD_07","Jean-Drapeau","14/08/2024","28/08/2024","72c1f7e544aaddea127ec03644dea5de","0.999903661576885",79,"Metazoa_33208","Arthropoda_6656","Insecta_50557","Hemiptera_7524","Miridae_30083","Lygus_30084","Lygus_lineolaris_50650"
"pt2","PUF.JD.7","PUF_JD_07","Jean-Drapeau","14/08/2024","28/08/2024","947d103d0e3192467b5fda6ff37e7146","0.99999999518738",53,"Metazoa_33208","Arthropoda_6656","Arachnida_6854","Araneae_6893","Araneidae_6913","Larinioides_280405","Larinioides_sclopetarius_280406"
"pt2","PUF.BOT.4","PUF_BOT_04","Botanical Garden","28/06/2024","12/07/2024","0c11abb10ca8c4ca6a9466f89d510f2e","0.907238614804815",524,"Metazoa_33208","Arthropoda_6656","Insecta_50557","Hemiptera_7524","Pentatomidae_160513","Glypsus_-21471","Glypsus_conspicuus_-21472"
"pt2","PUF.BOT.4","PUF_BOT_04","Botanical Garden","28/06/2024","12/07/2024","eec2170a8f2d0cd7dc3a18841a1ea5c7","0.999999999699554",241,"Fungi_4751","Basidiomycota_5204","Exobasidiomycetes_452283","Microstromatales_162475",NA,NA,NA
"pt2","PUF.BOT.4","PUF_BOT_04","Botanical Garden","28/06/2024","12/07/2024","b43d19c6734061aba20cde4334b0c772","0.933623859448047",881,"Fungi_4751","Ascomycota_4890","Dothideomycetes_147541","Cladosporiales_2726946","Cladosporiaceae_452563","Cladosporium_5498","Cladosporium_bruhnei_450181"
"pt2","PUF.BOT.4","PUF_BOT_04","Botanical Garden","28/06/2024","12/07/2024","bec08d51eb66022d7172c03768d5fd5d","0.937210778414611",773,"Fungi_4751","Ascomycota_4890","Dothideomycetes_147541","Cladosporiales_2726946","Cladosporiaceae_452563","Cladosporium_5498","Cladosporium_cladosporioides_29917"
"pt2","PUF.BOT.4","PUF_BOT_04","Botanical Garden","28/06/2024","12/07/2024","9fef5822b6479afee6e10ef53e9236c2","0.388924696350803",13,"Fungi_4751","Ascomycota_4890","Sordariomycetes_147550",NA,NA,NA,NA
"pt2","PUF.BOT.4","PUF_BOT_04","Botanical Garden","28/06/2024","12/07/2024","efe1ce8e8d1b9cdb5da01eb790e3abcc","0.499999775441608",44,"Fungi_4751","Basidiomycota_5204","Microbotryomycetes_162481","Sporidiobolales_231213","Sporidiobolaceae_1799696",NA,NA
"pt2","PUF.BOT.4","PUF_BOT_04","Botanical Garden","28/06/2024","12/07/2024","945bd633c00552164446ce1c2ba94461","0.947741379948713",51,"Fungi_4751","Ascomycota_4890","Leotiomycetes_147548",NA,NA,NA,NA
"pt2","PUF.BOT.4","PUF_BOT_04","Botanical Garden","28/06/2024","12/07/2024","3fce04aacbf052e126e4dab1d663d992","0.999999999008097",21,"Fungi_4751","Ascomycota_4890","Lecanoromycetes_147547","Lecanorales_5197","Parmeliaceae_78060","Hypogymnia_87258","Hypogymnia_vittata_315943"
"pt2","PUF.BOT.4","PUF_BOT_04","Botanical Garden","28/06/2024","12/07/2024","a26e6cc23365c60897b7d620c23de990","0.944259328386728",33,"Metazoa_33208","Arthropoda_6656","Insecta_50557","Lepidoptera_7088","Pyralidae_7135","Pionidia_2613197",NA
"pt2","PUF.BOT.4","PUF_BOT_04","Botanical Garden","28/06/2024","12/07/2024","18afda2e4c3b03e088538500a42aa706","0.14863927909265",15,"Metazoa_33208","Cnidaria_6073",NA,NA,NA,NA,NA
"pt2","PUF.BOT.4","PUF_BOT_04","Botanical Garden","28/06/2024","12/07/2024","efbf72a920a03347f6407072b84a43f9","0.999459556668486",137,"Fungi_4751","Basidiomycota_5204","Agaricomycetes_155619","Russulales_452342","Peniophoraceae_103393","Peniophora_40463","Peniophora_lycii_154539"
"pt2","PUF.BOT.4","PUF_BOT_04","Botanical Garden","28/06/2024","12/07/2024","d3818391d7f0c7a44c0f4151474788c2","0.656932599669466",37,"Fungi_4751","Basidiomycota_5204","Tremellomycetes_155616","Tremellales_5234","Bulleribasidiaceae_1884640","Dioszegia_165440","Dioszegia_changbaiensis_234950"
"pt2","PUF.BOT.4","PUF_BOT_04","Botanical Garden","28/06/2024","12/07/2024","5f907557675481632654c893c4e319d5","0.369832764629548",217,"Fungi_4751","Ascomycota_4890","Dothideomycetes_147541","Cladosporiales_2726946","Cladosporiaceae_452563","Cladosporium_5498","Cladosporium_bruhnei_450181"
"pt2","PUF.BOT.4","PUF_BOT_04","Botanical Garden","28/06/2024","12/07/2024","04f14f77a764d61e5d32671b18e0f81a","0.999999932452911",16,"Fungi_4751","Basidiomycota_5204","Agaricomycetes_155619","Agaricales_5338","Psathyrellaceae_184208","Coprinellus_184430","Coprinellus_micaceus_71717"
"pt2","PUF.BOT.4","PUF_BOT_04","Botanical Garden","28/06/2024","12/07/2024","fffee20f2e55a93f20f18addabd5dbbd","0.499999986638762",19,"Fungi_4751","Basidiomycota_5204","Microbotryomycetes_162481","Sporidiobolales_231213","Sporidiobolaceae_1799696",NA,NA
"pt2","PUF.BOT.4","PUF_BOT_04","Botanical Garden","28/06/2024","12/07/2024","8bca8da2e780f4ec5677df7b2641d966","0.499999999163392",26,"Fungi_4751","Basidiomycota_5204","Microbotryomycetes_162481","Sporidiobolales_231213","Sporidiobolaceae_1799696",NA,NA
"pt2","PUF.BOT.4","PUF_BOT_04","Botanical Garden","28/06/2024","12/07/2024","349cecdaccca192a5aa609e9184c3c8e","0.674856366161648",31,"Fungi_4751","Ascomycota_4890","Sordariomycetes_147550","Hypocreales_5125",NA,NA,NA
"pt2","PUF.BOT.4","PUF_BOT_04","Botanical Garden","28/06/2024","12/07/2024","aec35e427b95f1cbf2c6d6503e172a4f","0.279152099836879",29,"Fungi_4751","Ascomycota_4890",NA,NA,NA,NA,NA
"pt2","PUF.BOT.4","PUF_BOT_04","Botanical Garden","28/06/2024","12/07/2024","186655c711d9c22435d048944254d180","0.999918046946559",56,"Fungi_4751","Basidiomycota_5204","Agaricomycetes_155619","Russulales_452342","Peniophoraceae_103393","Peniophora_40463","Peniophora_lycii_154539"
"pt2","PUF.BOT.4","PUF_BOT_04","Botanical Garden","28/06/2024","12/07/2024","e3625b78fc7d223a7bce189dca39f019","0.931434102040716",46,"Fungi_4751","Ascomycota_4890","Dothideomycetes_147541","Pleosporales_92860","Shiraiaceae_224418","Shiraia_224419","Shiraia_bambusicola_224420"
"pt2","PUF.BOT.4","PUF_BOT_04","Botanical Garden","28/06/2024","12/07/2024","8270514ad820103cc7adb495857263d0","0.684488549128601",24,"Fungi_4751","Ascomycota_4890","Sordariomycetes_147550",NA,NA,NA,NA
"pt2","PUF.BOT.4","PUF_BOT_04","Botanical Garden","28/06/2024","12/07/2024","817202ae0291849e610cf2e56e9e17d0","0.275806796010286",13,"Metazoa_33208","Arthropoda_6656","Arachnida_6854",NA,NA,NA,NA
"pt2","PUF.BOT.4","PUF_BOT_04","Botanical Garden","28/06/2024","12/07/2024","d5c8064d146cc9935092de2b025e9dfa","0.999998161889961",138,"Metazoa_33208","Arthropoda_6656","Insecta_50557","Diptera_7147","Asteiidae_286485","Asteia_305551","Asteia_amoena_716597"
"pt2","PUF.BOT.4","PUF_BOT_04","Botanical Garden","28/06/2024","12/07/2024","ddfd319f3d88ba3067d804c949cf1f1a","0.436151395675201",57,"Fungi_4751","Ascomycota_4890",NA,NA,NA,NA,NA
"pt2","PUF.BOT.4","PUF_BOT_04","Botanical Garden","28/06/2024","12/07/2024","2be55b1ac487700043b8534318099fc3","0.412841930115038",20,"Metazoa_33208","Arthropoda_6656","Insecta_50557","Hemiptera_7524",NA,NA,NA
"pt2","PUF.BOT.4","PUF_BOT_04","Botanical Garden","28/06/2024","12/07/2024","36ceebdf6fca738e99e2752dfd662872","0.416184295898787",16,"Fungi_4751","Ascomycota_4890","Leotiomycetes_147548","Helotiales_5178","Mollisiaceae_2755564",NA,NA
"pt2","PUF.BOT.4","PUF_BOT_04","Botanical Garden","28/06/2024","12/07/2024","bd72b1dd2de5c1b16c7c5872918d9b77","0.618931214573169",24,"Eukaryota_2759_kingdom","Oomycota_4762","Oomycota_4762_class","Albuginales_370421","Albuginaceae_65355","Wilsoniana_572136","Wilsoniana_bliti_642601"
"pt2","PUF.BOT.4","PUF_BOT_04","Botanical Garden","28/06/2024","12/07/2024","7e03a0bff83306232a892aafed47b033","0.458730966838673",18,"Metazoa_33208","Arthropoda_6656","Arachnida_6854",NA,NA,NA,NA
"pt2","PUF.BOT.4","PUF_BOT_04","Botanical Garden","28/06/2024","12/07/2024","9878e109f12c75ef2712c42c3588d69b","0.246829617513969",21,"Metazoa_33208","Arthropoda_6656",NA,NA,NA,NA,NA
"pt2","PUF.BOT.4","PUF_BOT_04","Botanical Garden","28/06/2024","12/07/2024","67bb67e859efca924a3f7eea717a96ae","0.739508299617196",43,"Fungi_4751","Ascomycota_4890","Leotiomycetes_147548",NA,NA,NA,NA
"pt2","PUF.BOT.4","PUF_BOT_04","Botanical Garden","28/06/2024","12/07/2024","25a84ef92c9e387e8ec2ce0d27007bb6","0.425480820391368",11,"Metazoa_33208","Arthropoda_6656","Arachnida_6854",NA,NA,NA,NA
"pt2","PUF.BOT.4","PUF_BOT_04","Botanical Garden","28/06/2024","12/07/2024","1658c3c8ca5da7802ed942a6514c3586","0.506929828848345",11,"Metazoa_33208","Arthropoda_6656","Arachnida_6854",NA,NA,NA,NA
"pt2","PUF.BOT.4","PUF_BOT_04","Botanical Garden","28/06/2024","12/07/2024","fec8eb0a596960fc562f126ef96f1edf","0.517785303801236",35,"Fungi_4751","Basidiomycota_5204","Microbotryomycetes_162481","Sporidiobolales_231213","Sporidiobolaceae_1799696","Rhodotorula_5533",NA
"pt2","PUF.BOT.4","PUF_BOT_04","Botanical Garden","28/06/2024","12/07/2024","537c1cbbbf0cd94f59e6616e090f51f7","0.968283922612581",30,"Fungi_4751","Ascomycota_4890","Leotiomycetes_147548",NA,NA,NA,NA
"pt2","PUF.BOT.4","PUF_BOT_04","Botanical Garden","28/06/2024","12/07/2024","6bf9e5217e21741bbe451efb1e092be9","0.932284841963215",30,"Fungi_4751","Ascomycota_4890","Leotiomycetes_147548",NA,NA,NA,NA
"pt2","PUF.BOT.4","PUF_BOT_04","Botanical Garden","28/06/2024","12/07/2024","c76b5fd22c591b4fe9ea672a09365b60","0.216718134914159",22,"Metazoa_33208","Arthropoda_6656","Arachnida_6854",NA,NA,NA,NA
"pt2","PUF.BOT.4","PUF_BOT_04","Botanical Garden","28/06/2024","12/07/2024","7afc0272acd0fb5b70546491169b0cf9","0.830762097447066",21,"Fungi_4751","Ascomycota_4890","Sordariomycetes_147550","Hypocreales_5125","Nectriaceae_110618","Fusarium_5506","Fusarium_fujikuroi_5127"
"pt2","PUF.BOT.4","PUF_BOT_04","Botanical Garden","28/06/2024","12/07/2024","5c9798df4a1eac0578316db93ec43ba0","0.49465976108077",20,"Fungi_4751","Basidiomycota_5204","Cystobasidiomycetes_432005","Cystobasidiales_204043","Cystobasidiaceae_34418",NA,NA
"pt2","PUF.BOT.4","PUF_BOT_04","Botanical Garden","28/06/2024","12/07/2024","cf8dbae3c00f0a24ae53dca30adc2fbe","0.693049347926816",17,"Fungi_4751","Ascomycota_4890","Sordariomycetes_147550",NA,NA,NA,NA
"pt2","PUF.BOT.4","PUF_BOT_04","Botanical Garden","28/06/2024","12/07/2024","ec2f6837dcb3fc4e0071d1368685f564","0.974932021487196",16,"Fungi_4751","Basidiomycota_5204","Exobasidiomycetes_452283","Microstromatales_162475","Microstromatales_162475_family","Jaminaea_561108",NA
"pt2","PUF.BOT.4","PUF_BOT_04","Botanical Garden","28/06/2024","12/07/2024","0394fb9fe84dd78dde19ba16bc390c65","0.598622321267113",15,"Fungi_4751","Ascomycota_4890","Sordariomycetes_147550","Glomerellales_1028384","Glomerellaceae_681950","Colletotrichum_5455","Colletotrichum_acutatum_27357"
"pt2","PUF.BOT.4","PUF_BOT_04","Botanical Garden","28/06/2024","12/07/2024","e305e093e7218b1e5c557e0f0a956385","0.208717267502961",14,"Fungi_4751","Basidiomycota_5204","Agaricomycetes_155619","Agaricales_5338","Amanitaceae_41954","Amanita_41955","Amanita_pseudoporphyria_67725"
"pt2","PUF.BOT.4","PUF_BOT_04","Botanical Garden","28/06/2024","12/07/2024","a59b08269bf9d080cc420de72f1d3177","0.666652108925971",12,"Fungi_4751","Ascomycota_4890","Sordariomycetes_147550",NA,NA,NA,NA
"pt2","PUF.BOT.4","PUF_BOT_04","Botanical Garden","28/06/2024","12/07/2024","bef4400db9c5d53cacd95c3b062a6b62","0.526715683047932",11,"Fungi_4751","Ascomycota_4890","Sordariomycetes_147550",NA,NA,NA,NA
"pt2","PUF.BOT.4","PUF_BOT_04","Botanical Garden","28/06/2024","12/07/2024","ef327bad0f81eda1cd08852b30664917","0.908837087567223",11,"Fungi_4751","Ascomycota_4890","Eurotiomycetes_147545","Eurotiales_5042","Aspergillaceae_1131492",NA,NA
"pt2","Mont.Tremblant","Mont_Tremblant","Mont_Tremblant","30/08/2025","31/08/2025","0c11abb10ca8c4ca6a9466f89d510f2e","0.907238614804815",44,"Metazoa_33208","Arthropoda_6656","Insecta_50557","Hemiptera_7524","Pentatomidae_160513","Glypsus_-21471","Glypsus_conspicuus_-21472"
"pt2","Mont.Tremblant","Mont_Tremblant","Mont_Tremblant","30/08/2025","31/08/2025","a3612a98863d0cb2a0423fb56a0bef70","0.670862072239708",82,"Metazoa_33208","Chordata_7711","Mammalia_40674","Artiodactyla_91561","Bovidae_9895","Bos_9903","Bos_taurus_9913"
"pt2","Mont.Tremblant","Mont_Tremblant","Mont_Tremblant","30/08/2025","31/08/2025","efbf72a920a03347f6407072b84a43f9","0.999459556668486",377,"Fungi_4751","Basidiomycota_5204","Agaricomycetes_155619","Russulales_452342","Peniophoraceae_103393","Peniophora_40463","Peniophora_lycii_154539"
"pt2","Mont.Tremblant","Mont_Tremblant","Mont_Tremblant","30/08/2025","31/08/2025","693bb632a72482fd25a05c0311a27e14","0.710726372982711",12,"Fungi_4751","Basidiomycota_5204","Agaricomycetes_155619","Agaricales_5338","Hygrophoraceae_51005","Hygrocybe_51006",NA
"pt2","Mont.Tremblant","Mont_Tremblant","Mont_Tremblant","30/08/2025","31/08/2025","74a55aa1af8f5d87596be4ee11493c3a","0.499999999985397",51,"Fungi_4751","Basidiomycota_5204","Agaricomycetes_155619","Polyporales_5303","Polyporaceae_5317",NA,NA
"pt2","Mont.Tremblant","Mont_Tremblant","Mont_Tremblant","30/08/2025","31/08/2025","c17a6295766fd71b0f8776e8a8174ade","0.836415984535404",39,"Fungi_4751","Ascomycota_4890","Leotiomycetes_147548",NA,NA,NA,NA
"pt2","Mont.Tremblant","Mont_Tremblant","Mont_Tremblant","30/08/2025","31/08/2025","86d6c75165f571f7971db93538f28a90","0.402757301518191",378,"Metazoa_33208","Cnidaria_6073",NA,NA,NA,NA,NA
"pt2","Mont.Tremblant","Mont_Tremblant","Mont_Tremblant","30/08/2025","31/08/2025","2c72aa134bb6622494542c060e0516e5","0.355224454937215",10,"Fungi_4751","Ascomycota_4890",NA,NA,NA,NA,NA
"pt2","Mont.Tremblant","Mont_Tremblant","Mont_Tremblant","30/08/2025","31/08/2025","8c7f6e9116c3bff6a169598a5009fd2d","0.956575401549788",65,"Fungi_4751","Ascomycota_4890","Leotiomycetes_147548",NA,NA,NA,NA
"pt2","Mont.Tremblant","Mont_Tremblant","Mont_Tremblant","30/08/2025","31/08/2025","ad9270e6145090ea1843fa11cb840638","0.28577918025419",12,"Metazoa_33208","Arthropoda_6656","Insecta_50557","Hemiptera_7524",NA,NA,NA
"pt2","Mont.Tremblant","Mont_Tremblant","Mont_Tremblant","30/08/2025","31/08/2025","219169caab3a83739dc15260ea863786","0.871523389816368",17,"Fungi_4751","Ascomycota_4890","Sordariomycetes_147550",NA,NA,NA,NA
"pt2","Mont.Tremblant","Mont_Tremblant","Mont_Tremblant","30/08/2025","31/08/2025","324aa809eaf5923964b727843e75b900","0.3067466489538",18,"Metazoa_33208","Arthropoda_6656","Insecta_50557","Coleoptera_7041","Carabidae_41073","Bembidion_60800","Bembidion_flebile_-5823"
"pt2","Mont.Tremblant","Mont_Tremblant","Mont_Tremblant","30/08/2025","31/08/2025","2f04db6416dab91c02e680cb2198e164","0.247891718416495",7,"Metazoa_33208","Arthropoda_6656",NA,NA,NA,NA,NA
"pt2","Mont.Tremblant","Mont_Tremblant","Mont_Tremblant","30/08/2025","31/08/2025","89e57e49eabff077632efda517b4f0d2","0.270647494942048",52,"Metazoa_33208","Arthropoda_6656","Arachnida_6854",NA,NA,NA,NA
"pt2","Mont.Tremblant","Mont_Tremblant","Mont_Tremblant","30/08/2025","31/08/2025","1bda6181e91401d0933e7fd532054c68","0.535414018131641",20,"Metazoa_33208","Arthropoda_6656","Arachnida_6854",NA,NA,NA,NA
"pt2","Mont.Tremblant","Mont_Tremblant","Mont_Tremblant","30/08/2025","31/08/2025","244550c2c83834547eaaf1a5919221da","0.858766142139803",120,"Fungi_4751","Ascomycota_4890",NA,NA,NA,NA,NA
"pt2","Mont.Tremblant","Mont_Tremblant","Mont_Tremblant","30/08/2025","31/08/2025","1ae54f8aef64097b40b060fe08e5fc90","0.304472538501448",219,"Fungi_4751","Ascomycota_4890",NA,NA,NA,NA,NA
"pt2","Mont.Tremblant","Mont_Tremblant","Mont_Tremblant","30/08/2025","31/08/2025","533508bb701860226b6121dfd81ceaf7","0.985907353320427",137,"Fungi_4751","Ascomycota_4890","Leotiomycetes_147548",NA,NA,NA,NA
"pt2","Mont.Tremblant","Mont_Tremblant","Mont_Tremblant","30/08/2025","31/08/2025","f637af03bad48ee855900e167ff807f5","0.929010592239903",76,"Fungi_4751","Ascomycota_4890","Sordariomycetes_147550",NA,NA,NA,NA
"pt2","Mont.Tremblant","Mont_Tremblant","Mont_Tremblant","30/08/2025","31/08/2025","cac2c674e531f3dff6823148f746bef0","0.348962402880701",61,"Metazoa_33208","Arthropoda_6656",NA,NA,NA,NA,NA
"pt2","Mont.Tremblant","Mont_Tremblant","Mont_Tremblant","30/08/2025","31/08/2025","2e83451e27859ce92a88ea46759f6198","0.730736413281374",57,"Fungi_4751","Ascomycota_4890","Lecanoromycetes_147547","Ostropales_38074","Graphidaceae_71598",NA,NA
"pt2","Mont.Tremblant","Mont_Tremblant","Mont_Tremblant","30/08/2025","31/08/2025","da1882c7643d1491b8552fddddcec514","0.303269439271383",55,"Metazoa_33208","Arthropoda_6656","Arachnida_6854","Trombidiformes_83136",NA,NA,NA
"pt2","Mont.Tremblant","Mont_Tremblant","Mont_Tremblant","30/08/2025","31/08/2025","7391c8a293808e13ab07d0bf64977c90","0.993670629266165",41,"Fungi_4751","Ascomycota_4890","Leotiomycetes_147548",NA,NA,NA,NA
"pt2","Mont.Tremblant","Mont_Tremblant","Mont_Tremblant","30/08/2025","31/08/2025","7d3bace128dd3c7dfabc51c98ed364e2","0.999858618063591",37,"Fungi_4751","Ascomycota_4890","Leotiomycetes_147548",NA,NA,NA,NA
"pt2","Mont.Tremblant","Mont_Tremblant","Mont_Tremblant","30/08/2025","31/08/2025","469ca3c72ca42b6f14421aa3f01a2125","0.44883921236657",33,"Metazoa_33208","Cnidaria_6073",NA,NA,NA,NA,NA
"pt2","Mont.Tremblant","Mont_Tremblant","Mont_Tremblant","30/08/2025","31/08/2025","51c7023f5617d984221ad8612385ee4a","0.969092807973422",33,"Metazoa_33208","Chordata_7711","Mammalia_40674","Primates_9443","Hominidae_9604","Homo_9605","Homo_sapiens_9606"
"pt2","Mont.Tremblant","Mont_Tremblant","Mont_Tremblant","30/08/2025","31/08/2025","97ab49a51bbd4ccf8f2074974dc93b38","0.76486509666801",32,"Fungi_4751","Ascomycota_4890","Leotiomycetes_147548",NA,NA,NA,NA
"pt2","Mont.Tremblant","Mont_Tremblant","Mont_Tremblant","30/08/2025","31/08/2025","516f96ecf9fad6e810367e7afadd9bfa","0.326650862581166",26,"Metazoa_33208","Arthropoda_6656","Arachnida_6854",NA,NA,NA,NA
"pt2","Mont.Tremblant","Mont_Tremblant","Mont_Tremblant","30/08/2025","31/08/2025","ab6b1465a1fbbe3db5005fac6912bee4","0.455845567851317",24,"Fungi_4751","Ascomycota_4890","Eurotiomycetes_147545","Eurotiales_5042","Trichocomaceae_28568","Talaromyces_5094","Talaromyces_marneffei_37727"
"pt2","Mont.Tremblant","Mont_Tremblant","Mont_Tremblant","30/08/2025","31/08/2025","46fb4f43c2e9a4ea30e08060c4c6d68e","0.512175220022528",24,"Metazoa_33208","Cnidaria_6073",NA,NA,NA,NA,NA
"pt2","Mont.Tremblant","Mont_Tremblant","Mont_Tremblant","30/08/2025","31/08/2025","8089e4de202531612f2b57aacc3c7681","0.19030862026869",23,"Metazoa_33208","Arthropoda_6656",NA,NA,NA,NA,NA
"pt2","Mont.Tremblant","Mont_Tremblant","Mont_Tremblant","30/08/2025","31/08/2025","73e1073a9ff85d4da595f7b7ec50f6d6","0.499999897812325",21,"Fungi_4751","Basidiomycota_5204","Agaricomycetes_155619","Agaricales_5338","Agaricales_5338_family","Infundibulicybe_378268",NA
"pt2","Mont.Tremblant","Mont_Tremblant","Mont_Tremblant","30/08/2025","31/08/2025","cad26a528cc1b9e3d839d67567457afc","0.47120368163612",20,"Metazoa_33208","Arthropoda_6656","Insecta_50557","Hemiptera_7524",NA,NA,NA
"pt2","Mont.Tremblant","Mont_Tremblant","Mont_Tremblant","30/08/2025","31/08/2025","baeedc7996df3c8975305398cd491598","0.969702321105336",19,"Fungi_4751","Ascomycota_4890","Eurotiomycetes_147545","Eurotiales_5042","Aspergillaceae_1131492",NA,NA
"pt2","Mont.Tremblant","Mont_Tremblant","Mont_Tremblant","30/08/2025","31/08/2025","d63b5a8c467913c9266c80aca1a25379","0.279835160744517",18,"Metazoa_33208","Arthropoda_6656",NA,NA,NA,NA,NA
"pt2","Mont.Tremblant","Mont_Tremblant","Mont_Tremblant","30/08/2025","31/08/2025","e9229d54ee35c77b0d8704f8244e9a77","0.652896408978853",17,"Metazoa_33208","Arthropoda_6656","Collembola_30001","Symphypleona_79705",NA,NA,NA
"pt2","Mont.Tremblant","Mont_Tremblant","Mont_Tremblant","30/08/2025","31/08/2025","4d14025b0a640b647fe414707d61a524","0.277358803925624",15,"Metazoa_33208","Arthropoda_6656","Arachnida_6854",NA,NA,NA,NA
"pt2","Mont.Tremblant","Mont_Tremblant","Mont_Tremblant","30/08/2025","31/08/2025","222431de6f21298e538b110b1767d81c","0.322244743656092",13,"Metazoa_33208","Arthropoda_6656",NA,NA,NA,NA,NA
"pt2","Mont.Tremblant","Mont_Tremblant","Mont_Tremblant","30/08/2025","31/08/2025","bf2dfbfea22f4a04d91616fed9a4d97b","0.169762603943323",11,"Metazoa_33208","Arthropoda_6656","Arachnida_6854",NA,NA,NA,NA
"pt2","Mont.Tremblant","Mont_Tremblant","Mont_Tremblant","30/08/2025","31/08/2025","9563f3f25eef3885e31e72c9bccdf0c5","0.474840352432046",9,"Fungi_4751","Ascomycota_4890","Sordariomycetes_147550","Hypocreales_5125","Ophiocordycipitaceae_474942",NA,NA
"pt2","Mont.Tremblant","Mont_Tremblant","Mont_Tremblant","30/08/2025","31/08/2025","b43be7587406b23a50a5ebdaacbdb51a","0.822005732317292",8,"Fungi_4751","Ascomycota_4890","Sordariomycetes_147550",NA,NA,NA,NA
"pt2","Mont.Tremblant","Mont_Tremblant","Mont_Tremblant","30/08/2025","31/08/2025","0088e2cb483c9757aca957d768b664dd","0.507079703916657",6,"Metazoa_33208","Arthropoda_6656","Insecta_50557","Hymenoptera_7399",NA,NA,NA
"pt2","Mont.Tremblant","Mont_Tremblant","Mont_Tremblant","30/08/2025","31/08/2025","3f5d96372020e2fede0e0ae7a2d6da89","0.358937317944264",6,"Fungi_4751","Basidiomycota_5204","Agaricomycetes_155619","Boletales_68889","Boletaceae_5368","Tylopilus_80671","Tylopilus_plumbeoviolaceoides_374766"
"pt2","Mont.Tremblant","Mont_Tremblant","Mont_Tremblant","30/08/2025","31/08/2025","5875e3c930a24d244ac63593db399cce","0.616221419288928",6,"Metazoa_33208","Cnidaria_6073",NA,NA,NA,NA,NA
"pt2","PUF.BOU.3","PUF_BOU_03","Boucherville","24/06/2024","08/07/2024","0c11abb10ca8c4ca6a9466f89d510f2e","0.907238614804815",115,"Metazoa_33208","Arthropoda_6656","Insecta_50557","Hemiptera_7524","Pentatomidae_160513","Glypsus_-21471","Glypsus_conspicuus_-21472"
"pt2","PUF.BOU.3","PUF_BOU_03","Boucherville","24/06/2024","08/07/2024","eec2170a8f2d0cd7dc3a18841a1ea5c7","0.999999999699554",236,"Fungi_4751","Basidiomycota_5204","Exobasidiomycetes_452283","Microstromatales_162475",NA,NA,NA
"pt2","PUF.BOU.3","PUF_BOU_03","Boucherville","24/06/2024","08/07/2024","b43d19c6734061aba20cde4334b0c772","0.933623859448047",889,"Fungi_4751","Ascomycota_4890","Dothideomycetes_147541","Cladosporiales_2726946","Cladosporiaceae_452563","Cladosporium_5498","Cladosporium_bruhnei_450181"
"pt2","PUF.BOU.3","PUF_BOU_03","Boucherville","24/06/2024","08/07/2024","0d1a483ebd4773116542454b0cc1a266","0.88739453904822",158,"Fungi_4751","Ascomycota_4890","Sordariomycetes_147550",NA,NA,NA,NA
"pt2","PUF.BOU.3","PUF_BOU_03","Boucherville","24/06/2024","08/07/2024","a4ce6cfe96b9ce0ad304803934790435","0.505582624946131",9,"Fungi_4751","Basidiomycota_5204","Exobasidiomycetes_452283","Microstromatales_162475",NA,NA,NA
"pt2","PUF.BOU.3","PUF_BOU_03","Boucherville","24/06/2024","08/07/2024","42a334b44b84641c69386150c7cde441","0.975711405297424",119,"Fungi_4751","Ascomycota_4890","Leotiomycetes_147548",NA,NA,NA,NA
"pt2","PUF.BOU.3","PUF_BOU_03","Boucherville","24/06/2024","08/07/2024","202e53dd32a0e7b3fcb0945dd40b5e51","0.819547932595875",62,"Fungi_4751","Ascomycota_4890","Leotiomycetes_147548",NA,NA,NA,NA
"pt2","PUF.BOU.3","PUF_BOU_03","Boucherville","24/06/2024","08/07/2024","df763680c53a93fe7465936ea7f8492f","0.499999998707771",33,"Fungi_4751","Basidiomycota_5204","Microbotryomycetes_162481","Sporidiobolales_231213","Sporidiobolaceae_1799696",NA,NA
"pt2","PUF.BOU.3","PUF_BOU_03","Boucherville","24/06/2024","08/07/2024","3fce04aacbf052e126e4dab1d663d992","0.999999999008097",16,"Fungi_4751","Ascomycota_4890","Lecanoromycetes_147547","Lecanorales_5197","Parmeliaceae_78060","Hypogymnia_87258","Hypogymnia_vittata_315943"
"pt2","PUF.BOU.3","PUF_BOU_03","Boucherville","24/06/2024","08/07/2024","a3612a98863d0cb2a0423fb56a0bef70","0.670862072239708",57,"Metazoa_33208","Chordata_7711","Mammalia_40674","Artiodactyla_91561","Bovidae_9895","Bos_9903","Bos_taurus_9913"
"pt2","PUF.BOU.3","PUF_BOU_03","Boucherville","24/06/2024","08/07/2024","4df3521688221ba63732d3172cbad532","0.587660626731592",24,"Fungi_4751","Ascomycota_4890","Sordariomycetes_147550",NA,NA,NA,NA
"pt2","PUF.BOU.3","PUF_BOU_03","Boucherville","24/06/2024","08/07/2024","a26e6cc23365c60897b7d620c23de990","0.944259328386728",15,"Metazoa_33208","Arthropoda_6656","Insecta_50557","Lepidoptera_7088","Pyralidae_7135","Pionidia_2613197",NA
"pt2","PUF.BOU.3","PUF_BOU_03","Boucherville","24/06/2024","08/07/2024","efbf72a920a03347f6407072b84a43f9","0.999459556668486",91,"Fungi_4751","Basidiomycota_5204","Agaricomycetes_155619","Russulales_452342","Peniophoraceae_103393","Peniophora_40463","Peniophora_lycii_154539"
"pt2","PUF.BOU.3","PUF_BOU_03","Boucherville","24/06/2024","08/07/2024","b4973746d688a7879255e08741b614fc","0.830431601896564",52,"Fungi_4751","Ascomycota_4890","Leotiomycetes_147548",NA,NA,NA,NA
"pt2","PUF.BOU.3","PUF_BOU_03","Boucherville","24/06/2024","08/07/2024","d3818391d7f0c7a44c0f4151474788c2","0.656932599669466",44,"Fungi_4751","Basidiomycota_5204","Tremellomycetes_155616","Tremellales_5234","Bulleribasidiaceae_1884640","Dioszegia_165440","Dioszegia_changbaiensis_234950"
"pt2","PUF.BOU.3","PUF_BOU_03","Boucherville","24/06/2024","08/07/2024","dece8419b8e4e1cc5d3a8bdc85038c21","0.996090882194318",38,"Fungi_4751","Ascomycota_4890","Leotiomycetes_147548",NA,NA,NA,NA
"pt2","PUF.BOU.3","PUF_BOU_03","Boucherville","24/06/2024","08/07/2024","5f907557675481632654c893c4e319d5","0.369832764629548",51,"Fungi_4751","Ascomycota_4890","Dothideomycetes_147541","Cladosporiales_2726946","Cladosporiaceae_452563","Cladosporium_5498","Cladosporium_bruhnei_450181"
"pt2","PUF.BOU.3","PUF_BOU_03","Boucherville","24/06/2024","08/07/2024","c6597c3094faafc3da1a99510d4f5eec","0.999889700205687",9,"Fungi_4751","Ascomycota_4890","Ascomycetes_-67464",NA,NA,NA,NA
"pt2","PUF.BOU.3","PUF_BOU_03","Boucherville","24/06/2024","08/07/2024","48ed5767563250684edda781ada76668","0.992436948164555",13,"Fungi_4751","Ascomycota_4890","Eurotiomycetes_147545","Eurotiales_5042","Aspergillaceae_1131492",NA,NA
"pt2","PUF.BOU.3","PUF_BOU_03","Boucherville","24/06/2024","08/07/2024","eb6b5340d8804a841392a2178e81ad5e","0.564462508556644",62,"Fungi_4751","Ascomycota_4890","Leotiomycetes_147548",NA,NA,NA,NA
"pt2","PUF.BOU.3","PUF_BOU_03","Boucherville","24/06/2024","08/07/2024","349cecdaccca192a5aa609e9184c3c8e","0.674856366161648",22,"Fungi_4751","Ascomycota_4890","Sordariomycetes_147550","Hypocreales_5125",NA,NA,NA
"pt2","PUF.BOU.3","PUF_BOU_03","Boucherville","24/06/2024","08/07/2024","8187787e018ce4815342f12d65ff7dc8","0.464733719684335",33,"Fungi_4751","Ascomycota_4890","Sordariomycetes_147550",NA,NA,NA,NA
"pt2","PUF.BOU.3","PUF_BOU_03","Boucherville","24/06/2024","08/07/2024","186655c711d9c22435d048944254d180","0.999918046946559",55,"Fungi_4751","Basidiomycota_5204","Agaricomycetes_155619","Russulales_452342","Peniophoraceae_103393","Peniophora_40463","Peniophora_lycii_154539"
"pt2","PUF.BOU.3","PUF_BOU_03","Boucherville","24/06/2024","08/07/2024","e3625b78fc7d223a7bce189dca39f019","0.931434102040716",36,"Fungi_4751","Ascomycota_4890","Dothideomycetes_147541","Pleosporales_92860","Shiraiaceae_224418","Shiraia_224419","Shiraia_bambusicola_224420"
"pt2","PUF.BOU.3","PUF_BOU_03","Boucherville","24/06/2024","08/07/2024","e2f909b13c3ebf8128f397a64f5faae1","0.865408471778355",71,"Fungi_4751","Basidiomycota_5204","Agaricomycetes_155619","Agaricales_5338","Psathyrellaceae_184208","Candolleomyces_2791032","Candolleomyces_candolleanus_71730"
"pt2","PUF.BOU.3","PUF_BOU_03","Boucherville","24/06/2024","08/07/2024","9c5ec9063b70290cf5721f64c0f037d6","0.509793298304291",21,"Metazoa_33208","Arthropoda_6656","Arachnida_6854",NA,NA,NA,NA
"pt2","PUF.BOU.3","PUF_BOU_03","Boucherville","24/06/2024","08/07/2024","e9e1a86cfe2cba496becdcea2eb45b9d","0.571050464731067",14,"Fungi_4751","Ascomycota_4890","Sordariomycetes_147550","Hypocreales_5125",NA,NA,NA
"pt2","PUF.BOU.3","PUF_BOU_03","Boucherville","24/06/2024","08/07/2024","60ed8a06138d911c61bed7f3f6fd672a","0.990641217654615",9,"Fungi_4751","Basidiomycota_5204","Agaricomycetes_155619","Agaricales_5338","Schizophyllaceae_5332","Schizophyllum_5333","Schizophyllum_commune_5334"
"pt2","PUF.BOU.3","PUF_BOU_03","Boucherville","24/06/2024","08/07/2024","ddfd319f3d88ba3067d804c949cf1f1a","0.436151395675201",21,"Fungi_4751","Ascomycota_4890",NA,NA,NA,NA,NA
"pt2","PUF.BOU.3","PUF_BOU_03","Boucherville","24/06/2024","08/07/2024","21e486e5b0390082e16f41592cd6db47","0.208806068792897",41,"Metazoa_33208","Cnidaria_6073",NA,NA,NA,NA,NA
"pt2","PUF.BOU.3","PUF_BOU_03","Boucherville","24/06/2024","08/07/2024","7f663d5ddcc0b57a6ec8cd6f49f62705","0.499036386995904",10,"Fungi_4751","Basidiomycota_5204","Cystobasidiomycetes_432005","Cystobasidiales_204043","Cystobasidiaceae_34418",NA,NA
"pt2","PUF.BOU.3","PUF_BOU_03","Boucherville","24/06/2024","08/07/2024","12458b2a0937bbde973d321eebd537dd","0.872607235225293",49,"Fungi_4751","Ascomycota_4890",NA,NA,NA,NA,NA
"pt2","PUF.BOU.3","PUF_BOU_03","Boucherville","24/06/2024","08/07/2024","6c8afa4bb7c0245c68e1f9e1c00c3c81","0.989190192376783",82,"Metazoa_33208","Arthropoda_6656","Collembola_30001","Symphypleona_79705","Bourletiellidae_187607","Deuterosminthurus_1304590","Deuterosminthurus_bicinctus_2041938"
"pt2","PUF.BOU.3","PUF_BOU_03","Boucherville","24/06/2024","08/07/2024","b3d68cc2e4b3a92df99adc5c22557eba","0.887433763341936",18,"Fungi_4751","Ascomycota_4890","Sordariomycetes_147550",NA,NA,NA,NA
"pt2","PUF.BOU.3","PUF_BOU_03","Boucherville","24/06/2024","08/07/2024","8d5b3ad081e57d8dc2ec8c3d8fbfeaa2","0.999999900427033",21,"Metazoa_33208","Arthropoda_6656","Arachnida_6854","Trombidiformes_83136","Tydeidae_708320","Tydeus_1670773",NA
"pt2","PUF.BOU.3","PUF_BOU_03","Boucherville","24/06/2024","08/07/2024","8f5d1cb67cac026bd1b3f7c27c224e78","0.819571786664826",32,"Metazoa_33208","Arthropoda_6656","Collembola_30001","Symphypleona_79705",NA,NA,NA
"pt2","PUF.BOU.3","PUF_BOU_03","Boucherville","24/06/2024","08/07/2024","5c9798df4a1eac0578316db93ec43ba0","0.49465976108077",35,"Fungi_4751","Basidiomycota_5204","Cystobasidiomycetes_432005","Cystobasidiales_204043","Cystobasidiaceae_34418",NA,NA
"pt2","PUF.BOU.3","PUF_BOU_03","Boucherville","24/06/2024","08/07/2024","ac7b0c6948af7272d79ccfe632ca2da7","0.838702900286819",161,"Metazoa_33208","Arthropoda_6656","Collembola_30001","Symphypleona_79705",NA,NA,NA
"pt2","PUF.BOU.3","PUF_BOU_03","Boucherville","24/06/2024","08/07/2024","f88eb5ab6c3acf78ec620566e1580483","0.499999316811437",79,"Fungi_4751","Basidiomycota_5204","Microbotryomycetes_162481","Sporidiobolales_231213","Sporidiobolaceae_1799696",NA,NA
"pt2","PUF.BOU.3","PUF_BOU_03","Boucherville","24/06/2024","08/07/2024","3b258eac8d9f96286061754d8aaa2781","0.528933614900776",39,"Fungi_4751","Ascomycota_4890","Leotiomycetes_147548",NA,NA,NA,NA
"pt2","PUF.BOU.3","PUF_BOU_03","Boucherville","24/06/2024","08/07/2024","c188bae2ea531ea23b6e9697d793e886","0.499999928585315",36,"Fungi_4751","Basidiomycota_5204","Microbotryomycetes_162481","Sporidiobolales_231213","Sporidiobolaceae_1799696",NA,NA
"pt2","PUF.BOU.3","PUF_BOU_03","Boucherville","24/06/2024","08/07/2024","9d8170e97f0933f3e12c3023f6892c12","0.999999999763617",32,"Eukaryota_2759_kingdom","Oomycota_4762","Oomycota_4762_class","Peronosporales_4776","Peronosporaceae_4777","Plasmopara_4780","Plasmopara_carveri_3350122"
"pt2","PUF.BOU.3","PUF_BOU_03","Boucherville","24/06/2024","08/07/2024","99a9d644f6c1516e6b90996bdc6d2092","0.848512131413312",31,"Fungi_4751","Ascomycota_4890","Leotiomycetes_147548",NA,NA,NA,NA
"pt2","PUF.BOU.3","PUF_BOU_03","Boucherville","24/06/2024","08/07/2024","2b84e0881e87787eb3eb5d5b8bc30269","0.919070450606015",30,"Fungi_4751","Ascomycota_4890","Leotiomycetes_147548",NA,NA,NA,NA
"pt2","PUF.BOU.3","PUF_BOU_03","Boucherville","24/06/2024","08/07/2024","82e66b3f4c4d85cc3a516718447dbb9c","0.415490232805559",26,"Metazoa_33208","Arthropoda_6656","Insecta_50557","Hemiptera_7524",NA,NA,NA
"pt2","PUF.BOU.3","PUF_BOU_03","Boucherville","24/06/2024","08/07/2024","6d2f503933088c651f2ad7731073ef76","0.831005652404266",23,"Fungi_4751","Basidiomycota_5204","Agaricomycetes_155619","Agaricales_5338","Psathyrellaceae_184208","Coprinellus_184430","Coprinellus_micaceus_71717"
"pt2","PUF.BOU.3","PUF_BOU_03","Boucherville","24/06/2024","08/07/2024","a54330ac69ad6575c083aaead283717a","0.59568708600608",22,"Fungi_4751","Ascomycota_4890","Sordariomycetes_147550","Hypocreales_5125",NA,NA,NA
"pt2","PUF.BOU.3","PUF_BOU_03","Boucherville","24/06/2024","08/07/2024","465814e0e4c3491bc1bfb39f61c48873","0.967838231913133",20,"Fungi_4751","Ascomycota_4890","Dothideomycetes_147541","Pleosporales_92860","Shiraiaceae_224418","Shiraia_224419","Shiraia_bambusicola_224420"
"pt2","PUF.BOU.3","PUF_BOU_03","Boucherville","24/06/2024","08/07/2024","cf5a72b091a4258f0124edb9f0ea2e1f","0.422424476399046",20,"Fungi_4751","Ascomycota_4890","Sordariomycetes_147550","Hypocreales_5125","Nectriaceae_110618","Calonectria_57138","Calonectria_colhounii_131350"
"pt2","PUF.BOU.3","PUF_BOU_03","Boucherville","24/06/2024","08/07/2024","387237d443d0e3f35b60c8f425b7a19f","0.998857590651884",19,"Fungi_4751","Ascomycota_4890","Dothideomycetes_147541","Dothideales_5014","Dothioraceae_64899","Sydowia_64497","Sydowia_polyspora_64499"
"pt2","PUF.BOU.3","PUF_BOU_03","Boucherville","24/06/2024","08/07/2024","dd7d4759e91eaa2056917388fa45b50e","0.548234865915514",16,"Fungi_4751","Ascomycota_4890","Sordariomycetes_147550",NA,NA,NA,NA
"pt2","PUF.BOU.3","PUF_BOU_03","Boucherville","24/06/2024","08/07/2024","b05b9ef2f73544752f006e7953276a4f","0.491598749352664",15,"Fungi_4751","Basidiomycota_5204","Cystobasidiomycetes_432005","Cystobasidiales_204043","Cystobasidiaceae_34418",NA,NA
"pt2","PUF.BOU.3","PUF_BOU_03","Boucherville","24/06/2024","08/07/2024","fe4d7049259a34a15958d6fecc35efbf","0.336331939173228",15,"Fungi_4751","Basidiomycota_5204","Agaricomycetes_155619","Agaricales_5338","Clitocybaceae_2982168","Clitocybe_50966",NA
"pt2","PUF.BOU.3","PUF_BOU_03","Boucherville","24/06/2024","08/07/2024","4c557cdaf03687e672345e53d3e6f517","0.64105348101324",14,"Fungi_4751","Ascomycota_4890","Eurotiomycetes_147545","Eurotiales_5042",NA,NA,NA
"pt2","PUF.BOU.3","PUF_BOU_03","Boucherville","24/06/2024","08/07/2024","f7e3a6aa618dcd5fd906a7bc97f35e87","0.65175899270598",13,"Fungi_4751","Ascomycota_4890","Sordariomycetes_147550",NA,NA,NA,NA
"pt2","PUF.BOU.3","PUF_BOU_03","Boucherville","24/06/2024","08/07/2024","980611e49596ac053142ec516570dd88","0.99999994712414",12,"Metazoa_33208","Arthropoda_6656","Insecta_50557","Hemiptera_7524","Pentatomidae_160513","Rhacognathus_1545358","Rhacognathus_americanus_-21479"
"pt2","PUF.BOU.3","PUF_BOU_03","Boucherville","24/06/2024","08/07/2024","4ab0bf2e9d894d306e979624f2843f43","0.396637379257342",11,"Metazoa_33208","Arthropoda_6656","Insecta_50557","Hemiptera_7524",NA,NA,NA
"pt2","PUF.BOU.3","PUF_BOU_03","Boucherville","24/06/2024","08/07/2024","39d26cce022b6dd3ab7fc9e7da5da4cd","0.63360248774707",10,"Metazoa_33208","Arthropoda_6656","Arachnida_6854",NA,NA,NA,NA
"pt2","PUF.BOU.3","PUF_BOU_03","Boucherville","24/06/2024","08/07/2024","a3d296cc2ed0ce20a21707f1b05b89cc","0.531506841728712",10,"Fungi_4751","Ascomycota_4890","Sordariomycetes_147550",NA,NA,NA,NA
"pt2","PUF.BOU.3","PUF_BOU_03","Boucherville","24/06/2024","08/07/2024","0b3572b1e122ca8c1b04857e6bb34a77","0.4531775447797",9,"Fungi_4751","Basidiomycota_5204","Agaricomycetes_155619","Agaricales_5338","Psathyrellaceae_184208","Coprinellus_184430","Coprinellus_micaceus_71717"
"pt2","PUF.BOT.9","PUF_BOT_09","Botanical Garden","06/09/2024","20/09/2024","0c11abb10ca8c4ca6a9466f89d510f2e","0.907238614804815",1107,"Metazoa_33208","Arthropoda_6656","Insecta_50557","Hemiptera_7524","Pentatomidae_160513","Glypsus_-21471","Glypsus_conspicuus_-21472"
"pt2","PUF.BOT.9","PUF_BOT_09","Botanical Garden","06/09/2024","20/09/2024","589974931988706a852f1bb2c5aa12dc","0.814574741442148",64,"Fungi_4751","Basidiomycota_5204","Exobasidiomycetes_452283","Microstromatales_162475","Microstromatales_162475_family","Jaminaea_561108",NA
"pt2","PUF.BOT.9","PUF_BOT_09","Botanical Garden","06/09/2024","20/09/2024","f7718bbdbd503a21d2692b3b333490cb","0.55302161898262",91,"Fungi_4751","Basidiomycota_5204","Exobasidiomycetes_452283","Microstromatales_162475","Microstromatales_162475_family","Jaminaea_561108",NA
"pt2","PUF.BOT.9","PUF_BOT_09","Botanical Garden","06/09/2024","20/09/2024","eec2170a8f2d0cd7dc3a18841a1ea5c7","0.999999999699554",97,"Fungi_4751","Basidiomycota_5204","Exobasidiomycetes_452283","Microstromatales_162475",NA,NA,NA
"pt2","PUF.BOT.9","PUF_BOT_09","Botanical Garden","06/09/2024","20/09/2024","afb94828a83235f617d67b54fe89fe79","0.373408909311144",181,"Fungi_4751","Basidiomycota_5204","Pucciniomycetes_162484","Pucciniales_5258","Melampsoraceae_5259","Melampsora_5260","Melampsora_medusae_82101"
"pt2","PUF.BOT.9","PUF_BOT_09","Botanical Garden","06/09/2024","20/09/2024","b43d19c6734061aba20cde4334b0c772","0.933623859448047",341,"Fungi_4751","Ascomycota_4890","Dothideomycetes_147541","Cladosporiales_2726946","Cladosporiaceae_452563","Cladosporium_5498","Cladosporium_bruhnei_450181"
"pt2","PUF.BOT.9","PUF_BOT_09","Botanical Garden","06/09/2024","20/09/2024","bec08d51eb66022d7172c03768d5fd5d","0.937210778414611",440,"Fungi_4751","Ascomycota_4890","Dothideomycetes_147541","Cladosporiales_2726946","Cladosporiaceae_452563","Cladosporium_5498","Cladosporium_cladosporioides_29917"
"pt2","PUF.BOT.9","PUF_BOT_09","Botanical Garden","06/09/2024","20/09/2024","0d1a483ebd4773116542454b0cc1a266","0.88739453904822",55,"Fungi_4751","Ascomycota_4890","Sordariomycetes_147550",NA,NA,NA,NA
"pt2","PUF.BOT.9","PUF_BOT_09","Botanical Garden","06/09/2024","20/09/2024","42a334b44b84641c69386150c7cde441","0.975711405297424",70,"Fungi_4751","Ascomycota_4890","Leotiomycetes_147548",NA,NA,NA,NA
"pt2","PUF.BOT.9","PUF_BOT_09","Botanical Garden","06/09/2024","20/09/2024","5580961b9a41be03abce5562553ec49c","0.419336811656045",37,"Metazoa_33208","Arthropoda_6656","Arachnida_6854",NA,NA,NA,NA
"pt2","PUF.BOT.9","PUF_BOT_09","Botanical Garden","06/09/2024","20/09/2024","c684f602961d1fa707824757cb55af21","0.980027983287282",106,"Fungi_4751","Ascomycota_4890","Leotiomycetes_147548",NA,NA,NA,NA
"pt2","PUF.BOT.9","PUF_BOT_09","Botanical Garden","06/09/2024","20/09/2024","937d32d8b30569996c449126c9aa0c79","0.999086113297351",138,"Fungi_4751","Ascomycota_4890","Dothideomycetes_147541","Mycosphaerellales_2726947","Mycosphaerellaceae_93133","Cercospora_29002","Cercospora_nicotianae_29003"
"pt2","PUF.BOT.9","PUF_BOT_09","Botanical Garden","06/09/2024","20/09/2024","9fef5822b6479afee6e10ef53e9236c2","0.388924696350803",40,"Fungi_4751","Ascomycota_4890","Sordariomycetes_147550",NA,NA,NA,NA
"pt2","PUF.BOT.9","PUF_BOT_09","Botanical Garden","06/09/2024","20/09/2024","0654cc62f2b2d1f6652ba8acca4ba9fb","0.959194747463117",19,"Fungi_4751","Basidiomycota_5204","Exobasidiomycetes_452283","Microstromatales_162475","Microstromatales_162475_family","Jaminaea_561108",NA
"pt2","PUF.BOT.9","PUF_BOT_09","Botanical Garden","06/09/2024","20/09/2024","efe1ce8e8d1b9cdb5da01eb790e3abcc","0.499999775441608",53,"Fungi_4751","Basidiomycota_5204","Microbotryomycetes_162481","Sporidiobolales_231213","Sporidiobolaceae_1799696",NA,NA
"pt2","PUF.BOT.9","PUF_BOT_09","Botanical Garden","06/09/2024","20/09/2024","ce9e585d5196adf56f4e2c0e02e27b73","0.499999974718733",24,"Fungi_4751","Basidiomycota_5204","Microbotryomycetes_162481","Sporidiobolales_231213","Sporidiobolaceae_1799696",NA,NA
"pt2","PUF.BOT.9","PUF_BOT_09","Botanical Garden","06/09/2024","20/09/2024","53814ac04567f8e2287c46b0b52f47f1","0.851549716705765",255,"Fungi_4751","Ascomycota_4890","Dothideomycetes_147541",NA,NA,NA,NA
"pt2","PUF.BOT.9","PUF_BOT_09","Botanical Garden","06/09/2024","20/09/2024","e07e46d7aafd4deecdc6327a714c759c","0.946704056119496",176,"Fungi_4751","Ascomycota_4890","Leotiomycetes_147548",NA,NA,NA,NA
"pt2","PUF.BOT.9","PUF_BOT_09","Botanical Garden","06/09/2024","20/09/2024","a26e6cc23365c60897b7d620c23de990","0.944259328386728",134,"Metazoa_33208","Arthropoda_6656","Insecta_50557","Lepidoptera_7088","Pyralidae_7135","Pionidia_2613197",NA
"pt2","PUF.BOT.9","PUF_BOT_09","Botanical Garden","06/09/2024","20/09/2024","efbf72a920a03347f6407072b84a43f9","0.999459556668486",27,"Fungi_4751","Basidiomycota_5204","Agaricomycetes_155619","Russulales_452342","Peniophoraceae_103393","Peniophora_40463","Peniophora_lycii_154539"
"pt2","PUF.BOT.9","PUF_BOT_09","Botanical Garden","06/09/2024","20/09/2024","d3818391d7f0c7a44c0f4151474788c2","0.656932599669466",99,"Fungi_4751","Basidiomycota_5204","Tremellomycetes_155616","Tremellales_5234","Bulleribasidiaceae_1884640","Dioszegia_165440","Dioszegia_changbaiensis_234950"
"pt2","PUF.BOT.9","PUF_BOT_09","Botanical Garden","06/09/2024","20/09/2024","c0845ec1f27ccc8ecd4a26796ea56950","0.499999983202442",29,"Fungi_4751","Basidiomycota_5204","Microbotryomycetes_162481","Sporidiobolales_231213","Sporidiobolaceae_1799696",NA,NA
"pt2","PUF.BOT.9","PUF_BOT_09","Botanical Garden","06/09/2024","20/09/2024","1d5c7c8961ba55dbfbce81d3b1566e0f","0.996541858876429",29,"Fungi_4751","Ascomycota_4890","Sordariomycetes_147550",NA,NA,NA,NA
"pt2","PUF.BOT.9","PUF_BOT_09","Botanical Garden","06/09/2024","20/09/2024","b95489e3a5b28ae3f988e6fc613086f8","0.795283300424582",21,"Fungi_4751","Ascomycota_4890","Dothideomycetes_147541",NA,NA,NA,NA
"pt2","PUF.BOT.9","PUF_BOT_09","Botanical Garden","06/09/2024","20/09/2024","5f907557675481632654c893c4e319d5","0.369832764629548",31,"Fungi_4751","Ascomycota_4890","Dothideomycetes_147541","Cladosporiales_2726946","Cladosporiaceae_452563","Cladosporium_5498","Cladosporium_bruhnei_450181"
"pt2","PUF.BOT.9","PUF_BOT_09","Botanical Garden","06/09/2024","20/09/2024","92c74999244c29a44e723e2b73905c01","0.479530789167162",740,"Fungi_4751","Basidiomycota_5204","Microbotryomycetes_162481","Sporidiobolales_231213","Sporidiobolaceae_1799696","Rhodotorula_5533",NA
"pt2","PUF.BOT.9","PUF_BOT_09","Botanical Garden","06/09/2024","20/09/2024","e36d30cf8e9660d4833d1abf1ccde6e3","0.997669399542535",21,"Fungi_4751","Ascomycota_4890","Sordariomycetes_147550",NA,NA,NA,NA
"pt2","PUF.BOT.9","PUF_BOT_09","Botanical Garden","06/09/2024","20/09/2024","9120a8bbdc5d8261589ee9e90f0509a9","0.158530216682823",69,"Fungi_4751","Basidiomycota_5204","Agaricomycetes_155619","Boletales_68889","Boletaceae_5368","Tylopilus_80671","Tylopilus_plumbeoviolaceoides_374766"
"pt2","PUF.BOT.9","PUF_BOT_09","Botanical Garden","06/09/2024","20/09/2024","5ab7268017da5670dbd82446d10af8b6","0.325412341083933",18,"Metazoa_33208","Arthropoda_6656","Arachnida_6854",NA,NA,NA,NA
"pt2","PUF.BOT.9","PUF_BOT_09","Botanical Garden","06/09/2024","20/09/2024","349cecdaccca192a5aa609e9184c3c8e","0.674856366161648",26,"Fungi_4751","Ascomycota_4890","Sordariomycetes_147550","Hypocreales_5125",NA,NA,NA
"pt2","PUF.BOT.9","PUF_BOT_09","Botanical Garden","06/09/2024","20/09/2024","e568316642a9d4f2542e85dcc7267df7","0.999999998668883",179,"Fungi_4751","Basidiomycota_5204","Exobasidiomycetes_452283","Microstromatales_162475",NA,NA,NA
"pt2","PUF.BOT.9","PUF_BOT_09","Botanical Garden","06/09/2024","20/09/2024","5f55b40d2f45184f5c9a56b8f5713317","0.711362304659374",104,"Fungi_4751","Ascomycota_4890","Leotiomycetes_147548",NA,NA,NA,NA
"pt2","PUF.BOT.9","PUF_BOT_09","Botanical Garden","06/09/2024","20/09/2024","69a8a7322bd45f64630dcc355a1e5114","0.805478636501538",46,"Fungi_4751","Basidiomycota_5204","Agaricomycetes_155619","Polyporales_5303","Polyporaceae_5317","Picipes_1871912","Picipes_badius_196231"
"pt2","PUF.BOT.9","PUF_BOT_09","Botanical Garden","06/09/2024","20/09/2024","13cff813e66c4b42868a7da9ec168ece","0.91756556220675",22,"Fungi_4751","Ascomycota_4890","Sordariomycetes_147550","Hypocreales_5125",NA,NA,NA
"pt2","PUF.BOT.9","PUF_BOT_09","Botanical Garden","06/09/2024","20/09/2024","34df659fb1909ef2f3756ff203dc7472","0.747398931406143",31,"Fungi_4751","Ascomycota_4890","Leotiomycetes_147548",NA,NA,NA,NA
"pt2","PUF.BOT.9","PUF_BOT_09","Botanical Garden","06/09/2024","20/09/2024","9247c02b1dc823f1cfa6d4d8142aa978","0.499999934616081",20,"Fungi_4751","Basidiomycota_5204","Microbotryomycetes_162481","Sporidiobolales_231213","Sporidiobolaceae_1799696",NA,NA
"pt2","PUF.BOT.9","PUF_BOT_09","Botanical Garden","06/09/2024","20/09/2024","db8354dce239945d75b31b211aa2de91","0.99799771389159",27,"Fungi_4751","Basidiomycota_5204","Agaricomycetes_155619","Agaricales_5338","Crepidotaceae_104350","Crepidotus_104351","Crepidotus_variabilis_179855"
"pt2","PUF.BOT.9","PUF_BOT_09","Botanical Garden","06/09/2024","20/09/2024","5c9798df4a1eac0578316db93ec43ba0","0.49465976108077",83,"Fungi_4751","Basidiomycota_5204","Cystobasidiomycetes_432005","Cystobasidiales_204043","Cystobasidiaceae_34418",NA,NA
"pt2","PUF.BOT.9","PUF_BOT_09","Botanical Garden","06/09/2024","20/09/2024","9efa1d19a4ca97e174569558cd9ba204","0.499999956399884",569,"Fungi_4751","Basidiomycota_5204","Microbotryomycetes_162481","Sporidiobolales_231213","Sporidiobolaceae_1799696",NA,NA
"pt2","PUF.BOT.9","PUF_BOT_09","Botanical Garden","06/09/2024","20/09/2024","82e8ea181868d741bf983027205dbe1e","0.499999996663276",186,"Fungi_4751","Basidiomycota_5204","Microbotryomycetes_162481","Sporidiobolales_231213","Sporidiobolaceae_1799696",NA,NA
"pt2","PUF.BOT.9","PUF_BOT_09","Botanical Garden","06/09/2024","20/09/2024","ca9b33c5a19f6ce02bf89152efbc4969","0.959356947173558",149,"Fungi_4751","Basidiomycota_5204","Microbotryomycetes_162481","Sporidiobolales_231213","Sporidiobolaceae_1799696","Rhodotorula_5533",NA
"pt2","PUF.BOT.9","PUF_BOT_09","Botanical Garden","06/09/2024","20/09/2024","01d70b160a9fbc7c1fd554d317d6872a","0.499999992897691",123,"Fungi_4751","Basidiomycota_5204","Microbotryomycetes_162481","Sporidiobolales_231213","Sporidiobolaceae_1799696",NA,NA
"pt2","PUF.BOT.9","PUF_BOT_09","Botanical Garden","06/09/2024","20/09/2024","c17befbba4598f242e6012fe1c302e2a","0.670005154271723",31,"Fungi_4751","Ascomycota_4890","Leotiomycetes_147548",NA,NA,NA,NA
"pt2","PUF.BOT.9","PUF_BOT_09","Botanical Garden","06/09/2024","20/09/2024","99352d6226301044040e327f743760d8","0.999543787549773",30,"Fungi_4751","Ascomycota_4890","Dothideomycetes_147541","Mycosphaerellales_2726947","Mycosphaerellaceae_93133","Cercospora_29002","Cercospora_nicotianae_29003"
"pt2","PUF.BOT.9","PUF_BOT_09","Botanical Garden","06/09/2024","20/09/2024","3850461b2b4cc1915416974806d7114a","0.495595603406702",25,"Fungi_4751","Basidiomycota_5204","Exobasidiomycetes_452283","Microstromatales_162475",NA,NA,NA
"pt2","PUF.BOT.9","PUF_BOT_09","Botanical Garden","06/09/2024","20/09/2024","be8700656d27156102fb43de3fcdefd3","0.402172086497393",24,"Fungi_4751","Basidiomycota_5204","Agaricomycetes_155619","Agaricales_5338","Psathyrellaceae_184208","Coprinellus_184430","Coprinellus_micaceus_71717"
"pt2","PUF.BOT.9","PUF_BOT_09","Botanical Garden","06/09/2024","20/09/2024","85aaa0071c7c1ca33ed53a2c720b3eb1","0.973040121673122",24,"Fungi_4751","Ascomycota_4890","Sordariomycetes_147550","Hypocreales_5125",NA,NA,NA
"pt2","PUF.BOT.9","PUF_BOT_09","Botanical Garden","06/09/2024","20/09/2024","4b03ec4eb7c17f6e6654dd7d2e85c4c4","0.646287879906065",21,"Metazoa_33208","Arthropoda_6656","Insecta_50557","Lepidoptera_7088","Pyralidae_7135","Pionidia_2613197",NA
"pt2","PUF.MBO.9","PUF_MBO_09","Bird Observatory","09/09/2024","23/09/2024","0c11abb10ca8c4ca6a9466f89d510f2e","0.907238614804815",1901,"Metazoa_33208","Arthropoda_6656","Insecta_50557","Hemiptera_7524","Pentatomidae_160513","Glypsus_-21471","Glypsus_conspicuus_-21472"
"pt2","PUF.MBO.9","PUF_MBO_09","Bird Observatory","09/09/2024","23/09/2024","589974931988706a852f1bb2c5aa12dc","0.814574741442148",372,"Fungi_4751","Basidiomycota_5204","Exobasidiomycetes_452283","Microstromatales_162475","Microstromatales_162475_family","Jaminaea_561108",NA
"pt2","PUF.MBO.9","PUF_MBO_09","Bird Observatory","09/09/2024","23/09/2024","f7718bbdbd503a21d2692b3b333490cb","0.55302161898262",1214,"Fungi_4751","Basidiomycota_5204","Exobasidiomycetes_452283","Microstromatales_162475","Microstromatales_162475_family","Jaminaea_561108",NA
"pt2","PUF.MBO.9","PUF_MBO_09","Bird Observatory","09/09/2024","23/09/2024","eec2170a8f2d0cd7dc3a18841a1ea5c7","0.999999999699554",2688,"Fungi_4751","Basidiomycota_5204","Exobasidiomycetes_452283","Microstromatales_162475",NA,NA,NA
"pt2","PUF.MBO.9","PUF_MBO_09","Bird Observatory","09/09/2024","23/09/2024","afb94828a83235f617d67b54fe89fe79","0.373408909311144",478,"Fungi_4751","Basidiomycota_5204","Pucciniomycetes_162484","Pucciniales_5258","Melampsoraceae_5259","Melampsora_5260","Melampsora_medusae_82101"
"pt2","PUF.MBO.9","PUF_MBO_09","Bird Observatory","09/09/2024","23/09/2024","b43d19c6734061aba20cde4334b0c772","0.933623859448047",240,"Fungi_4751","Ascomycota_4890","Dothideomycetes_147541","Cladosporiales_2726946","Cladosporiaceae_452563","Cladosporium_5498","Cladosporium_bruhnei_450181"
"pt2","PUF.MBO.9","PUF_MBO_09","Bird Observatory","09/09/2024","23/09/2024","bec08d51eb66022d7172c03768d5fd5d","0.937210778414611",1523,"Fungi_4751","Ascomycota_4890","Dothideomycetes_147541","Cladosporiales_2726946","Cladosporiaceae_452563","Cladosporium_5498","Cladosporium_cladosporioides_29917"
"pt2","PUF.MBO.9","PUF_MBO_09","Bird Observatory","09/09/2024","23/09/2024","0d1a483ebd4773116542454b0cc1a266","0.88739453904822",253,"Fungi_4751","Ascomycota_4890","Sordariomycetes_147550",NA,NA,NA,NA
"pt2","PUF.MBO.9","PUF_MBO_09","Bird Observatory","09/09/2024","23/09/2024","a4ce6cfe96b9ce0ad304803934790435","0.505582624946131",535,"Fungi_4751","Basidiomycota_5204","Exobasidiomycetes_452283","Microstromatales_162475",NA,NA,NA
"pt2","PUF.MBO.9","PUF_MBO_09","Bird Observatory","09/09/2024","23/09/2024","42a334b44b84641c69386150c7cde441","0.975711405297424",61,"Fungi_4751","Ascomycota_4890","Leotiomycetes_147548",NA,NA,NA,NA
"pt2","PUF.MBO.9","PUF_MBO_09","Bird Observatory","09/09/2024","23/09/2024","df763680c53a93fe7465936ea7f8492f","0.499999998707771",155,"Fungi_4751","Basidiomycota_5204","Microbotryomycetes_162481","Sporidiobolales_231213","Sporidiobolaceae_1799696",NA,NA
"pt2","PUF.MBO.9","PUF_MBO_09","Bird Observatory","09/09/2024","23/09/2024","6054764396456af05a8ec58302d41c02","0.499999934593067",91,"Fungi_4751","Basidiomycota_5204","Microbotryomycetes_162481","Sporidiobolales_231213","Sporidiobolaceae_1799696",NA,NA
"pt2","PUF.MBO.9","PUF_MBO_09","Bird Observatory","09/09/2024","23/09/2024","d6626a1d124518b308f9a8879b48cdbf","0.594898914748369",84,"Fungi_4751","Basidiomycota_5204",NA,NA,NA,NA,NA
"pt2","PUF.MBO.9","PUF_MBO_09","Bird Observatory","09/09/2024","23/09/2024","efe1ce8e8d1b9cdb5da01eb790e3abcc","0.499999775441608",208,"Fungi_4751","Basidiomycota_5204","Microbotryomycetes_162481","Sporidiobolales_231213","Sporidiobolaceae_1799696",NA,NA
"pt2","PUF.MBO.9","PUF_MBO_09","Bird Observatory","09/09/2024","23/09/2024","8277aef53dee13c182babc116a100648","0.407898027838656",144,"Fungi_4751","Ascomycota_4890","Leotiomycetes_147548",NA,NA,NA,NA
"pt2","PUF.MBO.9","PUF_MBO_09","Bird Observatory","09/09/2024","23/09/2024","ce9e585d5196adf56f4e2c0e02e27b73","0.499999974718733",159,"Fungi_4751","Basidiomycota_5204","Microbotryomycetes_162481","Sporidiobolales_231213","Sporidiobolaceae_1799696",NA,NA
"pt2","PUF.MBO.9","PUF_MBO_09","Bird Observatory","09/09/2024","23/09/2024","53814ac04567f8e2287c46b0b52f47f1","0.851549716705765",88,"Fungi_4751","Ascomycota_4890","Dothideomycetes_147541",NA,NA,NA,NA
"pt2","PUF.MBO.9","PUF_MBO_09","Bird Observatory","09/09/2024","23/09/2024","e07e46d7aafd4deecdc6327a714c759c","0.946704056119496",121,"Fungi_4751","Ascomycota_4890","Leotiomycetes_147548",NA,NA,NA,NA
"pt2","PUF.MBO.9","PUF_MBO_09","Bird Observatory","09/09/2024","23/09/2024","a3612a98863d0cb2a0423fb56a0bef70","0.670862072239708",47,"Metazoa_33208","Chordata_7711","Mammalia_40674","Artiodactyla_91561","Bovidae_9895","Bos_9903","Bos_taurus_9913"
"pt2","PUF.MBO.9","PUF_MBO_09","Bird Observatory","09/09/2024","23/09/2024","81c40f150ea7abd71722b5bb5394c944","0.884292955825016",91,"Fungi_4751","Ascomycota_4890","Sordariomycetes_147550","Hypocreales_5125",NA,NA,NA
"pt2","PUF.MBO.9","PUF_MBO_09","Bird Observatory","09/09/2024","23/09/2024","d42852543b1b05a1a1b572eec4ea5da2","0.408956436412255",319,"Metazoa_33208","Arthropoda_6656","Arachnida_6854",NA,NA,NA,NA
"pt2","PUF.MBO.9","PUF_MBO_09","Bird Observatory","09/09/2024","23/09/2024","18afda2e4c3b03e088538500a42aa706","0.14863927909265",54,"Metazoa_33208","Cnidaria_6073",NA,NA,NA,NA,NA
"pt2","PUF.MBO.9","PUF_MBO_09","Bird Observatory","09/09/2024","23/09/2024","efbf72a920a03347f6407072b84a43f9","0.999459556668486",438,"Fungi_4751","Basidiomycota_5204","Agaricomycetes_155619","Russulales_452342","Peniophoraceae_103393","Peniophora_40463","Peniophora_lycii_154539"
"pt2","PUF.MBO.9","PUF_MBO_09","Bird Observatory","09/09/2024","23/09/2024","2afb061e0ca58eb4eeec07e8e46746ae","0.339606274753171",94,"Metazoa_33208","Mollusca_6447","Gastropoda_6448",NA,NA,NA,NA
"pt2","PUF.MBO.9","PUF_MBO_09","Bird Observatory","09/09/2024","23/09/2024","2aa71d44beef2bcfaaecfc4703081f0d","0.499999934301922",194,"Fungi_4751","Basidiomycota_5204","Microbotryomycetes_162481","Sporidiobolales_231213","Sporidiobolaceae_1799696",NA,NA
"pt2","PUF.MBO.9","PUF_MBO_09","Bird Observatory","09/09/2024","23/09/2024","9120a8bbdc5d8261589ee9e90f0509a9","0.158530216682823",49,"Fungi_4751","Basidiomycota_5204","Agaricomycetes_155619","Boletales_68889","Boletaceae_5368","Tylopilus_80671","Tylopilus_plumbeoviolaceoides_374766"
"pt2","PUF.MBO.9","PUF_MBO_09","Bird Observatory","09/09/2024","23/09/2024","fffee20f2e55a93f20f18addabd5dbbd","0.499999986638762",142,"Fungi_4751","Basidiomycota_5204","Microbotryomycetes_162481","Sporidiobolales_231213","Sporidiobolaceae_1799696",NA,NA
"pt2","PUF.MBO.9","PUF_MBO_09","Bird Observatory","09/09/2024","23/09/2024","757ecae2e601e8cb8f983ac712833b60","0.662704638933771",56,"Fungi_4751","Ascomycota_4890","Sordariomycetes_147550",NA,NA,NA,NA
"pt2","PUF.MBO.9","PUF_MBO_09","Bird Observatory","09/09/2024","23/09/2024","0818b54bc8491e9ca30cf7de1cc0eedc","0.969990226499893",67,"Fungi_4751","Ascomycota_4890","Sordariomycetes_147550","Glomerellales_1028384","Glomerellaceae_681950","Colletotrichum_5455","Colletotrichum_salicis_1209931"
"pt2","PUF.MBO.9","PUF_MBO_09","Bird Observatory","09/09/2024","23/09/2024","e75a78d0e5e97379aded12cb2d3e9b77","0.941256683637283",313,"Fungi_4751","Ascomycota_4890","Leotiomycetes_147548",NA,NA,NA,NA
"pt2","PUF.MBO.9","PUF_MBO_09","Bird Observatory","09/09/2024","23/09/2024","bcf59b4926413543b3fb02800d2d5b80","0.999999999844206",377,"Eukaryota_2759_kingdom","Oomycota_4762","Oomycota_4762_class","Peronosporales_4776","Peronosporaceae_4777","Plasmopara_4780","Plasmopara_carveri_3350122"
"pt2","PUF.MBO.9","PUF_MBO_09","Bird Observatory","09/09/2024","23/09/2024","29a4dba1bfa1956fdee8b74924825ea4","0.757825971072733",50,"Fungi_4751","Ascomycota_4890","Leotiomycetes_147548",NA,NA,NA,NA
"pt2","PUF.MBO.9","PUF_MBO_09","Bird Observatory","09/09/2024","23/09/2024","7f182575baad2d44cbddc0244753a1f5","0.999999999346173",205,"Eukaryota_2759_kingdom","Oomycota_4762","Oomycota_4762_class","Peronosporales_4776","Peronosporaceae_4777","Plasmopara_4780","Plasmopara_carveri_3350122"
"pt2","PUF.MBO.9","PUF_MBO_09","Bird Observatory","09/09/2024","23/09/2024","772e7735929f1c930c6f49b34f2f2409","0.650392512660383",136,"Fungi_4751","Ascomycota_4890","Dothideomycetes_147541","Pleosporales_92860","Shiraiaceae_224418","Shiraia_224419","Shiraia_bambusicola_224420"
"pt2","PUF.MBO.9","PUF_MBO_09","Bird Observatory","09/09/2024","23/09/2024","48583a3c2ba12a2dfd5d6837130d2a15","0.499999997986612",130,"Fungi_4751","Basidiomycota_5204","Microbotryomycetes_162481","Sporidiobolales_231213","Sporidiobolaceae_1799696",NA,NA
"pt2","PUF.MBO.9","PUF_MBO_09","Bird Observatory","09/09/2024","23/09/2024","5cd0fb0fef428e24794b327d6e3a2207","0.989317948067313",110,"Fungi_4751","Ascomycota_4890","Leotiomycetes_147548",NA,NA,NA,NA
"pt2","PUF.MBO.9","PUF_MBO_09","Bird Observatory","09/09/2024","23/09/2024","0123e2d20a7673f0574e2ac1daf69990","0.499999992004482",63,"Fungi_4751","Basidiomycota_5204","Microbotryomycetes_162481","Sporidiobolales_231213","Sporidiobolaceae_1799696",NA,NA
"pt2","PUF.MBO.9","PUF_MBO_09","Bird Observatory","09/09/2024","23/09/2024","b614567123b87fc63f2ec82e87a633d3","0.9922895434464",605,"Fungi_4751","Ascomycota_4890","Sordariomycetes_147550","Hypocreales_5125",NA,NA,NA
"pt2","PUF.MBO.9","PUF_MBO_09","Bird Observatory","09/09/2024","23/09/2024","1809a1c403c18a33fa7f21708b8b8554","0.611288213377514",504,"Fungi_4751","Basidiomycota_5204","Exobasidiomycetes_452283","Microstromatales_162475","Microstromatales_162475_family","Jaminaea_561108",NA
"pt2","PUF.MBO.9","PUF_MBO_09","Bird Observatory","09/09/2024","23/09/2024","ee27e4abf3fe50b954a441ca4235ee57","0.499967861279369",144,"Fungi_4751","Mucoromycota_1913637","Mucoromycetes_2212703","Mucorales_4827","Lichtheimiaceae_499202","Lichtheimia_688353","Lichtheimia_hongkongensis_549293"
"pt2","PUF.MBO.9","PUF_MBO_09","Bird Observatory","09/09/2024","23/09/2024","1068c62c8033f9763ef51c02f5fe0f87","0.499998503356772",143,"Fungi_4751","Basidiomycota_5204","Cystobasidiomycetes_432005","Cystobasidiales_204043","Cystobasidiaceae_34418",NA,NA
"pt2","PUF.MBO.9","PUF_MBO_09","Bird Observatory","09/09/2024","23/09/2024","e909de582a7e8cf8ab0acfc3a35d424c","0.999999999995765",80,"Fungi_4751","Basidiomycota_5204","Agaricomycetes_155619","Agaricales_5338","Clitocybaceae_2982168","Clitocybe_50966","Clitocybe_robusta_440092"
"pt2","PUF.MBO.9","PUF_MBO_09","Bird Observatory","09/09/2024","23/09/2024","cae21494e59e3f6ddab1d5fb5eeaa160","0.447772747230955",61,"Metazoa_33208","Arthropoda_6656","Insecta_50557","Hemiptera_7524",NA,NA,NA
"pt2","PUF.MBO.9","PUF_MBO_09","Bird Observatory","09/09/2024","23/09/2024","3273e25fd3adc502b814d4e33550aa25","0.960540884652435",58,"Fungi_4751","Ascomycota_4890","Leotiomycetes_147548",NA,NA,NA,NA
"pt2","PUF.MBO.9","PUF_MBO_09","Bird Observatory","09/09/2024","23/09/2024","dfbbad9a459758d3357b4ad1e6222dda","0.989474712019293",57,"Fungi_4751","Basidiomycota_5204","Agaricomycetes_155619","Agaricales_5338","Amanitaceae_41954","Amanita_41955",NA
"pt2","PUF.MBO.9","PUF_MBO_09","Bird Observatory","09/09/2024","23/09/2024","a678eae73f63df10f4e70f8705a5cff0","0.895739284545461",53,"Fungi_4751","Ascomycota_4890","Leotiomycetes_147548",NA,NA,NA,NA
"pt2","PUF.MBO.9","PUF_MBO_09","Bird Observatory","09/09/2024","23/09/2024","266527ebaf2558e3f1b9f2c7b698cc2a","0.313942600309544",53,"Fungi_4751","Ascomycota_4890","Leotiomycetes_147548","Helotiales_5178","Ploettnerulaceae_2316155","Rhynchosporium_38037","Rhynchosporium_secalis_38038"
"pt2","PUF.MBO.9","PUF_MBO_09","Bird Observatory","09/09/2024","23/09/2024","9d3cad567f50eab25ef70b6f5f60a54e","0.373954860271337",51,"Fungi_4751","Ascomycota_4890",NA,NA,NA,NA,NA
"pt2","PUF.MBO.9","PUF_MBO_09","Bird Observatory","09/09/2024","23/09/2024","cb2989a7c78402e8cfdfe76eeefe6c63","0.999999973355827",46,"Fungi_4751","Basidiomycota_5204","Agaricomycetes_155619","Thelephorales_56487","Thelephoraceae_56488","Thelephora_56489","Thelephora_ganbajun_370292"
"pt2","PUF.MBO.9","PUF_MBO_09","Bird Observatory","09/09/2024","23/09/2024","5bb0e7fb787f14c87299dcb94ec55082","0.345265867371546",45,"Metazoa_33208","Arthropoda_6656","Arachnida_6854",NA,NA,NA,NA
"pt2","PUF.BOT.7","PUF_BOT_07","Botanical Garden","09/08/2024","23/08/2024","0c11abb10ca8c4ca6a9466f89d510f2e","0.907238614804815",1959,"Metazoa_33208","Arthropoda_6656","Insecta_50557","Hemiptera_7524","Pentatomidae_160513","Glypsus_-21471","Glypsus_conspicuus_-21472"
"pt2","PUF.BOT.7","PUF_BOT_07","Botanical Garden","09/08/2024","23/08/2024","589974931988706a852f1bb2c5aa12dc","0.814574741442148",289,"Fungi_4751","Basidiomycota_5204","Exobasidiomycetes_452283","Microstromatales_162475","Microstromatales_162475_family","Jaminaea_561108",NA
"pt2","PUF.BOT.7","PUF_BOT_07","Botanical Garden","09/08/2024","23/08/2024","f7718bbdbd503a21d2692b3b333490cb","0.55302161898262",120,"Fungi_4751","Basidiomycota_5204","Exobasidiomycetes_452283","Microstromatales_162475","Microstromatales_162475_family","Jaminaea_561108",NA
"pt2","PUF.BOT.7","PUF_BOT_07","Botanical Garden","09/08/2024","23/08/2024","eec2170a8f2d0cd7dc3a18841a1ea5c7","0.999999999699554",444,"Fungi_4751","Basidiomycota_5204","Exobasidiomycetes_452283","Microstromatales_162475",NA,NA,NA
"pt2","PUF.BOT.7","PUF_BOT_07","Botanical Garden","09/08/2024","23/08/2024","afb94828a83235f617d67b54fe89fe79","0.373408909311144",328,"Fungi_4751","Basidiomycota_5204","Pucciniomycetes_162484","Pucciniales_5258","Melampsoraceae_5259","Melampsora_5260","Melampsora_medusae_82101"
"pt2","PUF.BOT.7","PUF_BOT_07","Botanical Garden","09/08/2024","23/08/2024","b43d19c6734061aba20cde4334b0c772","0.933623859448047",1149,"Fungi_4751","Ascomycota_4890","Dothideomycetes_147541","Cladosporiales_2726946","Cladosporiaceae_452563","Cladosporium_5498","Cladosporium_bruhnei_450181"
"pt2","PUF.BOT.7","PUF_BOT_07","Botanical Garden","09/08/2024","23/08/2024","bec08d51eb66022d7172c03768d5fd5d","0.937210778414611",542,"Fungi_4751","Ascomycota_4890","Dothideomycetes_147541","Cladosporiales_2726946","Cladosporiaceae_452563","Cladosporium_5498","Cladosporium_cladosporioides_29917"
"pt2","PUF.BOT.7","PUF_BOT_07","Botanical Garden","09/08/2024","23/08/2024","42a334b44b84641c69386150c7cde441","0.975711405297424",78,"Fungi_4751","Ascomycota_4890","Leotiomycetes_147548",NA,NA,NA,NA
"pt2","PUF.BOT.7","PUF_BOT_07","Botanical Garden","09/08/2024","23/08/2024","e46a578b0e29ecec00b1077904a0e397","0.499999714525752",44,"Fungi_4751","Basidiomycota_5204","Microbotryomycetes_162481","Sporidiobolales_231213","Sporidiobolaceae_1799696",NA,NA
"pt2","PUF.BOT.7","PUF_BOT_07","Botanical Garden","09/08/2024","23/08/2024","c684f602961d1fa707824757cb55af21","0.980027983287282",182,"Fungi_4751","Ascomycota_4890","Leotiomycetes_147548",NA,NA,NA,NA
"pt2","PUF.BOT.7","PUF_BOT_07","Botanical Garden","09/08/2024","23/08/2024","202e53dd32a0e7b3fcb0945dd40b5e51","0.819547932595875",41,"Fungi_4751","Ascomycota_4890","Leotiomycetes_147548",NA,NA,NA,NA
"pt2","PUF.BOT.7","PUF_BOT_07","Botanical Garden","09/08/2024","23/08/2024","937d32d8b30569996c449126c9aa0c79","0.999086113297351",217,"Fungi_4751","Ascomycota_4890","Dothideomycetes_147541","Mycosphaerellales_2726947","Mycosphaerellaceae_93133","Cercospora_29002","Cercospora_nicotianae_29003"
"pt2","PUF.BOT.7","PUF_BOT_07","Botanical Garden","09/08/2024","23/08/2024","0654cc62f2b2d1f6652ba8acca4ba9fb","0.959194747463117",53,"Fungi_4751","Basidiomycota_5204","Exobasidiomycetes_452283","Microstromatales_162475","Microstromatales_162475_family","Jaminaea_561108",NA
"pt2","PUF.BOT.7","PUF_BOT_07","Botanical Garden","09/08/2024","23/08/2024","d6626a1d124518b308f9a8879b48cdbf","0.594898914748369",32,"Fungi_4751","Basidiomycota_5204",NA,NA,NA,NA,NA
"pt2","PUF.BOT.7","PUF_BOT_07","Botanical Garden","09/08/2024","23/08/2024","8277aef53dee13c182babc116a100648","0.407898027838656",33,"Fungi_4751","Ascomycota_4890","Leotiomycetes_147548",NA,NA,NA,NA
"pt2","PUF.BOT.7","PUF_BOT_07","Botanical Garden","09/08/2024","23/08/2024","53814ac04567f8e2287c46b0b52f47f1","0.851549716705765",938,"Fungi_4751","Ascomycota_4890","Dothideomycetes_147541",NA,NA,NA,NA
"pt2","PUF.BOT.7","PUF_BOT_07","Botanical Garden","09/08/2024","23/08/2024","e07e46d7aafd4deecdc6327a714c759c","0.946704056119496",395,"Fungi_4751","Ascomycota_4890","Leotiomycetes_147548",NA,NA,NA,NA
"pt2","PUF.BOT.7","PUF_BOT_07","Botanical Garden","09/08/2024","23/08/2024","a26e6cc23365c60897b7d620c23de990","0.944259328386728",43,"Metazoa_33208","Arthropoda_6656","Insecta_50557","Lepidoptera_7088","Pyralidae_7135","Pionidia_2613197",NA
"pt2","PUF.BOT.7","PUF_BOT_07","Botanical Garden","09/08/2024","23/08/2024","efbf72a920a03347f6407072b84a43f9","0.999459556668486",538,"Fungi_4751","Basidiomycota_5204","Agaricomycetes_155619","Russulales_452342","Peniophoraceae_103393","Peniophora_40463","Peniophora_lycii_154539"
"pt2","PUF.BOT.7","PUF_BOT_07","Botanical Garden","09/08/2024","23/08/2024","70b4d7ba28aab2a3317ba97f972e7482","0.412109360706104",33,"Eukaryota_2759_kingdom","Oomycota_4762","Oomycota_4762_class","Peronosporales_4776","Peronosporaceae_4777","Phytophthora_4783",NA
"pt2","PUF.BOT.7","PUF_BOT_07","Botanical Garden","09/08/2024","23/08/2024","0cfdb2fd1280dadc3e6649c3acd0bf5f","1",52,"Fungi_4751","Basidiomycota_5204","Exobasidiomycetes_452283","Microstromatales_162475",NA,NA,NA
"pt2","PUF.BOT.7","PUF_BOT_07","Botanical Garden","09/08/2024","23/08/2024","1856623b5c61dc63c815a0e9bc93eaec","0.993729504568258",58,"Fungi_4751","Ascomycota_4890","Leotiomycetes_147548",NA,NA,NA,NA
"pt2","PUF.BOT.7","PUF_BOT_07","Botanical Garden","09/08/2024","23/08/2024","4c61867aac5f47595d799f1ec472e6f5","0.375819282055825",29,"Metazoa_33208","Arthropoda_6656","Arachnida_6854",NA,NA,NA,NA
"pt2","PUF.BOT.7","PUF_BOT_07","Botanical Garden","09/08/2024","23/08/2024","aec35e427b95f1cbf2c6d6503e172a4f","0.279152099836879",86,"Fungi_4751","Ascomycota_4890",NA,NA,NA,NA,NA
"pt2","PUF.BOT.7","PUF_BOT_07","Botanical Garden","09/08/2024","23/08/2024","e568316642a9d4f2542e85dcc7267df7","0.999999998668883",62,"Fungi_4751","Basidiomycota_5204","Exobasidiomycetes_452283","Microstromatales_162475",NA,NA,NA
"pt2","PUF.BOT.7","PUF_BOT_07","Botanical Garden","09/08/2024","23/08/2024","186655c711d9c22435d048944254d180","0.999918046946559",100,"Fungi_4751","Basidiomycota_5204","Agaricomycetes_155619","Russulales_452342","Peniophoraceae_103393","Peniophora_40463","Peniophora_lycii_154539"
"pt2","PUF.BOT.7","PUF_BOT_07","Botanical Garden","09/08/2024","23/08/2024","5f55b40d2f45184f5c9a56b8f5713317","0.711362304659374",117,"Fungi_4751","Ascomycota_4890","Leotiomycetes_147548",NA,NA,NA,NA
"pt2","PUF.BOT.7","PUF_BOT_07","Botanical Garden","09/08/2024","23/08/2024","e2f909b13c3ebf8128f397a64f5faae1","0.865408471778355",71,"Fungi_4751","Basidiomycota_5204","Agaricomycetes_155619","Agaricales_5338","Psathyrellaceae_184208","Candolleomyces_2791032","Candolleomyces_candolleanus_71730"
"pt2","PUF.BOT.7","PUF_BOT_07","Botanical Garden","09/08/2024","23/08/2024","0818b54bc8491e9ca30cf7de1cc0eedc","0.969990226499893",34,"Fungi_4751","Ascomycota_4890","Sordariomycetes_147550","Glomerellales_1028384","Glomerellaceae_681950","Colletotrichum_5455","Colletotrichum_salicis_1209931"
"pt2","PUF.BOT.7","PUF_BOT_07","Botanical Garden","09/08/2024","23/08/2024","3d042a847d0a3208343616c2c95242f0","0.546052228910285",37,"Fungi_4751","Basidiomycota_5204","Agaricomycetes_155619","Agaricales_5338","Hygrophoraceae_51005","Hygrocybe_51006",NA
"pt2","PUF.BOT.7","PUF_BOT_07","Botanical Garden","09/08/2024","23/08/2024","c19214d5953fb460b7d11e6f5e7632c3","0.980202218281149",36,"Fungi_4751","Ascomycota_4890","Leotiomycetes_147548",NA,NA,NA,NA
"pt2","PUF.BOT.7","PUF_BOT_07","Botanical Garden","09/08/2024","23/08/2024","5dde167e85ac5d01ba4962f3d4fb94e7","0.233584539980757",70,"Fungi_4751","Basidiomycota_5204","Pucciniomycetes_162484","Pucciniales_5258","Melampsoraceae_5259","Melampsora_5260","Melampsora_nujiangensis_1173059"
"pt2","PUF.BOT.7","PUF_BOT_07","Botanical Garden","09/08/2024","23/08/2024","0ba7f6bb10f8942755a4f712e7edd234","0.652448760589441",29,"Metazoa_33208","Arthropoda_6656","Arachnida_6854",NA,NA,NA,NA
"pt2","PUF.BOT.7","PUF_BOT_07","Botanical Garden","09/08/2024","23/08/2024","f9c1a0df0b70f38b19759e45b21db63a","0.589641706933968",57,"Fungi_4751","Ascomycota_4890","Sordariomycetes_147550","Hypocreales_5125",NA,NA,NA
"pt2","PUF.BOT.7","PUF_BOT_07","Botanical Garden","09/08/2024","23/08/2024","bd29633837bcc3003dd038eac7ec33ff","0.280159842707106",58,"Fungi_4751","Basidiomycota_5204","Agaricomycetes_155619","Boletales_68889","Boletaceae_5368","Tylopilus_80671",NA
"pt2","PUF.BOT.7","PUF_BOT_07","Botanical Garden","09/08/2024","23/08/2024","739c4246839a519c84e7af7be8139e72","0.721031559133312",53,"Fungi_4751","Ascomycota_4890","Sordariomycetes_147550","Hypocreales_5125",NA,NA,NA
"pt2","PUF.BOT.7","PUF_BOT_07","Botanical Garden","09/08/2024","23/08/2024","67bb67e859efca924a3f7eea717a96ae","0.739508299617196",72,"Fungi_4751","Ascomycota_4890","Leotiomycetes_147548",NA,NA,NA,NA
"pt2","PUF.BOT.7","PUF_BOT_07","Botanical Garden","09/08/2024","23/08/2024","fab15be22bf2b702829362160b78a241","0.23313571786753",77,"Fungi_4751","Basidiomycota_5204","Tremellomycetes_155616","Filobasidiales_90886","Filobasidiaceae_5408",NA,NA
"pt2","PUF.BOT.7","PUF_BOT_07","Botanical Garden","09/08/2024","23/08/2024","5c9798df4a1eac0578316db93ec43ba0","0.49465976108077",133,"Fungi_4751","Basidiomycota_5204","Cystobasidiomycetes_432005","Cystobasidiales_204043","Cystobasidiaceae_34418",NA,NA
"pt2","PUF.BOT.7","PUF_BOT_07","Botanical Garden","09/08/2024","23/08/2024","9e7bedf4ec8c7b2f7be73083c0516653","0.624391132126512",31,"Fungi_4751","Basidiomycota_5204","Agaricomycetes_155619","Agaricales_5338","Psathyrellaceae_184208","Psathyrella_71729",NA
"pt2","PUF.BOT.7","PUF_BOT_07","Botanical Garden","09/08/2024","23/08/2024","85aaa0071c7c1ca33ed53a2c720b3eb1","0.973040121673122",34,"Fungi_4751","Ascomycota_4890","Sordariomycetes_147550","Hypocreales_5125",NA,NA,NA
"pt2","PUF.BOT.7","PUF_BOT_07","Botanical Garden","09/08/2024","23/08/2024","9a915763a44d3fc386ec86ee3397cc56","0.891580409316465",43,"Eukaryota_2759_kingdom","Oomycota_4762","Oomycota_4762_class","Pythiales_121069","Pythiaceae_4782","Phytophthora_-69394",NA
"pt2","PUF.BOT.7","PUF_BOT_07","Botanical Garden","09/08/2024","23/08/2024","3bb007ac3f5281d20a0fa499105676c6","0.729009761708447",63,"Fungi_4751","Ascomycota_4890","Dothideomycetes_147541",NA,NA,NA,NA
"pt2","PUF.BOT.7","PUF_BOT_07","Botanical Garden","09/08/2024","23/08/2024","ff2017645ecf757344a305a0eb5fa6cf","0.978149415006054",90,"Fungi_4751","Ascomycota_4890","Sordariomycetes_147550",NA,NA,NA,NA
"pt2","PUF.BOT.7","PUF_BOT_07","Botanical Garden","09/08/2024","23/08/2024","d98f9eceb9433e8fd59f88d7606ce197","0.999999997389921",73,"Fungi_4751","Ascomycota_4890","Lecanoromycetes_147547","Lecanorales_5197","Parmeliaceae_78060","Hypogymnia_87258","Hypogymnia_vittata_315943"
"pt2","PUF.BOT.7","PUF_BOT_07","Botanical Garden","09/08/2024","23/08/2024","4cbed37fa059f90da77a97ba7c05ffbd","0.48559893310718",66,"Fungi_4751","Basidiomycota_5204","Tremellomycetes_155616","Tremellales_5234","Bulleribasidiaceae_1884640","Dioszegia_165440","Dioszegia_changbaiensis_234950"
"pt2","PUF.BOT.7","PUF_BOT_07","Botanical Garden","09/08/2024","23/08/2024","0c605f976376933b38c2f1b7a3b8b317","0.999991274473413",66,"Metazoa_33208","Arthropoda_6656","Arachnida_6854","Trombidiformes_83136","Tarsonemidae_133229",NA,NA
"pt2","PUF.BOT.7","PUF_BOT_07","Botanical Garden","09/08/2024","23/08/2024","d1bd5dc58783756131ad892acef603c8","0.763148523584543",54,"Fungi_4751","Ascomycota_4890","Leotiomycetes_147548",NA,NA,NA,NA
"pt2","PUF.BOT.7","PUF_BOT_07","Botanical Garden","09/08/2024","23/08/2024","b8f557e09422f042ee0b2fedc805e654","0.880691442372344",47,"Fungi_4751","Ascomycota_4890","Leotiomycetes_147548",NA,NA,NA,NA
"pt2","PUF.BOT.7","PUF_BOT_07","Botanical Garden","09/08/2024","23/08/2024","9d616012a5cbba4c1b35cbe15f84165c","0.864385134774788",44,"Fungi_4751","Ascomycota_4890","Leotiomycetes_147548",NA,NA,NA,NA
"pt2","PUF.BOT.7","PUF_BOT_07","Botanical Garden","09/08/2024","23/08/2024","928208f309a78b3216d16b7353cd4589","0.999989646070815",37,"Fungi_4751","Basidiomycota_5204","Agaricomycetes_155619","Cantharellales_36064","Ceratobasidiaceae_5250","Rhizoctonia_1322061",NA
"pt2","PUF.BOT.7","PUF_BOT_07","Botanical Garden","09/08/2024","23/08/2024","367d35ee0350e3a024f1f893f3802d33","0.758465703342247",37,"Fungi_4751","Ascomycota_4890","Sordariomycetes_147550",NA,NA,NA,NA
"pt2","PUF.BOT.7","PUF_BOT_07","Botanical Garden","09/08/2024","23/08/2024","18a091768b210c065a9dd4eb86d9bb7f","0.313460118164659",36,"Metazoa_33208","Arthropoda_6656","Insecta_50557","Hemiptera_7524",NA,NA,NA
"pt2","PUF.BOT.7","PUF_BOT_07","Botanical Garden","09/08/2024","23/08/2024","61e6dd0816df39effde151fcd232cbae","0.599565363360388",35,"Fungi_4751","Ascomycota_4890","Leotiomycetes_147548",NA,NA,NA,NA
"pt2","PUF.BOT.7","PUF_BOT_07","Botanical Garden","09/08/2024","23/08/2024","8d97748cc6e1122ca4b995994e28ef35","0.365267314925821",35,"Metazoa_33208","Arthropoda_6656","Insecta_50557","Hemiptera_7524",NA,NA,NA
"pt2","PUF.BOT.7","PUF_BOT_07","Botanical Garden","09/08/2024","23/08/2024","d7ae120ed7b72bcf886bf8cf4c16f053","0.945552323180546",33,"Fungi_4751","Ascomycota_4890","Leotiomycetes_147548",NA,NA,NA,NA
"pt2","PUF.BOT.7","PUF_BOT_07","Botanical Garden","09/08/2024","23/08/2024","9c8120dbaade794caa1a1d43333ab029","0.999995507331834",30,"Fungi_4751","Basidiomycota_5204","Agaricomycetes_155619","Russulales_452342","Russulaceae_5401","Russula_5402","Russula_emetica_152958"
"pt2","PUF.BOT.7","PUF_BOT_07","Botanical Garden","09/08/2024","23/08/2024","e3eb1cd639283cd3e231e5b59488e7d6","0.665236598365322",30,"Metazoa_33208","Arthropoda_6656","Arachnida_6854","Trombidiformes_83136","Tarsonemidae_133229",NA,NA
"pt2","PUF.BOT.7","PUF_BOT_07","Botanical Garden","09/08/2024","23/08/2024","160e0c747bdf4c6ac111fe695ac0bbaf","0.564149179387557",29,"Fungi_4751","Basidiomycota_5204","Agaricomycetes_155619","Agaricales_5338","Clitocybaceae_2982168","Clitocybe_50966",NA
"pt2","PUF.BOT.7","PUF_BOT_07","Botanical Garden","09/08/2024","23/08/2024","01a9fc35eee322cca3df9ddf862b9037","0.99842404408545",29,"Fungi_4751","Basidiomycota_5204","Agaricomycetes_155619","Agaricales_5338","Psathyrellaceae_184208","Psathyrella_71729",NA
"pt2","PUF.BOT.7","PUF_BOT_07","Botanical Garden","09/08/2024","23/08/2024","06f155a9ecabd463d2532ff25aab89ef","0.521049873424728",28,"Metazoa_33208","Arthropoda_6656","Arachnida_6854",NA,NA,NA,NA
"pt2","PUF.IPEX.9","PUF_IPEX_09","IPEX","04/09/2024","18/09/2024","0c11abb10ca8c4ca6a9466f89d510f2e","0.907238614804815",962,"Metazoa_33208","Arthropoda_6656","Insecta_50557","Hemiptera_7524","Pentatomidae_160513","Glypsus_-21471","Glypsus_conspicuus_-21472"
"pt2","PUF.IPEX.9","PUF_IPEX_09","IPEX","04/09/2024","18/09/2024","589974931988706a852f1bb2c5aa12dc","0.814574741442148",2946,"Fungi_4751","Basidiomycota_5204","Exobasidiomycetes_452283","Microstromatales_162475","Microstromatales_162475_family","Jaminaea_561108",NA
"pt2","PUF.IPEX.9","PUF_IPEX_09","IPEX","04/09/2024","18/09/2024","f7718bbdbd503a21d2692b3b333490cb","0.55302161898262",1934,"Fungi_4751","Basidiomycota_5204","Exobasidiomycetes_452283","Microstromatales_162475","Microstromatales_162475_family","Jaminaea_561108",NA
"pt2","PUF.IPEX.9","PUF_IPEX_09","IPEX","04/09/2024","18/09/2024","eec2170a8f2d0cd7dc3a18841a1ea5c7","0.999999999699554",1505,"Fungi_4751","Basidiomycota_5204","Exobasidiomycetes_452283","Microstromatales_162475",NA,NA,NA
"pt2","PUF.IPEX.9","PUF_IPEX_09","IPEX","04/09/2024","18/09/2024","afb94828a83235f617d67b54fe89fe79","0.373408909311144",1426,"Fungi_4751","Basidiomycota_5204","Pucciniomycetes_162484","Pucciniales_5258","Melampsoraceae_5259","Melampsora_5260","Melampsora_medusae_82101"
"pt2","PUF.IPEX.9","PUF_IPEX_09","IPEX","04/09/2024","18/09/2024","b43d19c6734061aba20cde4334b0c772","0.933623859448047",243,"Fungi_4751","Ascomycota_4890","Dothideomycetes_147541","Cladosporiales_2726946","Cladosporiaceae_452563","Cladosporium_5498","Cladosporium_bruhnei_450181"
"pt2","PUF.IPEX.9","PUF_IPEX_09","IPEX","04/09/2024","18/09/2024","bec08d51eb66022d7172c03768d5fd5d","0.937210778414611",508,"Fungi_4751","Ascomycota_4890","Dothideomycetes_147541","Cladosporiales_2726946","Cladosporiaceae_452563","Cladosporium_5498","Cladosporium_cladosporioides_29917"
"pt2","PUF.IPEX.9","PUF_IPEX_09","IPEX","04/09/2024","18/09/2024","0d1a483ebd4773116542454b0cc1a266","0.88739453904822",406,"Fungi_4751","Ascomycota_4890","Sordariomycetes_147550",NA,NA,NA,NA
"pt2","PUF.IPEX.9","PUF_IPEX_09","IPEX","04/09/2024","18/09/2024","42a334b44b84641c69386150c7cde441","0.975711405297424",579,"Fungi_4751","Ascomycota_4890","Leotiomycetes_147548",NA,NA,NA,NA
"pt2","PUF.IPEX.9","PUF_IPEX_09","IPEX","04/09/2024","18/09/2024","c684f602961d1fa707824757cb55af21","0.980027983287282",43,"Fungi_4751","Ascomycota_4890","Leotiomycetes_147548",NA,NA,NA,NA
"pt2","PUF.IPEX.9","PUF_IPEX_09","IPEX","04/09/2024","18/09/2024","d6626a1d124518b308f9a8879b48cdbf","0.594898914748369",44,"Fungi_4751","Basidiomycota_5204",NA,NA,NA,NA,NA
"pt2","PUF.IPEX.9","PUF_IPEX_09","IPEX","04/09/2024","18/09/2024","efe1ce8e8d1b9cdb5da01eb790e3abcc","0.499999775441608",81,"Fungi_4751","Basidiomycota_5204","Microbotryomycetes_162481","Sporidiobolales_231213","Sporidiobolaceae_1799696",NA,NA
"pt2","PUF.IPEX.9","PUF_IPEX_09","IPEX","04/09/2024","18/09/2024","ce9e585d5196adf56f4e2c0e02e27b73","0.499999974718733",176,"Fungi_4751","Basidiomycota_5204","Microbotryomycetes_162481","Sporidiobolales_231213","Sporidiobolaceae_1799696",NA,NA
"pt2","PUF.IPEX.9","PUF_IPEX_09","IPEX","04/09/2024","18/09/2024","e07e46d7aafd4deecdc6327a714c759c","0.946704056119496",114,"Fungi_4751","Ascomycota_4890","Leotiomycetes_147548",NA,NA,NA,NA
"pt2","PUF.IPEX.9","PUF_IPEX_09","IPEX","04/09/2024","18/09/2024","96a2ca12e55abcc9577bcd54e6debad3","0.834652805023254",49,"Fungi_4751","Ascomycota_4890","Leotiomycetes_147548",NA,NA,NA,NA
"pt2","PUF.IPEX.9","PUF_IPEX_09","IPEX","04/09/2024","18/09/2024","922c407078b43f634da20b2e149c57c5","0.973530600220828",38,"Fungi_4751","Ascomycota_4890","Leotiomycetes_147548",NA,NA,NA,NA
"pt2","PUF.IPEX.9","PUF_IPEX_09","IPEX","04/09/2024","18/09/2024","d388a42f47cf0aff79dc33ea832fa6ba","0.688087973270429",35,"Fungi_4751","Ascomycota_4890","Sordariomycetes_147550","Hypocreales_5125","Nectriaceae_110618","Fusarium_5506","Fusarium_babinda_48486"
"pt2","PUF.IPEX.9","PUF_IPEX_09","IPEX","04/09/2024","18/09/2024","efbf72a920a03347f6407072b84a43f9","0.999459556668486",100,"Fungi_4751","Basidiomycota_5204","Agaricomycetes_155619","Russulales_452342","Peniophoraceae_103393","Peniophora_40463","Peniophora_lycii_154539"
"pt2","PUF.IPEX.9","PUF_IPEX_09","IPEX","04/09/2024","18/09/2024","24e6afde065c6d5c729886e1ee63f7ad","0.499999972166463",110,"Fungi_4751","Basidiomycota_5204","Microbotryomycetes_162481","Sporidiobolales_231213","Sporidiobolaceae_1799696",NA,NA
"pt2","PUF.IPEX.9","PUF_IPEX_09","IPEX","04/09/2024","18/09/2024","ae467d204456103bc0262e65b5710bf3","0.969881597900368",55,"Fungi_4751","Ascomycota_4890","Leotiomycetes_147548",NA,NA,NA,NA
"pt2","PUF.IPEX.9","PUF_IPEX_09","IPEX","04/09/2024","18/09/2024","2aa71d44beef2bcfaaecfc4703081f0d","0.499999934301922",125,"Fungi_4751","Basidiomycota_5204","Microbotryomycetes_162481","Sporidiobolales_231213","Sporidiobolaceae_1799696",NA,NA
"pt2","PUF.IPEX.9","PUF_IPEX_09","IPEX","04/09/2024","18/09/2024","9120a8bbdc5d8261589ee9e90f0509a9","0.158530216682823",56,"Fungi_4751","Basidiomycota_5204","Agaricomycetes_155619","Boletales_68889","Boletaceae_5368","Tylopilus_80671","Tylopilus_plumbeoviolaceoides_374766"
"pt2","PUF.IPEX.9","PUF_IPEX_09","IPEX","04/09/2024","18/09/2024","fffee20f2e55a93f20f18addabd5dbbd","0.499999986638762",65,"Fungi_4751","Basidiomycota_5204","Microbotryomycetes_162481","Sporidiobolales_231213","Sporidiobolaceae_1799696",NA,NA
"pt2","PUF.IPEX.9","PUF_IPEX_09","IPEX","04/09/2024","18/09/2024","bcf59b4926413543b3fb02800d2d5b80","0.999999999844206",42,"Eukaryota_2759_kingdom","Oomycota_4762","Oomycota_4762_class","Peronosporales_4776","Peronosporaceae_4777","Plasmopara_4780","Plasmopara_carveri_3350122"
"pt2","PUF.IPEX.9","PUF_IPEX_09","IPEX","04/09/2024","18/09/2024","3a13958b5940bd7556e5e8359f22fb7a","0.939391726029397",53,"Fungi_4751","Basidiomycota_5204","Microbotryomycetes_162481","Sporidiobolales_231213","Sporidiobolaceae_1799696","Rhodotorula_5533",NA
"pt2","PUF.IPEX.9","PUF_IPEX_09","IPEX","04/09/2024","18/09/2024","7f182575baad2d44cbddc0244753a1f5","0.999999999346173",139,"Eukaryota_2759_kingdom","Oomycota_4762","Oomycota_4762_class","Peronosporales_4776","Peronosporaceae_4777","Plasmopara_4780","Plasmopara_carveri_3350122"
"pt2","PUF.IPEX.9","PUF_IPEX_09","IPEX","04/09/2024","18/09/2024","7afc0272acd0fb5b70546491169b0cf9","0.830762097447066",36,"Fungi_4751","Ascomycota_4890","Sordariomycetes_147550","Hypocreales_5125","Nectriaceae_110618","Fusarium_5506","Fusarium_fujikuroi_5127"
"pt2","C.pos.1",NA,NA,NA,NA,"ee887797d543eb5bca70685a80448f33","0.999999999833875",37,"Metazoa_33208","Arthropoda_6656","Arachnida_6854","Sarcoptiformes_83137","Acaridae_41442","Tyrophagus_41443","Tyrophagus_putrescentiae_59818"
"pt2","C.pos.1",NA,NA,NA,NA,"5d3564d6737e166e83ce8240f724d01b","0.99999881538543",3533,"Metazoa_33208","Arthropoda_6656","Insecta_50557","Lepidoptera_7088","Nymphalidae_33415","Cethosia_127316","Cethosia_biblis_876379"
"pt2","C.pos.1",NA,NA,NA,NA,"6f1a1255050532cae60680a72dce419a","0.932517804012975",3236,"Metazoa_33208","Arthropoda_6656","Insecta_50557","Lepidoptera_7088","Nymphalidae_33415","Heliconius_33416","Heliconius_doris_33455"
"pt2","C.pos.1",NA,NA,NA,NA,"cfbe78fed13ab87970c71076fd125838","0.561655359507809",2374,"Metazoa_33208","Arthropoda_6656","Insecta_50557","Lepidoptera_7088","Nymphalidae_33415","Caligo_127325","Caligo_brasiliensis_1005066"
"pt2","C.pos.1",NA,NA,NA,NA,"fd4bad522467847ada733a06160cd758","0.999871073236204",340,"Metazoa_33208","Arthropoda_6656","Collembola_30001","Entomobryomorpha_730330","Entomobryidae_48704","Willowsia_181624","Willowsia_buskii_1458441"
"pt2","C.pos.1",NA,NA,NA,NA,"c6faa26a7ab01e150962542b974ef824","0.999999859893857",316,"Metazoa_33208","Arthropoda_6656","Insecta_50557","Lepidoptera_7088","Nymphalidae_33415","Cethosia_127316","Cethosia_biblis_876379"
"pt2","C.pos.1",NA,NA,NA,NA,"1c91512bbbb272bb43585873f67ec694","0.997412619272048",75,"Metazoa_33208","Arthropoda_6656","Insecta_50557","Lepidoptera_7088","Nymphalidae_33415","Parthenos_191422","Parthenos_sylvia_3150745"
"pt2","C.pos.1",NA,NA,NA,NA,"65a3af468ddae974a987166357da0a95","0.86048086347452",57,"Metazoa_33208","Arthropoda_6656","Insecta_50557","Lepidoptera_7088","Papilionidae_7143","Papilio_7145","Papilio_rumanzovia_262663"
"pt2","C.pos.1",NA,NA,NA,NA,"86c0fa77fde824e160332708bddb452b","0.999999964203625",51,"Metazoa_33208","Arthropoda_6656","Insecta_50557","Lepidoptera_7088","Nymphalidae_33415","Siproeta_64447","Siproeta_epaphus_311052"
"pt2","C.pos.1",NA,NA,NA,NA,"84089937751d86260ca7bc4372e0505d","0.188958665920478",45,"Fungi_4751","Ascomycota_4890","Saccharomycetes_4891","Saccharomycetales_4892",NA,NA,NA
"pt2","C.pos.1",NA,NA,NA,NA,"eb35ad569e5d8b7e79f795fb95989608","0.999999219548704",28,"Metazoa_33208","Arthropoda_6656","Insecta_50557","Lepidoptera_7088","Papilionidae_7143","Papilio_7145","Papilio_demoleus_76202"
"pt2","PUF.JD.1","PUF_JD_01","Jean-Drapeau","22/05/2024","05/06/2024","0c11abb10ca8c4ca6a9466f89d510f2e","0.907238614804815",46,"Metazoa_33208","Arthropoda_6656","Insecta_50557","Hemiptera_7524","Pentatomidae_160513","Glypsus_-21471","Glypsus_conspicuus_-21472"
"pt2","PUF.JD.1","PUF_JD_01","Jean-Drapeau","22/05/2024","05/06/2024","b43d19c6734061aba20cde4334b0c772","0.933623859448047",114,"Fungi_4751","Ascomycota_4890","Dothideomycetes_147541","Cladosporiales_2726946","Cladosporiaceae_452563","Cladosporium_5498","Cladosporium_bruhnei_450181"
"pt2","PUF.JD.1","PUF_JD_01","Jean-Drapeau","22/05/2024","05/06/2024","0654cc62f2b2d1f6652ba8acca4ba9fb","0.959194747463117",64,"Fungi_4751","Basidiomycota_5204","Exobasidiomycetes_452283","Microstromatales_162475","Microstromatales_162475_family","Jaminaea_561108",NA
"pt2","PUF.JD.1","PUF_JD_01","Jean-Drapeau","22/05/2024","05/06/2024","53814ac04567f8e2287c46b0b52f47f1","0.851549716705765",41,"Fungi_4751","Ascomycota_4890","Dothideomycetes_147541",NA,NA,NA,NA
"pt2","PUF.JD.1","PUF_JD_01","Jean-Drapeau","22/05/2024","05/06/2024","945bd633c00552164446ce1c2ba94461","0.947741379948713",46,"Fungi_4751","Ascomycota_4890","Leotiomycetes_147548",NA,NA,NA,NA
"pt2","PUF.JD.1","PUF_JD_01","Jean-Drapeau","22/05/2024","05/06/2024","d1d24d5ef702ed8316897967f0aed4bc","0.438081783143306",43,"Fungi_4751","Ascomycota_4890","Sordariomycetes_147550",NA,NA,NA,NA
"pt2","PUF.JD.1","PUF_JD_01","Jean-Drapeau","22/05/2024","05/06/2024","efbf72a920a03347f6407072b84a43f9","0.999459556668486",31,"Fungi_4751","Basidiomycota_5204","Agaricomycetes_155619","Russulales_452342","Peniophoraceae_103393","Peniophora_40463","Peniophora_lycii_154539"
"pt2","PUF.JD.1","PUF_JD_01","Jean-Drapeau","22/05/2024","05/06/2024","2f13f121577313e78366e6a1423c94fb","0.967606140881254",46,"Fungi_4751","Ascomycota_4890","Dothideomycetes_147541","Pleosporales_92860","Shiraiaceae_224418","Shiraia_224419","Shiraia_bambusicola_224420"
"pt2","PUF.JD.1","PUF_JD_01","Jean-Drapeau","22/05/2024","05/06/2024","fb63d8f5c3345552089a08c54e864eda","0.359503254678772",62,"Metazoa_33208","Arthropoda_6656","Insecta_50557","Diptera_7147","Chironomidae_7149","Cricotopus_153373",NA
"pt2","PUF.JD.1","PUF_JD_01","Jean-Drapeau","22/05/2024","05/06/2024","1856623b5c61dc63c815a0e9bc93eaec","0.993729504568258",45,"Fungi_4751","Ascomycota_4890","Leotiomycetes_147548",NA,NA,NA,NA
"pt2","PUF.JD.1","PUF_JD_01","Jean-Drapeau","22/05/2024","05/06/2024","349cecdaccca192a5aa609e9184c3c8e","0.674856366161648",98,"Fungi_4751","Ascomycota_4890","Sordariomycetes_147550","Hypocreales_5125",NA,NA,NA
"pt2","PUF.JD.1","PUF_JD_01","Jean-Drapeau","22/05/2024","05/06/2024","313af605cd82303ffe6cf4b8ab9d0d34","0.799061550015964",42,"Viridiplantae_33090","Chlorophyta_3041","Trebouxiophyceae_75966",NA,NA,NA,NA
"pt2","PUF.JD.1","PUF_JD_01","Jean-Drapeau","22/05/2024","05/06/2024","816cabafdebbfde12d61c2db8093e157","0.768485965102851",30,"Fungi_4751","Ascomycota_4890","Leotiomycetes_147548",NA,NA,NA,NA
"pt2","PUF.JD.1","PUF_JD_01","Jean-Drapeau","22/05/2024","05/06/2024","e9e1a86cfe2cba496becdcea2eb45b9d","0.571050464731067",74,"Fungi_4751","Ascomycota_4890","Sordariomycetes_147550","Hypocreales_5125",NA,NA,NA
"pt2","PUF.JD.1","PUF_JD_01","Jean-Drapeau","22/05/2024","05/06/2024","353cf88b067a953f6a7463a158fb4458","0.956710293760633",148,"Fungi_4751","Ascomycota_4890","Leotiomycetes_147548",NA,NA,NA,NA
"pt2","PUF.JD.1","PUF_JD_01","Jean-Drapeau","22/05/2024","05/06/2024","ddfd319f3d88ba3067d804c949cf1f1a","0.436151395675201",81,"Fungi_4751","Ascomycota_4890",NA,NA,NA,NA,NA
"pt2","PUF.JD.1","PUF_JD_01","Jean-Drapeau","22/05/2024","05/06/2024","e961ee812e814a754542db23bae2cf68","0.390753683146527",782,"Metazoa_33208","Arthropoda_6656","Arachnida_6854",NA,NA,NA,NA
"pt2","PUF.JD.1","PUF_JD_01","Jean-Drapeau","22/05/2024","05/06/2024","3869ad8a7baaf4d7d397801dd8c97858","0.499631928486949",44,"Fungi_4751","Ascomycota_4890","Sordariomycetes_147550",NA,NA,NA,NA
"pt2","PUF.JD.1","PUF_JD_01","Jean-Drapeau","22/05/2024","05/06/2024","191d25d55f3ca7bb31a137341a55d00e","0.547814364165414",38,"Fungi_4751","Ascomycota_4890","Leotiomycetes_147548",NA,NA,NA,NA
"pt2","PUF.JD.1","PUF_JD_01","Jean-Drapeau","22/05/2024","05/06/2024","8d5b3ad081e57d8dc2ec8c3d8fbfeaa2","0.999999900427033",32,"Metazoa_33208","Arthropoda_6656","Arachnida_6854","Trombidiformes_83136","Tydeidae_708320","Tydeus_1670773",NA
"pt2","PUF.JD.1","PUF_JD_01","Jean-Drapeau","22/05/2024","05/06/2024","6705cff4677e44576741a66dd185cf5c","0.922812602643956",34,"Fungi_4751","Ascomycota_4890","Dothideomycetes_147541","Pleosporales_92860","Shiraiaceae_224418","Shiraia_224419","Shiraia_bambusicola_224420"
"pt2","PUF.JD.1","PUF_JD_01","Jean-Drapeau","22/05/2024","05/06/2024","5130ef9f775308a434493935e81ce630","0.992749470008487",34,"Metazoa_33208","Arthropoda_6656","Insecta_50557","Hymenoptera_7399","Formicidae_36668","Tetramorium_30204","Tetramorium_immigrans_2164160"
"pt2","PUF.JD.1","PUF_JD_01","Jean-Drapeau","22/05/2024","05/06/2024","f94314b5037ca5761518251a0c7e3cbc","0.999671597985085",30,"Viridiplantae_33090","Chlorophyta_3041","Trebouxiophyceae_75966",NA,NA,NA,NA
"pt2","PUF.JD.1","PUF_JD_01","Jean-Drapeau","22/05/2024","05/06/2024","5bfa8f38a8fdf7735699766cee275666","0.519210884141658",57,"Fungi_4751","Ascomycota_4890","Leotiomycetes_147548",NA,NA,NA,NA
"pt2","PUF.JD.1","PUF_JD_01","Jean-Drapeau","22/05/2024","05/06/2024","7c52a29f282c5b604c81d08d5511e009","0.695653665404119",70,"Fungi_4751","Basidiomycota_5204","Agaricomycetes_155619","Agaricales_5338","Psathyrellaceae_184208","Candolleomyces_2791032","Candolleomyces_candolleanus_71730"
"pt2","PUF.JD.1","PUF_JD_01","Jean-Drapeau","22/05/2024","05/06/2024","060c1bee96c8f17397485ae9a509713d","0.909392058612169",36,"Fungi_4751","Ascomycota_4890","Sordariomycetes_147550","Hypocreales_5125","Nectriaceae_110618","Fusarium_5506","Fusarium_oxysporum_5507"
"pt2","PUF.JD.1","PUF_JD_01","Jean-Drapeau","22/05/2024","05/06/2024","fe176b308bbe88adcb2e8c347fa8e4c6","0.998579538404455",97,"Fungi_4751","Ascomycota_4890","Leotiomycetes_147548",NA,NA,NA,NA
"pt2","PUF.JD.1","PUF_JD_01","Jean-Drapeau","22/05/2024","05/06/2024","3850461b2b4cc1915416974806d7114a","0.495595603406702",100,"Fungi_4751","Basidiomycota_5204","Exobasidiomycetes_452283","Microstromatales_162475",NA,NA,NA
"pt2","PUF.JD.1","PUF_JD_01","Jean-Drapeau","22/05/2024","05/06/2024","c102657dfcf5a1a045f54686d054f23d","0.999999106079189",6071,"Metazoa_33208","Arthropoda_6656","Insecta_50557","Lepidoptera_7088","Erebidae_695564","Hypena_95218","Hypena_scabra_95219"
"pt2","PUF.JD.1","PUF_JD_01","Jean-Drapeau","22/05/2024","05/06/2024","234491dfbfa36f619268cb922b8edfda","0.999520880665047",1435,"Metazoa_33208","Arthropoda_6656","Arachnida_6854","Trombidiformes_83136","Anystidae_92248","Anystis_66557","Anystis_baccarum_2250316"
"pt2","PUF.JD.1","PUF_JD_01","Jean-Drapeau","22/05/2024","05/06/2024","a3fa07daf126d1254801d4451062d3cb","0.336721502201319",114,"Metazoa_33208","Arthropoda_6656","Arachnida_6854","Mesostigmata_34634","Blattisociidae_1251892","Lasioseius_296243",NA
"pt2","PUF.JD.1","PUF_JD_01","Jean-Drapeau","22/05/2024","05/06/2024","4678a938f27bee2228cff52a3383343f","0.997725962055536",76,"Metazoa_33208","Arthropoda_6656","Arachnida_6854","Araneae_6893","Tetragnathidae_27394","Tetragnatha_27395","Tetragnatha_shoshone_1659988"
"pt2","PUF.JD.1","PUF_JD_01","Jean-Drapeau","22/05/2024","05/06/2024","49cf6a7d018648e2dbb51f35d7b8705c","0.738193797011805",57,"Fungi_4751","Ascomycota_4890","Sordariomycetes_147550","Hypocreales_5125","Nectriaceae_110618","Fusarium_5506","Fusarium_babinda_48486"
"pt2","PUF.JD.1","PUF_JD_01","Jean-Drapeau","22/05/2024","05/06/2024","570ef04368b880213fc6ded81b3c1805","0.987728414560249",43,"Metazoa_33208","Arthropoda_6656","Insecta_50557","Diptera_7147","Chironomidae_7149","Parakiefferiella_611371",NA
"pt2","PUF.JD.1","PUF_JD_01","Jean-Drapeau","22/05/2024","05/06/2024","952e3f5b4063694e03952f7e5418fcf4","0.687397348568594",36,"Fungi_4751","Ascomycota_4890","Leotiomycetes_147548",NA,NA,NA,NA
"pt2","PUF.JD.1","PUF_JD_01","Jean-Drapeau","22/05/2024","05/06/2024","93b3c5edb044c70e64d6c0466ee9e97e","0.639761268558829",35,"Fungi_4751","Ascomycota_4890",NA,NA,NA,NA,NA
"pt2","PUF.JD.1","PUF_JD_01","Jean-Drapeau","22/05/2024","05/06/2024","71f46842144c6fe13a819b2628d52362","0.993602845434745",35,"Fungi_4751","Ascomycota_4890","Leotiomycetes_147548",NA,NA,NA,NA
"pt2","PUF.JD.1","PUF_JD_01","Jean-Drapeau","22/05/2024","05/06/2024","3c774f87323835c77a7cbcd97995646e","0.405201385386753",32,"Metazoa_33208","Arthropoda_6656","Arachnida_6854",NA,NA,NA,NA
"pt2","PUF.JD.1","PUF_JD_01","Jean-Drapeau","22/05/2024","05/06/2024","fa3fcdb5d6e280583db9f51553307b69","0.998296563535426",31,"Fungi_4751","Ascomycota_4890","Leotiomycetes_147548",NA,NA,NA,NA
"pt2","PUF.BOT.6","PUF_BOT_06","Botanical Garden","26/07/2024","09/08/2024","0c11abb10ca8c4ca6a9466f89d510f2e","0.907238614804815",800,"Metazoa_33208","Arthropoda_6656","Insecta_50557","Hemiptera_7524","Pentatomidae_160513","Glypsus_-21471","Glypsus_conspicuus_-21472"
"pt2","PUF.BOT.6","PUF_BOT_06","Botanical Garden","26/07/2024","09/08/2024","589974931988706a852f1bb2c5aa12dc","0.814574741442148",109,"Fungi_4751","Basidiomycota_5204","Exobasidiomycetes_452283","Microstromatales_162475","Microstromatales_162475_family","Jaminaea_561108",NA
"pt2","PUF.BOT.6","PUF_BOT_06","Botanical Garden","26/07/2024","09/08/2024","f7718bbdbd503a21d2692b3b333490cb","0.55302161898262",105,"Fungi_4751","Basidiomycota_5204","Exobasidiomycetes_452283","Microstromatales_162475","Microstromatales_162475_family","Jaminaea_561108",NA
"pt2","PUF.BOT.6","PUF_BOT_06","Botanical Garden","26/07/2024","09/08/2024","eec2170a8f2d0cd7dc3a18841a1ea5c7","0.999999999699554",107,"Fungi_4751","Basidiomycota_5204","Exobasidiomycetes_452283","Microstromatales_162475",NA,NA,NA
"pt2","PUF.BOT.6","PUF_BOT_06","Botanical Garden","26/07/2024","09/08/2024","b43d19c6734061aba20cde4334b0c772","0.933623859448047",391,"Fungi_4751","Ascomycota_4890","Dothideomycetes_147541","Cladosporiales_2726946","Cladosporiaceae_452563","Cladosporium_5498","Cladosporium_bruhnei_450181"
"pt2","PUF.BOT.6","PUF_BOT_06","Botanical Garden","26/07/2024","09/08/2024","bec08d51eb66022d7172c03768d5fd5d","0.937210778414611",203,"Fungi_4751","Ascomycota_4890","Dothideomycetes_147541","Cladosporiales_2726946","Cladosporiaceae_452563","Cladosporium_5498","Cladosporium_cladosporioides_29917"
"pt2","PUF.BOT.6","PUF_BOT_06","Botanical Garden","26/07/2024","09/08/2024","53814ac04567f8e2287c46b0b52f47f1","0.851549716705765",126,"Fungi_4751","Ascomycota_4890","Dothideomycetes_147541",NA,NA,NA,NA
"pt2","PUF.BOT.6","PUF_BOT_06","Botanical Garden","26/07/2024","09/08/2024","efbf72a920a03347f6407072b84a43f9","0.999459556668486",226,"Fungi_4751","Basidiomycota_5204","Agaricomycetes_155619","Russulales_452342","Peniophoraceae_103393","Peniophora_40463","Peniophora_lycii_154539"
"pt2","PUF.BOT.6","PUF_BOT_06","Botanical Garden","26/07/2024","09/08/2024","18a2e110004e455b097f83f0c05922c6","0.975304870433857",705,"Metazoa_33208","Chordata_7711","Mammalia_40674","Primates_9443","Hominidae_9604","Homo_9605","Homo_sapiens_9606"
"pt2","PUF.BOT.6","PUF_BOT_06","Botanical Garden","26/07/2024","09/08/2024","186655c711d9c22435d048944254d180","0.999918046946559",83,"Fungi_4751","Basidiomycota_5204","Agaricomycetes_155619","Russulales_452342","Peniophoraceae_103393","Peniophora_40463","Peniophora_lycii_154539"
"pt2","PUF.BOT.6","PUF_BOT_06","Botanical Garden","26/07/2024","09/08/2024","66b375e1f08dc65c6f7edc53c3c7637b","0.919617265336879",88,"Metazoa_33208","Arthropoda_6656","Insecta_50557","Hemiptera_7524","Miridae_30083","Galapagocoris_-21292","Galapagocoris_crockeri_-21293"
"pt2","PUF.BOT.6","PUF_BOT_06","Botanical Garden","26/07/2024","09/08/2024","324aa809eaf5923964b727843e75b900","0.3067466489538",60,"Metazoa_33208","Arthropoda_6656","Insecta_50557","Coleoptera_7041","Carabidae_41073","Bembidion_60800","Bembidion_flebile_-5823"
"pt2","PUF.BOT.6","PUF_BOT_06","Botanical Garden","26/07/2024","09/08/2024","b2720feeb98a124aa1dc08666adea007","0.999132260393591",165,"Fungi_4751","Ascomycota_4890","Leotiomycetes_147548",NA,NA,NA,NA
"pt2","PUF.BOT.6","PUF_BOT_06","Botanical Garden","26/07/2024","09/08/2024","ef8858611ab7825ba742dfb93d5dbedf","0.642077690453693",17783,"Metazoa_33208","Arthropoda_6656","Insecta_50557","Lepidoptera_7088","Pyralidae_7135","Pyla_683885","Pyla_fusca_683886"
"pt2","PUF.BOT.6","PUF_BOT_06","Botanical Garden","26/07/2024","09/08/2024","628b518c93a390546513c80e570e6cbe","0.973896116092224",152,"Pseudomonadati_3379134","Pseudomonadota_1224","Alphaproteobacteria_28211","Rickettsiales_766","Anaplasmataceae_942","Wolbachia_953","Wolbachia_pipientis_955"
"pt2","PUF.BOU.4","PUF_BOU_04","Boucherville","08/07/2024","22/07/2024","0c11abb10ca8c4ca6a9466f89d510f2e","0.907238614804815",276,"Metazoa_33208","Arthropoda_6656","Insecta_50557","Hemiptera_7524","Pentatomidae_160513","Glypsus_-21471","Glypsus_conspicuus_-21472"
"pt2","PUF.BOU.4","PUF_BOU_04","Boucherville","08/07/2024","22/07/2024","589974931988706a852f1bb2c5aa12dc","0.814574741442148",28,"Fungi_4751","Basidiomycota_5204","Exobasidiomycetes_452283","Microstromatales_162475","Microstromatales_162475_family","Jaminaea_561108",NA
"pt2","PUF.BOU.4","PUF_BOU_04","Boucherville","08/07/2024","22/07/2024","eec2170a8f2d0cd7dc3a18841a1ea5c7","0.999999999699554",661,"Fungi_4751","Basidiomycota_5204","Exobasidiomycetes_452283","Microstromatales_162475",NA,NA,NA
"pt2","PUF.BOU.4","PUF_BOU_04","Boucherville","08/07/2024","22/07/2024","b43d19c6734061aba20cde4334b0c772","0.933623859448047",1004,"Fungi_4751","Ascomycota_4890","Dothideomycetes_147541","Cladosporiales_2726946","Cladosporiaceae_452563","Cladosporium_5498","Cladosporium_bruhnei_450181"
"pt2","PUF.BOU.4","PUF_BOU_04","Boucherville","08/07/2024","22/07/2024","bec08d51eb66022d7172c03768d5fd5d","0.937210778414611",27,"Fungi_4751","Ascomycota_4890","Dothideomycetes_147541","Cladosporiales_2726946","Cladosporiaceae_452563","Cladosporium_5498","Cladosporium_cladosporioides_29917"
"pt2","PUF.BOU.4","PUF_BOU_04","Boucherville","08/07/2024","22/07/2024","0d1a483ebd4773116542454b0cc1a266","0.88739453904822",59,"Fungi_4751","Ascomycota_4890","Sordariomycetes_147550",NA,NA,NA,NA
"pt2","PUF.BOU.4","PUF_BOU_04","Boucherville","08/07/2024","22/07/2024","c1b05b58063b2a2ce034c9b37a2afa7a","0.998948779700455",89,"Fungi_4751","Ascomycota_4890","Leotiomycetes_147548",NA,NA,NA,NA
"pt2","PUF.BOU.4","PUF_BOU_04","Boucherville","08/07/2024","22/07/2024","42a334b44b84641c69386150c7cde441","0.975711405297424",101,"Fungi_4751","Ascomycota_4890","Leotiomycetes_147548",NA,NA,NA,NA
"pt2","PUF.BOU.4","PUF_BOU_04","Boucherville","08/07/2024","22/07/2024","5580961b9a41be03abce5562553ec49c","0.419336811656045",28,"Metazoa_33208","Arthropoda_6656","Arachnida_6854",NA,NA,NA,NA
"pt2","PUF.BOU.4","PUF_BOU_04","Boucherville","08/07/2024","22/07/2024","202e53dd32a0e7b3fcb0945dd40b5e51","0.819547932595875",31,"Fungi_4751","Ascomycota_4890","Leotiomycetes_147548",NA,NA,NA,NA
"pt2","PUF.BOU.4","PUF_BOU_04","Boucherville","08/07/2024","22/07/2024","6054764396456af05a8ec58302d41c02","0.499999934593067",27,"Fungi_4751","Basidiomycota_5204","Microbotryomycetes_162481","Sporidiobolales_231213","Sporidiobolaceae_1799696",NA,NA
"pt2","PUF.BOU.4","PUF_BOU_04","Boucherville","08/07/2024","22/07/2024","b68e68d28b1bf1fab06f4b523042e2d3","0.983792751072165",44,"Fungi_4751","Ascomycota_4890","Leotiomycetes_147548",NA,NA,NA,NA
"pt2","PUF.BOU.4","PUF_BOU_04","Boucherville","08/07/2024","22/07/2024","ce9e585d5196adf56f4e2c0e02e27b73","0.499999974718733",19,"Fungi_4751","Basidiomycota_5204","Microbotryomycetes_162481","Sporidiobolales_231213","Sporidiobolaceae_1799696",NA,NA
"pt2","PUF.BOU.4","PUF_BOU_04","Boucherville","08/07/2024","22/07/2024","b3a298b6b16a5d32bd1ba8c64c3d64d7","0.758196564130766",35,"Fungi_4751","Ascomycota_4890","Dothideomycetes_147541","Pleosporales_92860","Shiraiaceae_224418","Shiraia_224419","Shiraia_bambusicola_224420"
"pt2","PUF.BOU.4","PUF_BOU_04","Boucherville","08/07/2024","22/07/2024","53814ac04567f8e2287c46b0b52f47f1","0.851549716705765",30,"Fungi_4751","Ascomycota_4890","Dothideomycetes_147541",NA,NA,NA,NA
"pt2","PUF.BOU.4","PUF_BOU_04","Boucherville","08/07/2024","22/07/2024","d1d24d5ef702ed8316897967f0aed4bc","0.438081783143306",36,"Fungi_4751","Ascomycota_4890","Sordariomycetes_147550",NA,NA,NA,NA
"pt2","PUF.BOU.4","PUF_BOU_04","Boucherville","08/07/2024","22/07/2024","a26e6cc23365c60897b7d620c23de990","0.944259328386728",20,"Metazoa_33208","Arthropoda_6656","Insecta_50557","Lepidoptera_7088","Pyralidae_7135","Pionidia_2613197",NA
"pt2","PUF.BOU.4","PUF_BOU_04","Boucherville","08/07/2024","22/07/2024","efbf72a920a03347f6407072b84a43f9","0.999459556668486",42,"Fungi_4751","Basidiomycota_5204","Agaricomycetes_155619","Russulales_452342","Peniophoraceae_103393","Peniophora_40463","Peniophora_lycii_154539"
"pt2","PUF.BOU.4","PUF_BOU_04","Boucherville","08/07/2024","22/07/2024","fb63d8f5c3345552089a08c54e864eda","0.359503254678772",18,"Metazoa_33208","Arthropoda_6656","Insecta_50557","Diptera_7147","Chironomidae_7149","Cricotopus_153373",NA
"pt2","PUF.BOU.4","PUF_BOU_04","Boucherville","08/07/2024","22/07/2024","5aed11ba544c173021f3e6b6409a1d21","0.991137813442884",13,"Fungi_4751","Ascomycota_4890","Sordariomycetes_147550",NA,NA,NA,NA
"pt2","PUF.BOU.4","PUF_BOU_04","Boucherville","08/07/2024","22/07/2024","dece8419b8e4e1cc5d3a8bdc85038c21","0.996090882194318",130,"Fungi_4751","Ascomycota_4890","Leotiomycetes_147548",NA,NA,NA,NA
"pt2","PUF.BOU.4","PUF_BOU_04","Boucherville","08/07/2024","22/07/2024","693bb632a72482fd25a05c0311a27e14","0.710726372982711",20,"Fungi_4751","Basidiomycota_5204","Agaricomycetes_155619","Agaricales_5338","Hygrophoraceae_51005","Hygrocybe_51006",NA
"pt2","PUF.BOU.4","PUF_BOU_04","Boucherville","08/07/2024","22/07/2024","5f907557675481632654c893c4e319d5","0.369832764629548",93,"Fungi_4751","Ascomycota_4890","Dothideomycetes_147541","Cladosporiales_2726946","Cladosporiaceae_452563","Cladosporium_5498","Cladosporium_bruhnei_450181"
"pt2","PUF.BOU.4","PUF_BOU_04","Boucherville","08/07/2024","22/07/2024","c38372039005405c2e6443c3d3488d49","0.571355839189392",58,"Fungi_4751","Ascomycota_4890","Dothideomycetes_147541","Cladosporiales_2726946","Cladosporiaceae_452563","Cladosporium_5498","Cladosporium_bruhnei_450181"
"pt2","PUF.BOU.4","PUF_BOU_04","Boucherville","08/07/2024","22/07/2024","9120a8bbdc5d8261589ee9e90f0509a9","0.158530216682823",10,"Fungi_4751","Basidiomycota_5204","Agaricomycetes_155619","Boletales_68889","Boletaceae_5368","Tylopilus_80671","Tylopilus_plumbeoviolaceoides_374766"
"pt2","PUF.BOU.4","PUF_BOU_04","Boucherville","08/07/2024","22/07/2024","8bca8da2e780f4ec5677df7b2641d966","0.499999999163392",17,"Fungi_4751","Basidiomycota_5204","Microbotryomycetes_162481","Sporidiobolales_231213","Sporidiobolaceae_1799696",NA,NA
"pt2","PUF.BOU.4","PUF_BOU_04","Boucherville","08/07/2024","22/07/2024","186655c711d9c22435d048944254d180","0.999918046946559",27,"Fungi_4751","Basidiomycota_5204","Agaricomycetes_155619","Russulales_452342","Peniophoraceae_103393","Peniophora_40463","Peniophora_lycii_154539"
"pt2","PUF.BOU.4","PUF_BOU_04","Boucherville","08/07/2024","22/07/2024","e3625b78fc7d223a7bce189dca39f019","0.931434102040716",22,"Fungi_4751","Ascomycota_4890","Dothideomycetes_147541","Pleosporales_92860","Shiraiaceae_224418","Shiraia_224419","Shiraia_bambusicola_224420"
"pt2","PUF.BOU.4","PUF_BOU_04","Boucherville","08/07/2024","22/07/2024","e2f909b13c3ebf8128f397a64f5faae1","0.865408471778355",44,"Fungi_4751","Basidiomycota_5204","Agaricomycetes_155619","Agaricales_5338","Psathyrellaceae_184208","Candolleomyces_2791032","Candolleomyces_candolleanus_71730"
"pt2","PUF.BOU.4","PUF_BOU_04","Boucherville","08/07/2024","22/07/2024","d7737e0cbaff2b2affabf71433067b46","0.794321213685288",12,"Fungi_4751","Ascomycota_4890","Sordariomycetes_147550",NA,NA,NA,NA
"pt2","PUF.BOU.4","PUF_BOU_04","Boucherville","08/07/2024","22/07/2024","9c5ec9063b70290cf5721f64c0f037d6","0.509793298304291",14,"Metazoa_33208","Arthropoda_6656","Arachnida_6854",NA,NA,NA,NA
"pt2","PUF.BOU.4","PUF_BOU_04","Boucherville","08/07/2024","22/07/2024","a656f5998d4fbda0b61410aaf57a01e0","0.544409552970536",13,"Fungi_4751","Ascomycota_4890","Sordariomycetes_147550",NA,NA,NA,NA
"pt2","PUF.BOU.4","PUF_BOU_04","Boucherville","08/07/2024","22/07/2024","5be1d53751f3907ff2f5d002e6a3d716","0.915464081512389",38,"Fungi_4751","Ascomycota_4890","Leotiomycetes_147548",NA,NA,NA,NA
"pt2","PUF.BOU.4","PUF_BOU_04","Boucherville","08/07/2024","22/07/2024","fa6ab200c4005793c0395710c2fc8718","0.527843923722099",24,"Metazoa_33208","Arthropoda_6656","Insecta_50557","Hymenoptera_7399",NA,NA,NA
"pt2","PUF.BOU.4","PUF_BOU_04","Boucherville","08/07/2024","22/07/2024","739c4246839a519c84e7af7be8139e72","0.721031559133312",19,"Fungi_4751","Ascomycota_4890","Sordariomycetes_147550","Hypocreales_5125",NA,NA,NA
"pt2","PUF.BOU.4","PUF_BOU_04","Boucherville","08/07/2024","22/07/2024","9fe1c702458193e49887d52ce314a594","0.523325682824076",60,"Fungi_4751","Ascomycota_4890","Leotiomycetes_147548",NA,NA,NA,NA
"pt2","PUF.BOU.4","PUF_BOU_04","Boucherville","08/07/2024","22/07/2024","a38a1a8358cd93a9e5b4f3db3e0f7c35","0.292761721747615",41,"Metazoa_33208","Arthropoda_6656","Insecta_50557","Hemiptera_7524",NA,NA,NA
"pt2","PUF.BOU.4","PUF_BOU_04","Boucherville","08/07/2024","22/07/2024","784fbb5a2eccb7f8611634cb41bd0950","0.813571112051154",38,"Fungi_4751","Ascomycota_4890","Sordariomycetes_147550","Hypocreales_5125","Nectriaceae_110618","Fusarium_5506","Fusarium_babinda_48486"
"pt2","PUF.BOU.4","PUF_BOU_04","Boucherville","08/07/2024","22/07/2024","15825abb1c439dc12e181c4372f56a88","0.300326563779124",12,"Metazoa_33208","Arthropoda_6656","Insecta_50557","Hemiptera_7524",NA,NA,NA
"pt2","PUF.BOU.4","PUF_BOU_04","Boucherville","08/07/2024","22/07/2024","bd72b1dd2de5c1b16c7c5872918d9b77","0.618931214573169",28,"Eukaryota_2759_kingdom","Oomycota_4762","Oomycota_4762_class","Albuginales_370421","Albuginaceae_65355","Wilsoniana_572136","Wilsoniana_bliti_642601"
"pt2","PUF.BOU.4","PUF_BOU_04","Boucherville","08/07/2024","22/07/2024","caa3466d33fa14246c897cb16bd4ecba","0.598737818413315",11,"Metazoa_33208","Arthropoda_6656","Arachnida_6854",NA,NA,NA,NA
"pt2","PUF.BOU.4","PUF_BOU_04","Boucherville","08/07/2024","22/07/2024","36ba93cb40fd400f422a040358858620","0.999998383745263",14,"Fungi_4751","Ascomycota_4890","Dothideomycetes_147541","Capnodiales_134362",NA,NA,NA
"pt2","PUF.BOU.4","PUF_BOU_04","Boucherville","08/07/2024","22/07/2024","1658c3c8ca5da7802ed942a6514c3586","0.506929828848345",14,"Metazoa_33208","Arthropoda_6656","Arachnida_6854",NA,NA,NA,NA
"pt2","PUF.BOU.4","PUF_BOU_04","Boucherville","08/07/2024","22/07/2024","8a5b522cd0043aaa3825c3c09e12a89a","0.452958919690598",20,"Fungi_4751","Basidiomycota_5204","Agaricomycetes_155619","Agaricales_5338","Clitocybaceae_2982168","Clitocybe_50966",NA
"pt2","PUF.BOU.4","PUF_BOU_04","Boucherville","08/07/2024","22/07/2024","d98f9eceb9433e8fd59f88d7606ce197","0.999999997389921",25,"Fungi_4751","Ascomycota_4890","Lecanoromycetes_147547","Lecanorales_5197","Parmeliaceae_78060","Hypogymnia_87258","Hypogymnia_vittata_315943"
"pt2","PUF.BOU.4","PUF_BOU_04","Boucherville","08/07/2024","22/07/2024","a6b0a500ca363a29457278e2aaa46551","0.986656568971024",10,"Fungi_4751","Ascomycota_4890","Sordariomycetes_147550","Hypocreales_5125",NA,NA,NA
"pt2","PUF.BOU.4","PUF_BOU_04","Boucherville","08/07/2024","22/07/2024","6c4de5ac319c1a927351f119af663678","0.724210367106894",30,"Fungi_4751","Ascomycota_4890","Leotiomycetes_147548",NA,NA,NA,NA
"pt2","PUF.BOU.4","PUF_BOU_04","Boucherville","08/07/2024","22/07/2024","3a59f523f64652b02b8187b7d78b53eb","0.233542652191399",47,"Viridiplantae_33090","Streptophyta_35493","Magnoliopsida_3398","Malvales_41938","Malvaceae_3629","Gossypium_3633","Gossypium_australe_47621"
"pt2","PUF.BOU.4","PUF_BOU_04","Boucherville","08/07/2024","22/07/2024","55530392c631b3e159fe7bd0e1f0176e","0.999980373689552",39,"Fungi_4751","Basidiomycota_5204","Agaricomycetes_155619","Agaricales_5338",NA,NA,NA
"pt2","PUF.BOU.4","PUF_BOU_04","Boucherville","08/07/2024","22/07/2024","4647b9a40e93f6aff9b0a6fe4cc6aaa2","0.918461159399542",32,"Metazoa_33208","Arthropoda_6656","Insecta_50557","Orthoptera_6993","Acrididae_7002","Melanoplus_30252","Melanoplus_femurrubrum_103640"
"pt2","PUF.BOU.4","PUF_BOU_04","Boucherville","08/07/2024","22/07/2024","76670f379877b8ec1f23978e975c30a2","0.999999999422812",25,"Fungi_4751","Ascomycota_4890","Lecanoromycetes_147547","Lecanorales_5197","Parmeliaceae_78060","Imshaugia_172620","Imshaugia_aleurites_172621"
"pt2","PUF.BOU.4","PUF_BOU_04","Boucherville","08/07/2024","22/07/2024","12dae63f537fc387e1af0bdd5cc742ec","0.999958631194707",19,"Fungi_4751","Basidiomycota_5204","Agaricomycetes_155619","Russulales_452342","Peniophoraceae_103393","Peniophora_40463","Peniophora_lycii_154539"
"pt2","PUF.BOU.4","PUF_BOU_04","Boucherville","08/07/2024","22/07/2024","1c27f3ae13d261647cc06b22324e6df8","0.695260638376207",19,"Fungi_4751","Basidiomycota_5204","Exobasidiomycetes_452283","Microstromatales_162475","Microstromatales_162475_family","Jaminaea_561108",NA
"pt2","PUF.BOU.4","PUF_BOU_04","Boucherville","08/07/2024","22/07/2024","462f66b8adae21ce7ce99f4f68edcced","0.376447216595977",19,"Metazoa_33208","Arthropoda_6656","Insecta_50557","Diptera_7147","Chironomidae_7149",NA,NA
"pt2","PUF.BOU.4","PUF_BOU_04","Boucherville","08/07/2024","22/07/2024","930c738b3beb40ee7143847e34fc1f3d","0.883426408103832",12,"Fungi_4751","Ascomycota_4890","Sordariomycetes_147550",NA,NA,NA,NA
"pt2","PUF.BOU.4","PUF_BOU_04","Boucherville","08/07/2024","22/07/2024","4a07e2e368a31c53b43930016cc2b701","0.371859982004149",10,"Metazoa_33208","Arthropoda_6656","Arachnida_6854",NA,NA,NA,NA
"pt2","PUF.IPEX.6","PUF_IPEX_06","IPEX","24/07/2024","07/08/2024","0c11abb10ca8c4ca6a9466f89d510f2e","0.907238614804815",812,"Metazoa_33208","Arthropoda_6656","Insecta_50557","Hemiptera_7524","Pentatomidae_160513","Glypsus_-21471","Glypsus_conspicuus_-21472"
"pt2","PUF.IPEX.6","PUF_IPEX_06","IPEX","24/07/2024","07/08/2024","589974931988706a852f1bb2c5aa12dc","0.814574741442148",3542,"Fungi_4751","Basidiomycota_5204","Exobasidiomycetes_452283","Microstromatales_162475","Microstromatales_162475_family","Jaminaea_561108",NA
"pt2","PUF.IPEX.6","PUF_IPEX_06","IPEX","24/07/2024","07/08/2024","f7718bbdbd503a21d2692b3b333490cb","0.55302161898262",644,"Fungi_4751","Basidiomycota_5204","Exobasidiomycetes_452283","Microstromatales_162475","Microstromatales_162475_family","Jaminaea_561108",NA
"pt2","PUF.IPEX.6","PUF_IPEX_06","IPEX","24/07/2024","07/08/2024","eec2170a8f2d0cd7dc3a18841a1ea5c7","0.999999999699554",1557,"Fungi_4751","Basidiomycota_5204","Exobasidiomycetes_452283","Microstromatales_162475",NA,NA,NA
"pt2","PUF.IPEX.6","PUF_IPEX_06","IPEX","24/07/2024","07/08/2024","b43d19c6734061aba20cde4334b0c772","0.933623859448047",581,"Fungi_4751","Ascomycota_4890","Dothideomycetes_147541","Cladosporiales_2726946","Cladosporiaceae_452563","Cladosporium_5498","Cladosporium_bruhnei_450181"
"pt2","PUF.IPEX.6","PUF_IPEX_06","IPEX","24/07/2024","07/08/2024","bec08d51eb66022d7172c03768d5fd5d","0.937210778414611",166,"Fungi_4751","Ascomycota_4890","Dothideomycetes_147541","Cladosporiales_2726946","Cladosporiaceae_452563","Cladosporium_5498","Cladosporium_cladosporioides_29917"
"pt2","PUF.IPEX.6","PUF_IPEX_06","IPEX","24/07/2024","07/08/2024","0d1a483ebd4773116542454b0cc1a266","0.88739453904822",56,"Fungi_4751","Ascomycota_4890","Sordariomycetes_147550",NA,NA,NA,NA
"pt2","PUF.IPEX.6","PUF_IPEX_06","IPEX","24/07/2024","07/08/2024","42a334b44b84641c69386150c7cde441","0.975711405297424",412,"Fungi_4751","Ascomycota_4890","Leotiomycetes_147548",NA,NA,NA,NA
"pt2","PUF.IPEX.6","PUF_IPEX_06","IPEX","24/07/2024","07/08/2024","5580961b9a41be03abce5562553ec49c","0.419336811656045",35,"Metazoa_33208","Arthropoda_6656","Arachnida_6854",NA,NA,NA,NA
"pt2","PUF.IPEX.6","PUF_IPEX_06","IPEX","24/07/2024","07/08/2024","c0899651ae378553204b1e5ea53060b9","0.621258210680944",76,"Fungi_4751","Basidiomycota_5204","Exobasidiomycetes_452283","Microstromatales_162475","Microstromatales_162475_family","Jaminaea_561108",NA
"pt2","PUF.IPEX.6","PUF_IPEX_06","IPEX","24/07/2024","07/08/2024","efe1ce8e8d1b9cdb5da01eb790e3abcc","0.499999775441608",31,"Fungi_4751","Basidiomycota_5204","Microbotryomycetes_162481","Sporidiobolales_231213","Sporidiobolaceae_1799696",NA,NA
"pt2","PUF.IPEX.6","PUF_IPEX_06","IPEX","24/07/2024","07/08/2024","ce9e585d5196adf56f4e2c0e02e27b73","0.499999974718733",105,"Fungi_4751","Basidiomycota_5204","Microbotryomycetes_162481","Sporidiobolales_231213","Sporidiobolaceae_1799696",NA,NA
"pt2","PUF.IPEX.6","PUF_IPEX_06","IPEX","24/07/2024","07/08/2024","e07e46d7aafd4deecdc6327a714c759c","0.946704056119496",96,"Fungi_4751","Ascomycota_4890","Leotiomycetes_147548",NA,NA,NA,NA
"pt2","PUF.IPEX.6","PUF_IPEX_06","IPEX","24/07/2024","07/08/2024","96a2ca12e55abcc9577bcd54e6debad3","0.834652805023254",39,"Fungi_4751","Ascomycota_4890","Leotiomycetes_147548",NA,NA,NA,NA
"pt2","PUF.IPEX.6","PUF_IPEX_06","IPEX","24/07/2024","07/08/2024","922c407078b43f634da20b2e149c57c5","0.973530600220828",53,"Fungi_4751","Ascomycota_4890","Leotiomycetes_147548",NA,NA,NA,NA
"pt2","PUF.IPEX.6","PUF_IPEX_06","IPEX","24/07/2024","07/08/2024","d388a42f47cf0aff79dc33ea832fa6ba","0.688087973270429",30,"Fungi_4751","Ascomycota_4890","Sordariomycetes_147550","Hypocreales_5125","Nectriaceae_110618","Fusarium_5506","Fusarium_babinda_48486"
"pt2","PUF.IPEX.6","PUF_IPEX_06","IPEX","24/07/2024","07/08/2024","18afda2e4c3b03e088538500a42aa706","0.14863927909265",31,"Metazoa_33208","Cnidaria_6073",NA,NA,NA,NA,NA
"pt2","PUF.IPEX.6","PUF_IPEX_06","IPEX","24/07/2024","07/08/2024","efbf72a920a03347f6407072b84a43f9","0.999459556668486",272,"Fungi_4751","Basidiomycota_5204","Agaricomycetes_155619","Russulales_452342","Peniophoraceae_103393","Peniophora_40463","Peniophora_lycii_154539"
"pt2","PUF.IPEX.6","PUF_IPEX_06","IPEX","24/07/2024","07/08/2024","ae467d204456103bc0262e65b5710bf3","0.969881597900368",38,"Fungi_4751","Ascomycota_4890","Leotiomycetes_147548",NA,NA,NA,NA
"pt2","PUF.IPEX.6","PUF_IPEX_06","IPEX","24/07/2024","07/08/2024","5aed11ba544c173021f3e6b6409a1d21","0.991137813442884",26,"Fungi_4751","Ascomycota_4890","Sordariomycetes_147550",NA,NA,NA,NA
"pt2","PUF.IPEX.6","PUF_IPEX_06","IPEX","24/07/2024","07/08/2024","5f907557675481632654c893c4e319d5","0.369832764629548",85,"Fungi_4751","Ascomycota_4890","Dothideomycetes_147541","Cladosporiales_2726946","Cladosporiaceae_452563","Cladosporium_5498","Cladosporium_bruhnei_450181"
"pt2","PUF.IPEX.6","PUF_IPEX_06","IPEX","24/07/2024","07/08/2024","32f572690ba816e1a0504c9650dba2da","0.307107241200301",54,"Metazoa_33208","Arthropoda_6656","Arachnida_6854",NA,NA,NA,NA
"pt2","PUF.IPEX.6","PUF_IPEX_06","IPEX","24/07/2024","07/08/2024","8187787e018ce4815342f12d65ff7dc8","0.464733719684335",85,"Fungi_4751","Ascomycota_4890","Sordariomycetes_147550",NA,NA,NA,NA
"pt2","PUF.IPEX.6","PUF_IPEX_06","IPEX","24/07/2024","07/08/2024","aec35e427b95f1cbf2c6d6503e172a4f","0.279152099836879",44,"Fungi_4751","Ascomycota_4890",NA,NA,NA,NA,NA
"pt2","PUF.IPEX.6","PUF_IPEX_06","IPEX","24/07/2024","07/08/2024","186655c711d9c22435d048944254d180","0.999918046946559",112,"Fungi_4751","Basidiomycota_5204","Agaricomycetes_155619","Russulales_452342","Peniophoraceae_103393","Peniophora_40463","Peniophora_lycii_154539"
"pt2","PUF.IPEX.6","PUF_IPEX_06","IPEX","24/07/2024","07/08/2024","7f182575baad2d44cbddc0244753a1f5","0.999999999346173",29,"Eukaryota_2759_kingdom","Oomycota_4762","Oomycota_4762_class","Peronosporales_4776","Peronosporaceae_4777","Plasmopara_4780","Plasmopara_carveri_3350122"
"pt2","PUF.IPEX.6","PUF_IPEX_06","IPEX","24/07/2024","07/08/2024","12458b2a0937bbde973d321eebd537dd","0.872607235225293",32,"Fungi_4751","Ascomycota_4890",NA,NA,NA,NA,NA
"pt2","PUF.IPEX.6","PUF_IPEX_06","IPEX","24/07/2024","07/08/2024","fcfa73c2500b3d83a4a2f5ef495b2695","0.763753965029741",40,"Fungi_4751","Ascomycota_4890","Leotiomycetes_147548",NA,NA,NA,NA
"pt2","PUF.IPEX.6","PUF_IPEX_06","IPEX","24/07/2024","07/08/2024","6874dd172e908401f659917eccfef8b1","0.839633636059701",34,"Fungi_4751","Ascomycota_4890","Sordariomycetes_147550",NA,NA,NA,NA
"pt2","PUF.IPEX.6","PUF_IPEX_06","IPEX","24/07/2024","07/08/2024","784fbb5a2eccb7f8611634cb41bd0950","0.813571112051154",48,"Fungi_4751","Ascomycota_4890","Sordariomycetes_147550","Hypocreales_5125","Nectriaceae_110618","Fusarium_5506","Fusarium_babinda_48486"
"pt2","PUF.IPEX.6","PUF_IPEX_06","IPEX","24/07/2024","07/08/2024","c9962e9ba8d3bfc1333df698883785b0","0.498907141317234",104,"Fungi_4751","Mucoromycota_1913637","Mucoromycetes_2212703","Mucorales_4827","Lichtheimiaceae_499202","Lichtheimia_688353","Lichtheimia_hongkongensis_549293"
"pt2","PUF.IPEX.6","PUF_IPEX_06","IPEX","24/07/2024","07/08/2024","d7fb02bc9b64697572b12109e163d65c","0.379501457696532",32,"Fungi_4751","Basidiomycota_5204","Tremellomycetes_155616","Tremellales_5234","Bulleribasidiaceae_1884640","Dioszegia_165440","Dioszegia_changbaiensis_234950"
"pt2","PUF.IPEX.7","PUF_IPEX_07","IPEX","07/08/2024","21/08/2024","0c11abb10ca8c4ca6a9466f89d510f2e","0.907238614804815",1045,"Metazoa_33208","Arthropoda_6656","Insecta_50557","Hemiptera_7524","Pentatomidae_160513","Glypsus_-21471","Glypsus_conspicuus_-21472"
"pt2","PUF.IPEX.7","PUF_IPEX_07","IPEX","07/08/2024","21/08/2024","589974931988706a852f1bb2c5aa12dc","0.814574741442148",560,"Fungi_4751","Basidiomycota_5204","Exobasidiomycetes_452283","Microstromatales_162475","Microstromatales_162475_family","Jaminaea_561108",NA
"pt2","PUF.IPEX.7","PUF_IPEX_07","IPEX","07/08/2024","21/08/2024","f7718bbdbd503a21d2692b3b333490cb","0.55302161898262",92,"Fungi_4751","Basidiomycota_5204","Exobasidiomycetes_452283","Microstromatales_162475","Microstromatales_162475_family","Jaminaea_561108",NA
"pt2","PUF.IPEX.7","PUF_IPEX_07","IPEX","07/08/2024","21/08/2024","eec2170a8f2d0cd7dc3a18841a1ea5c7","0.999999999699554",586,"Fungi_4751","Basidiomycota_5204","Exobasidiomycetes_452283","Microstromatales_162475",NA,NA,NA
"pt2","PUF.IPEX.7","PUF_IPEX_07","IPEX","07/08/2024","21/08/2024","b43d19c6734061aba20cde4334b0c772","0.933623859448047",410,"Fungi_4751","Ascomycota_4890","Dothideomycetes_147541","Cladosporiales_2726946","Cladosporiaceae_452563","Cladosporium_5498","Cladosporium_bruhnei_450181"
"pt2","PUF.IPEX.7","PUF_IPEX_07","IPEX","07/08/2024","21/08/2024","bec08d51eb66022d7172c03768d5fd5d","0.937210778414611",249,"Fungi_4751","Ascomycota_4890","Dothideomycetes_147541","Cladosporiales_2726946","Cladosporiaceae_452563","Cladosporium_5498","Cladosporium_cladosporioides_29917"
"pt2","PUF.IPEX.7","PUF_IPEX_07","IPEX","07/08/2024","21/08/2024","0d1a483ebd4773116542454b0cc1a266","0.88739453904822",252,"Fungi_4751","Ascomycota_4890","Sordariomycetes_147550",NA,NA,NA,NA
"pt2","PUF.IPEX.7","PUF_IPEX_07","IPEX","07/08/2024","21/08/2024","42a334b44b84641c69386150c7cde441","0.975711405297424",424,"Fungi_4751","Ascomycota_4890","Leotiomycetes_147548",NA,NA,NA,NA
"pt2","PUF.IPEX.7","PUF_IPEX_07","IPEX","07/08/2024","21/08/2024","e46a578b0e29ecec00b1077904a0e397","0.499999714525752",35,"Fungi_4751","Basidiomycota_5204","Microbotryomycetes_162481","Sporidiobolales_231213","Sporidiobolaceae_1799696",NA,NA
"pt2","PUF.IPEX.7","PUF_IPEX_07","IPEX","07/08/2024","21/08/2024","202e53dd32a0e7b3fcb0945dd40b5e51","0.819547932595875",30,"Fungi_4751","Ascomycota_4890","Leotiomycetes_147548",NA,NA,NA,NA
"pt2","PUF.IPEX.7","PUF_IPEX_07","IPEX","07/08/2024","21/08/2024","efe1ce8e8d1b9cdb5da01eb790e3abcc","0.499999775441608",23,"Fungi_4751","Basidiomycota_5204","Microbotryomycetes_162481","Sporidiobolales_231213","Sporidiobolaceae_1799696",NA,NA
"pt2","PUF.IPEX.7","PUF_IPEX_07","IPEX","07/08/2024","21/08/2024","ce9e585d5196adf56f4e2c0e02e27b73","0.499999974718733",27,"Fungi_4751","Basidiomycota_5204","Microbotryomycetes_162481","Sporidiobolales_231213","Sporidiobolaceae_1799696",NA,NA
"pt2","PUF.IPEX.7","PUF_IPEX_07","IPEX","07/08/2024","21/08/2024","53814ac04567f8e2287c46b0b52f47f1","0.851549716705765",51,"Fungi_4751","Ascomycota_4890","Dothideomycetes_147541",NA,NA,NA,NA
"pt2","PUF.IPEX.7","PUF_IPEX_07","IPEX","07/08/2024","21/08/2024","e07e46d7aafd4deecdc6327a714c759c","0.946704056119496",71,"Fungi_4751","Ascomycota_4890","Leotiomycetes_147548",NA,NA,NA,NA
"pt2","PUF.IPEX.7","PUF_IPEX_07","IPEX","07/08/2024","21/08/2024","96a2ca12e55abcc9577bcd54e6debad3","0.834652805023254",115,"Fungi_4751","Ascomycota_4890","Leotiomycetes_147548",NA,NA,NA,NA
"pt2","PUF.IPEX.7","PUF_IPEX_07","IPEX","07/08/2024","21/08/2024","922c407078b43f634da20b2e149c57c5","0.973530600220828",75,"Fungi_4751","Ascomycota_4890","Leotiomycetes_147548",NA,NA,NA,NA
"pt2","PUF.IPEX.7","PUF_IPEX_07","IPEX","07/08/2024","21/08/2024","d388a42f47cf0aff79dc33ea832fa6ba","0.688087973270429",35,"Fungi_4751","Ascomycota_4890","Sordariomycetes_147550","Hypocreales_5125","Nectriaceae_110618","Fusarium_5506","Fusarium_babinda_48486"
"pt2","PUF.IPEX.7","PUF_IPEX_07","IPEX","07/08/2024","21/08/2024","a26e6cc23365c60897b7d620c23de990","0.944259328386728",37,"Metazoa_33208","Arthropoda_6656","Insecta_50557","Lepidoptera_7088","Pyralidae_7135","Pionidia_2613197",NA
"pt2","PUF.IPEX.7","PUF_IPEX_07","IPEX","07/08/2024","21/08/2024","18afda2e4c3b03e088538500a42aa706","0.14863927909265",139,"Metazoa_33208","Cnidaria_6073",NA,NA,NA,NA,NA
"pt2","PUF.IPEX.7","PUF_IPEX_07","IPEX","07/08/2024","21/08/2024","efbf72a920a03347f6407072b84a43f9","0.999459556668486",757,"Fungi_4751","Basidiomycota_5204","Agaricomycetes_155619","Russulales_452342","Peniophoraceae_103393","Peniophora_40463","Peniophora_lycii_154539"
"pt2","PUF.IPEX.7","PUF_IPEX_07","IPEX","07/08/2024","21/08/2024","ae467d204456103bc0262e65b5710bf3","0.969881597900368",140,"Fungi_4751","Ascomycota_4890","Leotiomycetes_147548",NA,NA,NA,NA
"pt2","PUF.IPEX.7","PUF_IPEX_07","IPEX","07/08/2024","21/08/2024","5aed11ba544c173021f3e6b6409a1d21","0.991137813442884",25,"Fungi_4751","Ascomycota_4890","Sordariomycetes_147550",NA,NA,NA,NA
"pt2","PUF.IPEX.7","PUF_IPEX_07","IPEX","07/08/2024","21/08/2024","d3818391d7f0c7a44c0f4151474788c2","0.656932599669466",84,"Fungi_4751","Basidiomycota_5204","Tremellomycetes_155616","Tremellales_5234","Bulleribasidiaceae_1884640","Dioszegia_165440","Dioszegia_changbaiensis_234950"
"pt2","PUF.IPEX.7","PUF_IPEX_07","IPEX","07/08/2024","21/08/2024","dece8419b8e4e1cc5d3a8bdc85038c21","0.996090882194318",87,"Fungi_4751","Ascomycota_4890","Leotiomycetes_147548",NA,NA,NA,NA
"pt2","PUF.IPEX.7","PUF_IPEX_07","IPEX","07/08/2024","21/08/2024","5f907557675481632654c893c4e319d5","0.369832764629548",25,"Fungi_4751","Ascomycota_4890","Dothideomycetes_147541","Cladosporiales_2726946","Cladosporiaceae_452563","Cladosporium_5498","Cladosporium_bruhnei_450181"
"pt2","PUF.IPEX.7","PUF_IPEX_07","IPEX","07/08/2024","21/08/2024","70b4d7ba28aab2a3317ba97f972e7482","0.412109360706104",43,"Eukaryota_2759_kingdom","Oomycota_4762","Oomycota_4762_class","Peronosporales_4776","Peronosporaceae_4777","Phytophthora_4783",NA
"pt2","PUF.IPEX.7","PUF_IPEX_07","IPEX","07/08/2024","21/08/2024","9120a8bbdc5d8261589ee9e90f0509a9","0.158530216682823",21,"Fungi_4751","Basidiomycota_5204","Agaricomycetes_155619","Boletales_68889","Boletaceae_5368","Tylopilus_80671","Tylopilus_plumbeoviolaceoides_374766"
"pt2","PUF.IPEX.7","PUF_IPEX_07","IPEX","07/08/2024","21/08/2024","a548e6067340e0dffd27606eb4f52ad6","0.350038644906683",22,"Metazoa_33208","Arthropoda_6656",NA,NA,NA,NA,NA
"pt2","PUF.IPEX.7","PUF_IPEX_07","IPEX","07/08/2024","21/08/2024","aec35e427b95f1cbf2c6d6503e172a4f","0.279152099836879",32,"Fungi_4751","Ascomycota_4890",NA,NA,NA,NA,NA
"pt2","PUF.IPEX.7","PUF_IPEX_07","IPEX","07/08/2024","21/08/2024","186655c711d9c22435d048944254d180","0.999918046946559",221,"Fungi_4751","Basidiomycota_5204","Agaricomycetes_155619","Russulales_452342","Peniophoraceae_103393","Peniophora_40463","Peniophora_lycii_154539"
"pt2","PUF.IPEX.7","PUF_IPEX_07","IPEX","07/08/2024","21/08/2024","e2f909b13c3ebf8128f397a64f5faae1","0.865408471778355",273,"Fungi_4751","Basidiomycota_5204","Agaricomycetes_155619","Agaricales_5338","Psathyrellaceae_184208","Candolleomyces_2791032","Candolleomyces_candolleanus_71730"
"pt2","PUF.IPEX.7","PUF_IPEX_07","IPEX","07/08/2024","21/08/2024","69a8a7322bd45f64630dcc355a1e5114","0.805478636501538",38,"Fungi_4751","Basidiomycota_5204","Agaricomycetes_155619","Polyporales_5303","Polyporaceae_5317","Picipes_1871912","Picipes_badius_196231"
"pt2","PUF.IPEX.7","PUF_IPEX_07","IPEX","07/08/2024","21/08/2024","e4e2c42f6b42c0e0f2e503990a5b0ea7","0.970797187989711",32,"Fungi_4751","Ascomycota_4890","Leotiomycetes_147548",NA,NA,NA,NA
"pt2","PUF.IPEX.7","PUF_IPEX_07","IPEX","07/08/2024","21/08/2024","bcf59b4926413543b3fb02800d2d5b80","0.999999999844206",97,"Eukaryota_2759_kingdom","Oomycota_4762","Oomycota_4762_class","Peronosporales_4776","Peronosporaceae_4777","Plasmopara_4780","Plasmopara_carveri_3350122"
"pt2","PUF.IPEX.7","PUF_IPEX_07","IPEX","07/08/2024","21/08/2024","13cff813e66c4b42868a7da9ec168ece","0.91756556220675",24,"Fungi_4751","Ascomycota_4890","Sordariomycetes_147550","Hypocreales_5125",NA,NA,NA
"pt2","PUF.IPEX.7","PUF_IPEX_07","IPEX","07/08/2024","21/08/2024","d02abd7f7605757a71b855324e344a3d","0.297153359459412",47,"Fungi_4751","Basidiomycota_5204","Cystobasidiomycetes_432005","Cystobasidiales_204043","Cystobasidiaceae_34418",NA,NA
"pt2","PUF.IPEX.7","PUF_IPEX_07","IPEX","07/08/2024","21/08/2024","7f182575baad2d44cbddc0244753a1f5","0.999999999346173",89,"Eukaryota_2759_kingdom","Oomycota_4762","Oomycota_4762_class","Peronosporales_4776","Peronosporaceae_4777","Plasmopara_4780","Plasmopara_carveri_3350122"
"pt2","PUF.IPEX.7","PUF_IPEX_07","IPEX","07/08/2024","21/08/2024","12458b2a0937bbde973d321eebd537dd","0.872607235225293",22,"Fungi_4751","Ascomycota_4890",NA,NA,NA,NA,NA
"pt2","PUF.IPEX.7","PUF_IPEX_07","IPEX","07/08/2024","21/08/2024","cd105d28d4d35f057ad155c0d6676939","0.615409157326562",37,"Fungi_4751","Ascomycota_4890","Sordariomycetes_147550",NA,NA,NA,NA
"pt2","PUF.IPEX.7","PUF_IPEX_07","IPEX","07/08/2024","21/08/2024","6874dd172e908401f659917eccfef8b1","0.839633636059701",29,"Fungi_4751","Ascomycota_4890","Sordariomycetes_147550",NA,NA,NA,NA
"pt2","PUF.IPEX.7","PUF_IPEX_07","IPEX","07/08/2024","21/08/2024","d1f498b407238a672962bbedb106f9f0","0.996186623095339",27,"Metazoa_33208","Arthropoda_6656","Insecta_50557","Hemiptera_7524","Pentatomidae_160513","Rhacognathus_1545358","Rhacognathus_americanus_-21479"
"pt2","PUF.IPEX.7","PUF_IPEX_07","IPEX","07/08/2024","21/08/2024","0180c418a1d46063a877eb5a4578d32f","0.993738129005134",21,"Fungi_4751","Basidiomycota_5204","Agaricomycetes_155619","Agaricales_5338","Schizophyllaceae_5332","Schizophyllum_5333","Schizophyllum_commune_5334"
"pt2","PUF.IPEX.7","PUF_IPEX_07","IPEX","07/08/2024","21/08/2024","fa6ab200c4005793c0395710c2fc8718","0.527843923722099",52,"Metazoa_33208","Arthropoda_6656","Insecta_50557","Hymenoptera_7399",NA,NA,NA
"pt2","PUF.IPEX.7","PUF_IPEX_07","IPEX","07/08/2024","21/08/2024","737b57d1bb7b175fe023f825ae7dd75c","0.68121461490462",28,"Fungi_4751","Ascomycota_4890","Sordariomycetes_147550",NA,NA,NA,NA
"pt2","PUF.IPEX.7","PUF_IPEX_07","IPEX","07/08/2024","21/08/2024","dfa1c058b4e137f06db3c8bdb84612ad","0.371833348470645",25,"Metazoa_33208","Arthropoda_6656","Insecta_50557","Hemiptera_7524",NA,NA,NA
"pt2","PUF.IPEX.7","PUF_IPEX_07","IPEX","07/08/2024","21/08/2024","772e7735929f1c930c6f49b34f2f2409","0.650392512660383",23,"Fungi_4751","Ascomycota_4890","Dothideomycetes_147541","Pleosporales_92860","Shiraiaceae_224418","Shiraia_224419","Shiraia_bambusicola_224420"
"pt2","PUF.IPEX.7","PUF_IPEX_07","IPEX","07/08/2024","21/08/2024","2b09106ae243e5e50d2326bd9c6d7880","0.401673391227482",76,"Fungi_4751","Basidiomycota_5204","Agaricomycetes_155619","Agaricales_5338","Amanitaceae_41954","Amanita_41955",NA
"pt2","PUF.IPEX.7","PUF_IPEX_07","IPEX","07/08/2024","21/08/2024","7eaf0ebfccb100ed0f09e03bd90f42fa","0.938698234644775",22,"Fungi_4751","Basidiomycota_5204","Agaricomycetes_155619","Agaricales_5338","Amanitaceae_41954","Amanita_41955",NA
"pt2","PUF.IPEX.7","PUF_IPEX_07","IPEX","07/08/2024","21/08/2024","9dcbd5b2ab2a4f30fcee3c48af88aae4","0.999999999999844",44,"Fungi_4751","Basidiomycota_5204","Agaricomycetes_155619","Russulales_452342","Albatrellaceae_68749","Albatrellus_68750",NA
"pt2","PUF.IPEX.7","PUF_IPEX_07","IPEX","07/08/2024","21/08/2024","784fbb5a2eccb7f8611634cb41bd0950","0.813571112051154",33,"Fungi_4751","Ascomycota_4890","Sordariomycetes_147550","Hypocreales_5125","Nectriaceae_110618","Fusarium_5506","Fusarium_babinda_48486"
"pt2","PUF.IPEX.7","PUF_IPEX_07","IPEX","07/08/2024","21/08/2024","2f04db6416dab91c02e680cb2198e164","0.247891718416495",27,"Metazoa_33208","Arthropoda_6656",NA,NA,NA,NA,NA
"pt2","PUF.IPEX.7","PUF_IPEX_07","IPEX","07/08/2024","21/08/2024","5ab1c4715a3bf493f1f608eebc79bc03","0.796768987602002",23,"Fungi_4751","Ascomycota_4890","Sordariomycetes_147550","Hypocreales_5125",NA,NA,NA
"pt2","PUF.IPEX.7","PUF_IPEX_07","IPEX","07/08/2024","21/08/2024","611d30603ff818caf45a371a461eb3b2","0.384073404668283",39,"Metazoa_33208","Arthropoda_6656","Arachnida_6854",NA,NA,NA,NA
"pt2","PUF.IPEX.7","PUF_IPEX_07","IPEX","07/08/2024","21/08/2024","e08ef4229dcfb0b11bf8a3e1131bebdc","0.960151649394151",21,"Fungi_4751","Ascomycota_4890","Leotiomycetes_147548","Helotiales_5178","Helotiales_5178_family","Tetracladium_164535","Tetracladium_apiense_164536"
"pt2","PUF.IPEX.7","PUF_IPEX_07","IPEX","07/08/2024","21/08/2024","3df6caceacff3e53c0058d4dee8ee874","0.397805221041434",61,"Metazoa_33208","Arthropoda_6656","Arachnida_6854",NA,NA,NA,NA
"pt2","PUF.IPEX.7","PUF_IPEX_07","IPEX","07/08/2024","21/08/2024","661a364817797075c64f09e013ebc663","0.798909175018059",89,"Eukaryota_2759_kingdom","Oomycota_4762","Oomycota_4762_class","Albuginales_370421","Albuginaceae_65355","Wilsoniana_572136","Wilsoniana_amaranthi_330680"
"pt2","PUF.IPEX.7","PUF_IPEX_07","IPEX","07/08/2024","21/08/2024","71dd8ede640aa7276730ca3c73e44271","0.821372250888347",40,"Fungi_4751","Ascomycota_4890","Sordariomycetes_147550","Hypocreales_5125","Nectriaceae_110618","Fusarium_5506",NA
"pt2","PUF.IPEX.7","PUF_IPEX_07","IPEX","07/08/2024","21/08/2024","2c4dff555b2582367902ad3e38b509f4","0.411012513823327",23,"Fungi_4751","Ascomycota_4890","Sordariomycetes_147550",NA,NA,NA,NA
"pt2","PUF.IPEX.7","PUF_IPEX_07","IPEX","07/08/2024","21/08/2024","0d3ade327a2a764258b88b1275d0d3b9","0.600682146572628",58,"Fungi_4751","Ascomycota_4890","Leotiomycetes_147548",NA,NA,NA,NA
"pt2","PUF.IPEX.7","PUF_IPEX_07","IPEX","07/08/2024","21/08/2024","16aa683d81e45a9f74138ddd57e41b60","0.959613199586009",33,"Fungi_4751","Ascomycota_4890","Leotiomycetes_147548",NA,NA,NA,NA
"pt2","PUF.IPEX.7","PUF_IPEX_07","IPEX","07/08/2024","21/08/2024","9506f8bd7b58bfefb62f5e3cece4f5dc","0.450518914114593",21,"Fungi_4751","Basidiomycota_5204","Agaricomycetes_155619","Polyporales_5303","Polyporaceae_5317","Ganoderma_5314","Ganoderma_meredithae_154344"
"pt2","PUF.JD.5","PUF_JD_05","Jean-Drapeau","17/07/2024","31/07/2024","0c11abb10ca8c4ca6a9466f89d510f2e","0.907238614804815",609,"Metazoa_33208","Arthropoda_6656","Insecta_50557","Hemiptera_7524","Pentatomidae_160513","Glypsus_-21471","Glypsus_conspicuus_-21472"
"pt2","PUF.JD.5","PUF_JD_05","Jean-Drapeau","17/07/2024","31/07/2024","589974931988706a852f1bb2c5aa12dc","0.814574741442148",67,"Fungi_4751","Basidiomycota_5204","Exobasidiomycetes_452283","Microstromatales_162475","Microstromatales_162475_family","Jaminaea_561108",NA
"pt2","PUF.JD.5","PUF_JD_05","Jean-Drapeau","17/07/2024","31/07/2024","f7718bbdbd503a21d2692b3b333490cb","0.55302161898262",55,"Fungi_4751","Basidiomycota_5204","Exobasidiomycetes_452283","Microstromatales_162475","Microstromatales_162475_family","Jaminaea_561108",NA
"pt2","PUF.JD.5","PUF_JD_05","Jean-Drapeau","17/07/2024","31/07/2024","eec2170a8f2d0cd7dc3a18841a1ea5c7","0.999999999699554",140,"Fungi_4751","Basidiomycota_5204","Exobasidiomycetes_452283","Microstromatales_162475",NA,NA,NA
"pt2","PUF.JD.5","PUF_JD_05","Jean-Drapeau","17/07/2024","31/07/2024","b43d19c6734061aba20cde4334b0c772","0.933623859448047",512,"Fungi_4751","Ascomycota_4890","Dothideomycetes_147541","Cladosporiales_2726946","Cladosporiaceae_452563","Cladosporium_5498","Cladosporium_bruhnei_450181"
"pt2","PUF.JD.5","PUF_JD_05","Jean-Drapeau","17/07/2024","31/07/2024","bec08d51eb66022d7172c03768d5fd5d","0.937210778414611",216,"Fungi_4751","Ascomycota_4890","Dothideomycetes_147541","Cladosporiales_2726946","Cladosporiaceae_452563","Cladosporium_5498","Cladosporium_cladosporioides_29917"
"pt2","PUF.JD.5","PUF_JD_05","Jean-Drapeau","17/07/2024","31/07/2024","be8dc1271132728b62d899f6fe83b643","0.417154486433497",90,"Fungi_4751","Ascomycota_4890","Dothideomycetes_147541",NA,NA,NA,NA
"pt2","PUF.JD.5","PUF_JD_05","Jean-Drapeau","17/07/2024","31/07/2024","c684f602961d1fa707824757cb55af21","0.980027983287282",58,"Fungi_4751","Ascomycota_4890","Leotiomycetes_147548",NA,NA,NA,NA
"pt2","PUF.JD.5","PUF_JD_05","Jean-Drapeau","17/07/2024","31/07/2024","202e53dd32a0e7b3fcb0945dd40b5e51","0.819547932595875",162,"Fungi_4751","Ascomycota_4890","Leotiomycetes_147548",NA,NA,NA,NA
"pt2","PUF.JD.5","PUF_JD_05","Jean-Drapeau","17/07/2024","31/07/2024","0654cc62f2b2d1f6652ba8acca4ba9fb","0.959194747463117",69,"Fungi_4751","Basidiomycota_5204","Exobasidiomycetes_452283","Microstromatales_162475","Microstromatales_162475_family","Jaminaea_561108",NA
"pt2","PUF.JD.5","PUF_JD_05","Jean-Drapeau","17/07/2024","31/07/2024","efe1ce8e8d1b9cdb5da01eb790e3abcc","0.499999775441608",38,"Fungi_4751","Basidiomycota_5204","Microbotryomycetes_162481","Sporidiobolales_231213","Sporidiobolaceae_1799696",NA,NA
"pt2","PUF.JD.5","PUF_JD_05","Jean-Drapeau","17/07/2024","31/07/2024","53814ac04567f8e2287c46b0b52f47f1","0.851549716705765",32,"Fungi_4751","Ascomycota_4890","Dothideomycetes_147541",NA,NA,NA,NA
"pt2","PUF.JD.5","PUF_JD_05","Jean-Drapeau","17/07/2024","31/07/2024","e07e46d7aafd4deecdc6327a714c759c","0.946704056119496",61,"Fungi_4751","Ascomycota_4890","Leotiomycetes_147548",NA,NA,NA,NA
"pt2","PUF.JD.5","PUF_JD_05","Jean-Drapeau","17/07/2024","31/07/2024","3fce04aacbf052e126e4dab1d663d992","0.999999999008097",79,"Fungi_4751","Ascomycota_4890","Lecanoromycetes_147547","Lecanorales_5197","Parmeliaceae_78060","Hypogymnia_87258","Hypogymnia_vittata_315943"
"pt2","PUF.JD.5","PUF_JD_05","Jean-Drapeau","17/07/2024","31/07/2024","a3612a98863d0cb2a0423fb56a0bef70","0.670862072239708",45,"Metazoa_33208","Chordata_7711","Mammalia_40674","Artiodactyla_91561","Bovidae_9895","Bos_9903","Bos_taurus_9913"
"pt2","PUF.JD.5","PUF_JD_05","Jean-Drapeau","17/07/2024","31/07/2024","a26e6cc23365c60897b7d620c23de990","0.944259328386728",297,"Metazoa_33208","Arthropoda_6656","Insecta_50557","Lepidoptera_7088","Pyralidae_7135","Pionidia_2613197",NA
"pt2","PUF.JD.5","PUF_JD_05","Jean-Drapeau","17/07/2024","31/07/2024","18afda2e4c3b03e088538500a42aa706","0.14863927909265",50,"Metazoa_33208","Cnidaria_6073",NA,NA,NA,NA,NA
"pt2","PUF.JD.5","PUF_JD_05","Jean-Drapeau","17/07/2024","31/07/2024","efbf72a920a03347f6407072b84a43f9","0.999459556668486",133,"Fungi_4751","Basidiomycota_5204","Agaricomycetes_155619","Russulales_452342","Peniophoraceae_103393","Peniophora_40463","Peniophora_lycii_154539"
"pt2","PUF.JD.5","PUF_JD_05","Jean-Drapeau","17/07/2024","31/07/2024","fb63d8f5c3345552089a08c54e864eda","0.359503254678772",243,"Metazoa_33208","Arthropoda_6656","Insecta_50557","Diptera_7147","Chironomidae_7149","Cricotopus_153373",NA
"pt2","PUF.JD.5","PUF_JD_05","Jean-Drapeau","17/07/2024","31/07/2024","70b4d7ba28aab2a3317ba97f972e7482","0.412109360706104",39,"Eukaryota_2759_kingdom","Oomycota_4762","Oomycota_4762_class","Peronosporales_4776","Peronosporaceae_4777","Phytophthora_4783",NA
"pt2","PUF.JD.5","PUF_JD_05","Jean-Drapeau","17/07/2024","31/07/2024","dd416ee0ba4cf3fece581c3d5905292c","0.349298685098108",22,"Metazoa_33208","Arthropoda_6656","Insecta_50557","Hymenoptera_7399",NA,NA,NA
"pt2","PUF.JD.5","PUF_JD_05","Jean-Drapeau","17/07/2024","31/07/2024","b57dae9ebeb1e6a4e9f3e4d249bbd1ef","0.931122504098132",39,"Fungi_4751","Ascomycota_4890","Dothideomycetes_147541",NA,NA,NA,NA
"pt2","PUF.JD.5","PUF_JD_05","Jean-Drapeau","17/07/2024","31/07/2024","60cada34130fe8a67ab9208ad65247cd","0.69455384243676",60,"Fungi_4751","Ascomycota_4890","Leotiomycetes_147548",NA,NA,NA,NA
"pt2","PUF.JD.5","PUF_JD_05","Jean-Drapeau","17/07/2024","31/07/2024","a3d9c91e345db6af2f72661b98803a8d","0.389111013688171",25,"Metazoa_33208","Arthropoda_6656","Arachnida_6854",NA,NA,NA,NA
"pt2","PUF.JD.5","PUF_JD_05","Jean-Drapeau","17/07/2024","31/07/2024","349cecdaccca192a5aa609e9184c3c8e","0.674856366161648",43,"Fungi_4751","Ascomycota_4890","Sordariomycetes_147550","Hypocreales_5125",NA,NA,NA
"pt2","PUF.JD.5","PUF_JD_05","Jean-Drapeau","17/07/2024","31/07/2024","8187787e018ce4815342f12d65ff7dc8","0.464733719684335",227,"Fungi_4751","Ascomycota_4890","Sordariomycetes_147550",NA,NA,NA,NA
"pt2","PUF.JD.5","PUF_JD_05","Jean-Drapeau","17/07/2024","31/07/2024","aec35e427b95f1cbf2c6d6503e172a4f","0.279152099836879",29,"Fungi_4751","Ascomycota_4890",NA,NA,NA,NA,NA
"pt2","PUF.JD.5","PUF_JD_05","Jean-Drapeau","17/07/2024","31/07/2024","186655c711d9c22435d048944254d180","0.999918046946559",35,"Fungi_4751","Basidiomycota_5204","Agaricomycetes_155619","Russulales_452342","Peniophoraceae_103393","Peniophora_40463","Peniophora_lycii_154539"
"pt2","PUF.JD.5","PUF_JD_05","Jean-Drapeau","17/07/2024","31/07/2024","6529e354b07834a6e157a878f423cf77","0.999113146396814",70,"Fungi_4751","Ascomycota_4890","Dothideomycetes_147541","Mycosphaerellales_2726947","Mycosphaerellaceae_93133","Cercospora_29002","Cercospora_nicotianae_29003"
"pt2","PUF.JD.5","PUF_JD_05","Jean-Drapeau","17/07/2024","31/07/2024","bea38624d47a810e42d4fa445f927a5d","0.965974197174914",22,"Fungi_4751","Ascomycota_4890","Lecanoromycetes_147547","Lecanorales_5197","Parmeliaceae_78060","Hypogymnia_87258","Hypogymnia_vittata_315943"
"pt2","PUF.JD.5","PUF_JD_05","Jean-Drapeau","17/07/2024","31/07/2024","d81f6cdff61b07652ac3a1e24f7d4d34","0.985570670322772",269,"Fungi_4751","Ascomycota_4890","Leotiomycetes_147548",NA,NA,NA,NA
"pt2","PUF.JD.5","PUF_JD_05","Jean-Drapeau","17/07/2024","31/07/2024","d7737e0cbaff2b2affabf71433067b46","0.794321213685288",42,"Fungi_4751","Ascomycota_4890","Sordariomycetes_147550",NA,NA,NA,NA
"pt2","PUF.JD.5","PUF_JD_05","Jean-Drapeau","17/07/2024","31/07/2024","07ed97715261b3ccc2d444e592292ef0","0.369032771486752",52,"Fungi_4751","Basidiomycota_5204","Agaricomycetes_155619","Agaricales_5338","Amanitaceae_41954","Amanitopsis_1621069","Amanitopsis_battarae_-67528"
"pt2","PUF.JD.5","PUF_JD_05","Jean-Drapeau","17/07/2024","31/07/2024","9ba17f243136423bbe8a036935154a88","0.656153508699713",25,"Fungi_4751","Ascomycota_4890","Sordariomycetes_147550",NA,NA,NA,NA
"pt2","PUF.JD.5","PUF_JD_05","Jean-Drapeau","17/07/2024","31/07/2024","8876759993bb7ef2a35936c8f815afbb","0.992389935551881",44,"Fungi_4751","Ascomycota_4890","Leotiomycetes_147548",NA,NA,NA,NA
"pt2","PUF.JD.5","PUF_JD_05","Jean-Drapeau","17/07/2024","31/07/2024","df9f56f50b9901074d04b075c16957db","0.777646822932057",83,"Fungi_4751","Ascomycota_4890","Leotiomycetes_147548",NA,NA,NA,NA
"pt2","PUF.JD.5","PUF_JD_05","Jean-Drapeau","17/07/2024","31/07/2024","2243bf1dd1e267282575ff7c453fc2b1","0.999885022533997",58,"Fungi_4751","Ascomycota_4890","Leotiomycetes_147548",NA,NA,NA,NA
"pt2","PUF.JD.5","PUF_JD_05","Jean-Drapeau","17/07/2024","31/07/2024","0beffb6db76823387a6128631829aa93","0.480700152424725",24,"Eukaryota_2759_kingdom","Oomycota_4762","Oomycota_4762_class","Peronosporales_4776","Peronosporaceae_4777","Phytophthora_4783",NA
"pt2","PUF.JD.5","PUF_JD_05","Jean-Drapeau","17/07/2024","31/07/2024","e1ad659c80f29cf4f999d9833b1a2ff8","0.999999807801676",40,"Eukaryota_2759_kingdom","Oomycota_4762","Oomycota_4762_class","Peronosporales_4776","Peronosporaceae_4777","Peronospora_70742","Peronospora_romanica_230362"
"pt2","PUF.JD.5","PUF_JD_05","Jean-Drapeau","17/07/2024","31/07/2024","93fbaeb35bf27f164556db50f99e228a","0.315750696371221",108,"Metazoa_33208","Arthropoda_6656","Insecta_50557","Hemiptera_7524",NA,NA,NA
"pt2","PUF.JD.5","PUF_JD_05","Jean-Drapeau","17/07/2024","31/07/2024","739c4246839a519c84e7af7be8139e72","0.721031559133312",36,"Fungi_4751","Ascomycota_4890","Sordariomycetes_147550","Hypocreales_5125",NA,NA,NA
"pt2","PUF.JD.5","PUF_JD_05","Jean-Drapeau","17/07/2024","31/07/2024","50540ed0023252d95fbc512f769a7aa3","0.977690987011957",23,"Fungi_4751","Ascomycota_4890","Sordariomycetes_147550",NA,NA,NA,NA
"pt2","PUF.JD.5","PUF_JD_05","Jean-Drapeau","17/07/2024","31/07/2024","5bfa8f38a8fdf7735699766cee275666","0.519210884141658",40,"Fungi_4751","Ascomycota_4890","Leotiomycetes_147548",NA,NA,NA,NA
"pt2","PUF.JD.5","PUF_JD_05","Jean-Drapeau","17/07/2024","31/07/2024","15825abb1c439dc12e181c4372f56a88","0.300326563779124",122,"Metazoa_33208","Arthropoda_6656","Insecta_50557","Hemiptera_7524",NA,NA,NA
"pt2","PUF.JD.5","PUF_JD_05","Jean-Drapeau","17/07/2024","31/07/2024","bd72b1dd2de5c1b16c7c5872918d9b77","0.618931214573169",61,"Eukaryota_2759_kingdom","Oomycota_4762","Oomycota_4762_class","Albuginales_370421","Albuginaceae_65355","Wilsoniana_572136","Wilsoniana_bliti_642601"
"pt2","PUF.JD.5","PUF_JD_05","Jean-Drapeau","17/07/2024","31/07/2024","d77df44623787f35ea48ec0ddc051f31","0.945559595363422",34,"Fungi_4751","Ascomycota_4890","Leotiomycetes_147548",NA,NA,NA,NA
"pt2","PUF.JD.5","PUF_JD_05","Jean-Drapeau","17/07/2024","31/07/2024","db800311f5ae69565ec96214053622f1","0.999987270154586",61,"Fungi_4751","Ascomycota_4890","Dothideomycetes_147541","Cladosporiales_2726946","Cladosporiaceae_452563","Cladosporium_5498","Cladosporium_sphaerospermum_92950"
"pt2","PUF.JD.5","PUF_JD_05","Jean-Drapeau","17/07/2024","31/07/2024","63cdace15ced03181c4ae0254b6b2e84","0.461745657855029",81,"Fungi_4751","Ascomycota_4890","Leotiomycetes_147548",NA,NA,NA,NA
"pt2","PUF.JD.5","PUF_JD_05","Jean-Drapeau","17/07/2024","31/07/2024","fe176b308bbe88adcb2e8c347fa8e4c6","0.998579538404455",156,"Fungi_4751","Ascomycota_4890","Leotiomycetes_147548",NA,NA,NA,NA
"pt2","PUF.JD.5","PUF_JD_05","Jean-Drapeau","17/07/2024","31/07/2024","46b87a93800ec3908b4e236322e3b87d","0.999999999696428",1700,"Metazoa_33208","Arthropoda_6656","Arachnida_6854","Araneae_6893","Tetragnathidae_27394","Tetragnatha_27395","Tetragnatha_guatemalensis_336607"
"pt2","PUF.JD.5","PUF_JD_05","Jean-Drapeau","17/07/2024","31/07/2024","edab975917976d85582bf4a04b6bf249","0.975403462172054",36,"Fungi_4751","Ascomycota_4890","Leotiomycetes_147548",NA,NA,NA,NA
"pt2","PUF.JD.5","PUF_JD_05","Jean-Drapeau","17/07/2024","31/07/2024","9c64ff35ce49463300691c22ce79f869","0.999560226372891",429,"Metazoa_33208","Arthropoda_6656","Insecta_50557","Hemiptera_7524","Aphididae_27482","Pemphigus_13192","Pemphigus_populitransversus_220090"
"pt2","PUF.JD.5","PUF_JD_05","Jean-Drapeau","17/07/2024","31/07/2024","4abbc94d88be9d8322710bc0754d49de","0.885132670896806",79,"Metazoa_33208","Arthropoda_6656","Arachnida_6854","Trombidiformes_83136","Eriophyidae_70320",NA,NA
"pt2","PUF.JD.5","PUF_JD_05","Jean-Drapeau","17/07/2024","31/07/2024","5d8ce3ae3bc469225aa59685bb9820ff","0.919812808426147",55,"Metazoa_33208","Arthropoda_6656","Insecta_50557","Hemiptera_7524","Pentatomidae_160513","Euschistus_437492","Euschistus_servus_756488"
"pt2","PUF.JD.5","PUF_JD_05","Jean-Drapeau","17/07/2024","31/07/2024","35d19f8a619c813a36d3769f83739be4","0.999999999999872",50,"Metazoa_33208","Arthropoda_6656","Arachnida_6854","Trombidiformes_83136","Eriophyidae_70320","Tetra_1310384","Tetra_lobulifera_2837686"
"pt2","PUF.JD.5","PUF_JD_05","Jean-Drapeau","17/07/2024","31/07/2024","c7dec4b7f26deea740ca53fd4fa0e57b","0.927688664233006",48,"Fungi_4751","Ascomycota_4890","Sordariomycetes_147550",NA,NA,NA,NA
"pt2","PUF.JD.5","PUF_JD_05","Jean-Drapeau","17/07/2024","31/07/2024","6b42fb853b2048edc40b418a45ebec11","0.99831515557572",47,"Fungi_4751","Ascomycota_4890","Leotiomycetes_147548",NA,NA,NA,NA
"pt2","PUF.JD.5","PUF_JD_05","Jean-Drapeau","17/07/2024","31/07/2024","33ca54dc0fd0753fcbe2a7f009e6756d","0.529074642685654",46,"Fungi_4751","Ascomycota_4890","Leotiomycetes_147548",NA,NA,NA,NA
"pt2","PUF.JD.5","PUF_JD_05","Jean-Drapeau","17/07/2024","31/07/2024","fb5fa7717c51804b0bb19a2899b8778e","0.916451485038204",45,"Fungi_4751","Ascomycota_4890","Leotiomycetes_147548",NA,NA,NA,NA
"pt2","PUF.JD.5","PUF_JD_05","Jean-Drapeau","17/07/2024","31/07/2024","1d419b141ef863346b84bcfbde10b809","0.4761596753656",43,"Metazoa_33208","Arthropoda_6656","Insecta_50557","Hemiptera_7524",NA,NA,NA
"pt2","PUF.JD.5","PUF_JD_05","Jean-Drapeau","17/07/2024","31/07/2024","e9e7e2b3c56b7b51f82f6f1f0a337521","0.999997442376726",42,"Metazoa_33208","Arthropoda_6656","Insecta_50557","Hemiptera_7524","Aphididae_27482","Aphis_80764","Aphis_glycines_307491"
"pt2","PUF.JD.5","PUF_JD_05","Jean-Drapeau","17/07/2024","31/07/2024","55820889700cf6f62ee92f8979ae896d","0.59383205695951",37,"Metazoa_33208","Arthropoda_6656","Insecta_50557","Hemiptera_7524","Cicadellidae_30102","Endria_30119","Endria_inimicus_-19763"
"pt2","PUF.JD.5","PUF_JD_05","Jean-Drapeau","17/07/2024","31/07/2024","9d784a11af8e8447ef8169887121b38f","0.896205612892318",31,"Fungi_4751","Ascomycota_4890","Sordariomycetes_147550",NA,NA,NA,NA
"pt2","PUF.JD.5","PUF_JD_05","Jean-Drapeau","17/07/2024","31/07/2024","ec589229bc366749ccf1fb71972a35f6","0.999720143434467",30,"Metazoa_33208","Arthropoda_6656","Insecta_50557","Coleoptera_7041","Latridiidae_196999","Melanophthalma_433122","Melanophthalma_pumila_2083628"
"pt2","PUF.JD.5","PUF_JD_05","Jean-Drapeau","17/07/2024","31/07/2024","dfd53ee0c863ff8d73a659e1a426d3b9","0.927810071367561",30,"Fungi_4751","Ascomycota_4890","Leotiomycetes_147548",NA,NA,NA,NA
"pt2","PUF.JD.5","PUF_JD_05","Jean-Drapeau","17/07/2024","31/07/2024","8ff764da390d558e2a00f907eacf3e9e","0.735294650207643",24,"Fungi_4751","Ascomycota_4890","Sordariomycetes_147550",NA,NA,NA,NA
"pt2","PUF.BOT.2","PUF_BOT_02","Botanical Garden","31/05/2024","14/06/2024","0c11abb10ca8c4ca6a9466f89d510f2e","0.907238614804815",121,"Metazoa_33208","Arthropoda_6656","Insecta_50557","Hemiptera_7524","Pentatomidae_160513","Glypsus_-21471","Glypsus_conspicuus_-21472"
"pt2","PUF.BOT.2","PUF_BOT_02","Botanical Garden","31/05/2024","14/06/2024","afb94828a83235f617d67b54fe89fe79","0.373408909311144",88,"Fungi_4751","Basidiomycota_5204","Pucciniomycetes_162484","Pucciniales_5258","Melampsoraceae_5259","Melampsora_5260","Melampsora_medusae_82101"
"pt2","PUF.BOT.2","PUF_BOT_02","Botanical Garden","31/05/2024","14/06/2024","b43d19c6734061aba20cde4334b0c772","0.933623859448047",569,"Fungi_4751","Ascomycota_4890","Dothideomycetes_147541","Cladosporiales_2726946","Cladosporiaceae_452563","Cladosporium_5498","Cladosporium_bruhnei_450181"
"pt2","PUF.BOT.2","PUF_BOT_02","Botanical Garden","31/05/2024","14/06/2024","df763680c53a93fe7465936ea7f8492f","0.499999998707771",13,"Fungi_4751","Basidiomycota_5204","Microbotryomycetes_162481","Sporidiobolales_231213","Sporidiobolaceae_1799696",NA,NA
"pt2","PUF.BOT.2","PUF_BOT_02","Botanical Garden","31/05/2024","14/06/2024","0654cc62f2b2d1f6652ba8acca4ba9fb","0.959194747463117",274,"Fungi_4751","Basidiomycota_5204","Exobasidiomycetes_452283","Microstromatales_162475","Microstromatales_162475_family","Jaminaea_561108",NA
"pt2","PUF.BOT.2","PUF_BOT_02","Botanical Garden","31/05/2024","14/06/2024","6a3a695d2a7c94579fde4ce82b675183","0.587033299570399",20,"Metazoa_33208","Chordata_7711","Mammalia_40674","Rodentia_9989","Dipodidae_30648",NA,NA
"pt2","PUF.BOT.2","PUF_BOT_02","Botanical Garden","31/05/2024","14/06/2024","e0dd1a525f6e21a1cc7362d0b4e8c431","0.464366984018431",17,"Fungi_4751","Basidiomycota_5204","Cystobasidiomycetes_432005","Cystobasidiales_204043","Cystobasidiaceae_34418",NA,NA
"pt2","PUF.BOT.2","PUF_BOT_02","Botanical Garden","31/05/2024","14/06/2024","a26e6cc23365c60897b7d620c23de990","0.944259328386728",18,"Metazoa_33208","Arthropoda_6656","Insecta_50557","Lepidoptera_7088","Pyralidae_7135","Pionidia_2613197",NA
"pt2","PUF.BOT.2","PUF_BOT_02","Botanical Garden","31/05/2024","14/06/2024","efbf72a920a03347f6407072b84a43f9","0.999459556668486",59,"Fungi_4751","Basidiomycota_5204","Agaricomycetes_155619","Russulales_452342","Peniophoraceae_103393","Peniophora_40463","Peniophora_lycii_154539"
"pt2","PUF.BOT.2","PUF_BOT_02","Botanical Garden","31/05/2024","14/06/2024","5f907557675481632654c893c4e319d5","0.369832764629548",41,"Fungi_4751","Ascomycota_4890","Dothideomycetes_147541","Cladosporiales_2726946","Cladosporiaceae_452563","Cladosporium_5498","Cladosporium_bruhnei_450181"
"pt2","PUF.BOT.2","PUF_BOT_02","Botanical Garden","31/05/2024","14/06/2024","98d2a53535a08812e4a0db8fc3b0c5ce","0.989750383875536",78,"Fungi_4751","Ascomycota_4890","Leotiomycetes_147548",NA,NA,NA,NA
"pt2","PUF.BOT.2","PUF_BOT_02","Botanical Garden","31/05/2024","14/06/2024","5bb70078448d859b011a6379391bcb93","0.478476009551109",18,"Fungi_4751","Ascomycota_4890","Sordariomycetes_147550",NA,NA,NA,NA
"pt2","PUF.BOT.2","PUF_BOT_02","Botanical Garden","31/05/2024","14/06/2024","18a2e110004e455b097f83f0c05922c6","0.975304870433857",17,"Metazoa_33208","Chordata_7711","Mammalia_40674","Primates_9443","Hominidae_9604","Homo_9605","Homo_sapiens_9606"
"pt2","PUF.BOT.2","PUF_BOT_02","Botanical Garden","31/05/2024","14/06/2024","349cecdaccca192a5aa609e9184c3c8e","0.674856366161648",102,"Fungi_4751","Ascomycota_4890","Sordariomycetes_147550","Hypocreales_5125",NA,NA,NA
"pt2","PUF.BOT.2","PUF_BOT_02","Botanical Garden","31/05/2024","14/06/2024","8187787e018ce4815342f12d65ff7dc8","0.464733719684335",18,"Fungi_4751","Ascomycota_4890","Sordariomycetes_147550",NA,NA,NA,NA
"pt2","PUF.BOT.2","PUF_BOT_02","Botanical Garden","31/05/2024","14/06/2024","aec35e427b95f1cbf2c6d6503e172a4f","0.279152099836879",27,"Fungi_4751","Ascomycota_4890",NA,NA,NA,NA,NA
"pt2","PUF.BOT.2","PUF_BOT_02","Botanical Garden","31/05/2024","14/06/2024","e568316642a9d4f2542e85dcc7267df7","0.999999998668883",13,"Fungi_4751","Basidiomycota_5204","Exobasidiomycetes_452283","Microstromatales_162475",NA,NA,NA
"pt2","PUF.BOT.2","PUF_BOT_02","Botanical Garden","31/05/2024","14/06/2024","e3625b78fc7d223a7bce189dca39f019","0.931434102040716",14,"Fungi_4751","Ascomycota_4890","Dothideomycetes_147541","Pleosporales_92860","Shiraiaceae_224418","Shiraia_224419","Shiraia_bambusicola_224420"
"pt2","PUF.BOT.2","PUF_BOT_02","Botanical Garden","31/05/2024","14/06/2024","e2f909b13c3ebf8128f397a64f5faae1","0.865408471778355",24,"Fungi_4751","Basidiomycota_5204","Agaricomycetes_155619","Agaricales_5338","Psathyrellaceae_184208","Candolleomyces_2791032","Candolleomyces_candolleanus_71730"
"pt2","PUF.BOT.2","PUF_BOT_02","Botanical Garden","31/05/2024","14/06/2024","241d63921df4e74eac41e6df13cb6839","0.821230257630568",13,"Fungi_4751","Ascomycota_4890","Sordariomycetes_147550","Hypocreales_5125",NA,NA,NA
"pt2","PUF.BOT.2","PUF_BOT_02","Botanical Garden","31/05/2024","14/06/2024","a656f5998d4fbda0b61410aaf57a01e0","0.544409552970536",18,"Fungi_4751","Ascomycota_4890","Sordariomycetes_147550",NA,NA,NA,NA
"pt2","PUF.BOT.2","PUF_BOT_02","Botanical Garden","31/05/2024","14/06/2024","9c80ef615cc21359faf61161cb34c66e","0.997104867410896",33,"Fungi_4751","Ascomycota_4890","Leotiomycetes_147548",NA,NA,NA,NA
"pt2","PUF.BOT.2","PUF_BOT_02","Botanical Garden","31/05/2024","14/06/2024","353cf88b067a953f6a7463a158fb4458","0.956710293760633",36,"Fungi_4751","Ascomycota_4890","Leotiomycetes_147548",NA,NA,NA,NA
"pt2","PUF.BOT.2","PUF_BOT_02","Botanical Garden","31/05/2024","14/06/2024","1bc80d244fbe72a22ebd2313111c972f","0.652239313136515",15,"Fungi_4751","Ascomycota_4890",NA,NA,NA,NA,NA
"pt2","PUF.BOT.2","PUF_BOT_02","Botanical Garden","31/05/2024","14/06/2024","ddfd319f3d88ba3067d804c949cf1f1a","0.436151395675201",14,"Fungi_4751","Ascomycota_4890",NA,NA,NA,NA,NA
"pt2","PUF.BOT.2","PUF_BOT_02","Botanical Garden","31/05/2024","14/06/2024","e961ee812e814a754542db23bae2cf68","0.390753683146527",1734,"Metazoa_33208","Arthropoda_6656","Arachnida_6854",NA,NA,NA,NA
"pt2","PUF.BOT.2","PUF_BOT_02","Botanical Garden","31/05/2024","14/06/2024","bea2ef497bc51a39fd3ffb7c2c7d389b","0.326601148763297",17,"Fungi_4751","Basidiomycota_5204","Cystobasidiomycetes_432005","Cystobasidiales_204043","Cystobasidiaceae_34418",NA,NA
"pt2","PUF.BOT.2","PUF_BOT_02","Botanical Garden","31/05/2024","14/06/2024","0beffb6db76823387a6128631829aa93","0.480700152424725",19,"Eukaryota_2759_kingdom","Oomycota_4762","Oomycota_4762_class","Peronosporales_4776","Peronosporaceae_4777","Phytophthora_4783",NA
"pt2","PUF.BOT.2","PUF_BOT_02","Botanical Garden","31/05/2024","14/06/2024","bfaff7f2b789b2617cecac9b4e7c063a","0.999990556223707",21,"Metazoa_33208","Arthropoda_6656","Arachnida_6854","Araneae_6893","Corinnidae_243491","Phrurolithus_1226123","Phrurolithus_goodnighti_-1975"
"pt2","PUF.BOT.2","PUF_BOT_02","Botanical Garden","31/05/2024","14/06/2024","e1ad659c80f29cf4f999d9833b1a2ff8","0.999999807801676",14,"Eukaryota_2759_kingdom","Oomycota_4762","Oomycota_4762_class","Peronosporales_4776","Peronosporaceae_4777","Peronospora_70742","Peronospora_romanica_230362"
"pt2","PUF.BOT.2","PUF_BOT_02","Botanical Garden","31/05/2024","14/06/2024","9bd941ab0f0d7d86694b551823c524f9","0.63931755456396",20,"Fungi_4751","Ascomycota_4890",NA,NA,NA,NA,NA
"pt2","PUF.BOT.2","PUF_BOT_02","Botanical Garden","31/05/2024","14/06/2024","8d5b3ad081e57d8dc2ec8c3d8fbfeaa2","0.999999900427033",53,"Metazoa_33208","Arthropoda_6656","Arachnida_6854","Trombidiformes_83136","Tydeidae_708320","Tydeus_1670773",NA
"pt2","PUF.BOT.2","PUF_BOT_02","Botanical Garden","31/05/2024","14/06/2024","a073929476460d46d40360dbf020f35a","0.925659066074823",30,"Fungi_4751","Ascomycota_4890","Dothideomycetes_147541","Pleosporales_92860","Shiraiaceae_224418","Shiraia_224419","Shiraia_bambusicola_224420"
"pt2","PUF.BOT.2","PUF_BOT_02","Botanical Garden","31/05/2024","14/06/2024","013d7a707b62f7eaf151de0abfd96f90","0.971770556567306",13,"Metazoa_33208","Arthropoda_6656","Collembola_30001","Symphypleona_79705","Sminthurididae_187696",NA,NA
"pt2","PUF.BOT.2","PUF_BOT_02","Botanical Garden","31/05/2024","14/06/2024","72df69c9cbdbd4e4006af046cd1b0696","0.383660143630016",30,"Metazoa_33208","Arthropoda_6656",NA,NA,NA,NA,NA
"pt2","PUF.BOT.2","PUF_BOT_02","Botanical Garden","31/05/2024","14/06/2024","ef719044363dda683db9afebd8d6f411","0.749336919840533",81,"Viridiplantae_33090","Chlorophyta_3041","Trebouxiophyceae_75966",NA,NA,NA,NA
"pt2","PUF.BOT.2","PUF_BOT_02","Botanical Garden","31/05/2024","14/06/2024","a8f90e19f633ccfebd8b42e41e12e29a","0.375624150895375",18,"Metazoa_33208","Arthropoda_6656","Arachnida_6854",NA,NA,NA,NA
"pt2","PUF.BOT.2","PUF_BOT_02","Botanical Garden","31/05/2024","14/06/2024","084cd9f2011c2a34add996bb3d7d941c","0.752340900678358",40,"Metazoa_33208","Arthropoda_6656","Arachnida_6854",NA,NA,NA,NA
"pt2","PUF.BOT.2","PUF_BOT_02","Botanical Garden","31/05/2024","14/06/2024","d98f9eceb9433e8fd59f88d7606ce197","0.999999997389921",20,"Fungi_4751","Ascomycota_4890","Lecanoromycetes_147547","Lecanorales_5197","Parmeliaceae_78060","Hypogymnia_87258","Hypogymnia_vittata_315943"
"pt2","PUF.BOT.2","PUF_BOT_02","Botanical Garden","31/05/2024","14/06/2024","30d1f39562968d4b798847c2e714c64b","0.735208941121617",28,"Fungi_4751","Basidiomycota_5204","Agaricomycetes_155619","Agaricales_5338","Psathyrellaceae_184208","Candolleomyces_2791032","Candolleomyces_candolleanus_71730"
"pt2","PUF.BOT.2","PUF_BOT_02","Botanical Garden","31/05/2024","14/06/2024","f640e9cdb6c1de1a210162172389ab99","0.998419282036446",19,"Fungi_4751","Ascomycota_4890","Leotiomycetes_147548","Helotiales_5178","Ploettnerulaceae_2316155","Rhynchobrunnera_2819089","Rhynchobrunnera_orthospora_210010"
"pt2","PUF.BOT.2","PUF_BOT_02","Botanical Garden","31/05/2024","14/06/2024","a538d50250aa4aa19fd1ee374712de51","0.436029235543232",13,"Fungi_4751","Ascomycota_4890","Sordariomycetes_147550","Hypocreales_5125",NA,NA,NA
"pt2","PUF.BOT.2","PUF_BOT_02","Botanical Garden","31/05/2024","14/06/2024","5ec375099830ae8c093e7dcc3f681802","0.490304424677953",18,"Fungi_4751","Ascomycota_4890",NA,NA,NA,NA,NA
"pt2","PUF.BOT.2","PUF_BOT_02","Botanical Garden","31/05/2024","14/06/2024","61e5dd91a85097d0812bfadaaef557d8","0.999863382513252",114,"Fungi_4751","Basidiomycota_5204","Agaricomycetes_155619","Agaricales_5338","Mycenaceae_2024004","Panellus_5635","Panellus_stipticus_5636"
"pt2","PUF.BOT.2","PUF_BOT_02","Botanical Garden","31/05/2024","14/06/2024","a0b7084219abc3752a8971756672617e","0.895872830854137",109,"Metazoa_33208","Arthropoda_6656","Insecta_50557","Lepidoptera_7088","Noctuidae_7100","Xestia_320016","Xestia_c-nigrum_987431"
"pt2","PUF.BOT.2","PUF_BOT_02","Botanical Garden","31/05/2024","14/06/2024","00047deca8d67066a12b738d7903445d","0.999483408605686",60,"Eukaryota_2759_kingdom","Oomycota_4762","Oomycota_4762_class","Pythiales_121069","Pythiaceae_4782","Globisporangium_1448052","Globisporangium_rostratifingens_2711122"
"pt2","PUF.BOT.2","PUF_BOT_02","Botanical Garden","31/05/2024","14/06/2024","6a6cea84fad711c9cce5a727d388e1c1","0.991786570915145",37,"Fungi_4751","Ascomycota_4890","Leotiomycetes_147548",NA,NA,NA,NA
"pt2","PUF.BOT.2","PUF_BOT_02","Botanical Garden","31/05/2024","14/06/2024","3691bf0af85664195c4b7200c8ebd6a5","0.999999999999986",37,"Metazoa_33208","Arthropoda_6656","Arachnida_6854","Trombidiformes_83136","Eriophyidae_70320","Aculus_644140","Aculus_populi_2920999"
"pt2","PUF.BOT.2","PUF_BOT_02","Botanical Garden","31/05/2024","14/06/2024","71fb743ccd04149a2360acd3739d6b81","0.980453716872414",34,"Fungi_4751","Basidiomycota_5204","Exobasidiomycetes_452283","Microstromatales_162475","Microstromatales_162475_family","Jaminaea_561108",NA
"pt2","PUF.BOT.2","PUF_BOT_02","Botanical Garden","31/05/2024","14/06/2024","5824cded386b2642dc12158e4403c77f","0.984149911483706",31,"Fungi_4751","Ascomycota_4890","Leotiomycetes_147548",NA,NA,NA,NA
"pt2","PUF.BOT.2","PUF_BOT_02","Botanical Garden","31/05/2024","14/06/2024","9af686e1b3442a3c13a21b86e0b13cfb","0.610719932423018",30,"Fungi_4751","Ascomycota_4890",NA,NA,NA,NA,NA
"pt2","PUF.BOT.2","PUF_BOT_02","Botanical Garden","31/05/2024","14/06/2024","7a740ee39098ae6e6d81ad0d8d454757","0.637363591900053",26,"Fungi_4751","Ascomycota_4890","Eurotiomycetes_147545","Eurotiales_5042",NA,NA,NA
"pt2","PUF.BOT.2","PUF_BOT_02","Botanical Garden","31/05/2024","14/06/2024","a0bd7268ae85c54ecaa622d5d8104a96","0.580569384897853",22,"Fungi_4751","Ascomycota_4890","Dothideomycetes_147541","Pleosporales_92860","Shiraiaceae_224418","Shiraia_224419","Shiraia_bambusicola_224420"
"pt2","PUF.BOT.2","PUF_BOT_02","Botanical Garden","31/05/2024","14/06/2024","2d5b530dba349f696dd95b7f06d4a1ca","0.332245577132354",22,"Metazoa_33208","Arthropoda_6656","Insecta_50557","Hymenoptera_7399",NA,NA,NA
"pt2","PUF.BOT.2","PUF_BOT_02","Botanical Garden","31/05/2024","14/06/2024","b8880d4762c7141ccd04654cc850e661","0.981474062412105",21,"Fungi_4751","Basidiomycota_5204","Agaricomycetes_155619","Agaricales_5338","Strophariaceae_40562","Galerina_109632",NA
"pt2","PUF.BOT.2","PUF_BOT_02","Botanical Garden","31/05/2024","14/06/2024","e0ae573bee00a14f9885629250ebec64","0.961893921172647",19,"Fungi_4751","Ascomycota_4890","Sordariomycetes_147550",NA,NA,NA,NA
"pt2","PUF.BOT.2","PUF_BOT_02","Botanical Garden","31/05/2024","14/06/2024","db92d520c10c8a4dd047b96e70245ec2","0.869563112998472",19,"Metazoa_33208","Arthropoda_6656","Collembola_30001","Symphypleona_79705","Bourletiellidae_187607",NA,NA
"pt2","PUF.BOT.2","PUF_BOT_02","Botanical Garden","31/05/2024","14/06/2024","77c89d5972afde50721053e54784d428","0.499178679050853",17,"Metazoa_33208","Arthropoda_6656","Insecta_50557","Hymenoptera_7399",NA,NA,NA
"pt2","PUF.MBO.1","PUF_MBO_01","Bird Observatory","20/05/2024","03/06/2024","0c11abb10ca8c4ca6a9466f89d510f2e","0.907238614804815",128,"Metazoa_33208","Arthropoda_6656","Insecta_50557","Hemiptera_7524","Pentatomidae_160513","Glypsus_-21471","Glypsus_conspicuus_-21472"
"pt2","PUF.MBO.1","PUF_MBO_01","Bird Observatory","20/05/2024","03/06/2024","eec2170a8f2d0cd7dc3a18841a1ea5c7","0.999999999699554",29,"Fungi_4751","Basidiomycota_5204","Exobasidiomycetes_452283","Microstromatales_162475",NA,NA,NA
"pt2","PUF.MBO.1","PUF_MBO_01","Bird Observatory","20/05/2024","03/06/2024","b43d19c6734061aba20cde4334b0c772","0.933623859448047",385,"Fungi_4751","Ascomycota_4890","Dothideomycetes_147541","Cladosporiales_2726946","Cladosporiaceae_452563","Cladosporium_5498","Cladosporium_bruhnei_450181"
"pt2","PUF.MBO.1","PUF_MBO_01","Bird Observatory","20/05/2024","03/06/2024","0d1a483ebd4773116542454b0cc1a266","0.88739453904822",143,"Fungi_4751","Ascomycota_4890","Sordariomycetes_147550",NA,NA,NA,NA
"pt2","PUF.MBO.1","PUF_MBO_01","Bird Observatory","20/05/2024","03/06/2024","0654cc62f2b2d1f6652ba8acca4ba9fb","0.959194747463117",59,"Fungi_4751","Basidiomycota_5204","Exobasidiomycetes_452283","Microstromatales_162475","Microstromatales_162475_family","Jaminaea_561108",NA
"pt2","PUF.MBO.1","PUF_MBO_01","Bird Observatory","20/05/2024","03/06/2024","945bd633c00552164446ce1c2ba94461","0.947741379948713",214,"Fungi_4751","Ascomycota_4890","Leotiomycetes_147548",NA,NA,NA,NA
"pt2","PUF.MBO.1","PUF_MBO_01","Bird Observatory","20/05/2024","03/06/2024","2cd5cd2d6853681240817a74c9f7c3eb","0.486412721515334",24,"Fungi_4751","Ascomycota_4890","Sordariomycetes_147550",NA,NA,NA,NA
"pt2","PUF.MBO.1","PUF_MBO_01","Bird Observatory","20/05/2024","03/06/2024","922c407078b43f634da20b2e149c57c5","0.973530600220828",63,"Fungi_4751","Ascomycota_4890","Leotiomycetes_147548",NA,NA,NA,NA
"pt2","PUF.MBO.1","PUF_MBO_01","Bird Observatory","20/05/2024","03/06/2024","a3612a98863d0cb2a0423fb56a0bef70","0.670862072239708",45,"Metazoa_33208","Chordata_7711","Mammalia_40674","Artiodactyla_91561","Bovidae_9895","Bos_9903","Bos_taurus_9913"
"pt2","PUF.MBO.1","PUF_MBO_01","Bird Observatory","20/05/2024","03/06/2024","efbf72a920a03347f6407072b84a43f9","0.999459556668486",1272,"Fungi_4751","Basidiomycota_5204","Agaricomycetes_155619","Russulales_452342","Peniophoraceae_103393","Peniophora_40463","Peniophora_lycii_154539"
"pt2","PUF.MBO.1","PUF_MBO_01","Bird Observatory","20/05/2024","03/06/2024","5f907557675481632654c893c4e319d5","0.369832764629548",53,"Fungi_4751","Ascomycota_4890","Dothideomycetes_147541","Cladosporiales_2726946","Cladosporiaceae_452563","Cladosporium_5498","Cladosporium_bruhnei_450181"
"pt2","PUF.MBO.1","PUF_MBO_01","Bird Observatory","20/05/2024","03/06/2024","757ecae2e601e8cb8f983ac712833b60","0.662704638933771",42,"Fungi_4751","Ascomycota_4890","Sordariomycetes_147550",NA,NA,NA,NA
"pt2","PUF.MBO.1","PUF_MBO_01","Bird Observatory","20/05/2024","03/06/2024","5bb70078448d859b011a6379391bcb93","0.478476009551109",29,"Fungi_4751","Ascomycota_4890","Sordariomycetes_147550",NA,NA,NA,NA
"pt2","PUF.MBO.1","PUF_MBO_01","Bird Observatory","20/05/2024","03/06/2024","8187787e018ce4815342f12d65ff7dc8","0.464733719684335",207,"Fungi_4751","Ascomycota_4890","Sordariomycetes_147550",NA,NA,NA,NA
"pt2","PUF.MBO.1","PUF_MBO_01","Bird Observatory","20/05/2024","03/06/2024","aec35e427b95f1cbf2c6d6503e172a4f","0.279152099836879",442,"Fungi_4751","Ascomycota_4890",NA,NA,NA,NA,NA
"pt2","PUF.MBO.1","PUF_MBO_01","Bird Observatory","20/05/2024","03/06/2024","e3625b78fc7d223a7bce189dca39f019","0.931434102040716",74,"Fungi_4751","Ascomycota_4890","Dothideomycetes_147541","Pleosporales_92860","Shiraiaceae_224418","Shiraia_224419","Shiraia_bambusicola_224420"
"pt2","PUF.MBO.1","PUF_MBO_01","Bird Observatory","20/05/2024","03/06/2024","69a8a7322bd45f64630dcc355a1e5114","0.805478636501538",45,"Fungi_4751","Basidiomycota_5204","Agaricomycetes_155619","Polyporales_5303","Polyporaceae_5317","Picipes_1871912","Picipes_badius_196231"
"pt2","PUF.MBO.1","PUF_MBO_01","Bird Observatory","20/05/2024","03/06/2024","8270514ad820103cc7adb495857263d0","0.684488549128601",103,"Fungi_4751","Ascomycota_4890","Sordariomycetes_147550",NA,NA,NA,NA
"pt2","PUF.MBO.1","PUF_MBO_01","Bird Observatory","20/05/2024","03/06/2024","313af605cd82303ffe6cf4b8ab9d0d34","0.799061550015964",78,"Viridiplantae_33090","Chlorophyta_3041","Trebouxiophyceae_75966",NA,NA,NA,NA
"pt2","PUF.MBO.1","PUF_MBO_01","Bird Observatory","20/05/2024","03/06/2024","60ed8a06138d911c61bed7f3f6fd672a","0.990641217654615",129,"Fungi_4751","Basidiomycota_5204","Agaricomycetes_155619","Agaricales_5338","Schizophyllaceae_5332","Schizophyllum_5333","Schizophyllum_commune_5334"
"pt2","PUF.MBO.1","PUF_MBO_01","Bird Observatory","20/05/2024","03/06/2024","353cf88b067a953f6a7463a158fb4458","0.956710293760633",212,"Fungi_4751","Ascomycota_4890","Leotiomycetes_147548",NA,NA,NA,NA
"pt2","PUF.MBO.1","PUF_MBO_01","Bird Observatory","20/05/2024","03/06/2024","0adb28207d9013bb2c7dbc7888a17a5a","0.977492912521886",32,"Fungi_4751","Ascomycota_4890","Leotiomycetes_147548",NA,NA,NA,NA
"pt2","PUF.MBO.1","PUF_MBO_01","Bird Observatory","20/05/2024","03/06/2024","ddfd319f3d88ba3067d804c949cf1f1a","0.436151395675201",101,"Fungi_4751","Ascomycota_4890",NA,NA,NA,NA,NA
"pt2","PUF.MBO.1","PUF_MBO_01","Bird Observatory","20/05/2024","03/06/2024","0da03bee56cd2894f91b852c221c84d0","0.536459125746362",93,"Fungi_4751","Ascomycota_4890","Leotiomycetes_147548",NA,NA,NA,NA
"pt2","PUF.MBO.1","PUF_MBO_01","Bird Observatory","20/05/2024","03/06/2024","e961ee812e814a754542db23bae2cf68","0.390753683146527",87,"Metazoa_33208","Arthropoda_6656","Arachnida_6854",NA,NA,NA,NA
"pt2","PUF.MBO.1","PUF_MBO_01","Bird Observatory","20/05/2024","03/06/2024","e97fe7d8452dcbaa49c219b8545767c6","0.990267536436424",61,"Fungi_4751","Ascomycota_4890","Leotiomycetes_147548",NA,NA,NA,NA
"pt2","PUF.MBO.1","PUF_MBO_01","Bird Observatory","20/05/2024","03/06/2024","c1749f731e79408f8e53db1e81a21bd9","0.311511024666531",49,"Metazoa_33208","Arthropoda_6656","Insecta_50557","Hemiptera_7524",NA,NA,NA
"pt2","PUF.MBO.1","PUF_MBO_01","Bird Observatory","20/05/2024","03/06/2024","a8ce915f182ed95bbc64217af27815d7","0.541561903796751",98,"Fungi_4751","Ascomycota_4890",NA,NA,NA,NA,NA
"pt2","PUF.MBO.1","PUF_MBO_01","Bird Observatory","20/05/2024","03/06/2024","191d25d55f3ca7bb31a137341a55d00e","0.547814364165414",39,"Fungi_4751","Ascomycota_4890","Leotiomycetes_147548",NA,NA,NA,NA
"pt2","PUF.MBO.1","PUF_MBO_01","Bird Observatory","20/05/2024","03/06/2024","57951528e102e774eed45ce29cb56acc","0.527209898458268",29,"Fungi_4751","Ascomycota_4890",NA,NA,NA,NA,NA
"pt2","PUF.MBO.1","PUF_MBO_01","Bird Observatory","20/05/2024","03/06/2024","87f3912240d8c5343fdb89bc6c2e4dfc","0.938040933666851",50,"Fungi_4751","Ascomycota_4890","Leotiomycetes_147548",NA,NA,NA,NA
"pt2","PUF.MBO.1","PUF_MBO_01","Bird Observatory","20/05/2024","03/06/2024","d1c1c9c833ec18f5d9210e564c9da7c4","0.453566038382782",56,"Fungi_4751","Ascomycota_4890","Leotiomycetes_147548",NA,NA,NA,NA
"pt2","PUF.MBO.1","PUF_MBO_01","Bird Observatory","20/05/2024","03/06/2024","8d5b3ad081e57d8dc2ec8c3d8fbfeaa2","0.999999900427033",216,"Metazoa_33208","Arthropoda_6656","Arachnida_6854","Trombidiformes_83136","Tydeidae_708320","Tydeus_1670773",NA
"pt2","PUF.MBO.1","PUF_MBO_01","Bird Observatory","20/05/2024","03/06/2024","269faefa124ce63f1c4f0535c639da13","0.485351305304401",45,"Metazoa_33208","Arthropoda_6656","Arachnida_6854",NA,NA,NA,NA
"pt2","PUF.MBO.1","PUF_MBO_01","Bird Observatory","20/05/2024","03/06/2024","9fe1c702458193e49887d52ce314a594","0.523325682824076",58,"Fungi_4751","Ascomycota_4890","Leotiomycetes_147548",NA,NA,NA,NA
"pt2","PUF.MBO.1","PUF_MBO_01","Bird Observatory","20/05/2024","03/06/2024","dbcbc3c9150ed85c238cf2f4bce04d5c","0.404584046779756",35,"Fungi_4751","Basidiomycota_5204","Exobasidiomycetes_452283","Microstromatales_162475","Microstromatales_162475_family","Jaminaea_561108","Jaminaea_angkorensis_542766"
"pt2","PUF.MBO.1","PUF_MBO_01","Bird Observatory","20/05/2024","03/06/2024","3ec6c70146470fd90a7e8c43e51707c1","0.533755848319252",50,"Fungi_4751","Ascomycota_4890","Sordariomycetes_147550",NA,NA,NA,NA
"pt2","PUF.MBO.1","PUF_MBO_01","Bird Observatory","20/05/2024","03/06/2024","228bdf37cd16fec60f3b2d4bf6112273","0.614992379131108",72,"Fungi_4751","Basidiomycota_5204","Exobasidiomycetes_452283","Microstromatales_162475",NA,NA,NA
"pt2","PUF.MBO.1","PUF_MBO_01","Bird Observatory","20/05/2024","03/06/2024","153c157f910a867ea5c3e693e2cad8ee","0.776433627997548",34,"Metazoa_33208","Arthropoda_6656","Arachnida_6854",NA,NA,NA,NA
"pt2","PUF.MBO.1","PUF_MBO_01","Bird Observatory","20/05/2024","03/06/2024","2ea69a52787ca94235c0254cc906181a","0.88322970094309",45,"Fungi_4751","Ascomycota_4890","Leotiomycetes_147548",NA,NA,NA,NA
"pt2","PUF.MBO.1","PUF_MBO_01","Bird Observatory","20/05/2024","03/06/2024","0581a0fb17a42e398cb607c9b97f7715","0.982416698236229",70,"Fungi_4751","Ascomycota_4890","Leotiomycetes_147548",NA,NA,NA,NA
"pt2","PUF.MBO.1","PUF_MBO_01","Bird Observatory","20/05/2024","03/06/2024","09ec1bb98cab867256bcf055f1b56217","0.950758569932517",31,"Fungi_4751","Ascomycota_4890","Leotiomycetes_147548",NA,NA,NA,NA
"pt2","PUF.MBO.1","PUF_MBO_01","Bird Observatory","20/05/2024","03/06/2024","a59b08269bf9d080cc420de72f1d3177","0.666652108925971",23,"Fungi_4751","Ascomycota_4890","Sordariomycetes_147550",NA,NA,NA,NA
"pt2","PUF.MBO.1","PUF_MBO_01","Bird Observatory","20/05/2024","03/06/2024","2a1e47246c3ba79ba8c5c783eb3fcd6a","0.499999999531012",27,"Fungi_4751","Basidiomycota_5204","Microbotryomycetes_162481","Sporidiobolales_231213","Sporidiobolaceae_1799696",NA,NA
"pt2","PUF.MBO.1","PUF_MBO_01","Bird Observatory","20/05/2024","03/06/2024","b8f557e09422f042ee0b2fedc805e654","0.880691442372344",63,"Fungi_4751","Ascomycota_4890","Leotiomycetes_147548",NA,NA,NA,NA
"pt2","PUF.MBO.1","PUF_MBO_01","Bird Observatory","20/05/2024","03/06/2024","fa3fcdb5d6e280583db9f51553307b69","0.998296563535426",132,"Fungi_4751","Ascomycota_4890","Leotiomycetes_147548",NA,NA,NA,NA
"pt2","PUF.MBO.1","PUF_MBO_01","Bird Observatory","20/05/2024","03/06/2024","893a317ff25f3be600989440e8428424","0.992719513159888",31,"Fungi_4751","Basidiomycota_5204","Agaricomycetes_155619","Agaricales_5338","Schizophyllaceae_5332","Schizophyllum_5333","Schizophyllum_commune_5334"
"pt2","PUF.MBO.1","PUF_MBO_01","Bird Observatory","20/05/2024","03/06/2024","6a6cea84fad711c9cce5a727d388e1c1","0.991786570915145",334,"Fungi_4751","Ascomycota_4890","Leotiomycetes_147548",NA,NA,NA,NA
"pt2","PUF.MBO.1","PUF_MBO_01","Bird Observatory","20/05/2024","03/06/2024","484350ec8cba572dff7bccf81b7633de","0.993215254034009",54,"Fungi_4751","Ascomycota_4890","Leotiomycetes_147548",NA,NA,NA,NA
"pt2","PUF.MBO.1","PUF_MBO_01","Bird Observatory","20/05/2024","03/06/2024","e6902c632118ae89948725e7226131c1","0.997711547305001",69,"Fungi_4751","Ascomycota_4890","Leotiomycetes_147548",NA,NA,NA,NA
"pt2","PUF.MBO.1","PUF_MBO_01","Bird Observatory","20/05/2024","03/06/2024","0d02dafaa8ab788143666c570731fd73","0.455860506527336",405,"Metazoa_33208","Arthropoda_6656","Arachnida_6854","Trombidiformes_83136","Tydeidae_708320",NA,NA
"pt2","PUF.MBO.1","PUF_MBO_01","Bird Observatory","20/05/2024","03/06/2024","38b9fb8b2121e1f28c7312fc312c992a","0.99796051004556",220,"Fungi_4751","Ascomycota_4890","Leotiomycetes_147548",NA,NA,NA,NA
"pt2","PUF.MBO.1","PUF_MBO_01","Bird Observatory","20/05/2024","03/06/2024","639dd99c93b8b9fd80f1e1d1a65cc657","0.999999483967604",141,"Metazoa_33208","Arthropoda_6656","Insecta_50557","Diptera_7147","Chironomidae_7149","Limnophyes_190098",NA
"pt2","PUF.MBO.1","PUF_MBO_01","Bird Observatory","20/05/2024","03/06/2024","68770b5f0fbb30ab3e0e44692e452591","0.999999999998209",120,"Metazoa_33208","Arthropoda_6656","Arachnida_6854","Trombidiformes_83136","Eriophyidae_70320","Aculodes_644138","Aculodes_mckenziei_644532"
"pt2","PUF.MBO.1","PUF_MBO_01","Bird Observatory","20/05/2024","03/06/2024","0577c209c3d8b36164367be02d2ba25e","0.281029478513563",113,"Fungi_4751","Ascomycota_4890","Sordariomycetes_147550","Hypocreales_5125",NA,NA,NA
"pt2","PUF.MBO.1","PUF_MBO_01","Bird Observatory","20/05/2024","03/06/2024","061168a7f985a96ba7eb89cc6bdaf3da","0.508467872156768",107,"Fungi_4751","Ascomycota_4890","Sordariomycetes_147550",NA,NA,NA,NA
"pt2","PUF.MBO.1","PUF_MBO_01","Bird Observatory","20/05/2024","03/06/2024","ac9b79e3562b06cc4f1c2498e5e73eaf","0.193240713042445",87,"Metazoa_33208","Arthropoda_6656",NA,NA,NA,NA,NA
"pt2","PUF.MBO.1","PUF_MBO_01","Bird Observatory","20/05/2024","03/06/2024","28a719b8a40de10d4aeccd4ee9852649","0.999999999807827",84,"Metazoa_33208","Arthropoda_6656","Arachnida_6854","Trombidiformes_83136","Eriophyidae_70320","Abacarus_644136","Abacarus_plumiger_2316514"
"pt2","PUF.MBO.1","PUF_MBO_01","Bird Observatory","20/05/2024","03/06/2024","6f7fb54adcf15b6b24fd927809751200","0.775515128546022",82,"Metazoa_33208","Arthropoda_6656","Insecta_50557","Diptera_7147","Chironomidae_7149",NA,NA
"pt2","PUF.MBO.1","PUF_MBO_01","Bird Observatory","20/05/2024","03/06/2024","9b166673b3ba79c6b54b27fc42ad5000","0.999999894794831",72,"Metazoa_33208","Arthropoda_6656","Insecta_50557","Diptera_7147","Phoridae_36164","Megaselia_36165","Megaselia_hirticrus_1987627"
"pt2","PUF.MBO.1","PUF_MBO_01","Bird Observatory","20/05/2024","03/06/2024","dd27da88b8c677fe6e210c1d208167b8","0.953306231103313",72,"Fungi_4751","Ascomycota_4890","Leotiomycetes_147548",NA,NA,NA,NA
"pt2","PUF.MBO.1","PUF_MBO_01","Bird Observatory","20/05/2024","03/06/2024","79126016e47b1d745abdccae43e8c915","0.999999999996561",67,"Metazoa_33208","Arthropoda_6656","Insecta_50557","Coleoptera_7041","Chrysomelidae_27439","Labidomera_131651","Labidomera_clivicollis_131652"
"pt2","PUF.MBO.1","PUF_MBO_01","Bird Observatory","20/05/2024","03/06/2024","de5d4c4536c51a3312f52cb365f76265","0.669905584098241",66,"Metazoa_33208","Arthropoda_6656","Insecta_50557","Diptera_7147","Cecidomyiidae_33406","Aprionus_1819779",NA
"pt2","PUF.MBO.1","PUF_MBO_01","Bird Observatory","20/05/2024","03/06/2024","404c8029030cccd322880aad90a04700","1",60,"Metazoa_33208","Arthropoda_6656","Arachnida_6854","Trombidiformes_83136","Eriophyidae_70320","Aculus_644140","Aculus_schlechtendali_2813516"
"pt2","PUF.MBO.1","PUF_MBO_01","Bird Observatory","20/05/2024","03/06/2024","927562d8852f23bcf14eddf33853af1b","0.999999999998906",58,"Metazoa_33208","Arthropoda_6656","Arachnida_6854","Trombidiformes_83136","Eriophyidae_70320","Abacarus_644136","Abacarus_hystrix_644148"
"pt2","PUF.MBO.1","PUF_MBO_01","Bird Observatory","20/05/2024","03/06/2024","2897967c22c5a0dfbbb10f37d5bf0ca9","0.942313238117997",57,"Metazoa_33208","Arthropoda_6656","Arachnida_6854","Trombidiformes_83136","Eriophyidae_70320","Abacarus_644136",NA
"pt2","PUF.MBO.1","PUF_MBO_01","Bird Observatory","20/05/2024","03/06/2024","7baca64ebe5ace504447ddd402e2570e","0.305038368405619",45,"Metazoa_33208","Arthropoda_6656","Arachnida_6854",NA,NA,NA,NA
"pt2","PUF.MBO.1","PUF_MBO_01","Bird Observatory","20/05/2024","03/06/2024","82a083687359409610b702acc065debd","0.714968750465664",43,"Fungi_4751","Ascomycota_4890","Leotiomycetes_147548",NA,NA,NA,NA
"pt2","PUF.MBO.1","PUF_MBO_01","Bird Observatory","20/05/2024","03/06/2024","e8438908cfe3c2d86e5473db19dbb91f","0.991047912230124",42,"Fungi_4751","Ascomycota_4890","Leotiomycetes_147548","Helotiales_5178","Ploettnerulaceae_2316155","Rhynchobrunnera_2819089","Rhynchobrunnera_orthospora_210010"
"pt2","PUF.MBO.1","PUF_MBO_01","Bird Observatory","20/05/2024","03/06/2024","3622d4cdf954a474607e887ff8e0e8d6","0.968755695958573",40,"Fungi_4751","Ascomycota_4890","Leotiomycetes_147548",NA,NA,NA,NA
"pt2","PUF.MBO.1","PUF_MBO_01","Bird Observatory","20/05/2024","03/06/2024","3f5b48879f0e8148a316b1a3fb8613cb","0.789995927880951",40,"Fungi_4751","Ascomycota_4890","Leotiomycetes_147548",NA,NA,NA,NA
"pt2","PUF.MBO.1","PUF_MBO_01","Bird Observatory","20/05/2024","03/06/2024","e42957d4105f308021c568c34fe06e41","0.998803472174424",37,"Fungi_4751","Ascomycota_4890","Leotiomycetes_147548",NA,NA,NA,NA
"pt2","PUF.MBO.1","PUF_MBO_01","Bird Observatory","20/05/2024","03/06/2024","d4244446d36ef4cfec2a4356f6f7c2e6","0.475673350035108",37,"Metazoa_33208","Arthropoda_6656","Arachnida_6854",NA,NA,NA,NA
"pt2","PUF.MBO.1","PUF_MBO_01","Bird Observatory","20/05/2024","03/06/2024","ffc2fbee014ed395e5f53e571787bb18","0.495390925538884",37,"Fungi_4751","Ascomycota_4890","Leotiomycetes_147548",NA,NA,NA,NA
"pt2","PUF.MBO.1","PUF_MBO_01","Bird Observatory","20/05/2024","03/06/2024","c8431706b77e85de6dc276e79c1f6f1e","0.994035557834579",32,"Fungi_4751","Ascomycota_4890","Leotiomycetes_147548",NA,NA,NA,NA
"pt2","PUF.MBO.1","PUF_MBO_01","Bird Observatory","20/05/2024","03/06/2024","72a8ef5d818487cc86515b3e0cb638fb","0.951621350191015",32,"Fungi_4751","Ascomycota_4890","Leotiomycetes_147548",NA,NA,NA,NA
"pt2","PUF.MBO.1","PUF_MBO_01","Bird Observatory","20/05/2024","03/06/2024","af6de782749b8509ccaefbe8fc32c06e","0.999399515038946",31,"Metazoa_33208","Arthropoda_6656","Arachnida_6854","Sarcoptiformes_83137","Liebstadiidae_1427579","Liebstadia_229865",NA
"pt2","PUF.MBO.1","PUF_MBO_01","Bird Observatory","20/05/2024","03/06/2024","6d2d7df0fb4767be4397add269a400fd","0.509382161054939",29,"Metazoa_33208","Arthropoda_6656","Insecta_50557","Diptera_7147","Cecidomyiidae_33406",NA,NA
"pt2","PUF.MBO.1","PUF_MBO_01","Bird Observatory","20/05/2024","03/06/2024","2467004188e107c41e41b5e7d1b907fb","0.999999801187533",28,"Metazoa_33208","Arthropoda_6656","Insecta_50557","Hemiptera_7524","Cicadellidae_30102","Erythroneura_38083",NA
"pt2","PUF.MBO.1","PUF_MBO_01","Bird Observatory","20/05/2024","03/06/2024","28160a740d42d48a876a80a406024e64","0.515224970393508",25,"Metazoa_33208","Arthropoda_6656","Arachnida_6854",NA,NA,NA,NA
"pt2","PUF.BOU.5","PUF_BOU_05","Boucherville","22/07/2024","05/08/2024","0c11abb10ca8c4ca6a9466f89d510f2e","0.907238614804815",1825,"Metazoa_33208","Arthropoda_6656","Insecta_50557","Hemiptera_7524","Pentatomidae_160513","Glypsus_-21471","Glypsus_conspicuus_-21472"
"pt2","PUF.BOU.5","PUF_BOU_05","Boucherville","22/07/2024","05/08/2024","589974931988706a852f1bb2c5aa12dc","0.814574741442148",254,"Fungi_4751","Basidiomycota_5204","Exobasidiomycetes_452283","Microstromatales_162475","Microstromatales_162475_family","Jaminaea_561108",NA
"pt2","PUF.BOU.5","PUF_BOU_05","Boucherville","22/07/2024","05/08/2024","f7718bbdbd503a21d2692b3b333490cb","0.55302161898262",96,"Fungi_4751","Basidiomycota_5204","Exobasidiomycetes_452283","Microstromatales_162475","Microstromatales_162475_family","Jaminaea_561108",NA
"pt2","PUF.BOU.5","PUF_BOU_05","Boucherville","22/07/2024","05/08/2024","eec2170a8f2d0cd7dc3a18841a1ea5c7","0.999999999699554",1427,"Fungi_4751","Basidiomycota_5204","Exobasidiomycetes_452283","Microstromatales_162475",NA,NA,NA
"pt2","PUF.BOU.5","PUF_BOU_05","Boucherville","22/07/2024","05/08/2024","b43d19c6734061aba20cde4334b0c772","0.933623859448047",1725,"Fungi_4751","Ascomycota_4890","Dothideomycetes_147541","Cladosporiales_2726946","Cladosporiaceae_452563","Cladosporium_5498","Cladosporium_bruhnei_450181"
"pt2","PUF.BOU.5","PUF_BOU_05","Boucherville","22/07/2024","05/08/2024","bec08d51eb66022d7172c03768d5fd5d","0.937210778414611",1592,"Fungi_4751","Ascomycota_4890","Dothideomycetes_147541","Cladosporiales_2726946","Cladosporiaceae_452563","Cladosporium_5498","Cladosporium_cladosporioides_29917"
"pt2","PUF.BOU.5","PUF_BOU_05","Boucherville","22/07/2024","05/08/2024","0d1a483ebd4773116542454b0cc1a266","0.88739453904822",93,"Fungi_4751","Ascomycota_4890","Sordariomycetes_147550",NA,NA,NA,NA
"pt2","PUF.BOU.5","PUF_BOU_05","Boucherville","22/07/2024","05/08/2024","c1b05b58063b2a2ce034c9b37a2afa7a","0.998948779700455",95,"Fungi_4751","Ascomycota_4890","Leotiomycetes_147548",NA,NA,NA,NA
"pt2","PUF.BOU.5","PUF_BOU_05","Boucherville","22/07/2024","05/08/2024","42a334b44b84641c69386150c7cde441","0.975711405297424",672,"Fungi_4751","Ascomycota_4890","Leotiomycetes_147548",NA,NA,NA,NA
"pt2","PUF.BOU.5","PUF_BOU_05","Boucherville","22/07/2024","05/08/2024","be8dc1271132728b62d899f6fe83b643","0.417154486433497",108,"Fungi_4751","Ascomycota_4890","Dothideomycetes_147541",NA,NA,NA,NA
"pt2","PUF.BOU.5","PUF_BOU_05","Boucherville","22/07/2024","05/08/2024","c0899651ae378553204b1e5ea53060b9","0.621258210680944",69,"Fungi_4751","Basidiomycota_5204","Exobasidiomycetes_452283","Microstromatales_162475","Microstromatales_162475_family","Jaminaea_561108",NA
"pt2","PUF.BOU.5","PUF_BOU_05","Boucherville","22/07/2024","05/08/2024","202e53dd32a0e7b3fcb0945dd40b5e51","0.819547932595875",61,"Fungi_4751","Ascomycota_4890","Leotiomycetes_147548",NA,NA,NA,NA
"pt2","PUF.BOU.5","PUF_BOU_05","Boucherville","22/07/2024","05/08/2024","875b7ee9b0f15d6355ec11aa7267edd0","0.999636544902391",102,"Fungi_4751","Ascomycota_4890","Leotiomycetes_147548",NA,NA,NA,NA
"pt2","PUF.BOU.5","PUF_BOU_05","Boucherville","22/07/2024","05/08/2024","6054764396456af05a8ec58302d41c02","0.499999934593067",37,"Fungi_4751","Basidiomycota_5204","Microbotryomycetes_162481","Sporidiobolales_231213","Sporidiobolaceae_1799696",NA,NA
"pt2","PUF.BOU.5","PUF_BOU_05","Boucherville","22/07/2024","05/08/2024","ce9e585d5196adf56f4e2c0e02e27b73","0.499999974718733",53,"Fungi_4751","Basidiomycota_5204","Microbotryomycetes_162481","Sporidiobolales_231213","Sporidiobolaceae_1799696",NA,NA
"pt2","PUF.BOU.5","PUF_BOU_05","Boucherville","22/07/2024","05/08/2024","e07e46d7aafd4deecdc6327a714c759c","0.946704056119496",43,"Fungi_4751","Ascomycota_4890","Leotiomycetes_147548",NA,NA,NA,NA
"pt2","PUF.BOU.5","PUF_BOU_05","Boucherville","22/07/2024","05/08/2024","945bd633c00552164446ce1c2ba94461","0.947741379948713",30,"Fungi_4751","Ascomycota_4890","Leotiomycetes_147548",NA,NA,NA,NA
"pt2","PUF.BOU.5","PUF_BOU_05","Boucherville","22/07/2024","05/08/2024","162c0aaffc51a84a33e7cecf2faaf142","0.800555354508717",52,"Fungi_4751","Ascomycota_4890","Leotiomycetes_147548",NA,NA,NA,NA
"pt2","PUF.BOU.5","PUF_BOU_05","Boucherville","22/07/2024","05/08/2024","96a2ca12e55abcc9577bcd54e6debad3","0.834652805023254",41,"Fungi_4751","Ascomycota_4890","Leotiomycetes_147548",NA,NA,NA,NA
"pt2","PUF.BOU.5","PUF_BOU_05","Boucherville","22/07/2024","05/08/2024","922c407078b43f634da20b2e149c57c5","0.973530600220828",100,"Fungi_4751","Ascomycota_4890","Leotiomycetes_147548",NA,NA,NA,NA
"pt2","PUF.BOU.5","PUF_BOU_05","Boucherville","22/07/2024","05/08/2024","4df3521688221ba63732d3172cbad532","0.587660626731592",60,"Fungi_4751","Ascomycota_4890","Sordariomycetes_147550",NA,NA,NA,NA
"pt2","PUF.BOU.5","PUF_BOU_05","Boucherville","22/07/2024","05/08/2024","18afda2e4c3b03e088538500a42aa706","0.14863927909265",60,"Metazoa_33208","Cnidaria_6073",NA,NA,NA,NA,NA
"pt2","PUF.BOU.5","PUF_BOU_05","Boucherville","22/07/2024","05/08/2024","efbf72a920a03347f6407072b84a43f9","0.999459556668486",215,"Fungi_4751","Basidiomycota_5204","Agaricomycetes_155619","Russulales_452342","Peniophoraceae_103393","Peniophora_40463","Peniophora_lycii_154539"
"pt2","PUF.BOU.5","PUF_BOU_05","Boucherville","22/07/2024","05/08/2024","5aed11ba544c173021f3e6b6409a1d21","0.991137813442884",86,"Fungi_4751","Ascomycota_4890","Sordariomycetes_147550",NA,NA,NA,NA
"pt2","PUF.BOU.5","PUF_BOU_05","Boucherville","22/07/2024","05/08/2024","dece8419b8e4e1cc5d3a8bdc85038c21","0.996090882194318",180,"Fungi_4751","Ascomycota_4890","Leotiomycetes_147548",NA,NA,NA,NA
"pt2","PUF.BOU.5","PUF_BOU_05","Boucherville","22/07/2024","05/08/2024","b95489e3a5b28ae3f988e6fc613086f8","0.795283300424582",99,"Fungi_4751","Ascomycota_4890","Dothideomycetes_147541",NA,NA,NA,NA
"pt2","PUF.BOU.5","PUF_BOU_05","Boucherville","22/07/2024","05/08/2024","5f907557675481632654c893c4e319d5","0.369832764629548",71,"Fungi_4751","Ascomycota_4890","Dothideomycetes_147541","Cladosporiales_2726946","Cladosporiaceae_452563","Cladosporium_5498","Cladosporium_bruhnei_450181"
"pt2","PUF.BOU.5","PUF_BOU_05","Boucherville","22/07/2024","05/08/2024","c38372039005405c2e6443c3d3488d49","0.571355839189392",125,"Fungi_4751","Ascomycota_4890","Dothideomycetes_147541","Cladosporiales_2726946","Cladosporiaceae_452563","Cladosporium_5498","Cladosporium_bruhnei_450181"
"pt2","PUF.BOU.5","PUF_BOU_05","Boucherville","22/07/2024","05/08/2024","5bb70078448d859b011a6379391bcb93","0.478476009551109",145,"Fungi_4751","Ascomycota_4890","Sordariomycetes_147550",NA,NA,NA,NA
"pt2","PUF.BOU.5","PUF_BOU_05","Boucherville","22/07/2024","05/08/2024","dda21678220901d6db7995b9859facc9","0.954310591160554",34,"Fungi_4751","Ascomycota_4890","Sordariomycetes_147550",NA,NA,NA,NA
"pt2","PUF.BOU.5","PUF_BOU_05","Boucherville","22/07/2024","05/08/2024","eb6b5340d8804a841392a2178e81ad5e","0.564462508556644",35,"Fungi_4751","Ascomycota_4890","Leotiomycetes_147548",NA,NA,NA,NA
"pt2","PUF.BOU.5","PUF_BOU_05","Boucherville","22/07/2024","05/08/2024","186655c711d9c22435d048944254d180","0.999918046946559",57,"Fungi_4751","Basidiomycota_5204","Agaricomycetes_155619","Russulales_452342","Peniophoraceae_103393","Peniophora_40463","Peniophora_lycii_154539"
"pt2","PUF.BOU.5","PUF_BOU_05","Boucherville","22/07/2024","05/08/2024","6529e354b07834a6e157a878f423cf77","0.999113146396814",44,"Fungi_4751","Ascomycota_4890","Dothideomycetes_147541","Mycosphaerellales_2726947","Mycosphaerellaceae_93133","Cercospora_29002","Cercospora_nicotianae_29003"
"pt2","PUF.BOU.5","PUF_BOU_05","Boucherville","22/07/2024","05/08/2024","e4e2c42f6b42c0e0f2e503990a5b0ea7","0.970797187989711",62,"Fungi_4751","Ascomycota_4890","Leotiomycetes_147548",NA,NA,NA,NA
"pt2","PUF.BOU.5","PUF_BOU_05","Boucherville","22/07/2024","05/08/2024","855c2fab8cc20bbb6ccd9f90e7c5baff","0.468910821012382",79,"Fungi_4751","Ascomycota_4890","Leotiomycetes_147548",NA,NA,NA,NA
"pt2","PUF.BOU.5","PUF_BOU_05","Boucherville","22/07/2024","05/08/2024","34eab8ae3331579507f8c9b3e36d82c7","0.9999996771655",30,"Fungi_4751","Basidiomycota_5204","Agaricomycetes_155619","Russulales_452342","Peniophoraceae_103393","Peniophora_40463","Peniophora_lycii_154539"
"pt2","PUF.BOU.5","PUF_BOU_05","Boucherville","22/07/2024","05/08/2024","5be1d53751f3907ff2f5d002e6a3d716","0.915464081512389",34,"Fungi_4751","Ascomycota_4890","Leotiomycetes_147548",NA,NA,NA,NA
"pt2","PUF.BOU.5","PUF_BOU_05","Boucherville","22/07/2024","05/08/2024","ddfd319f3d88ba3067d804c949cf1f1a","0.436151395675201",62,"Fungi_4751","Ascomycota_4890",NA,NA,NA,NA,NA
"pt2","PUF.BOU.5","PUF_BOU_05","Boucherville","22/07/2024","05/08/2024","191d25d55f3ca7bb31a137341a55d00e","0.547814364165414",47,"Fungi_4751","Ascomycota_4890","Leotiomycetes_147548",NA,NA,NA,NA
"pt2","PUF.BOU.5","PUF_BOU_05","Boucherville","22/07/2024","05/08/2024","12458b2a0937bbde973d321eebd537dd","0.872607235225293",50,"Fungi_4751","Ascomycota_4890",NA,NA,NA,NA,NA
"pt2","PUF.BOU.5","PUF_BOU_05","Boucherville","22/07/2024","05/08/2024","cd105d28d4d35f057ad155c0d6676939","0.615409157326562",30,"Fungi_4751","Ascomycota_4890","Sordariomycetes_147550",NA,NA,NA,NA
"pt2","PUF.BOU.5","PUF_BOU_05","Boucherville","22/07/2024","05/08/2024","2815697f8e8f7a26d40e6f96aed925e0","0.497592064493097",32,"Fungi_4751","Ascomycota_4890","Dothideomycetes_147541","Cladosporiales_2726946","Cladosporiaceae_452563","Cladosporium_5498","Cladosporium_anthropophilum_1970646"
"pt2","PUF.BOU.5","PUF_BOU_05","Boucherville","22/07/2024","05/08/2024","9fe1c702458193e49887d52ce314a594","0.523325682824076",92,"Fungi_4751","Ascomycota_4890","Leotiomycetes_147548",NA,NA,NA,NA
"pt2","PUF.BOU.5","PUF_BOU_05","Boucherville","22/07/2024","05/08/2024","e88733a6a0cb6b46d84af1e52d70ec5b","0.510201733410729",130,"Fungi_4751","Ascomycota_4890","Sordariomycetes_147550","Hypocreales_5125",NA,NA,NA
"pt2","PUF.BOU.5","PUF_BOU_05","Boucherville","22/07/2024","05/08/2024","e9e7e2b3c56b7b51f82f6f1f0a337521","0.999997442376726",140,"Metazoa_33208","Arthropoda_6656","Insecta_50557","Hemiptera_7524","Aphididae_27482","Aphis_80764","Aphis_glycines_307491"
"pt2","PUF.BOU.5","PUF_BOU_05","Boucherville","22/07/2024","05/08/2024","bf5d5f247bd2429de780584330a5b161","0.907645607604211",42,"Fungi_4751","Ascomycota_4890","Leotiomycetes_147548",NA,NA,NA,NA
"pt2","PUF.BOU.5","PUF_BOU_05","Boucherville","22/07/2024","05/08/2024","bc0238b88bb1a3e88f6a9f470c34464f","0.523315767216199",37,"Fungi_4751","Basidiomycota_5204","Agaricomycetes_155619","Boletales_68889","Boletaceae_5368","Strobilomyces_80669","Strobilomyces_alpinus_2029446"
"pt2","PUF.BOU.5","PUF_BOU_05","Boucherville","22/07/2024","05/08/2024","765935186d7ef10a22d22d0f68f169bc","0.999999756840809",37,"Metazoa_33208","Arthropoda_6656","Insecta_50557","Diptera_7147","Scatopsidae_52749","Swammerdamella_3120128",NA
"pt2","PUF.BOU.5","PUF_BOU_05","Boucherville","22/07/2024","05/08/2024","67cfc28faf00dd247816713745ee41e2","0.999999999992397",34,"Metazoa_33208","Arthropoda_6656","Arachnida_6854","Mesostigmata_34634","Macronyssidae_224534","Ornithonyssus_224535","Ornithonyssus_sylviarum_224536"
"pt2","PUF.BOU.5","PUF_BOU_05","Boucherville","22/07/2024","05/08/2024","904ab68da521745906d8a544a56b8616","0.999999997283226",34,"Metazoa_33208","Arthropoda_6656","Insecta_50557","Diptera_7147","Sciaridae_7184","Corynoptera_1260849","Corynoptera_bicuspidata_1720649"
"pt2","PUF.BOU.5","PUF_BOU_05","Boucherville","22/07/2024","05/08/2024","dfb5081737e18c6dee9725d9cc68023e","0.484618048088",31,"Metazoa_33208","Arthropoda_6656","Arachnida_6854",NA,NA,NA,NA
"pt2","PUF.BOU.6","PUF_BOU_06","Boucherville","05/08/2024","19/08/2024","0c11abb10ca8c4ca6a9466f89d510f2e","0.907238614804815",563,"Metazoa_33208","Arthropoda_6656","Insecta_50557","Hemiptera_7524","Pentatomidae_160513","Glypsus_-21471","Glypsus_conspicuus_-21472"
"pt2","PUF.BOU.6","PUF_BOU_06","Boucherville","05/08/2024","19/08/2024","589974931988706a852f1bb2c5aa12dc","0.814574741442148",128,"Fungi_4751","Basidiomycota_5204","Exobasidiomycetes_452283","Microstromatales_162475","Microstromatales_162475_family","Jaminaea_561108",NA
"pt2","PUF.BOU.6","PUF_BOU_06","Boucherville","05/08/2024","19/08/2024","f7718bbdbd503a21d2692b3b333490cb","0.55302161898262",134,"Fungi_4751","Basidiomycota_5204","Exobasidiomycetes_452283","Microstromatales_162475","Microstromatales_162475_family","Jaminaea_561108",NA
"pt2","PUF.BOU.6","PUF_BOU_06","Boucherville","05/08/2024","19/08/2024","eec2170a8f2d0cd7dc3a18841a1ea5c7","0.999999999699554",391,"Fungi_4751","Basidiomycota_5204","Exobasidiomycetes_452283","Microstromatales_162475",NA,NA,NA
"pt2","PUF.BOU.6","PUF_BOU_06","Boucherville","05/08/2024","19/08/2024","b43d19c6734061aba20cde4334b0c772","0.933623859448047",445,"Fungi_4751","Ascomycota_4890","Dothideomycetes_147541","Cladosporiales_2726946","Cladosporiaceae_452563","Cladosporium_5498","Cladosporium_bruhnei_450181"
"pt2","PUF.BOU.6","PUF_BOU_06","Boucherville","05/08/2024","19/08/2024","bec08d51eb66022d7172c03768d5fd5d","0.937210778414611",129,"Fungi_4751","Ascomycota_4890","Dothideomycetes_147541","Cladosporiales_2726946","Cladosporiaceae_452563","Cladosporium_5498","Cladosporium_cladosporioides_29917"
"pt2","PUF.BOU.6","PUF_BOU_06","Boucherville","05/08/2024","19/08/2024","0d1a483ebd4773116542454b0cc1a266","0.88739453904822",166,"Fungi_4751","Ascomycota_4890","Sordariomycetes_147550",NA,NA,NA,NA
"pt2","PUF.BOU.6","PUF_BOU_06","Boucherville","05/08/2024","19/08/2024","42a334b44b84641c69386150c7cde441","0.975711405297424",274,"Fungi_4751","Ascomycota_4890","Leotiomycetes_147548",NA,NA,NA,NA
"pt2","PUF.BOU.6","PUF_BOU_06","Boucherville","05/08/2024","19/08/2024","5580961b9a41be03abce5562553ec49c","0.419336811656045",33,"Metazoa_33208","Arthropoda_6656","Arachnida_6854",NA,NA,NA,NA
"pt2","PUF.BOU.6","PUF_BOU_06","Boucherville","05/08/2024","19/08/2024","b3a298b6b16a5d32bd1ba8c64c3d64d7","0.758196564130766",47,"Fungi_4751","Ascomycota_4890","Dothideomycetes_147541","Pleosporales_92860","Shiraiaceae_224418","Shiraia_224419","Shiraia_bambusicola_224420"
"pt2","PUF.BOU.6","PUF_BOU_06","Boucherville","05/08/2024","19/08/2024","53814ac04567f8e2287c46b0b52f47f1","0.851549716705765",32,"Fungi_4751","Ascomycota_4890","Dothideomycetes_147541",NA,NA,NA,NA
"pt2","PUF.BOU.6","PUF_BOU_06","Boucherville","05/08/2024","19/08/2024","162c0aaffc51a84a33e7cecf2faaf142","0.800555354508717",35,"Fungi_4751","Ascomycota_4890","Leotiomycetes_147548",NA,NA,NA,NA
"pt2","PUF.BOU.6","PUF_BOU_06","Boucherville","05/08/2024","19/08/2024","922c407078b43f634da20b2e149c57c5","0.973530600220828",156,"Fungi_4751","Ascomycota_4890","Leotiomycetes_147548",NA,NA,NA,NA
"pt2","PUF.BOU.6","PUF_BOU_06","Boucherville","05/08/2024","19/08/2024","910b20d55f2f10b3a358227930df0428","0.499999999793792",19,"Fungi_4751","Basidiomycota_5204","Microbotryomycetes_162481","Sporidiobolales_231213","Sporidiobolaceae_1799696",NA,NA
"pt2","PUF.BOU.6","PUF_BOU_06","Boucherville","05/08/2024","19/08/2024","4df3521688221ba63732d3172cbad532","0.587660626731592",14,"Fungi_4751","Ascomycota_4890","Sordariomycetes_147550",NA,NA,NA,NA
"pt2","PUF.BOU.6","PUF_BOU_06","Boucherville","05/08/2024","19/08/2024","a26e6cc23365c60897b7d620c23de990","0.944259328386728",35,"Metazoa_33208","Arthropoda_6656","Insecta_50557","Lepidoptera_7088","Pyralidae_7135","Pionidia_2613197",NA
"pt2","PUF.BOU.6","PUF_BOU_06","Boucherville","05/08/2024","19/08/2024","efbf72a920a03347f6407072b84a43f9","0.999459556668486",102,"Fungi_4751","Basidiomycota_5204","Agaricomycetes_155619","Russulales_452342","Peniophoraceae_103393","Peniophora_40463","Peniophora_lycii_154539"
"pt2","PUF.BOU.6","PUF_BOU_06","Boucherville","05/08/2024","19/08/2024","b4973746d688a7879255e08741b614fc","0.830431601896564",47,"Fungi_4751","Ascomycota_4890","Leotiomycetes_147548",NA,NA,NA,NA
"pt2","PUF.BOU.6","PUF_BOU_06","Boucherville","05/08/2024","19/08/2024","d3818391d7f0c7a44c0f4151474788c2","0.656932599669466",44,"Fungi_4751","Basidiomycota_5204","Tremellomycetes_155616","Tremellales_5234","Bulleribasidiaceae_1884640","Dioszegia_165440","Dioszegia_changbaiensis_234950"
"pt2","PUF.BOU.6","PUF_BOU_06","Boucherville","05/08/2024","19/08/2024","dece8419b8e4e1cc5d3a8bdc85038c21","0.996090882194318",61,"Fungi_4751","Ascomycota_4890","Leotiomycetes_147548",NA,NA,NA,NA
"pt2","PUF.BOU.6","PUF_BOU_06","Boucherville","05/08/2024","19/08/2024","57070a945a363b632da2d37ba51af491","0.950416697988571",37,"Fungi_4751","Ascomycota_4890","Leotiomycetes_147548",NA,NA,NA,NA
"pt2","PUF.BOU.6","PUF_BOU_06","Boucherville","05/08/2024","19/08/2024","70b4d7ba28aab2a3317ba97f972e7482","0.412109360706104",40,"Eukaryota_2759_kingdom","Oomycota_4762","Oomycota_4762_class","Peronosporales_4776","Peronosporaceae_4777","Phytophthora_4783",NA
"pt2","PUF.BOU.6","PUF_BOU_06","Boucherville","05/08/2024","19/08/2024","5bb70078448d859b011a6379391bcb93","0.478476009551109",20,"Fungi_4751","Ascomycota_4890","Sordariomycetes_147550",NA,NA,NA,NA
"pt2","PUF.BOU.6","PUF_BOU_06","Boucherville","05/08/2024","19/08/2024","aec35e427b95f1cbf2c6d6503e172a4f","0.279152099836879",46,"Fungi_4751","Ascomycota_4890",NA,NA,NA,NA,NA
"pt2","PUF.BOU.6","PUF_BOU_06","Boucherville","05/08/2024","19/08/2024","e568316642a9d4f2542e85dcc7267df7","0.999999998668883",23,"Fungi_4751","Basidiomycota_5204","Exobasidiomycetes_452283","Microstromatales_162475",NA,NA,NA
"pt2","PUF.BOU.6","PUF_BOU_06","Boucherville","05/08/2024","19/08/2024","186655c711d9c22435d048944254d180","0.999918046946559",48,"Fungi_4751","Basidiomycota_5204","Agaricomycetes_155619","Russulales_452342","Peniophoraceae_103393","Peniophora_40463","Peniophora_lycii_154539"
"pt2","PUF.BOU.6","PUF_BOU_06","Boucherville","05/08/2024","19/08/2024","e3625b78fc7d223a7bce189dca39f019","0.931434102040716",30,"Fungi_4751","Ascomycota_4890","Dothideomycetes_147541","Pleosporales_92860","Shiraiaceae_224418","Shiraia_224419","Shiraia_bambusicola_224420"
"pt2","PUF.BOU.6","PUF_BOU_06","Boucherville","05/08/2024","19/08/2024","69a8a7322bd45f64630dcc355a1e5114","0.805478636501538",27,"Fungi_4751","Basidiomycota_5204","Agaricomycetes_155619","Polyporales_5303","Polyporaceae_5317","Picipes_1871912","Picipes_badius_196231"
"pt2","PUF.BOU.6","PUF_BOU_06","Boucherville","05/08/2024","19/08/2024","6529e354b07834a6e157a878f423cf77","0.999113146396814",15,"Fungi_4751","Ascomycota_4890","Dothideomycetes_147541","Mycosphaerellales_2726947","Mycosphaerellaceae_93133","Cercospora_29002","Cercospora_nicotianae_29003"
"pt2","PUF.BOU.6","PUF_BOU_06","Boucherville","05/08/2024","19/08/2024","bcf59b4926413543b3fb02800d2d5b80","0.999999999844206",22,"Eukaryota_2759_kingdom","Oomycota_4762","Oomycota_4762_class","Peronosporales_4776","Peronosporaceae_4777","Plasmopara_4780","Plasmopara_carveri_3350122"
"pt2","PUF.BOU.6","PUF_BOU_06","Boucherville","05/08/2024","19/08/2024","02e9a719b9dab5bd47c5fa414506bceb","0.953846760547688",39,"Fungi_4751","Ascomycota_4890","Leotiomycetes_147548",NA,NA,NA,NA
"pt2","PUF.BOU.6","PUF_BOU_06","Boucherville","05/08/2024","19/08/2024","3a13958b5940bd7556e5e8359f22fb7a","0.939391726029397",13,"Fungi_4751","Basidiomycota_5204","Microbotryomycetes_162481","Sporidiobolales_231213","Sporidiobolaceae_1799696","Rhodotorula_5533",NA
"pt2","PUF.BOU.6","PUF_BOU_06","Boucherville","05/08/2024","19/08/2024","3869ad8a7baaf4d7d397801dd8c97858","0.499631928486949",23,"Fungi_4751","Ascomycota_4890","Sordariomycetes_147550",NA,NA,NA,NA
"pt2","PUF.BOU.6","PUF_BOU_06","Boucherville","05/08/2024","19/08/2024","6874dd172e908401f659917eccfef8b1","0.839633636059701",13,"Fungi_4751","Ascomycota_4890","Sordariomycetes_147550",NA,NA,NA,NA
"pt2","PUF.BOU.6","PUF_BOU_06","Boucherville","05/08/2024","19/08/2024","9bd941ab0f0d7d86694b551823c524f9","0.63931755456396",25,"Fungi_4751","Ascomycota_4890",NA,NA,NA,NA,NA
"pt2","PUF.BOU.6","PUF_BOU_06","Boucherville","05/08/2024","19/08/2024","fa6ab200c4005793c0395710c2fc8718","0.527843923722099",13,"Metazoa_33208","Arthropoda_6656","Insecta_50557","Hymenoptera_7399",NA,NA,NA
"pt2","PUF.BOU.6","PUF_BOU_06","Boucherville","05/08/2024","19/08/2024","772e7735929f1c930c6f49b34f2f2409","0.650392512660383",28,"Fungi_4751","Ascomycota_4890","Dothideomycetes_147541","Pleosporales_92860","Shiraiaceae_224418","Shiraia_224419","Shiraia_bambusicola_224420"
"pt2","PUF.BOU.6","PUF_BOU_06","Boucherville","05/08/2024","19/08/2024","517ebc2c6225772ce2ad0f94c8c1186b","0.347238128268295",19,"Metazoa_33208","Arthropoda_6656","Arachnida_6854",NA,NA,NA,NA
"pt2","PUF.BOU.6","PUF_BOU_06","Boucherville","05/08/2024","19/08/2024","784fbb5a2eccb7f8611634cb41bd0950","0.813571112051154",44,"Fungi_4751","Ascomycota_4890","Sordariomycetes_147550","Hypocreales_5125","Nectriaceae_110618","Fusarium_5506","Fusarium_babinda_48486"
"pt2","PUF.BOU.6","PUF_BOU_06","Boucherville","05/08/2024","19/08/2024","db8354dce239945d75b31b211aa2de91","0.99799771389159",13,"Fungi_4751","Basidiomycota_5204","Agaricomycetes_155619","Agaricales_5338","Crepidotaceae_104350","Crepidotus_104351","Crepidotus_variabilis_179855"
"pt2","PUF.BOU.6","PUF_BOU_06","Boucherville","05/08/2024","19/08/2024","70dd71e30cb419bfb3ccdb805f24709b","0.22520384571259",55,"Fungi_4751","Basidiomycota_5204","Cystobasidiomycetes_432005","Cystobasidiales_204043","Cystobasidiaceae_34418",NA,NA
"pt2","PUF.BOU.6","PUF_BOU_06","Boucherville","05/08/2024","19/08/2024","d8838cd2c7c59704589d4b22dae05797","0.764436097770735",22,"Fungi_4751","Ascomycota_4890","Sordariomycetes_147550",NA,NA,NA,NA
"pt2","PUF.BOU.6","PUF_BOU_06","Boucherville","05/08/2024","19/08/2024","57b9220862ab2dc6a21c3e342edd223b","0.226593957159155",21,"Metazoa_33208","Cnidaria_6073",NA,NA,NA,NA,NA
"pt2","PUF.BOU.6","PUF_BOU_06","Boucherville","05/08/2024","19/08/2024","35d19f8a619c813a36d3769f83739be4","0.999999999999872",12,"Metazoa_33208","Arthropoda_6656","Arachnida_6854","Trombidiformes_83136","Eriophyidae_70320","Tetra_1310384","Tetra_lobulifera_2837686"
"pt2","PUF.BOU.6","PUF_BOU_06","Boucherville","05/08/2024","19/08/2024","9e03752effce83d535c132e3fb5ae79c","0.499999967472668",52,"Fungi_4751","Basidiomycota_5204","Microbotryomycetes_162481","Sporidiobolales_231213","Sporidiobolaceae_1799696",NA,NA
"pt2","PUF.BOU.6","PUF_BOU_06","Boucherville","05/08/2024","19/08/2024","ff8427c576bdd63d184057c93d9bf513","0.990614210006173",30,"Metazoa_33208","Arthropoda_6656","Branchiopoda_6658","Anostraca_6659","Artemiidae_38009","Artemia_6660","Artemia_sorgeloosi_3034414"
"pt2","PUF.BOU.6","PUF_BOU_06","Boucherville","05/08/2024","19/08/2024","deaa706ebc79b6cd58372f9eca37c54b","0.928601814426473",25,"Fungi_4751","Ascomycota_4890","Sordariomycetes_147550",NA,NA,NA,NA
"pt2","PUF.BOU.6","PUF_BOU_06","Boucherville","05/08/2024","19/08/2024","b13c4e2764ed636482de53c72e7063df","0.456490584882149",21,"Metazoa_33208","Mollusca_6447","Gastropoda_6448",NA,NA,NA,NA
"pt2","PUF.BOU.6","PUF_BOU_06","Boucherville","05/08/2024","19/08/2024","c275b32a78e31141be627d7fea6f8ee5","0.462343809089547",18,"Metazoa_33208","Arthropoda_6656","Insecta_50557","Odonata_6961","Coenagrionidae_70895","Ischnura_79456","Ischnura_verticalis_88053"
"pt2","PUF.BOU.6","PUF_BOU_06","Boucherville","05/08/2024","19/08/2024","49f67f2585c148124666df46f2b7f61a","0.264848009256668",15,"Fungi_4751","Basidiomycota_5204","Microbotryomycetes_162481","Sporidiobolales_231213","Sporidiobolaceae_1799696",NA,NA
"pt2","PUF.BOU.6","PUF_BOU_06","Boucherville","05/08/2024","19/08/2024","22ab7a30b4be2f3f496b633f94436bbc","0.123493645939401",13,"Metazoa_33208","Arthropoda_6656","Arachnida_6854",NA,NA,NA,NA
"pt2","PUF.BOU.6","PUF_BOU_06","Boucherville","05/08/2024","19/08/2024","e2b11bbbaf4a59457981539ba373f2f5","0.908343151430226",11,"Fungi_4751","Ascomycota_4890","Sordariomycetes_147550",NA,NA,NA,NA
"pt2","PUF.BOU.1","PUF_BOU_01","Boucherville","27/05/2024","10/06/2024","afb94828a83235f617d67b54fe89fe79","0.373408909311144",6,"Fungi_4751","Basidiomycota_5204","Pucciniomycetes_162484","Pucciniales_5258","Melampsoraceae_5259","Melampsora_5260","Melampsora_medusae_82101"
"pt2","PUF.BOU.1","PUF_BOU_01","Boucherville","27/05/2024","10/06/2024","b43d19c6734061aba20cde4334b0c772","0.933623859448047",24,"Fungi_4751","Ascomycota_4890","Dothideomycetes_147541","Cladosporiales_2726946","Cladosporiaceae_452563","Cladosporium_5498","Cladosporium_bruhnei_450181"
"pt2","PUF.BOU.1","PUF_BOU_01","Boucherville","27/05/2024","10/06/2024","d6626a1d124518b308f9a8879b48cdbf","0.594898914748369",4,"Fungi_4751","Basidiomycota_5204",NA,NA,NA,NA,NA
"pt2","PUF.BOU.1","PUF_BOU_01","Boucherville","27/05/2024","10/06/2024","efe1ce8e8d1b9cdb5da01eb790e3abcc","0.499999775441608",3,"Fungi_4751","Basidiomycota_5204","Microbotryomycetes_162481","Sporidiobolales_231213","Sporidiobolaceae_1799696",NA,NA
"pt2","PUF.BOU.1","PUF_BOU_01","Boucherville","27/05/2024","10/06/2024","3fce04aacbf052e126e4dab1d663d992","0.999999999008097",63,"Fungi_4751","Ascomycota_4890","Lecanoromycetes_147547","Lecanorales_5197","Parmeliaceae_78060","Hypogymnia_87258","Hypogymnia_vittata_315943"
"pt2","PUF.BOU.1","PUF_BOU_01","Boucherville","27/05/2024","10/06/2024","e0dd1a525f6e21a1cc7362d0b4e8c431","0.464366984018431",29,"Fungi_4751","Basidiomycota_5204","Cystobasidiomycetes_432005","Cystobasidiales_204043","Cystobasidiaceae_34418",NA,NA
"pt2","PUF.BOU.1","PUF_BOU_01","Boucherville","27/05/2024","10/06/2024","efbf72a920a03347f6407072b84a43f9","0.999459556668486",18,"Fungi_4751","Basidiomycota_5204","Agaricomycetes_155619","Russulales_452342","Peniophoraceae_103393","Peniophora_40463","Peniophora_lycii_154539"
"pt2","PUF.BOU.1","PUF_BOU_01","Boucherville","27/05/2024","10/06/2024","5f907557675481632654c893c4e319d5","0.369832764629548",7,"Fungi_4751","Ascomycota_4890","Dothideomycetes_147541","Cladosporiales_2726946","Cladosporiaceae_452563","Cladosporium_5498","Cladosporium_bruhnei_450181"
"pt2","PUF.BOU.1","PUF_BOU_01","Boucherville","27/05/2024","10/06/2024","12053881242efc0d4a7e37fa1f9219b9","0.474615810601579",3,"Fungi_4751","Ascomycota_4890","Sordariomycetes_147550",NA,NA,NA,NA
"pt2","PUF.BOU.1","PUF_BOU_01","Boucherville","27/05/2024","10/06/2024","18a2e110004e455b097f83f0c05922c6","0.975304870433857",2,"Metazoa_33208","Chordata_7711","Mammalia_40674","Primates_9443","Hominidae_9604","Homo_9605","Homo_sapiens_9606"
"pt2","PUF.BOU.1","PUF_BOU_01","Boucherville","27/05/2024","10/06/2024","349cecdaccca192a5aa609e9184c3c8e","0.674856366161648",22,"Fungi_4751","Ascomycota_4890","Sordariomycetes_147550","Hypocreales_5125",NA,NA,NA
"pt2","PUF.BOU.1","PUF_BOU_01","Boucherville","27/05/2024","10/06/2024","8187787e018ce4815342f12d65ff7dc8","0.464733719684335",41,"Fungi_4751","Ascomycota_4890","Sordariomycetes_147550",NA,NA,NA,NA
"pt2","PUF.BOU.1","PUF_BOU_01","Boucherville","27/05/2024","10/06/2024","186655c711d9c22435d048944254d180","0.999918046946559",4,"Fungi_4751","Basidiomycota_5204","Agaricomycetes_155619","Russulales_452342","Peniophoraceae_103393","Peniophora_40463","Peniophora_lycii_154539"
"pt2","PUF.BOU.1","PUF_BOU_01","Boucherville","27/05/2024","10/06/2024","e3625b78fc7d223a7bce189dca39f019","0.931434102040716",3,"Fungi_4751","Ascomycota_4890","Dothideomycetes_147541","Pleosporales_92860","Shiraiaceae_224418","Shiraia_224419","Shiraia_bambusicola_224420"
"pt2","PUF.BOU.1","PUF_BOU_01","Boucherville","27/05/2024","10/06/2024","e9e1a86cfe2cba496becdcea2eb45b9d","0.571050464731067",11,"Fungi_4751","Ascomycota_4890","Sordariomycetes_147550","Hypocreales_5125",NA,NA,NA
"pt2","PUF.BOU.1","PUF_BOU_01","Boucherville","27/05/2024","10/06/2024","ec540ffa457f63cfb98147942753e26d","0.778243777171654",5,"Fungi_4751","Basidiomycota_5204","Malasseziomycetes_1538075","Malasseziales_162474","Malasseziaceae_742845","Malassezia_55193","Malassezia_globosa_76773"
"pt2","PUF.BOU.1","PUF_BOU_01","Boucherville","27/05/2024","10/06/2024","5be1d53751f3907ff2f5d002e6a3d716","0.915464081512389",45,"Fungi_4751","Ascomycota_4890","Leotiomycetes_147548",NA,NA,NA,NA
"pt2","PUF.BOU.1","PUF_BOU_01","Boucherville","27/05/2024","10/06/2024","ddfd319f3d88ba3067d804c949cf1f1a","0.436151395675201",4,"Fungi_4751","Ascomycota_4890",NA,NA,NA,NA,NA
"pt2","PUF.BOU.1","PUF_BOU_01","Boucherville","27/05/2024","10/06/2024","e961ee812e814a754542db23bae2cf68","0.390753683146527",209,"Metazoa_33208","Arthropoda_6656","Arachnida_6854",NA,NA,NA,NA
"pt2","PUF.BOU.1","PUF_BOU_01","Boucherville","27/05/2024","10/06/2024","7eaf0ebfccb100ed0f09e03bd90f42fa","0.938698234644775",10,"Fungi_4751","Basidiomycota_5204","Agaricomycetes_155619","Agaricales_5338","Amanitaceae_41954","Amanita_41955",NA
"pt2","PUF.BOU.1","PUF_BOU_01","Boucherville","27/05/2024","10/06/2024","a38a1a8358cd93a9e5b4f3db3e0f7c35","0.292761721747615",19,"Metazoa_33208","Arthropoda_6656","Insecta_50557","Hemiptera_7524",NA,NA,NA
"pt2","PUF.BOU.1","PUF_BOU_01","Boucherville","27/05/2024","10/06/2024","0515edd7270e387d214f886b884d385d","0.500274876306892",18,"Fungi_4751","Ascomycota_4890","Eurotiomycetes_147545","Eurotiales_5042",NA,NA,NA
"pt2","PUF.BOU.1","PUF_BOU_01","Boucherville","27/05/2024","10/06/2024","21b91375902f9ec5d0c4f35b403f6943","0.878111558023125",48,"Fungi_4751","Ascomycota_4890","Leotiomycetes_147548",NA,NA,NA,NA
"pt2","PUF.BOU.1","PUF_BOU_01","Boucherville","27/05/2024","10/06/2024","328c7a310a948ef77324455948d98f0a","0.647917927821869",2,"Fungi_4751","Ascomycota_4890",NA,NA,NA,NA,NA
"pt2","PUF.BOU.1","PUF_BOU_01","Boucherville","27/05/2024","10/06/2024","cdae3df2260b66d0acaaa2f9fb3db543","0.999999999915261",8,"Eukaryota_2759_kingdom","Oomycota_4762","Oomycota_4762_class","Peronosporales_4776","Peronosporaceae_4777","Plasmopara_4780","Plasmopara_carveri_3350122"
"pt2","PUF.BOU.1","PUF_BOU_01","Boucherville","27/05/2024","10/06/2024","71fb743ccd04149a2360acd3739d6b81","0.980453716872414",2,"Fungi_4751","Basidiomycota_5204","Exobasidiomycetes_452283","Microstromatales_162475","Microstromatales_162475_family","Jaminaea_561108",NA
"pt2","PUF.BOU.1","PUF_BOU_01","Boucherville","27/05/2024","10/06/2024","d05e7df567c0933880e2f7493f9c6116","0.558275941464986",14,"Fungi_4751","Ascomycota_4890","Sordariomycetes_147550",NA,NA,NA,NA
"pt2","PUF.BOU.1","PUF_BOU_01","Boucherville","27/05/2024","10/06/2024","0a40c7639d5f90622a3a36c8308e0baa","0.464739624031798",7,"Fungi_4751","Ascomycota_4890","Sordariomycetes_147550",NA,NA,NA,NA
"pt2","PUF.BOU.1","PUF_BOU_01","Boucherville","27/05/2024","10/06/2024","599793408f7baa9c940c3d8fc5896089","0.321495112298686",6,"Metazoa_33208","Arthropoda_6656","Insecta_50557","Diptera_7147","Chironomidae_7149",NA,NA
"pt2","PUF.BOU.1","PUF_BOU_01","Boucherville","27/05/2024","10/06/2024","bcd437bab85872b649991b9446f68d5b","0.169855328673838",4,"Fungi_4751","Basidiomycota_5204","Agaricomycetes_155619","Agaricales_5338","Amanitaceae_41954","Amanita_41955",NA
"pt2","PUF.BOU.1","PUF_BOU_01","Boucherville","27/05/2024","10/06/2024","74d1197ec6061968534b3f9590848e55","0.2082224486662",4,"Eukaryota_2759_kingdom","Oomycota_4762","Oomycota_4762_class","Pythiales_121069","Pythiaceae_4782","Pythium_4797",NA
"pt2","PUF.BOU.1","PUF_BOU_01","Boucherville","27/05/2024","10/06/2024","0f38c655be07d2949f1242bf9b799ad0","0.999999999433271",3,"Metazoa_33208","Arthropoda_6656","Insecta_50557","Diptera_7147","Sciaridae_7184","Corynoptera_1260849","Corynoptera_cursor_1887982"
"pt2","PUF.BOU.1","PUF_BOU_01","Boucherville","27/05/2024","10/06/2024","7d0f6940b1dec9dcd3737b863cfb42e3","0.54896740824925",2,"Fungi_4751","Ascomycota_4890","Leotiomycetes_147548","Helotiales_5178","Helotiales_5178_family","Tetracladium_164535","Tetracladium_apiense_164536"
"pt2","PUF.BOU.1","PUF_BOU_01","Boucherville","27/05/2024","10/06/2024","3a9500ae5a0f62bb970e3be766f6192e","0.872265105521141",2,"Fungi_4751","Basidiomycota_5204","Agaricomycetes_155619","Agaricales_5338","Psathyrellaceae_184208","Candolleomyces_2791032","Candolleomyces_candolleanus_71730"
"pt2","PUF.BOU.1","PUF_BOU_01","Boucherville","27/05/2024","10/06/2024","83021750876a496c128ae549cfdb6601","0.597268294814152",2,"Fungi_4751","Ascomycota_4890","Sordariomycetes_147550",NA,NA,NA,NA
"pt2","PUF.BOU.1","PUF_BOU_01","Boucherville","27/05/2024","10/06/2024","d01dd70fa255a17f57a79cb294733979","0.57412089988344",2,"Metazoa_33208","Arthropoda_6656","Arachnida_6854",NA,NA,NA,NA
"pt2","PUF.BOT.8","PUF_BOT_08","Botanical Garden","23/08/2024","06/09/2024","0c11abb10ca8c4ca6a9466f89d510f2e","0.907238614804815",571,"Metazoa_33208","Arthropoda_6656","Insecta_50557","Hemiptera_7524","Pentatomidae_160513","Glypsus_-21471","Glypsus_conspicuus_-21472"
"pt2","PUF.BOT.8","PUF_BOT_08","Botanical Garden","23/08/2024","06/09/2024","589974931988706a852f1bb2c5aa12dc","0.814574741442148",299,"Fungi_4751","Basidiomycota_5204","Exobasidiomycetes_452283","Microstromatales_162475","Microstromatales_162475_family","Jaminaea_561108",NA
"pt2","PUF.BOT.8","PUF_BOT_08","Botanical Garden","23/08/2024","06/09/2024","f7718bbdbd503a21d2692b3b333490cb","0.55302161898262",96,"Fungi_4751","Basidiomycota_5204","Exobasidiomycetes_452283","Microstromatales_162475","Microstromatales_162475_family","Jaminaea_561108",NA
"pt2","PUF.BOT.8","PUF_BOT_08","Botanical Garden","23/08/2024","06/09/2024","eec2170a8f2d0cd7dc3a18841a1ea5c7","0.999999999699554",109,"Fungi_4751","Basidiomycota_5204","Exobasidiomycetes_452283","Microstromatales_162475",NA,NA,NA
"pt2","PUF.BOT.8","PUF_BOT_08","Botanical Garden","23/08/2024","06/09/2024","afb94828a83235f617d67b54fe89fe79","0.373408909311144",278,"Fungi_4751","Basidiomycota_5204","Pucciniomycetes_162484","Pucciniales_5258","Melampsoraceae_5259","Melampsora_5260","Melampsora_medusae_82101"
"pt2","PUF.BOT.8","PUF_BOT_08","Botanical Garden","23/08/2024","06/09/2024","b43d19c6734061aba20cde4334b0c772","0.933623859448047",407,"Fungi_4751","Ascomycota_4890","Dothideomycetes_147541","Cladosporiales_2726946","Cladosporiaceae_452563","Cladosporium_5498","Cladosporium_bruhnei_450181"
"pt2","PUF.BOT.8","PUF_BOT_08","Botanical Garden","23/08/2024","06/09/2024","bec08d51eb66022d7172c03768d5fd5d","0.937210778414611",421,"Fungi_4751","Ascomycota_4890","Dothideomycetes_147541","Cladosporiales_2726946","Cladosporiaceae_452563","Cladosporium_5498","Cladosporium_cladosporioides_29917"
"pt2","PUF.BOT.8","PUF_BOT_08","Botanical Garden","23/08/2024","06/09/2024","0d1a483ebd4773116542454b0cc1a266","0.88739453904822",23,"Fungi_4751","Ascomycota_4890","Sordariomycetes_147550",NA,NA,NA,NA
"pt2","PUF.BOT.8","PUF_BOT_08","Botanical Garden","23/08/2024","06/09/2024","a4ce6cfe96b9ce0ad304803934790435","0.505582624946131",22,"Fungi_4751","Basidiomycota_5204","Exobasidiomycetes_452283","Microstromatales_162475",NA,NA,NA
"pt2","PUF.BOT.8","PUF_BOT_08","Botanical Garden","23/08/2024","06/09/2024","be8dc1271132728b62d899f6fe83b643","0.417154486433497",44,"Fungi_4751","Ascomycota_4890","Dothideomycetes_147541",NA,NA,NA,NA
"pt2","PUF.BOT.8","PUF_BOT_08","Botanical Garden","23/08/2024","06/09/2024","5580961b9a41be03abce5562553ec49c","0.419336811656045",34,"Metazoa_33208","Arthropoda_6656","Arachnida_6854",NA,NA,NA,NA
"pt2","PUF.BOT.8","PUF_BOT_08","Botanical Garden","23/08/2024","06/09/2024","c684f602961d1fa707824757cb55af21","0.980027983287282",112,"Fungi_4751","Ascomycota_4890","Leotiomycetes_147548",NA,NA,NA,NA
"pt2","PUF.BOT.8","PUF_BOT_08","Botanical Garden","23/08/2024","06/09/2024","937d32d8b30569996c449126c9aa0c79","0.999086113297351",53,"Fungi_4751","Ascomycota_4890","Dothideomycetes_147541","Mycosphaerellales_2726947","Mycosphaerellaceae_93133","Cercospora_29002","Cercospora_nicotianae_29003"
"pt2","PUF.BOT.8","PUF_BOT_08","Botanical Garden","23/08/2024","06/09/2024","9fef5822b6479afee6e10ef53e9236c2","0.388924696350803",34,"Fungi_4751","Ascomycota_4890","Sordariomycetes_147550",NA,NA,NA,NA
"pt2","PUF.BOT.8","PUF_BOT_08","Botanical Garden","23/08/2024","06/09/2024","efe1ce8e8d1b9cdb5da01eb790e3abcc","0.499999775441608",46,"Fungi_4751","Basidiomycota_5204","Microbotryomycetes_162481","Sporidiobolales_231213","Sporidiobolaceae_1799696",NA,NA
"pt2","PUF.BOT.8","PUF_BOT_08","Botanical Garden","23/08/2024","06/09/2024","53814ac04567f8e2287c46b0b52f47f1","0.851549716705765",362,"Fungi_4751","Ascomycota_4890","Dothideomycetes_147541",NA,NA,NA,NA
"pt2","PUF.BOT.8","PUF_BOT_08","Botanical Garden","23/08/2024","06/09/2024","e07e46d7aafd4deecdc6327a714c759c","0.946704056119496",80,"Fungi_4751","Ascomycota_4890","Leotiomycetes_147548",NA,NA,NA,NA
"pt2","PUF.BOT.8","PUF_BOT_08","Botanical Garden","23/08/2024","06/09/2024","970a584ab3e0de978fadeffdd7abfedc","0.966032441687425",25,"Fungi_4751","Ascomycota_4890","Lecanoromycetes_147547","Lecanorales_5197","Parmeliaceae_78060","Hypogymnia_87258","Hypogymnia_vittata_315943"
"pt2","PUF.BOT.8","PUF_BOT_08","Botanical Garden","23/08/2024","06/09/2024","162c0aaffc51a84a33e7cecf2faaf142","0.800555354508717",32,"Fungi_4751","Ascomycota_4890","Leotiomycetes_147548",NA,NA,NA,NA
"pt2","PUF.BOT.8","PUF_BOT_08","Botanical Garden","23/08/2024","06/09/2024","efbf72a920a03347f6407072b84a43f9","0.999459556668486",479,"Fungi_4751","Basidiomycota_5204","Agaricomycetes_155619","Russulales_452342","Peniophoraceae_103393","Peniophora_40463","Peniophora_lycii_154539"
"pt2","PUF.BOT.8","PUF_BOT_08","Botanical Garden","23/08/2024","06/09/2024","d3818391d7f0c7a44c0f4151474788c2","0.656932599669466",18,"Fungi_4751","Basidiomycota_5204","Tremellomycetes_155616","Tremellales_5234","Bulleribasidiaceae_1884640","Dioszegia_165440","Dioszegia_changbaiensis_234950"
"pt2","PUF.BOT.8","PUF_BOT_08","Botanical Garden","23/08/2024","06/09/2024","c38372039005405c2e6443c3d3488d49","0.571355839189392",23,"Fungi_4751","Ascomycota_4890","Dothideomycetes_147541","Cladosporiales_2726946","Cladosporiaceae_452563","Cladosporium_5498","Cladosporium_bruhnei_450181"
"pt2","PUF.BOT.8","PUF_BOT_08","Botanical Garden","23/08/2024","06/09/2024","70b4d7ba28aab2a3317ba97f972e7482","0.412109360706104",65,"Eukaryota_2759_kingdom","Oomycota_4762","Oomycota_4762_class","Peronosporales_4776","Peronosporaceae_4777","Phytophthora_4783",NA
"pt2","PUF.BOT.8","PUF_BOT_08","Botanical Garden","23/08/2024","06/09/2024","32f572690ba816e1a0504c9650dba2da","0.307107241200301",41,"Metazoa_33208","Arthropoda_6656","Arachnida_6854",NA,NA,NA,NA
"pt2","PUF.BOT.8","PUF_BOT_08","Botanical Garden","23/08/2024","06/09/2024","1856623b5c61dc63c815a0e9bc93eaec","0.993729504568258",91,"Fungi_4751","Ascomycota_4890","Leotiomycetes_147548",NA,NA,NA,NA
"pt2","PUF.BOT.8","PUF_BOT_08","Botanical Garden","23/08/2024","06/09/2024","9120a8bbdc5d8261589ee9e90f0509a9","0.158530216682823",25,"Fungi_4751","Basidiomycota_5204","Agaricomycetes_155619","Boletales_68889","Boletaceae_5368","Tylopilus_80671","Tylopilus_plumbeoviolaceoides_374766"
"pt2","PUF.BOT.8","PUF_BOT_08","Botanical Garden","23/08/2024","06/09/2024","48ed5767563250684edda781ada76668","0.992436948164555",18,"Fungi_4751","Ascomycota_4890","Eurotiomycetes_147545","Eurotiales_5042","Aspergillaceae_1131492",NA,NA
"pt2","PUF.BOT.8","PUF_BOT_08","Botanical Garden","23/08/2024","06/09/2024","349cecdaccca192a5aa609e9184c3c8e","0.674856366161648",33,"Fungi_4751","Ascomycota_4890","Sordariomycetes_147550","Hypocreales_5125",NA,NA,NA
"pt2","PUF.BOT.8","PUF_BOT_08","Botanical Garden","23/08/2024","06/09/2024","e568316642a9d4f2542e85dcc7267df7","0.999999998668883",60,"Fungi_4751","Basidiomycota_5204","Exobasidiomycetes_452283","Microstromatales_162475",NA,NA,NA
"pt2","PUF.BOT.8","PUF_BOT_08","Botanical Garden","23/08/2024","06/09/2024","186655c711d9c22435d048944254d180","0.999918046946559",61,"Fungi_4751","Basidiomycota_5204","Agaricomycetes_155619","Russulales_452342","Peniophoraceae_103393","Peniophora_40463","Peniophora_lycii_154539"
"pt2","PUF.BOT.8","PUF_BOT_08","Botanical Garden","23/08/2024","06/09/2024","5f55b40d2f45184f5c9a56b8f5713317","0.711362304659374",133,"Fungi_4751","Ascomycota_4890","Leotiomycetes_147548",NA,NA,NA,NA
"pt2","PUF.BOT.8","PUF_BOT_08","Botanical Garden","23/08/2024","06/09/2024","bcf59b4926413543b3fb02800d2d5b80","0.999999999844206",44,"Eukaryota_2759_kingdom","Oomycota_4762","Oomycota_4762_class","Peronosporales_4776","Peronosporaceae_4777","Plasmopara_4780","Plasmopara_carveri_3350122"
"pt2","PUF.BOT.8","PUF_BOT_08","Botanical Garden","23/08/2024","06/09/2024","5dde167e85ac5d01ba4962f3d4fb94e7","0.233584539980757",29,"Fungi_4751","Basidiomycota_5204","Pucciniomycetes_162484","Pucciniales_5258","Melampsoraceae_5259","Melampsora_5260","Melampsora_nujiangensis_1173059"
"pt2","PUF.BOT.8","PUF_BOT_08","Botanical Garden","23/08/2024","06/09/2024","ddfd319f3d88ba3067d804c949cf1f1a","0.436151395675201",33,"Fungi_4751","Ascomycota_4890",NA,NA,NA,NA,NA
"pt2","PUF.BOT.8","PUF_BOT_08","Botanical Garden","23/08/2024","06/09/2024","34df659fb1909ef2f3756ff203dc7472","0.747398931406143",40,"Fungi_4751","Ascomycota_4890","Leotiomycetes_147548",NA,NA,NA,NA
"pt2","PUF.BOT.8","PUF_BOT_08","Botanical Garden","23/08/2024","06/09/2024","e97fe7d8452dcbaa49c219b8545767c6","0.990267536436424",31,"Fungi_4751","Ascomycota_4890","Leotiomycetes_147548",NA,NA,NA,NA
"pt2","PUF.BOT.8","PUF_BOT_08","Botanical Garden","23/08/2024","06/09/2024","21e486e5b0390082e16f41592cd6db47","0.208806068792897",19,"Metazoa_33208","Cnidaria_6073",NA,NA,NA,NA,NA
"pt2","PUF.BOT.8","PUF_BOT_08","Botanical Garden","23/08/2024","06/09/2024","5fd6212f5fd870ce63fd6d7d8b0908ea","0.894233676618885",19,"Fungi_4751","Ascomycota_4890","Sordariomycetes_147550",NA,NA,NA,NA
"pt2","PUF.BOT.8","PUF_BOT_08","Botanical Garden","23/08/2024","06/09/2024","bd29633837bcc3003dd038eac7ec33ff","0.280159842707106",17,"Fungi_4751","Basidiomycota_5204","Agaricomycetes_155619","Boletales_68889","Boletaceae_5368","Tylopilus_80671",NA
"pt2","PUF.BOT.8","PUF_BOT_08","Botanical Garden","23/08/2024","06/09/2024","8d5b3ad081e57d8dc2ec8c3d8fbfeaa2","0.999999900427033",32,"Metazoa_33208","Arthropoda_6656","Arachnida_6854","Trombidiformes_83136","Tydeidae_708320","Tydeus_1670773",NA
"pt2","PUF.BOT.8","PUF_BOT_08","Botanical Garden","23/08/2024","06/09/2024","3df6caceacff3e53c0058d4dee8ee874","0.397805221041434",44,"Metazoa_33208","Arthropoda_6656","Arachnida_6854",NA,NA,NA,NA
"pt2","PUF.BOT.8","PUF_BOT_08","Botanical Garden","23/08/2024","06/09/2024","33f5bd6d5b02ad1a28c9894bea48c392","0.999999998120828",38,"Metazoa_33208","Arthropoda_6656","Arachnida_6854","Trombidiformes_83136","Eriophyidae_70320","Aceria_109362","Aceria_fraxiniflora_2837636"
"pt2","PUF.BOT.8","PUF_BOT_08","Botanical Garden","23/08/2024","06/09/2024","6959e155fccc94270baff3ed52ad21a9","0.787768964559772",49,"Fungi_4751","Ascomycota_4890","Leotiomycetes_147548",NA,NA,NA,NA
"pt2","PUF.BOT.8","PUF_BOT_08","Botanical Garden","23/08/2024","06/09/2024","5c9798df4a1eac0578316db93ec43ba0","0.49465976108077",92,"Fungi_4751","Basidiomycota_5204","Cystobasidiomycetes_432005","Cystobasidiales_204043","Cystobasidiaceae_34418",NA,NA
"pt2","PUF.BOT.8","PUF_BOT_08","Botanical Garden","23/08/2024","06/09/2024","85aaa0071c7c1ca33ed53a2c720b3eb1","0.973040121673122",56,"Fungi_4751","Ascomycota_4890","Sordariomycetes_147550","Hypocreales_5125",NA,NA,NA
"pt2","PUF.BOT.8","PUF_BOT_08","Botanical Garden","23/08/2024","06/09/2024","49cf6a7d018648e2dbb51f35d7b8705c","0.738193797011805",19,"Fungi_4751","Ascomycota_4890","Sordariomycetes_147550","Hypocreales_5125","Nectriaceae_110618","Fusarium_5506","Fusarium_babinda_48486"
"pt2","PUF.BOT.8","PUF_BOT_08","Botanical Garden","23/08/2024","06/09/2024","402e86753250356f4d438432556963dd","0.618546504254879",61,"Fungi_4751","Ascomycota_4890","Sordariomycetes_147550","Hypocreales_5125",NA,NA,NA
"pt2","PUF.BOT.8","PUF_BOT_08","Botanical Garden","23/08/2024","06/09/2024","7baca64ebe5ace504447ddd402e2570e","0.305038368405619",24,"Metazoa_33208","Arthropoda_6656","Arachnida_6854",NA,NA,NA,NA
"pt2","PUF.BOT.8","PUF_BOT_08","Botanical Garden","23/08/2024","06/09/2024","6cdbb2f43acd104e08a33965fcb8a322","0.58499163440976",58,"Metazoa_33208","Arthropoda_6656","Arachnida_6854",NA,NA,NA,NA
"pt2","PUF.BOT.8","PUF_BOT_08","Botanical Garden","23/08/2024","06/09/2024","3556d12c6470ea8b01808cfe544af2c8","0.664501663188848",58,"Eukaryota_2759_kingdom","Oomycota_4762","Oomycota_4762_class","Pythiales_121069","Pythiaceae_4782","Phytophthora_-69394",NA
"pt2","PUF.BOT.8","PUF_BOT_08","Botanical Garden","23/08/2024","06/09/2024","a90a73add2e8738c3b1707107a65b0c1","0.99999989133139",41,"Metazoa_33208","Arthropoda_6656","Insecta_50557","Hymenoptera_7399","Formicidae_36668","Lasius_7482","Lasius_nearcticus_488575"
"pt2","PUF.BOT.8","PUF_BOT_08","Botanical Garden","23/08/2024","06/09/2024","b54c226870d29bf091c7d0ebc63137e9","0.709172283786315",40,"Fungi_4751","Ascomycota_4890","Leotiomycetes_147548",NA,NA,NA,NA
"pt2","PUF.BOT.8","PUF_BOT_08","Botanical Garden","23/08/2024","06/09/2024","2fd319b0119dacf8424eaafe2cf71072","0.597495000891794",33,"Fungi_4751","Ascomycota_4890","Leotiomycetes_147548",NA,NA,NA,NA
"pt2","PUF.BOT.8","PUF_BOT_08","Botanical Garden","23/08/2024","06/09/2024","6bbc676388a8abafd93bcb0b6e635dc0","0.998149078340674",33,"Fungi_4751","Ascomycota_4890","Leotiomycetes_147548",NA,NA,NA,NA
"pt2","PUF.BOT.8","PUF_BOT_08","Botanical Garden","23/08/2024","06/09/2024","5c768fde1b10d68a1570adf2a4b33210","0.94628895548838",26,"Metazoa_33208","Arthropoda_6656","Arachnida_6854","Trombidiformes_83136","Eriophyidae_70320",NA,NA
"pt2","PUF.BOT.8","PUF_BOT_08","Botanical Garden","23/08/2024","06/09/2024","0d6f37ff4dcc17f9b1b02a34201703c5","0.679202383403452",24,"Metazoa_33208","Arthropoda_6656","Insecta_50557","Diptera_7147","Cecidomyiidae_33406",NA,NA
"pt2","PUF.BOT.8","PUF_BOT_08","Botanical Garden","23/08/2024","06/09/2024","18fe1f581709d85352406d034b841d80","0.984037159346391",19,"Fungi_4751","Ascomycota_4890","Eurotiomycetes_147545","Eurotiales_5042","Aspergillaceae_1131492",NA,NA
"pt2","PUF.BOT.8","PUF_BOT_08","Botanical Garden","23/08/2024","06/09/2024","fc9a6d928e6cdbfb3e23917299bfadcf","0.304070730780845",19,"Metazoa_33208","Arthropoda_6656",NA,NA,NA,NA,NA
"pt2","PUF.BOT.8","PUF_BOT_08","Botanical Garden","23/08/2024","06/09/2024","57f7484ffb0fd62868eef0ae062412d8","0.49765574750491",17,"Metazoa_33208","Cnidaria_6073",NA,NA,NA,NA,NA
"pt2","PUF.BOT.8","PUF_BOT_08","Botanical Garden","23/08/2024","06/09/2024","edd50165a27cbccef564d78ce131353f","0.417933242733759",16,"Fungi_4751","Basidiomycota_5204","Tremellomycetes_155616","Tremellales_5234","Bulleribasidiaceae_1884640","Dioszegia_165440","Dioszegia_changbaiensis_234950"
"pt2","PUF.BOT.8","PUF_BOT_08","Botanical Garden","23/08/2024","06/09/2024","1b07fc6accccdff14725cee6cc73e743","0.189313271614211",16,"Metazoa_33208","Arthropoda_6656","Arachnida_6854",NA,NA,NA,NA
"pt2","PUF.BOT.8","PUF_BOT_08","Botanical Garden","23/08/2024","06/09/2024","6cb94eb5a902ea481d8327172d00b366","0.344218692748617",16,"Metazoa_33208","Arthropoda_6656","Arachnida_6854","Trombidiformes_83136",NA,NA,NA
"pt2","PUF.BOT.8","PUF_BOT_08","Botanical Garden","23/08/2024","06/09/2024","e36c07fa20391ed5ba41648f81b3566b","0.471735425605473",16,"Metazoa_33208","Arthropoda_6656","Arachnida_6854","Trombidiformes_83136",NA,NA,NA
"pt2","C.pos.2",NA,NA,NA,NA,"5d3564d6737e166e83ce8240f724d01b","0.99999881538543",11539,"Metazoa_33208","Arthropoda_6656","Insecta_50557","Lepidoptera_7088","Nymphalidae_33415","Cethosia_127316","Cethosia_biblis_876379"
"pt2","C.pos.2",NA,NA,NA,NA,"6f1a1255050532cae60680a72dce419a","0.932517804012975",7532,"Metazoa_33208","Arthropoda_6656","Insecta_50557","Lepidoptera_7088","Nymphalidae_33415","Heliconius_33416","Heliconius_doris_33455"
"pt2","C.pos.2",NA,NA,NA,NA,"cfbe78fed13ab87970c71076fd125838","0.561655359507809",336,"Metazoa_33208","Arthropoda_6656","Insecta_50557","Lepidoptera_7088","Nymphalidae_33415","Caligo_127325","Caligo_brasiliensis_1005066"
"pt2","C.pos.2",NA,NA,NA,NA,"1c91512bbbb272bb43585873f67ec694","0.997412619272048",209,"Metazoa_33208","Arthropoda_6656","Insecta_50557","Lepidoptera_7088","Nymphalidae_33415","Parthenos_191422","Parthenos_sylvia_3150745"
"pt2","C.pos.2",NA,NA,NA,NA,"65a3af468ddae974a987166357da0a95","0.86048086347452",169,"Metazoa_33208","Arthropoda_6656","Insecta_50557","Lepidoptera_7088","Papilionidae_7143","Papilio_7145","Papilio_rumanzovia_262663"
"pt2","C.pos.2",NA,NA,NA,NA,"53baf0d79147b12a03c11440d90e238b","0.999999947424884",63,"Metazoa_33208","Arthropoda_6656","Insecta_50557","Mantodea_7504","Hymenopodidae_119670","Hymenopus_267204","Hymenopus_coronatus_267205"
"pt2","PUF.JD.9","PUF_JD_09","Jean-Drapeau","11/09/2024","25/09/2024","0c11abb10ca8c4ca6a9466f89d510f2e","0.907238614804815",670,"Metazoa_33208","Arthropoda_6656","Insecta_50557","Hemiptera_7524","Pentatomidae_160513","Glypsus_-21471","Glypsus_conspicuus_-21472"
"pt2","PUF.JD.9","PUF_JD_09","Jean-Drapeau","11/09/2024","25/09/2024","589974931988706a852f1bb2c5aa12dc","0.814574741442148",85,"Fungi_4751","Basidiomycota_5204","Exobasidiomycetes_452283","Microstromatales_162475","Microstromatales_162475_family","Jaminaea_561108",NA
"pt2","PUF.JD.9","PUF_JD_09","Jean-Drapeau","11/09/2024","25/09/2024","f7718bbdbd503a21d2692b3b333490cb","0.55302161898262",36,"Fungi_4751","Basidiomycota_5204","Exobasidiomycetes_452283","Microstromatales_162475","Microstromatales_162475_family","Jaminaea_561108",NA
"pt2","PUF.JD.9","PUF_JD_09","Jean-Drapeau","11/09/2024","25/09/2024","eec2170a8f2d0cd7dc3a18841a1ea5c7","0.999999999699554",32,"Fungi_4751","Basidiomycota_5204","Exobasidiomycetes_452283","Microstromatales_162475",NA,NA,NA
"pt2","PUF.JD.9","PUF_JD_09","Jean-Drapeau","11/09/2024","25/09/2024","afb94828a83235f617d67b54fe89fe79","0.373408909311144",169,"Fungi_4751","Basidiomycota_5204","Pucciniomycetes_162484","Pucciniales_5258","Melampsoraceae_5259","Melampsora_5260","Melampsora_medusae_82101"
"pt2","PUF.JD.9","PUF_JD_09","Jean-Drapeau","11/09/2024","25/09/2024","b43d19c6734061aba20cde4334b0c772","0.933623859448047",885,"Fungi_4751","Ascomycota_4890","Dothideomycetes_147541","Cladosporiales_2726946","Cladosporiaceae_452563","Cladosporium_5498","Cladosporium_bruhnei_450181"
"pt2","PUF.JD.9","PUF_JD_09","Jean-Drapeau","11/09/2024","25/09/2024","bec08d51eb66022d7172c03768d5fd5d","0.937210778414611",325,"Fungi_4751","Ascomycota_4890","Dothideomycetes_147541","Cladosporiales_2726946","Cladosporiaceae_452563","Cladosporium_5498","Cladosporium_cladosporioides_29917"
"pt2","PUF.JD.9","PUF_JD_09","Jean-Drapeau","11/09/2024","25/09/2024","42a334b44b84641c69386150c7cde441","0.975711405297424",41,"Fungi_4751","Ascomycota_4890","Leotiomycetes_147548",NA,NA,NA,NA
"pt2","PUF.JD.9","PUF_JD_09","Jean-Drapeau","11/09/2024","25/09/2024","be8dc1271132728b62d899f6fe83b643","0.417154486433497",128,"Fungi_4751","Ascomycota_4890","Dothideomycetes_147541",NA,NA,NA,NA
"pt2","PUF.JD.9","PUF_JD_09","Jean-Drapeau","11/09/2024","25/09/2024","e46a578b0e29ecec00b1077904a0e397","0.499999714525752",22,"Fungi_4751","Basidiomycota_5204","Microbotryomycetes_162481","Sporidiobolales_231213","Sporidiobolaceae_1799696",NA,NA
"pt2","PUF.JD.9","PUF_JD_09","Jean-Drapeau","11/09/2024","25/09/2024","c0899651ae378553204b1e5ea53060b9","0.621258210680944",49,"Fungi_4751","Basidiomycota_5204","Exobasidiomycetes_452283","Microstromatales_162475","Microstromatales_162475_family","Jaminaea_561108",NA
"pt2","PUF.JD.9","PUF_JD_09","Jean-Drapeau","11/09/2024","25/09/2024","c684f602961d1fa707824757cb55af21","0.980027983287282",37,"Fungi_4751","Ascomycota_4890","Leotiomycetes_147548",NA,NA,NA,NA
"pt2","PUF.JD.9","PUF_JD_09","Jean-Drapeau","11/09/2024","25/09/2024","9fef5822b6479afee6e10ef53e9236c2","0.388924696350803",47,"Fungi_4751","Ascomycota_4890","Sordariomycetes_147550",NA,NA,NA,NA
"pt2","PUF.JD.9","PUF_JD_09","Jean-Drapeau","11/09/2024","25/09/2024","b68e68d28b1bf1fab06f4b523042e2d3","0.983792751072165",68,"Fungi_4751","Ascomycota_4890","Leotiomycetes_147548",NA,NA,NA,NA
"pt2","PUF.JD.9","PUF_JD_09","Jean-Drapeau","11/09/2024","25/09/2024","efe1ce8e8d1b9cdb5da01eb790e3abcc","0.499999775441608",44,"Fungi_4751","Basidiomycota_5204","Microbotryomycetes_162481","Sporidiobolales_231213","Sporidiobolaceae_1799696",NA,NA
"pt2","PUF.JD.9","PUF_JD_09","Jean-Drapeau","11/09/2024","25/09/2024","53814ac04567f8e2287c46b0b52f47f1","0.851549716705765",50,"Fungi_4751","Ascomycota_4890","Dothideomycetes_147541",NA,NA,NA,NA
"pt2","PUF.JD.9","PUF_JD_09","Jean-Drapeau","11/09/2024","25/09/2024","e07e46d7aafd4deecdc6327a714c759c","0.946704056119496",73,"Fungi_4751","Ascomycota_4890","Leotiomycetes_147548",NA,NA,NA,NA
"pt2","PUF.JD.9","PUF_JD_09","Jean-Drapeau","11/09/2024","25/09/2024","a26e6cc23365c60897b7d620c23de990","0.944259328386728",227,"Metazoa_33208","Arthropoda_6656","Insecta_50557","Lepidoptera_7088","Pyralidae_7135","Pionidia_2613197",NA
"pt2","PUF.JD.9","PUF_JD_09","Jean-Drapeau","11/09/2024","25/09/2024","efbf72a920a03347f6407072b84a43f9","0.999459556668486",65,"Fungi_4751","Basidiomycota_5204","Agaricomycetes_155619","Russulales_452342","Peniophoraceae_103393","Peniophora_40463","Peniophora_lycii_154539"
"pt2","PUF.JD.9","PUF_JD_09","Jean-Drapeau","11/09/2024","25/09/2024","24e6afde065c6d5c729886e1ee63f7ad","0.499999972166463",51,"Fungi_4751","Basidiomycota_5204","Microbotryomycetes_162481","Sporidiobolales_231213","Sporidiobolaceae_1799696",NA,NA
"pt2","PUF.JD.9","PUF_JD_09","Jean-Drapeau","11/09/2024","25/09/2024","d3818391d7f0c7a44c0f4151474788c2","0.656932599669466",25,"Fungi_4751","Basidiomycota_5204","Tremellomycetes_155616","Tremellales_5234","Bulleribasidiaceae_1884640","Dioszegia_165440","Dioszegia_changbaiensis_234950"
"pt2","PUF.JD.9","PUF_JD_09","Jean-Drapeau","11/09/2024","25/09/2024","c0845ec1f27ccc8ecd4a26796ea56950","0.499999983202442",31,"Fungi_4751","Basidiomycota_5204","Microbotryomycetes_162481","Sporidiobolales_231213","Sporidiobolaceae_1799696",NA,NA
"pt2","PUF.JD.9","PUF_JD_09","Jean-Drapeau","11/09/2024","25/09/2024","b57dae9ebeb1e6a4e9f3e4d249bbd1ef","0.931122504098132",14,"Fungi_4751","Ascomycota_4890","Dothideomycetes_147541",NA,NA,NA,NA
"pt2","PUF.JD.9","PUF_JD_09","Jean-Drapeau","11/09/2024","25/09/2024","9120a8bbdc5d8261589ee9e90f0509a9","0.158530216682823",17,"Fungi_4751","Basidiomycota_5204","Agaricomycetes_155619","Boletales_68889","Boletaceae_5368","Tylopilus_80671","Tylopilus_plumbeoviolaceoides_374766"
"pt2","PUF.JD.9","PUF_JD_09","Jean-Drapeau","11/09/2024","25/09/2024","63cbf205978bd08a2360e291c4df8e3b","0.999997716102478",16,"Fungi_4751","Ascomycota_4890","Ascomycetes_-67464",NA,NA,NA,NA
"pt2","PUF.JD.9","PUF_JD_09","Jean-Drapeau","11/09/2024","25/09/2024","385f9d354c8f8f8a9480db16d720ce5a","0.824118573770902",71,"Fungi_4751","Basidiomycota_5204","Tremellomycetes_155616","Tremellales_5234","Bulleribasidiaceae_1884640","Dioszegia_165440","Dioszegia_changbaiensis_234950"
"pt2","PUF.JD.9","PUF_JD_09","Jean-Drapeau","11/09/2024","25/09/2024","cd9359ca19848fb81de8576bfc0779cd","0.342483482395544",25,"Metazoa_33208","Arthropoda_6656","Insecta_50557","Hemiptera_7524",NA,NA,NA
"pt2","PUF.JD.9","PUF_JD_09","Jean-Drapeau","11/09/2024","25/09/2024","db800311f5ae69565ec96214053622f1","0.999987270154586",467,"Fungi_4751","Ascomycota_4890","Dothideomycetes_147541","Cladosporiales_2726946","Cladosporiaceae_452563","Cladosporium_5498","Cladosporium_sphaerospermum_92950"
"pt2","PUF.JD.9","PUF_JD_09","Jean-Drapeau","11/09/2024","25/09/2024","060c1bee96c8f17397485ae9a509713d","0.909392058612169",42,"Fungi_4751","Ascomycota_4890","Sordariomycetes_147550","Hypocreales_5125","Nectriaceae_110618","Fusarium_5506","Fusarium_oxysporum_5507"
"pt2","PUF.JD.9","PUF_JD_09","Jean-Drapeau","11/09/2024","25/09/2024","baa9c80092114cb0554a186c5bb8be0f","0.999999998546613",20,"Metazoa_33208","Arthropoda_6656","Arachnida_6854","Araneae_6893","Tetragnathidae_27394","Tetragnatha_27395","Tetragnatha_guatemalensis_336607"
"pt2","PUF.JD.9","PUF_JD_09","Jean-Drapeau","11/09/2024","25/09/2024","1e939b1e4af6e3c3ab4a78ddc4cec4b2","0.999780804831726",19,"Fungi_4751","Ascomycota_4890","Sordariomycetes_147550","Hypocreales_5125",NA,NA,NA
"pt2","PUF.JD.9","PUF_JD_09","Jean-Drapeau","11/09/2024","25/09/2024","fca8e7c3ba7204a2c919c12db8f1b6dd","0.818757655880705",123,"Fungi_4751","Ascomycota_4890","Sordariomycetes_147550","Glomerellales_1028384","Plectosphaerellaceae_1033978","Plectosphaerella_40657",NA
"pt2","PUF.JD.9","PUF_JD_09","Jean-Drapeau","11/09/2024","25/09/2024","686a3bd5feb4a6319528d398f8c68342","1",114,"Fungi_4751","Ascomycota_4890","Dipodascomycetes_3239873","Dipodascales_3243772","Dipodascaceae_34353","Geotrichum_43987","Geotrichum_candidum_1173061"
"pt2","PUF.JD.9","PUF_JD_09","Jean-Drapeau","11/09/2024","25/09/2024","129930ad97cdfe4ab5c20e846db4e0ac","0.607224296314655",18,"Fungi_4751","Basidiomycota_5204","Agaricomycetes_155619","Agaricales_5338","Hygrophoraceae_51005","Hygrocybe_51006",NA
"pt2","PUF.JD.9","PUF_JD_09","Jean-Drapeau","11/09/2024","25/09/2024","ecab90c53b0e4386036a4937a4eb3824","0.946609306608457",140,"Fungi_4751","Ascomycota_4890","Sordariomycetes_147550",NA,NA,NA,NA
"pt2","PUF.JD.9","PUF_JD_09","Jean-Drapeau","11/09/2024","25/09/2024","0497c66b327405be8ce067e7b981bc29","0.99997383737685",69,"Metazoa_33208","Arthropoda_6656","Insecta_50557","Neuroptera_7516","Myrmeleontidae_27427","Obus_279488",NA
"pt2","PUF.JD.9","PUF_JD_09","Jean-Drapeau","11/09/2024","25/09/2024","f14ab5d48c10f6a4254a643f7ff0d87a","0.546731782864976",63,"Metazoa_33208","Cnidaria_6073",NA,NA,NA,NA,NA
"pt2","PUF.JD.9","PUF_JD_09","Jean-Drapeau","11/09/2024","25/09/2024","78a0f500bc7d7dadb12f721d1e2f8ad8","0.569009883268458",40,"Metazoa_33208","Arthropoda_6656","Insecta_50557","Hemiptera_7524",NA,NA,NA
"pt2","PUF.JD.9","PUF_JD_09","Jean-Drapeau","11/09/2024","25/09/2024","5aef35d8bad778d9ca95b6ad4594007b","0.671658579759209",37,"Fungi_4751","Ascomycota_4890","Sordariomycetes_147550",NA,NA,NA,NA
"pt2","PUF.JD.9","PUF_JD_09","Jean-Drapeau","11/09/2024","25/09/2024","b851c005caf36df10c5597ab5afe17b5","0.999999839780826",30,"Eukaryota_2759_kingdom","Oomycota_4762","Oomycota_4762_class","Peronosporales_4776","Peronosporaceae_4777","Plasmopara_4780","Plasmopara_muralis_1196443"
"pt2","PUF.JD.9","PUF_JD_09","Jean-Drapeau","11/09/2024","25/09/2024","c83811f6db4fb1972d1630977f64a129","0.999465859101194",26,"Fungi_4751","Basidiomycota_5204","Agaricomycetes_155619","Agaricales_5338","Crepidotaceae_104350","Crepidotus_104351","Crepidotus_variabilis_179855"
"pt2","PUF.JD.9","PUF_JD_09","Jean-Drapeau","11/09/2024","25/09/2024","a2992b1cb854d75e078a443cd5045b2e","0.862198261566009",24,"Metazoa_33208","Arthropoda_6656","Insecta_50557","Diptera_7147","Sciaridae_7184",NA,NA
"pt2","PUF.JD.9","PUF_JD_09","Jean-Drapeau","11/09/2024","25/09/2024","1c624f0df8ce1292c0ab75d8510c15d6","0.52696048616985",22,"Fungi_4751","Ascomycota_4890","Leotiomycetes_147548","Helotiales_5178","Helotiales_5178_family","Tetracladium_164535","Tetracladium_apiense_164536"
"pt2","PUF.JD.9","PUF_JD_09","Jean-Drapeau","11/09/2024","25/09/2024","13515a5ae7acc178c6cba8018b08dd70","0.837580186135092",20,"Fungi_4751","Ascomycota_4890","Sordariomycetes_147550","Glomerellales_1028384","Plectosphaerellaceae_1033978","Plectosphaerella_40657",NA
"pt2","PUF.JD.9","PUF_JD_09","Jean-Drapeau","11/09/2024","25/09/2024","459415db09211c66e2fa42b5a1feeb11","0.193109337656003",20,"Fungi_4751","Basidiomycota_5204","Agaricomycetes_155619","Russulales_452342","Auriscalpiaceae_40417","Lentinellus_5354","Lentinellus_cochleatus_194905"
"pt2","PUF.JD.9","PUF_JD_09","Jean-Drapeau","11/09/2024","25/09/2024","1341408ef6864200b63150dd7b0f4161","0.919831060865491",16,"Fungi_4751","Ascomycota_4890","Sordariomycetes_147550",NA,NA,NA,NA
"pt2","PUF.MBO.8","PUF_MBO_08","Bird Observatory","26/08/2024","09/09/2024","0c11abb10ca8c4ca6a9466f89d510f2e","0.907238614804815",1252,"Metazoa_33208","Arthropoda_6656","Insecta_50557","Hemiptera_7524","Pentatomidae_160513","Glypsus_-21471","Glypsus_conspicuus_-21472"
"pt2","PUF.MBO.8","PUF_MBO_08","Bird Observatory","26/08/2024","09/09/2024","589974931988706a852f1bb2c5aa12dc","0.814574741442148",1567,"Fungi_4751","Basidiomycota_5204","Exobasidiomycetes_452283","Microstromatales_162475","Microstromatales_162475_family","Jaminaea_561108",NA
"pt2","PUF.MBO.8","PUF_MBO_08","Bird Observatory","26/08/2024","09/09/2024","f7718bbdbd503a21d2692b3b333490cb","0.55302161898262",1454,"Fungi_4751","Basidiomycota_5204","Exobasidiomycetes_452283","Microstromatales_162475","Microstromatales_162475_family","Jaminaea_561108",NA
"pt2","PUF.MBO.8","PUF_MBO_08","Bird Observatory","26/08/2024","09/09/2024","eec2170a8f2d0cd7dc3a18841a1ea5c7","0.999999999699554",1237,"Fungi_4751","Basidiomycota_5204","Exobasidiomycetes_452283","Microstromatales_162475",NA,NA,NA
"pt2","PUF.MBO.8","PUF_MBO_08","Bird Observatory","26/08/2024","09/09/2024","afb94828a83235f617d67b54fe89fe79","0.373408909311144",888,"Fungi_4751","Basidiomycota_5204","Pucciniomycetes_162484","Pucciniales_5258","Melampsoraceae_5259","Melampsora_5260","Melampsora_medusae_82101"
"pt2","PUF.MBO.8","PUF_MBO_08","Bird Observatory","26/08/2024","09/09/2024","b43d19c6734061aba20cde4334b0c772","0.933623859448047",666,"Fungi_4751","Ascomycota_4890","Dothideomycetes_147541","Cladosporiales_2726946","Cladosporiaceae_452563","Cladosporium_5498","Cladosporium_bruhnei_450181"
"pt2","PUF.MBO.8","PUF_MBO_08","Bird Observatory","26/08/2024","09/09/2024","bec08d51eb66022d7172c03768d5fd5d","0.937210778414611",545,"Fungi_4751","Ascomycota_4890","Dothideomycetes_147541","Cladosporiales_2726946","Cladosporiaceae_452563","Cladosporium_5498","Cladosporium_cladosporioides_29917"
"pt2","PUF.MBO.8","PUF_MBO_08","Bird Observatory","26/08/2024","09/09/2024","0d1a483ebd4773116542454b0cc1a266","0.88739453904822",900,"Fungi_4751","Ascomycota_4890","Sordariomycetes_147550",NA,NA,NA,NA
"pt2","PUF.MBO.8","PUF_MBO_08","Bird Observatory","26/08/2024","09/09/2024","a4ce6cfe96b9ce0ad304803934790435","0.505582624946131",621,"Fungi_4751","Basidiomycota_5204","Exobasidiomycetes_452283","Microstromatales_162475",NA,NA,NA
"pt2","PUF.MBO.8","PUF_MBO_08","Bird Observatory","26/08/2024","09/09/2024","42a334b44b84641c69386150c7cde441","0.975711405297424",117,"Fungi_4751","Ascomycota_4890","Leotiomycetes_147548",NA,NA,NA,NA
"pt2","PUF.MBO.8","PUF_MBO_08","Bird Observatory","26/08/2024","09/09/2024","5580961b9a41be03abce5562553ec49c","0.419336811656045",64,"Metazoa_33208","Arthropoda_6656","Arachnida_6854",NA,NA,NA,NA
"pt2","PUF.MBO.8","PUF_MBO_08","Bird Observatory","26/08/2024","09/09/2024","c684f602961d1fa707824757cb55af21","0.980027983287282",55,"Fungi_4751","Ascomycota_4890","Leotiomycetes_147548",NA,NA,NA,NA
"pt2","PUF.MBO.8","PUF_MBO_08","Bird Observatory","26/08/2024","09/09/2024","937d32d8b30569996c449126c9aa0c79","0.999086113297351",40,"Fungi_4751","Ascomycota_4890","Dothideomycetes_147541","Mycosphaerellales_2726947","Mycosphaerellaceae_93133","Cercospora_29002","Cercospora_nicotianae_29003"
"pt2","PUF.MBO.8","PUF_MBO_08","Bird Observatory","26/08/2024","09/09/2024","df7b2d8e7b65bb44c6dc3cca51b40d71","0.993930594490194",49,"Fungi_4751","Ascomycota_4890","Sordariomycetes_147550","Hypocreales_5125",NA,NA,NA
"pt2","PUF.MBO.8","PUF_MBO_08","Bird Observatory","26/08/2024","09/09/2024","a1e5340afd1877bae4a25354fad5220e","0.560710730052692",77,"Fungi_4751","Ascomycota_4890","Leotiomycetes_147548",NA,NA,NA,NA
"pt2","PUF.MBO.8","PUF_MBO_08","Bird Observatory","26/08/2024","09/09/2024","efe1ce8e8d1b9cdb5da01eb790e3abcc","0.499999775441608",42,"Fungi_4751","Basidiomycota_5204","Microbotryomycetes_162481","Sporidiobolales_231213","Sporidiobolaceae_1799696",NA,NA
"pt2","PUF.MBO.8","PUF_MBO_08","Bird Observatory","26/08/2024","09/09/2024","8277aef53dee13c182babc116a100648","0.407898027838656",189,"Fungi_4751","Ascomycota_4890","Leotiomycetes_147548",NA,NA,NA,NA
"pt2","PUF.MBO.8","PUF_MBO_08","Bird Observatory","26/08/2024","09/09/2024","e07e46d7aafd4deecdc6327a714c759c","0.946704056119496",137,"Fungi_4751","Ascomycota_4890","Leotiomycetes_147548",NA,NA,NA,NA
"pt2","PUF.MBO.8","PUF_MBO_08","Bird Observatory","26/08/2024","09/09/2024","922c407078b43f634da20b2e149c57c5","0.973530600220828",50,"Fungi_4751","Ascomycota_4890","Leotiomycetes_147548",NA,NA,NA,NA
"pt2","PUF.MBO.8","PUF_MBO_08","Bird Observatory","26/08/2024","09/09/2024","81c40f150ea7abd71722b5bb5394c944","0.884292955825016",133,"Fungi_4751","Ascomycota_4890","Sordariomycetes_147550","Hypocreales_5125",NA,NA,NA
"pt2","PUF.MBO.8","PUF_MBO_08","Bird Observatory","26/08/2024","09/09/2024","18afda2e4c3b03e088538500a42aa706","0.14863927909265",40,"Metazoa_33208","Cnidaria_6073",NA,NA,NA,NA,NA
"pt2","PUF.MBO.8","PUF_MBO_08","Bird Observatory","26/08/2024","09/09/2024","efbf72a920a03347f6407072b84a43f9","0.999459556668486",1033,"Fungi_4751","Basidiomycota_5204","Agaricomycetes_155619","Russulales_452342","Peniophoraceae_103393","Peniophora_40463","Peniophora_lycii_154539"
"pt2","PUF.MBO.8","PUF_MBO_08","Bird Observatory","26/08/2024","09/09/2024","2f13f121577313e78366e6a1423c94fb","0.967606140881254",78,"Fungi_4751","Ascomycota_4890","Dothideomycetes_147541","Pleosporales_92860","Shiraiaceae_224418","Shiraia_224419","Shiraia_bambusicola_224420"
"pt2","PUF.MBO.8","PUF_MBO_08","Bird Observatory","26/08/2024","09/09/2024","32f572690ba816e1a0504c9650dba2da","0.307107241200301",83,"Metazoa_33208","Arthropoda_6656","Arachnida_6854",NA,NA,NA,NA
"pt2","PUF.MBO.8","PUF_MBO_08","Bird Observatory","26/08/2024","09/09/2024","757ecae2e601e8cb8f983ac712833b60","0.662704638933771",157,"Fungi_4751","Ascomycota_4890","Sordariomycetes_147550",NA,NA,NA,NA
"pt2","PUF.MBO.8","PUF_MBO_08","Bird Observatory","26/08/2024","09/09/2024","a1f6d38048d4358acff81fd1db53a7ec","0.769505472265296",49,"Fungi_4751","Ascomycota_4890","Leotiomycetes_147548",NA,NA,NA,NA
"pt2","PUF.MBO.8","PUF_MBO_08","Bird Observatory","26/08/2024","09/09/2024","bcf59b4926413543b3fb02800d2d5b80","0.999999999844206",76,"Eukaryota_2759_kingdom","Oomycota_4762","Oomycota_4762_class","Peronosporales_4776","Peronosporaceae_4777","Plasmopara_4780","Plasmopara_carveri_3350122"
"pt2","PUF.MBO.8","PUF_MBO_08","Bird Observatory","26/08/2024","09/09/2024","855c2fab8cc20bbb6ccd9f90e7c5baff","0.468910821012382",78,"Fungi_4751","Ascomycota_4890","Leotiomycetes_147548",NA,NA,NA,NA
"pt2","PUF.MBO.8","PUF_MBO_08","Bird Observatory","26/08/2024","09/09/2024","3a13958b5940bd7556e5e8359f22fb7a","0.939391726029397",40,"Fungi_4751","Basidiomycota_5204","Microbotryomycetes_162481","Sporidiobolales_231213","Sporidiobolaceae_1799696","Rhodotorula_5533",NA
"pt2","PUF.MBO.8","PUF_MBO_08","Bird Observatory","26/08/2024","09/09/2024","13cff813e66c4b42868a7da9ec168ece","0.91756556220675",54,"Fungi_4751","Ascomycota_4890","Sordariomycetes_147550","Hypocreales_5125",NA,NA,NA
"pt2","PUF.MBO.8","PUF_MBO_08","Bird Observatory","26/08/2024","09/09/2024","7f182575baad2d44cbddc0244753a1f5","0.999999999346173",44,"Eukaryota_2759_kingdom","Oomycota_4762","Oomycota_4762_class","Peronosporales_4776","Peronosporaceae_4777","Plasmopara_4780","Plasmopara_carveri_3350122"
"pt2","PUF.MBO.8","PUF_MBO_08","Bird Observatory","26/08/2024","09/09/2024","0a080589fe6c7318d5918ae7538ffe50","0.280026275848357",49,"Fungi_4751","Ascomycota_4890","Sordariomycetes_147550",NA,NA,NA,NA
"pt2","PUF.MBO.8","PUF_MBO_08","Bird Observatory","26/08/2024","09/09/2024","784fbb5a2eccb7f8611634cb41bd0950","0.813571112051154",58,"Fungi_4751","Ascomycota_4890","Sordariomycetes_147550","Hypocreales_5125","Nectriaceae_110618","Fusarium_5506","Fusarium_babinda_48486"
"pt2","PUF.MBO.8","PUF_MBO_08","Bird Observatory","26/08/2024","09/09/2024","e515a6785174bcccc5e8e213aa0be50e","0.541028725854913",167,"Fungi_4751","Ascomycota_4890","Leotiomycetes_147548",NA,NA,NA,NA
"pt2","PUF.MBO.8","PUF_MBO_08","Bird Observatory","26/08/2024","09/09/2024","cdddbf1aa9568196ab9cd20e817c068a","0.401350341355564",147,"Fungi_4751","Ascomycota_4890","Eurotiomycetes_147545","Eurotiales_5042",NA,NA,NA
"pt2","PUF.MBO.8","PUF_MBO_08","Bird Observatory","26/08/2024","09/09/2024","cbf53c0b743ae19e1abee77ad2a676bb","0.356232309566013",183,"Fungi_4751","Ascomycota_4890","Leotiomycetes_147548","Helotiales_5178","Helotiales_5178_family","Tetracladium_164535",NA
"pt2","PUF.MBO.2","PUF_MBO_02","Bird Observatory","03/06/2024","17/06/2024","0c11abb10ca8c4ca6a9466f89d510f2e","0.907238614804815",50,"Metazoa_33208","Arthropoda_6656","Insecta_50557","Hemiptera_7524","Pentatomidae_160513","Glypsus_-21471","Glypsus_conspicuus_-21472"
"pt2","PUF.MBO.2","PUF_MBO_02","Bird Observatory","03/06/2024","17/06/2024","eec2170a8f2d0cd7dc3a18841a1ea5c7","0.999999999699554",109,"Fungi_4751","Basidiomycota_5204","Exobasidiomycetes_452283","Microstromatales_162475",NA,NA,NA
"pt2","PUF.MBO.2","PUF_MBO_02","Bird Observatory","03/06/2024","17/06/2024","b43d19c6734061aba20cde4334b0c772","0.933623859448047",477,"Fungi_4751","Ascomycota_4890","Dothideomycetes_147541","Cladosporiales_2726946","Cladosporiaceae_452563","Cladosporium_5498","Cladosporium_bruhnei_450181"
"pt2","PUF.MBO.2","PUF_MBO_02","Bird Observatory","03/06/2024","17/06/2024","efbf72a920a03347f6407072b84a43f9","0.999459556668486",150,"Fungi_4751","Basidiomycota_5204","Agaricomycetes_155619","Russulales_452342","Peniophoraceae_103393","Peniophora_40463","Peniophora_lycii_154539"
"pt2","PUF.MBO.2","PUF_MBO_02","Bird Observatory","03/06/2024","17/06/2024","8187787e018ce4815342f12d65ff7dc8","0.464733719684335",109,"Fungi_4751","Ascomycota_4890","Sordariomycetes_147550",NA,NA,NA,NA
"pt2","PUF.MBO.2","PUF_MBO_02","Bird Observatory","03/06/2024","17/06/2024","5a868fe056602df6b3b7becc4fd3ec7c","0.999771866555826",7029,"Metazoa_33208","Arthropoda_6656","Arachnida_6854","Trombidiformes_83136","Trombidiidae_83144","Allothrombium_92077",NA
"pt2","PUF.MBO.2","PUF_MBO_02","Bird Observatory","03/06/2024","17/06/2024","e961ee812e814a754542db23bae2cf68","0.390753683146527",187,"Metazoa_33208","Arthropoda_6656","Arachnida_6854",NA,NA,NA,NA
"pt2","PUF.MBO.2","PUF_MBO_02","Bird Observatory","03/06/2024","17/06/2024","a0b7084219abc3752a8971756672617e","0.895872830854137",8006,"Metazoa_33208","Arthropoda_6656","Insecta_50557","Lepidoptera_7088","Noctuidae_7100","Xestia_320016","Xestia_c-nigrum_987431"
"pt2","PUF.MBO.2","PUF_MBO_02","Bird Observatory","03/06/2024","17/06/2024","6a6cea84fad711c9cce5a727d388e1c1","0.991786570915145",45,"Fungi_4751","Ascomycota_4890","Leotiomycetes_147548",NA,NA,NA,NA
"pt2","PUF.MBO.6","PUF_MBO_06","Bird Observatory","29/07/2024","12/08/2024","0c11abb10ca8c4ca6a9466f89d510f2e","0.907238614804815",588,"Metazoa_33208","Arthropoda_6656","Insecta_50557","Hemiptera_7524","Pentatomidae_160513","Glypsus_-21471","Glypsus_conspicuus_-21472"
"pt2","PUF.MBO.6","PUF_MBO_06","Bird Observatory","29/07/2024","12/08/2024","589974931988706a852f1bb2c5aa12dc","0.814574741442148",1719,"Fungi_4751","Basidiomycota_5204","Exobasidiomycetes_452283","Microstromatales_162475","Microstromatales_162475_family","Jaminaea_561108",NA
"pt2","PUF.MBO.6","PUF_MBO_06","Bird Observatory","29/07/2024","12/08/2024","f7718bbdbd503a21d2692b3b333490cb","0.55302161898262",772,"Fungi_4751","Basidiomycota_5204","Exobasidiomycetes_452283","Microstromatales_162475","Microstromatales_162475_family","Jaminaea_561108",NA
"pt2","PUF.MBO.6","PUF_MBO_06","Bird Observatory","29/07/2024","12/08/2024","eec2170a8f2d0cd7dc3a18841a1ea5c7","0.999999999699554",1697,"Fungi_4751","Basidiomycota_5204","Exobasidiomycetes_452283","Microstromatales_162475",NA,NA,NA
"pt2","PUF.MBO.6","PUF_MBO_06","Bird Observatory","29/07/2024","12/08/2024","b43d19c6734061aba20cde4334b0c772","0.933623859448047",287,"Fungi_4751","Ascomycota_4890","Dothideomycetes_147541","Cladosporiales_2726946","Cladosporiaceae_452563","Cladosporium_5498","Cladosporium_bruhnei_450181"
"pt2","PUF.MBO.6","PUF_MBO_06","Bird Observatory","29/07/2024","12/08/2024","bec08d51eb66022d7172c03768d5fd5d","0.937210778414611",178,"Fungi_4751","Ascomycota_4890","Dothideomycetes_147541","Cladosporiales_2726946","Cladosporiaceae_452563","Cladosporium_5498","Cladosporium_cladosporioides_29917"
"pt2","PUF.MBO.6","PUF_MBO_06","Bird Observatory","29/07/2024","12/08/2024","0d1a483ebd4773116542454b0cc1a266","0.88739453904822",129,"Fungi_4751","Ascomycota_4890","Sordariomycetes_147550",NA,NA,NA,NA
"pt2","PUF.MBO.6","PUF_MBO_06","Bird Observatory","29/07/2024","12/08/2024","a4ce6cfe96b9ce0ad304803934790435","0.505582624946131",499,"Fungi_4751","Basidiomycota_5204","Exobasidiomycetes_452283","Microstromatales_162475",NA,NA,NA
"pt2","PUF.MBO.6","PUF_MBO_06","Bird Observatory","29/07/2024","12/08/2024","42a334b44b84641c69386150c7cde441","0.975711405297424",45,"Fungi_4751","Ascomycota_4890","Leotiomycetes_147548",NA,NA,NA,NA
"pt2","PUF.MBO.6","PUF_MBO_06","Bird Observatory","29/07/2024","12/08/2024","5580961b9a41be03abce5562553ec49c","0.419336811656045",58,"Metazoa_33208","Arthropoda_6656","Arachnida_6854",NA,NA,NA,NA
"pt2","PUF.MBO.6","PUF_MBO_06","Bird Observatory","29/07/2024","12/08/2024","c684f602961d1fa707824757cb55af21","0.980027983287282",36,"Fungi_4751","Ascomycota_4890","Leotiomycetes_147548",NA,NA,NA,NA
"pt2","PUF.MBO.6","PUF_MBO_06","Bird Observatory","29/07/2024","12/08/2024","efe1ce8e8d1b9cdb5da01eb790e3abcc","0.499999775441608",42,"Fungi_4751","Basidiomycota_5204","Microbotryomycetes_162481","Sporidiobolales_231213","Sporidiobolaceae_1799696",NA,NA
"pt2","PUF.MBO.6","PUF_MBO_06","Bird Observatory","29/07/2024","12/08/2024","8277aef53dee13c182babc116a100648","0.407898027838656",47,"Fungi_4751","Ascomycota_4890","Leotiomycetes_147548",NA,NA,NA,NA
"pt2","PUF.MBO.6","PUF_MBO_06","Bird Observatory","29/07/2024","12/08/2024","ce9e585d5196adf56f4e2c0e02e27b73","0.499999974718733",28,"Fungi_4751","Basidiomycota_5204","Microbotryomycetes_162481","Sporidiobolales_231213","Sporidiobolaceae_1799696",NA,NA
"pt2","PUF.MBO.6","PUF_MBO_06","Bird Observatory","29/07/2024","12/08/2024","e07e46d7aafd4deecdc6327a714c759c","0.946704056119496",57,"Fungi_4751","Ascomycota_4890","Leotiomycetes_147548",NA,NA,NA,NA
"pt2","PUF.MBO.6","PUF_MBO_06","Bird Observatory","29/07/2024","12/08/2024","922c407078b43f634da20b2e149c57c5","0.973530600220828",160,"Fungi_4751","Ascomycota_4890","Leotiomycetes_147548",NA,NA,NA,NA
"pt2","PUF.MBO.6","PUF_MBO_06","Bird Observatory","29/07/2024","12/08/2024","efbf72a920a03347f6407072b84a43f9","0.999459556668486",757,"Fungi_4751","Basidiomycota_5204","Agaricomycetes_155619","Russulales_452342","Peniophoraceae_103393","Peniophora_40463","Peniophora_lycii_154539"
"pt2","PUF.MBO.6","PUF_MBO_06","Bird Observatory","29/07/2024","12/08/2024","2f13f121577313e78366e6a1423c94fb","0.967606140881254",44,"Fungi_4751","Ascomycota_4890","Dothideomycetes_147541","Pleosporales_92860","Shiraiaceae_224418","Shiraia_224419","Shiraia_bambusicola_224420"
"pt2","PUF.MBO.6","PUF_MBO_06","Bird Observatory","29/07/2024","12/08/2024","32f572690ba816e1a0504c9650dba2da","0.307107241200301",27,"Metazoa_33208","Arthropoda_6656","Arachnida_6854",NA,NA,NA,NA
"pt2","PUF.MBO.6","PUF_MBO_06","Bird Observatory","29/07/2024","12/08/2024","757ecae2e601e8cb8f983ac712833b60","0.662704638933771",151,"Fungi_4751","Ascomycota_4890","Sordariomycetes_147550",NA,NA,NA,NA
"pt2","PUF.MBO.6","PUF_MBO_06","Bird Observatory","29/07/2024","12/08/2024","aec35e427b95f1cbf2c6d6503e172a4f","0.279152099836879",44,"Fungi_4751","Ascomycota_4890",NA,NA,NA,NA,NA
"pt2","PUF.MBO.6","PUF_MBO_06","Bird Observatory","29/07/2024","12/08/2024","186655c711d9c22435d048944254d180","0.999918046946559",47,"Fungi_4751","Basidiomycota_5204","Agaricomycetes_155619","Russulales_452342","Peniophoraceae_103393","Peniophora_40463","Peniophora_lycii_154539"
"pt2","PUF.MBO.6","PUF_MBO_06","Bird Observatory","29/07/2024","12/08/2024","69a8a7322bd45f64630dcc355a1e5114","0.805478636501538",34,"Fungi_4751","Basidiomycota_5204","Agaricomycetes_155619","Polyporales_5303","Polyporaceae_5317","Picipes_1871912","Picipes_badius_196231"
"pt2","PUF.MBO.6","PUF_MBO_06","Bird Observatory","29/07/2024","12/08/2024","bcf59b4926413543b3fb02800d2d5b80","0.999999999844206",29,"Eukaryota_2759_kingdom","Oomycota_4762","Oomycota_4762_class","Peronosporales_4776","Peronosporaceae_4777","Plasmopara_4780","Plasmopara_carveri_3350122"
"pt2","PUF.MBO.6","PUF_MBO_06","Bird Observatory","29/07/2024","12/08/2024","855c2fab8cc20bbb6ccd9f90e7c5baff","0.468910821012382",422,"Fungi_4751","Ascomycota_4890","Leotiomycetes_147548",NA,NA,NA,NA
"pt2","PUF.MBO.6","PUF_MBO_06","Bird Observatory","29/07/2024","12/08/2024","ddfd319f3d88ba3067d804c949cf1f1a","0.436151395675201",56,"Fungi_4751","Ascomycota_4890",NA,NA,NA,NA,NA
"pt2","PUF.MBO.6","PUF_MBO_06","Bird Observatory","29/07/2024","12/08/2024","fa6ab200c4005793c0395710c2fc8718","0.527843923722099",29,"Metazoa_33208","Arthropoda_6656","Insecta_50557","Hymenoptera_7399",NA,NA,NA
"pt2","PUF.MBO.6","PUF_MBO_06","Bird Observatory","29/07/2024","12/08/2024","030a9779379257c7c973bfe2ca3c577a","0.499894884765071",25,"Fungi_4751","Basidiomycota_5204","Cystobasidiomycetes_432005","Cystobasidiales_204043","Cystobasidiaceae_34418",NA,NA
"pt2","PUF.MBO.6","PUF_MBO_06","Bird Observatory","29/07/2024","12/08/2024","143550ba1cb336991cb20e6bdd977b93","0.999979830885493",26,"Fungi_4751","Basidiomycota_5204","Agaricomycetes_155619","Russulales_452342","Peniophoraceae_103393","Peniophora_40463","Peniophora_lycii_154539"
"pt2","PUF.MBO.3","PUF_MBO_03","Bird Observatory","17/06/2024","01/07/2024","0c11abb10ca8c4ca6a9466f89d510f2e","0.907238614804815",305,"Metazoa_33208","Arthropoda_6656","Insecta_50557","Hemiptera_7524","Pentatomidae_160513","Glypsus_-21471","Glypsus_conspicuus_-21472"
"pt2","PUF.MBO.3","PUF_MBO_03","Bird Observatory","17/06/2024","01/07/2024","589974931988706a852f1bb2c5aa12dc","0.814574741442148",104,"Fungi_4751","Basidiomycota_5204","Exobasidiomycetes_452283","Microstromatales_162475","Microstromatales_162475_family","Jaminaea_561108",NA
"pt2","PUF.MBO.3","PUF_MBO_03","Bird Observatory","17/06/2024","01/07/2024","eec2170a8f2d0cd7dc3a18841a1ea5c7","0.999999999699554",5063,"Fungi_4751","Basidiomycota_5204","Exobasidiomycetes_452283","Microstromatales_162475",NA,NA,NA
"pt2","PUF.MBO.3","PUF_MBO_03","Bird Observatory","17/06/2024","01/07/2024","b43d19c6734061aba20cde4334b0c772","0.933623859448047",2971,"Fungi_4751","Ascomycota_4890","Dothideomycetes_147541","Cladosporiales_2726946","Cladosporiaceae_452563","Cladosporium_5498","Cladosporium_bruhnei_450181"
"pt2","PUF.MBO.3","PUF_MBO_03","Bird Observatory","17/06/2024","01/07/2024","bec08d51eb66022d7172c03768d5fd5d","0.937210778414611",135,"Fungi_4751","Ascomycota_4890","Dothideomycetes_147541","Cladosporiales_2726946","Cladosporiaceae_452563","Cladosporium_5498","Cladosporium_cladosporioides_29917"
"pt2","PUF.MBO.3","PUF_MBO_03","Bird Observatory","17/06/2024","01/07/2024","0d1a483ebd4773116542454b0cc1a266","0.88739453904822",184,"Fungi_4751","Ascomycota_4890","Sordariomycetes_147550",NA,NA,NA,NA
"pt2","PUF.MBO.3","PUF_MBO_03","Bird Observatory","17/06/2024","01/07/2024","42a334b44b84641c69386150c7cde441","0.975711405297424",45,"Fungi_4751","Ascomycota_4890","Leotiomycetes_147548",NA,NA,NA,NA
"pt2","PUF.MBO.3","PUF_MBO_03","Bird Observatory","17/06/2024","01/07/2024","c0899651ae378553204b1e5ea53060b9","0.621258210680944",427,"Fungi_4751","Basidiomycota_5204","Exobasidiomycetes_452283","Microstromatales_162475","Microstromatales_162475_family","Jaminaea_561108",NA
"pt2","PUF.MBO.3","PUF_MBO_03","Bird Observatory","17/06/2024","01/07/2024","0654cc62f2b2d1f6652ba8acca4ba9fb","0.959194747463117",36,"Fungi_4751","Basidiomycota_5204","Exobasidiomycetes_452283","Microstromatales_162475","Microstromatales_162475_family","Jaminaea_561108",NA
"pt2","PUF.MBO.3","PUF_MBO_03","Bird Observatory","17/06/2024","01/07/2024","efe1ce8e8d1b9cdb5da01eb790e3abcc","0.499999775441608",131,"Fungi_4751","Basidiomycota_5204","Microbotryomycetes_162481","Sporidiobolales_231213","Sporidiobolaceae_1799696",NA,NA
"pt2","PUF.MBO.3","PUF_MBO_03","Bird Observatory","17/06/2024","01/07/2024","ce9e585d5196adf56f4e2c0e02e27b73","0.499999974718733",124,"Fungi_4751","Basidiomycota_5204","Microbotryomycetes_162481","Sporidiobolales_231213","Sporidiobolaceae_1799696",NA,NA
"pt2","PUF.MBO.3","PUF_MBO_03","Bird Observatory","17/06/2024","01/07/2024","efbf72a920a03347f6407072b84a43f9","0.999459556668486",287,"Fungi_4751","Basidiomycota_5204","Agaricomycetes_155619","Russulales_452342","Peniophoraceae_103393","Peniophora_40463","Peniophora_lycii_154539"
"pt2","PUF.MBO.3","PUF_MBO_03","Bird Observatory","17/06/2024","01/07/2024","5f907557675481632654c893c4e319d5","0.369832764629548",93,"Fungi_4751","Ascomycota_4890","Dothideomycetes_147541","Cladosporiales_2726946","Cladosporiaceae_452563","Cladosporium_5498","Cladosporium_bruhnei_450181"
"pt2","PUF.MBO.3","PUF_MBO_03","Bird Observatory","17/06/2024","01/07/2024","c38372039005405c2e6443c3d3488d49","0.571355839189392",37,"Fungi_4751","Ascomycota_4890","Dothideomycetes_147541","Cladosporiales_2726946","Cladosporiaceae_452563","Cladosporium_5498","Cladosporium_bruhnei_450181"
"pt2","PUF.MBO.3","PUF_MBO_03","Bird Observatory","17/06/2024","01/07/2024","757ecae2e601e8cb8f983ac712833b60","0.662704638933771",176,"Fungi_4751","Ascomycota_4890","Sordariomycetes_147550",NA,NA,NA,NA
"pt2","PUF.MBO.3","PUF_MBO_03","Bird Observatory","17/06/2024","01/07/2024","8187787e018ce4815342f12d65ff7dc8","0.464733719684335",375,"Fungi_4751","Ascomycota_4890","Sordariomycetes_147550",NA,NA,NA,NA
"pt2","PUF.MBO.3","PUF_MBO_03","Bird Observatory","17/06/2024","01/07/2024","aec35e427b95f1cbf2c6d6503e172a4f","0.279152099836879",42,"Fungi_4751","Ascomycota_4890",NA,NA,NA,NA,NA
"pt2","PUF.MBO.3","PUF_MBO_03","Bird Observatory","17/06/2024","01/07/2024","e3625b78fc7d223a7bce189dca39f019","0.931434102040716",36,"Fungi_4751","Ascomycota_4890","Dothideomycetes_147541","Pleosporales_92860","Shiraiaceae_224418","Shiraia_224419","Shiraia_bambusicola_224420"
"pt2","PUF.MBO.3","PUF_MBO_03","Bird Observatory","17/06/2024","01/07/2024","855c2fab8cc20bbb6ccd9f90e7c5baff","0.468910821012382",117,"Fungi_4751","Ascomycota_4890","Leotiomycetes_147548",NA,NA,NA,NA
"pt2","PUF.MBO.3","PUF_MBO_03","Bird Observatory","17/06/2024","01/07/2024","ddfd319f3d88ba3067d804c949cf1f1a","0.436151395675201",64,"Fungi_4751","Ascomycota_4890",NA,NA,NA,NA,NA
"pt2","PUF.MBO.3","PUF_MBO_03","Bird Observatory","17/06/2024","01/07/2024","642854138974ac1f17c516d6d9126a06","0.563204436745299",58,"Fungi_4751","Ascomycota_4890","Leotiomycetes_147548",NA,NA,NA,NA
"pt2","PUF.MBO.3","PUF_MBO_03","Bird Observatory","17/06/2024","01/07/2024","d18250f4b25f36c6ecb13a4d7908ce6a","0.786395320236942",47,"Fungi_4751","Ascomycota_4890","Sordariomycetes_147550","Hypocreales_5125",NA,NA,NA
"pt2","PUF.MBO.3","PUF_MBO_03","Bird Observatory","17/06/2024","01/07/2024","3ec6c70146470fd90a7e8c43e51707c1","0.533755848319252",69,"Fungi_4751","Ascomycota_4890","Sordariomycetes_147550",NA,NA,NA,NA
"pt2","PUF.MBO.3","PUF_MBO_03","Bird Observatory","17/06/2024","01/07/2024","661dd3221faca2cc45ae8c60bcb085f7","0.499999956075045",36,"Fungi_4751","Basidiomycota_5204","Microbotryomycetes_162481","Sporidiobolales_231213","Sporidiobolaceae_1799696",NA,NA
"pt2","PUF.MBO.3","PUF_MBO_03","Bird Observatory","17/06/2024","01/07/2024","8a2f9f7bc04cad6c0d8f0ff8e9210290","0.499999854453931",41,"Fungi_4751","Basidiomycota_5204","Microbotryomycetes_162481","Sporidiobolales_231213","Sporidiobolaceae_1799696",NA,NA
"pt2","PUF.MBO.3","PUF_MBO_03","Bird Observatory","17/06/2024","01/07/2024","c188bae2ea531ea23b6e9697d793e886","0.499999928585315",34,"Fungi_4751","Basidiomycota_5204","Microbotryomycetes_162481","Sporidiobolales_231213","Sporidiobolaceae_1799696",NA,NA
"pt2","PUF.MBO.3","PUF_MBO_03","Bird Observatory","17/06/2024","01/07/2024","fdec9ef456c290ecd2e48ed0edbbf8f0","0.999201158238705",34,"Fungi_4751","Ascomycota_4890","Leotiomycetes_147548",NA,NA,NA,NA
"pt2","PUF.MBO.3","PUF_MBO_03","Bird Observatory","17/06/2024","01/07/2024","6a6cea84fad711c9cce5a727d388e1c1","0.991786570915145",50,"Fungi_4751","Ascomycota_4890","Leotiomycetes_147548",NA,NA,NA,NA
"pt2","PUF.MBO.3","PUF_MBO_03","Bird Observatory","17/06/2024","01/07/2024","4f5c86af8c037915762e6e324fb7d178","0.992415079440296",40,"Fungi_4751","Ascomycota_4890","Leotiomycetes_147548",NA,NA,NA,NA
"pt2","PUF.MBO.3","PUF_MBO_03","Bird Observatory","17/06/2024","01/07/2024","e6a5d465c0e92eb61139c146390b326f","0.819474011112641",180,"Fungi_4751","Basidiomycota_5204","Exobasidiomycetes_452283","Microstromatales_162475","Microstromatales_162475_family","Jaminaea_561108",NA
"pt2","PUF.MBO.3","PUF_MBO_03","Bird Observatory","17/06/2024","01/07/2024","ebfa25410fd451e2ddb8081ce1f7531a","0.999999933485585",139,"Metazoa_33208","Arthropoda_6656","Arachnida_6854","Araneae_6893","Philodromidae_243501","Philodromus_336567","Philodromus_rufus_336570"
"pt2","PUF.MBO.3","PUF_MBO_03","Bird Observatory","17/06/2024","01/07/2024","e73053a3db05eef48a1c8e59ceae02bf","0.999999999760803",47,"Metazoa_33208","Arthropoda_6656","Arachnida_6854","Mesostigmata_34634","Phytoseiidae_34636","Typhlodromips_756256",NA
"pt2","PUF.MBO.10","PUF_MBO_10","Bird Observatory","23/09/2024","07/10/2024","0c11abb10ca8c4ca6a9466f89d510f2e","0.907238614804815",800,"Metazoa_33208","Arthropoda_6656","Insecta_50557","Hemiptera_7524","Pentatomidae_160513","Glypsus_-21471","Glypsus_conspicuus_-21472"
"pt2","PUF.MBO.10","PUF_MBO_10","Bird Observatory","23/09/2024","07/10/2024","589974931988706a852f1bb2c5aa12dc","0.814574741442148",372,"Fungi_4751","Basidiomycota_5204","Exobasidiomycetes_452283","Microstromatales_162475","Microstromatales_162475_family","Jaminaea_561108",NA
"pt2","PUF.MBO.10","PUF_MBO_10","Bird Observatory","23/09/2024","07/10/2024","f7718bbdbd503a21d2692b3b333490cb","0.55302161898262",473,"Fungi_4751","Basidiomycota_5204","Exobasidiomycetes_452283","Microstromatales_162475","Microstromatales_162475_family","Jaminaea_561108",NA
"pt2","PUF.MBO.10","PUF_MBO_10","Bird Observatory","23/09/2024","07/10/2024","eec2170a8f2d0cd7dc3a18841a1ea5c7","0.999999999699554",481,"Fungi_4751","Basidiomycota_5204","Exobasidiomycetes_452283","Microstromatales_162475",NA,NA,NA
"pt2","PUF.MBO.10","PUF_MBO_10","Bird Observatory","23/09/2024","07/10/2024","afb94828a83235f617d67b54fe89fe79","0.373408909311144",232,"Fungi_4751","Basidiomycota_5204","Pucciniomycetes_162484","Pucciniales_5258","Melampsoraceae_5259","Melampsora_5260","Melampsora_medusae_82101"
"pt2","PUF.MBO.10","PUF_MBO_10","Bird Observatory","23/09/2024","07/10/2024","b43d19c6734061aba20cde4334b0c772","0.933623859448047",593,"Fungi_4751","Ascomycota_4890","Dothideomycetes_147541","Cladosporiales_2726946","Cladosporiaceae_452563","Cladosporium_5498","Cladosporium_bruhnei_450181"
"pt2","PUF.MBO.10","PUF_MBO_10","Bird Observatory","23/09/2024","07/10/2024","bec08d51eb66022d7172c03768d5fd5d","0.937210778414611",506,"Fungi_4751","Ascomycota_4890","Dothideomycetes_147541","Cladosporiales_2726946","Cladosporiaceae_452563","Cladosporium_5498","Cladosporium_cladosporioides_29917"
"pt2","PUF.MBO.10","PUF_MBO_10","Bird Observatory","23/09/2024","07/10/2024","0d1a483ebd4773116542454b0cc1a266","0.88739453904822",185,"Fungi_4751","Ascomycota_4890","Sordariomycetes_147550",NA,NA,NA,NA
"pt2","PUF.MBO.10","PUF_MBO_10","Bird Observatory","23/09/2024","07/10/2024","a4ce6cfe96b9ce0ad304803934790435","0.505582624946131",179,"Fungi_4751","Basidiomycota_5204","Exobasidiomycetes_452283","Microstromatales_162475",NA,NA,NA
"pt2","PUF.MBO.10","PUF_MBO_10","Bird Observatory","23/09/2024","07/10/2024","42a334b44b84641c69386150c7cde441","0.975711405297424",77,"Fungi_4751","Ascomycota_4890","Leotiomycetes_147548",NA,NA,NA,NA
"pt2","PUF.MBO.10","PUF_MBO_10","Bird Observatory","23/09/2024","07/10/2024","5580961b9a41be03abce5562553ec49c","0.419336811656045",43,"Metazoa_33208","Arthropoda_6656","Arachnida_6854",NA,NA,NA,NA
"pt2","PUF.MBO.10","PUF_MBO_10","Bird Observatory","23/09/2024","07/10/2024","e46a578b0e29ecec00b1077904a0e397","0.499999714525752",69,"Fungi_4751","Basidiomycota_5204","Microbotryomycetes_162481","Sporidiobolales_231213","Sporidiobolaceae_1799696",NA,NA
"pt2","PUF.MBO.10","PUF_MBO_10","Bird Observatory","23/09/2024","07/10/2024","c684f602961d1fa707824757cb55af21","0.980027983287282",164,"Fungi_4751","Ascomycota_4890","Leotiomycetes_147548",NA,NA,NA,NA
"pt2","PUF.MBO.10","PUF_MBO_10","Bird Observatory","23/09/2024","07/10/2024","d6626a1d124518b308f9a8879b48cdbf","0.594898914748369",56,"Fungi_4751","Basidiomycota_5204",NA,NA,NA,NA,NA
"pt2","PUF.MBO.10","PUF_MBO_10","Bird Observatory","23/09/2024","07/10/2024","efe1ce8e8d1b9cdb5da01eb790e3abcc","0.499999775441608",123,"Fungi_4751","Basidiomycota_5204","Microbotryomycetes_162481","Sporidiobolales_231213","Sporidiobolaceae_1799696",NA,NA
"pt2","PUF.MBO.10","PUF_MBO_10","Bird Observatory","23/09/2024","07/10/2024","e07e46d7aafd4deecdc6327a714c759c","0.946704056119496",86,"Fungi_4751","Ascomycota_4890","Leotiomycetes_147548",NA,NA,NA,NA
"pt2","PUF.MBO.10","PUF_MBO_10","Bird Observatory","23/09/2024","07/10/2024","81c40f150ea7abd71722b5bb5394c944","0.884292955825016",31,"Fungi_4751","Ascomycota_4890","Sordariomycetes_147550","Hypocreales_5125",NA,NA,NA
"pt2","PUF.MBO.10","PUF_MBO_10","Bird Observatory","23/09/2024","07/10/2024","d42852543b1b05a1a1b572eec4ea5da2","0.408956436412255",59,"Metazoa_33208","Arthropoda_6656","Arachnida_6854",NA,NA,NA,NA
"pt2","PUF.MBO.10","PUF_MBO_10","Bird Observatory","23/09/2024","07/10/2024","18afda2e4c3b03e088538500a42aa706","0.14863927909265",47,"Metazoa_33208","Cnidaria_6073",NA,NA,NA,NA,NA
"pt2","PUF.MBO.10","PUF_MBO_10","Bird Observatory","23/09/2024","07/10/2024","efbf72a920a03347f6407072b84a43f9","0.999459556668486",1792,"Fungi_4751","Basidiomycota_5204","Agaricomycetes_155619","Russulales_452342","Peniophoraceae_103393","Peniophora_40463","Peniophora_lycii_154539"
"pt2","PUF.MBO.10","PUF_MBO_10","Bird Observatory","23/09/2024","07/10/2024","24e6afde065c6d5c729886e1ee63f7ad","0.499999972166463",111,"Fungi_4751","Basidiomycota_5204","Microbotryomycetes_162481","Sporidiobolales_231213","Sporidiobolaceae_1799696",NA,NA
"pt2","PUF.MBO.10","PUF_MBO_10","Bird Observatory","23/09/2024","07/10/2024","cc71aa32d19418d8afe27f4faece796a","0.499999990069191",34,"Fungi_4751","Basidiomycota_5204","Microbotryomycetes_162481","Sporidiobolales_231213","Sporidiobolaceae_1799696",NA,NA
"pt2","PUF.MBO.10","PUF_MBO_10","Bird Observatory","23/09/2024","07/10/2024","1707a862b6008f3300fce7e049d883fd","0.702568988665005",28,"Fungi_4751","Ascomycota_4890","Sordariomycetes_147550",NA,NA,NA,NA
"pt2","PUF.MBO.10","PUF_MBO_10","Bird Observatory","23/09/2024","07/10/2024","2f13f121577313e78366e6a1423c94fb","0.967606140881254",28,"Fungi_4751","Ascomycota_4890","Dothideomycetes_147541","Pleosporales_92860","Shiraiaceae_224418","Shiraia_224419","Shiraia_bambusicola_224420"
"pt2","PUF.MBO.10","PUF_MBO_10","Bird Observatory","23/09/2024","07/10/2024","d3818391d7f0c7a44c0f4151474788c2","0.656932599669466",41,"Fungi_4751","Basidiomycota_5204","Tremellomycetes_155616","Tremellales_5234","Bulleribasidiaceae_1884640","Dioszegia_165440","Dioszegia_changbaiensis_234950"
"pt2","PUF.MBO.10","PUF_MBO_10","Bird Observatory","23/09/2024","07/10/2024","2be70548ccb3ed8ab829b8c6d65458f6","0.999923910543316",49,"Fungi_4751","Ascomycota_4890","Leotiomycetes_147548",NA,NA,NA,NA
"pt2","PUF.MBO.10","PUF_MBO_10","Bird Observatory","23/09/2024","07/10/2024","c0845ec1f27ccc8ecd4a26796ea56950","0.499999983202442",44,"Fungi_4751","Basidiomycota_5204","Microbotryomycetes_162481","Sporidiobolales_231213","Sporidiobolaceae_1799696",NA,NA
"pt2","PUF.MBO.10","PUF_MBO_10","Bird Observatory","23/09/2024","07/10/2024","9120a8bbdc5d8261589ee9e90f0509a9","0.158530216682823",50,"Fungi_4751","Basidiomycota_5204","Agaricomycetes_155619","Boletales_68889","Boletaceae_5368","Tylopilus_80671","Tylopilus_plumbeoviolaceoides_374766"
"pt2","PUF.MBO.10","PUF_MBO_10","Bird Observatory","23/09/2024","07/10/2024","fffee20f2e55a93f20f18addabd5dbbd","0.499999986638762",40,"Fungi_4751","Basidiomycota_5204","Microbotryomycetes_162481","Sporidiobolales_231213","Sporidiobolaceae_1799696",NA,NA
"pt2","PUF.MBO.10","PUF_MBO_10","Bird Observatory","23/09/2024","07/10/2024","757ecae2e601e8cb8f983ac712833b60","0.662704638933771",51,"Fungi_4751","Ascomycota_4890","Sordariomycetes_147550",NA,NA,NA,NA
"pt2","PUF.MBO.10","PUF_MBO_10","Bird Observatory","23/09/2024","07/10/2024","a1f6d38048d4358acff81fd1db53a7ec","0.769505472265296",42,"Fungi_4751","Ascomycota_4890","Leotiomycetes_147548",NA,NA,NA,NA
"pt2","PUF.MBO.10","PUF_MBO_10","Bird Observatory","23/09/2024","07/10/2024","aec35e427b95f1cbf2c6d6503e172a4f","0.279152099836879",34,"Fungi_4751","Ascomycota_4890",NA,NA,NA,NA,NA
"pt2","PUF.MBO.10","PUF_MBO_10","Bird Observatory","23/09/2024","07/10/2024","69a8a7322bd45f64630dcc355a1e5114","0.805478636501538",52,"Fungi_4751","Basidiomycota_5204","Agaricomycetes_155619","Polyporales_5303","Polyporaceae_5317","Picipes_1871912","Picipes_badius_196231"
"pt2","PUF.MBO.10","PUF_MBO_10","Bird Observatory","23/09/2024","07/10/2024","bcf59b4926413543b3fb02800d2d5b80","0.999999999844206",309,"Eukaryota_2759_kingdom","Oomycota_4762","Oomycota_4762_class","Peronosporales_4776","Peronosporaceae_4777","Plasmopara_4780","Plasmopara_carveri_3350122"
"pt2","PUF.MBO.10","PUF_MBO_10","Bird Observatory","23/09/2024","07/10/2024","0bc004d35f205c438a2e00b301c91f16","0.73431778769337",97,"Fungi_4751","Basidiomycota_5204","Exobasidiomycetes_452283","Microstromatales_162475","Microstromatales_162475_family","Jaminaea_561108",NA
"pt2","PUF.MBO.10","PUF_MBO_10","Bird Observatory","23/09/2024","07/10/2024","ef85e5e16cecdd130844e947c839626f","0.999995707971083",31,"Eukaryota_2759_kingdom","Oomycota_4762","Oomycota_4762_class","Peronosporales_4776","Peronosporaceae_4777","Peronospora_70742","Peronospora_variabilis_162102"
"pt2","PUF.MBO.10","PUF_MBO_10","Bird Observatory","23/09/2024","07/10/2024","0ba7f6bb10f8942755a4f712e7edd234","0.652448760589441",33,"Metazoa_33208","Arthropoda_6656","Arachnida_6854",NA,NA,NA,NA
"pt2","PUF.MBO.10","PUF_MBO_10","Bird Observatory","23/09/2024","07/10/2024","ddfd319f3d88ba3067d804c949cf1f1a","0.436151395675201",169,"Fungi_4751","Ascomycota_4890",NA,NA,NA,NA,NA
"pt2","PUF.MBO.10","PUF_MBO_10","Bird Observatory","23/09/2024","07/10/2024","7f182575baad2d44cbddc0244753a1f5","0.999999999346173",103,"Eukaryota_2759_kingdom","Oomycota_4762","Oomycota_4762_class","Peronosporales_4776","Peronosporaceae_4777","Plasmopara_4780","Plasmopara_carveri_3350122"
"pt2","PUF.MBO.10","PUF_MBO_10","Bird Observatory","23/09/2024","07/10/2024","501fafaee6092a370c3ac12cef546d67","0.221879741735925",38,"Metazoa_33208","Arthropoda_6656","Insecta_50557","Hemiptera_7524",NA,NA,NA
"pt2","PUF.MBO.10","PUF_MBO_10","Bird Observatory","23/09/2024","07/10/2024","7ae6d7c02b568d40834a2318158b0f30","0.173666656623669",37,"Fungi_4751","Basidiomycota_5204","Agaricomycetes_155619","Boletales_68889","Boletaceae_5368","Aureoboletus_285022",NA
"pt2","PUF.MBO.10","PUF_MBO_10","Bird Observatory","23/09/2024","07/10/2024","4b45fd7b9c8527ee41f5dd75da4b055a","0.605544623985503",30,"Fungi_4751","Ascomycota_4890","Sordariomycetes_147550",NA,NA,NA,NA
"pt2","PUF.MBO.10","PUF_MBO_10","Bird Observatory","23/09/2024","07/10/2024","7504dd25fe8af5b504b31af89e9daecf","0.578460262801856",26,"Metazoa_33208","Cnidaria_6073",NA,NA,NA,NA,NA
"pt2","PUF.MBO.10","PUF_MBO_10","Bird Observatory","23/09/2024","07/10/2024","611d30603ff818caf45a371a461eb3b2","0.384073404668283",34,"Metazoa_33208","Arthropoda_6656","Arachnida_6854",NA,NA,NA,NA
"pt2","PUF.MBO.10","PUF_MBO_10","Bird Observatory","23/09/2024","07/10/2024","3590c14c4cc09e8263d95f1dec7d20e0","0.499999969876221",163,"Fungi_4751","Basidiomycota_5204","Microbotryomycetes_162481","Sporidiobolales_231213","Sporidiobolaceae_1799696",NA,NA
"pt2","PUF.MBO.10","PUF_MBO_10","Bird Observatory","23/09/2024","07/10/2024","baa0e4854e235b890cf7934181065df8","0.499999997952826",196,"Fungi_4751","Basidiomycota_5204","Microbotryomycetes_162481","Sporidiobolales_231213","Sporidiobolaceae_1799696",NA,NA
"pt2","PUF.MBO.10","PUF_MBO_10","Bird Observatory","23/09/2024","07/10/2024","6b24ed851315b703a462ca54029e8612","0.295618939421258",26,"Metazoa_33208","Arthropoda_6656",NA,NA,NA,NA,NA
"pt2","PUF.MBO.10","PUF_MBO_10","Bird Observatory","23/09/2024","07/10/2024","96a0494384879f88e0d938e425ffa548","0.925269994595556",43,"Fungi_4751","Ascomycota_4890","Sordariomycetes_147550",NA,NA,NA,NA
"pt2","PUF.MBO.10","PUF_MBO_10","Bird Observatory","23/09/2024","07/10/2024","49cf6a7d018648e2dbb51f35d7b8705c","0.738193797011805",40,"Fungi_4751","Ascomycota_4890","Sordariomycetes_147550","Hypocreales_5125","Nectriaceae_110618","Fusarium_5506","Fusarium_babinda_48486"
"pt2","PUF.MBO.10","PUF_MBO_10","Bird Observatory","23/09/2024","07/10/2024","3c774f87323835c77a7cbcd97995646e","0.405201385386753",44,"Metazoa_33208","Arthropoda_6656","Arachnida_6854",NA,NA,NA,NA
"pt2","PUF.MBO.10","PUF_MBO_10","Bird Observatory","23/09/2024","07/10/2024","8ac578304ab297e85e19111beccd2703","0.893392029399727",69,"Fungi_4751","Ascomycota_4890","Leotiomycetes_147548",NA,NA,NA,NA
"pt2","PUF.MBO.10","PUF_MBO_10","Bird Observatory","23/09/2024","07/10/2024","d0d314dd2ed9e0fd15eb7d3c8e5b509b","0.746127913003996",39,"Fungi_4751","Ascomycota_4890","Sordariomycetes_147550","Hypocreales_5125",NA,NA,NA
"pt2","PUF.MBO.10","PUF_MBO_10","Bird Observatory","23/09/2024","07/10/2024","671b90234aa8cf1b0f0497a2e9fbdb8e","0.257469202970118",38,"Metazoa_33208","Arthropoda_6656","Arachnida_6854",NA,NA,NA,NA
"pt2","PUF.MBO.10","PUF_MBO_10","Bird Observatory","23/09/2024","07/10/2024","79239099fdfdd8c4dd6ac51aa7a02c0d","0.553739398366554",33,"Fungi_4751","Ascomycota_4890","Leotiomycetes_147548",NA,NA,NA,NA
"pt2","PUF.MBO.10","PUF_MBO_10","Bird Observatory","23/09/2024","07/10/2024","3b4f8396ddf6248f5718dba3c098c864","0.29814634330592",32,"Metazoa_33208","Arthropoda_6656","Insecta_50557","Hemiptera_7524",NA,NA,NA
"pt2","PUF.MBO.10","PUF_MBO_10","Bird Observatory","23/09/2024","07/10/2024","9cdcd500d80e8579d55e4deb3128073b","0.996764239102915",28,"Fungi_4751","Basidiomycota_5204","Agaricomycetes_155619","Agaricales_5338","Clitocybaceae_2982168",NA,NA
"pt2","PUF.MBO.10","PUF_MBO_10","Bird Observatory","23/09/2024","07/10/2024","2e0cf84772a953e9a4cceeb6e9bf0cb9","0.755279992741409",27,"Metazoa_33208","Arthropoda_6656","Arachnida_6854",NA,NA,NA,NA
"pt2","PUF.MBO.5","PUF_MBO_05","Bird Observatory","15/07/2024","29/07/2024","0c11abb10ca8c4ca6a9466f89d510f2e","0.907238614804815",368,"Metazoa_33208","Arthropoda_6656","Insecta_50557","Hemiptera_7524","Pentatomidae_160513","Glypsus_-21471","Glypsus_conspicuus_-21472"
"pt2","PUF.MBO.5","PUF_MBO_05","Bird Observatory","15/07/2024","29/07/2024","589974931988706a852f1bb2c5aa12dc","0.814574741442148",1306,"Fungi_4751","Basidiomycota_5204","Exobasidiomycetes_452283","Microstromatales_162475","Microstromatales_162475_family","Jaminaea_561108",NA
"pt2","PUF.MBO.5","PUF_MBO_05","Bird Observatory","15/07/2024","29/07/2024","f7718bbdbd503a21d2692b3b333490cb","0.55302161898262",395,"Fungi_4751","Basidiomycota_5204","Exobasidiomycetes_452283","Microstromatales_162475","Microstromatales_162475_family","Jaminaea_561108",NA
"pt2","PUF.MBO.5","PUF_MBO_05","Bird Observatory","15/07/2024","29/07/2024","eec2170a8f2d0cd7dc3a18841a1ea5c7","0.999999999699554",2577,"Fungi_4751","Basidiomycota_5204","Exobasidiomycetes_452283","Microstromatales_162475",NA,NA,NA
"pt2","PUF.MBO.5","PUF_MBO_05","Bird Observatory","15/07/2024","29/07/2024","b43d19c6734061aba20cde4334b0c772","0.933623859448047",560,"Fungi_4751","Ascomycota_4890","Dothideomycetes_147541","Cladosporiales_2726946","Cladosporiaceae_452563","Cladosporium_5498","Cladosporium_bruhnei_450181"
"pt2","PUF.MBO.5","PUF_MBO_05","Bird Observatory","15/07/2024","29/07/2024","bec08d51eb66022d7172c03768d5fd5d","0.937210778414611",111,"Fungi_4751","Ascomycota_4890","Dothideomycetes_147541","Cladosporiales_2726946","Cladosporiaceae_452563","Cladosporium_5498","Cladosporium_cladosporioides_29917"
"pt2","PUF.MBO.5","PUF_MBO_05","Bird Observatory","15/07/2024","29/07/2024","0d1a483ebd4773116542454b0cc1a266","0.88739453904822",243,"Fungi_4751","Ascomycota_4890","Sordariomycetes_147550",NA,NA,NA,NA
"pt2","PUF.MBO.5","PUF_MBO_05","Bird Observatory","15/07/2024","29/07/2024","42a334b44b84641c69386150c7cde441","0.975711405297424",88,"Fungi_4751","Ascomycota_4890","Leotiomycetes_147548",NA,NA,NA,NA
"pt2","PUF.MBO.5","PUF_MBO_05","Bird Observatory","15/07/2024","29/07/2024","5580961b9a41be03abce5562553ec49c","0.419336811656045",67,"Metazoa_33208","Arthropoda_6656","Arachnida_6854",NA,NA,NA,NA
"pt2","PUF.MBO.5","PUF_MBO_05","Bird Observatory","15/07/2024","29/07/2024","c0899651ae378553204b1e5ea53060b9","0.621258210680944",144,"Fungi_4751","Basidiomycota_5204","Exobasidiomycetes_452283","Microstromatales_162475","Microstromatales_162475_family","Jaminaea_561108",NA
"pt2","PUF.MBO.5","PUF_MBO_05","Bird Observatory","15/07/2024","29/07/2024","8277aef53dee13c182babc116a100648","0.407898027838656",65,"Fungi_4751","Ascomycota_4890","Leotiomycetes_147548",NA,NA,NA,NA
"pt2","PUF.MBO.5","PUF_MBO_05","Bird Observatory","15/07/2024","29/07/2024","e07e46d7aafd4deecdc6327a714c759c","0.946704056119496",69,"Fungi_4751","Ascomycota_4890","Leotiomycetes_147548",NA,NA,NA,NA
"pt2","PUF.MBO.5","PUF_MBO_05","Bird Observatory","15/07/2024","29/07/2024","922c407078b43f634da20b2e149c57c5","0.973530600220828",51,"Fungi_4751","Ascomycota_4890","Leotiomycetes_147548",NA,NA,NA,NA
"pt2","PUF.MBO.5","PUF_MBO_05","Bird Observatory","15/07/2024","29/07/2024","efbf72a920a03347f6407072b84a43f9","0.999459556668486",235,"Fungi_4751","Basidiomycota_5204","Agaricomycetes_155619","Russulales_452342","Peniophoraceae_103393","Peniophora_40463","Peniophora_lycii_154539"
"pt2","PUF.MBO.5","PUF_MBO_05","Bird Observatory","15/07/2024","29/07/2024","5f907557675481632654c893c4e319d5","0.369832764629548",51,"Fungi_4751","Ascomycota_4890","Dothideomycetes_147541","Cladosporiales_2726946","Cladosporiaceae_452563","Cladosporium_5498","Cladosporium_bruhnei_450181"
"pt2","PUF.MBO.5","PUF_MBO_05","Bird Observatory","15/07/2024","29/07/2024","757ecae2e601e8cb8f983ac712833b60","0.662704638933771",581,"Fungi_4751","Ascomycota_4890","Sordariomycetes_147550",NA,NA,NA,NA
"pt2","PUF.MBO.5","PUF_MBO_05","Bird Observatory","15/07/2024","29/07/2024","8187787e018ce4815342f12d65ff7dc8","0.464733719684335",111,"Fungi_4751","Ascomycota_4890","Sordariomycetes_147550",NA,NA,NA,NA
"pt2","PUF.MBO.5","PUF_MBO_05","Bird Observatory","15/07/2024","29/07/2024","aec35e427b95f1cbf2c6d6503e172a4f","0.279152099836879",49,"Fungi_4751","Ascomycota_4890",NA,NA,NA,NA,NA
"pt2","PUF.MBO.5","PUF_MBO_05","Bird Observatory","15/07/2024","29/07/2024","855c2fab8cc20bbb6ccd9f90e7c5baff","0.468910821012382",731,"Fungi_4751","Ascomycota_4890","Leotiomycetes_147548",NA,NA,NA,NA
"pt2","PUF.MBO.5","PUF_MBO_05","Bird Observatory","15/07/2024","29/07/2024","d1f498b407238a672962bbedb106f9f0","0.996186623095339",51,"Metazoa_33208","Arthropoda_6656","Insecta_50557","Hemiptera_7524","Pentatomidae_160513","Rhacognathus_1545358","Rhacognathus_americanus_-21479"
"pt2","PUF.MBO.5","PUF_MBO_05","Bird Observatory","15/07/2024","29/07/2024","a94d5933f8cbed393e5699f4e53e8c13","0.789996524728913",84,"Fungi_4751","Ascomycota_4890","Sordariomycetes_147550",NA,NA,NA,NA
"pt2","PUF.MBO.5","PUF_MBO_05","Bird Observatory","15/07/2024","29/07/2024","f5b52ca90051186887f31471252589a8","0.999989961640743",55,"Metazoa_33208","Mollusca_6447","Gastropoda_6448","Stylommatophora_6527","Succineidae_73114","Succinea_145426","Succinea_putris_145427"
"pt2","PUF.MBO.5","PUF_MBO_05","Bird Observatory","15/07/2024","29/07/2024","1c27f3ae13d261647cc06b22324e6df8","0.695260638376207",135,"Fungi_4751","Basidiomycota_5204","Exobasidiomycetes_452283","Microstromatales_162475","Microstromatales_162475_family","Jaminaea_561108",NA
"pt2","PUF.MBO.5","PUF_MBO_05","Bird Observatory","15/07/2024","29/07/2024","9369291b6ed49e558cd099ab7427cc81","0.994766198205071",8556,"Metazoa_33208","Arthropoda_6656","Insecta_50557","Lepidoptera_7088","Tortricidae_7139","Choristoneura_7140","Choristoneura_rosaceana_27543"
"pt2","PUF.MBO.5","PUF_MBO_05","Bird Observatory","15/07/2024","29/07/2024","edd50165a27cbccef564d78ce131353f","0.417933242733759",45,"Fungi_4751","Basidiomycota_5204","Tremellomycetes_155616","Tremellales_5234","Bulleribasidiaceae_1884640","Dioszegia_165440","Dioszegia_changbaiensis_234950"
"pt2","Ins.Top","Insectarium_Up","Insectarium","10/11/2025","24/11/2025","ee887797d543eb5bca70685a80448f33","0.999999999833875",1884,"Metazoa_33208","Arthropoda_6656","Arachnida_6854","Sarcoptiformes_83137","Acaridae_41442","Tyrophagus_41443","Tyrophagus_putrescentiae_59818"
"pt2","PUF.IPEX.2","PUF_IPEX_02","IPEX","29/05/2024","12/06/2024","0c11abb10ca8c4ca6a9466f89d510f2e","0.907238614804815",90,"Metazoa_33208","Arthropoda_6656","Insecta_50557","Hemiptera_7524","Pentatomidae_160513","Glypsus_-21471","Glypsus_conspicuus_-21472"
"pt2","PUF.IPEX.2","PUF_IPEX_02","IPEX","29/05/2024","12/06/2024","eec2170a8f2d0cd7dc3a18841a1ea5c7","0.999999999699554",79,"Fungi_4751","Basidiomycota_5204","Exobasidiomycetes_452283","Microstromatales_162475",NA,NA,NA
"pt2","PUF.IPEX.2","PUF_IPEX_02","IPEX","29/05/2024","12/06/2024","b43d19c6734061aba20cde4334b0c772","0.933623859448047",705,"Fungi_4751","Ascomycota_4890","Dothideomycetes_147541","Cladosporiales_2726946","Cladosporiaceae_452563","Cladosporium_5498","Cladosporium_bruhnei_450181"
"pt2","PUF.IPEX.2","PUF_IPEX_02","IPEX","29/05/2024","12/06/2024","0d1a483ebd4773116542454b0cc1a266","0.88739453904822",70,"Fungi_4751","Ascomycota_4890","Sordariomycetes_147550",NA,NA,NA,NA
"pt2","PUF.IPEX.2","PUF_IPEX_02","IPEX","29/05/2024","12/06/2024","0654cc62f2b2d1f6652ba8acca4ba9fb","0.959194747463117",135,"Fungi_4751","Basidiomycota_5204","Exobasidiomycetes_452283","Microstromatales_162475","Microstromatales_162475_family","Jaminaea_561108",NA
"pt2","PUF.IPEX.2","PUF_IPEX_02","IPEX","29/05/2024","12/06/2024","18afda2e4c3b03e088538500a42aa706","0.14863927909265",43,"Metazoa_33208","Cnidaria_6073",NA,NA,NA,NA,NA
"pt2","PUF.IPEX.2","PUF_IPEX_02","IPEX","29/05/2024","12/06/2024","efbf72a920a03347f6407072b84a43f9","0.999459556668486",253,"Fungi_4751","Basidiomycota_5204","Agaricomycetes_155619","Russulales_452342","Peniophoraceae_103393","Peniophora_40463","Peniophora_lycii_154539"
"pt2","PUF.IPEX.2","PUF_IPEX_02","IPEX","29/05/2024","12/06/2024","1707a862b6008f3300fce7e049d883fd","0.702568988665005",18,"Fungi_4751","Ascomycota_4890","Sordariomycetes_147550",NA,NA,NA,NA
"pt2","PUF.IPEX.2","PUF_IPEX_02","IPEX","29/05/2024","12/06/2024","5aed11ba544c173021f3e6b6409a1d21","0.991137813442884",29,"Fungi_4751","Ascomycota_4890","Sordariomycetes_147550",NA,NA,NA,NA
"pt2","PUF.IPEX.2","PUF_IPEX_02","IPEX","29/05/2024","12/06/2024","5f907557675481632654c893c4e319d5","0.369832764629548",31,"Fungi_4751","Ascomycota_4890","Dothideomycetes_147541","Cladosporiales_2726946","Cladosporiaceae_452563","Cladosporium_5498","Cladosporium_bruhnei_450181"
"pt2","PUF.IPEX.2","PUF_IPEX_02","IPEX","29/05/2024","12/06/2024","dd416ee0ba4cf3fece581c3d5905292c","0.349298685098108",39,"Metazoa_33208","Arthropoda_6656","Insecta_50557","Hymenoptera_7399",NA,NA,NA
"pt2","PUF.IPEX.2","PUF_IPEX_02","IPEX","29/05/2024","12/06/2024","98d2a53535a08812e4a0db8fc3b0c5ce","0.989750383875536",35,"Fungi_4751","Ascomycota_4890","Leotiomycetes_147548",NA,NA,NA,NA
"pt2","PUF.IPEX.2","PUF_IPEX_02","IPEX","29/05/2024","12/06/2024","a548e6067340e0dffd27606eb4f52ad6","0.350038644906683",27,"Metazoa_33208","Arthropoda_6656",NA,NA,NA,NA,NA
"pt2","PUF.IPEX.2","PUF_IPEX_02","IPEX","29/05/2024","12/06/2024","fea1a7f179d6e1a9c3d0ad473773d56f","0.314213870537051",18,"Metazoa_33208","Arthropoda_6656","Arachnida_6854",NA,NA,NA,NA
"pt2","PUF.IPEX.2","PUF_IPEX_02","IPEX","29/05/2024","12/06/2024","8187787e018ce4815342f12d65ff7dc8","0.464733719684335",302,"Fungi_4751","Ascomycota_4890","Sordariomycetes_147550",NA,NA,NA,NA
"pt2","PUF.IPEX.2","PUF_IPEX_02","IPEX","29/05/2024","12/06/2024","186655c711d9c22435d048944254d180","0.999918046946559",111,"Fungi_4751","Basidiomycota_5204","Agaricomycetes_155619","Russulales_452342","Peniophoraceae_103393","Peniophora_40463","Peniophora_lycii_154539"
"pt2","PUF.IPEX.2","PUF_IPEX_02","IPEX","29/05/2024","12/06/2024","e3625b78fc7d223a7bce189dca39f019","0.931434102040716",106,"Fungi_4751","Ascomycota_4890","Dothideomycetes_147541","Pleosporales_92860","Shiraiaceae_224418","Shiraia_224419","Shiraia_bambusicola_224420"
"pt2","PUF.IPEX.2","PUF_IPEX_02","IPEX","29/05/2024","12/06/2024","e2f909b13c3ebf8128f397a64f5faae1","0.865408471778355",75,"Fungi_4751","Basidiomycota_5204","Agaricomycetes_155619","Agaricales_5338","Psathyrellaceae_184208","Candolleomyces_2791032","Candolleomyces_candolleanus_71730"
"pt2","PUF.IPEX.2","PUF_IPEX_02","IPEX","29/05/2024","12/06/2024","e4e2c42f6b42c0e0f2e503990a5b0ea7","0.970797187989711",34,"Fungi_4751","Ascomycota_4890","Leotiomycetes_147548",NA,NA,NA,NA
"pt2","PUF.IPEX.2","PUF_IPEX_02","IPEX","29/05/2024","12/06/2024","bcf59b4926413543b3fb02800d2d5b80","0.999999999844206",148,"Eukaryota_2759_kingdom","Oomycota_4762","Oomycota_4762_class","Peronosporales_4776","Peronosporaceae_4777","Plasmopara_4780","Plasmopara_carveri_3350122"
"pt2","PUF.IPEX.2","PUF_IPEX_02","IPEX","29/05/2024","12/06/2024","02e9a719b9dab5bd47c5fa414506bceb","0.953846760547688",72,"Fungi_4751","Ascomycota_4890","Leotiomycetes_147548",NA,NA,NA,NA
"pt2","PUF.IPEX.2","PUF_IPEX_02","IPEX","29/05/2024","12/06/2024","34eab8ae3331579507f8c9b3e36d82c7","0.9999996771655",25,"Fungi_4751","Basidiomycota_5204","Agaricomycetes_155619","Russulales_452342","Peniophoraceae_103393","Peniophora_40463","Peniophora_lycii_154539"
"pt2","PUF.IPEX.2","PUF_IPEX_02","IPEX","29/05/2024","12/06/2024","e9e1a86cfe2cba496becdcea2eb45b9d","0.571050464731067",44,"Fungi_4751","Ascomycota_4890","Sordariomycetes_147550","Hypocreales_5125",NA,NA,NA
"pt2","PUF.IPEX.2","PUF_IPEX_02","IPEX","29/05/2024","12/06/2024","5ec0c4b740623cfb7faf840d836c5204","0.862890407983248",31,"Fungi_4751","Ascomycota_4890","Leotiomycetes_147548",NA,NA,NA,NA
"pt2","PUF.IPEX.2","PUF_IPEX_02","IPEX","29/05/2024","12/06/2024","60ed8a06138d911c61bed7f3f6fd672a","0.990641217654615",23,"Fungi_4751","Basidiomycota_5204","Agaricomycetes_155619","Agaricales_5338","Schizophyllaceae_5332","Schizophyllum_5333","Schizophyllum_commune_5334"
"pt2","PUF.IPEX.2","PUF_IPEX_02","IPEX","29/05/2024","12/06/2024","5be1d53751f3907ff2f5d002e6a3d716","0.915464081512389",84,"Fungi_4751","Ascomycota_4890","Leotiomycetes_147548",NA,NA,NA,NA
"pt2","PUF.IPEX.2","PUF_IPEX_02","IPEX","29/05/2024","12/06/2024","0ba7f6bb10f8942755a4f712e7edd234","0.652448760589441",32,"Metazoa_33208","Arthropoda_6656","Arachnida_6854",NA,NA,NA,NA
"pt2","PUF.IPEX.2","PUF_IPEX_02","IPEX","29/05/2024","12/06/2024","ddfd319f3d88ba3067d804c949cf1f1a","0.436151395675201",136,"Fungi_4751","Ascomycota_4890",NA,NA,NA,NA,NA
"pt2","PUF.IPEX.2","PUF_IPEX_02","IPEX","29/05/2024","12/06/2024","332d4393db73c7427984790777e06dd6","0.353990995074119",17,"Metazoa_33208","Arthropoda_6656","Arachnida_6854",NA,NA,NA,NA
"pt2","PUF.IPEX.2","PUF_IPEX_02","IPEX","29/05/2024","12/06/2024","e961ee812e814a754542db23bae2cf68","0.390753683146527",681,"Metazoa_33208","Arthropoda_6656","Arachnida_6854",NA,NA,NA,NA
"pt2","PUF.IPEX.2","PUF_IPEX_02","IPEX","29/05/2024","12/06/2024","21e486e5b0390082e16f41592cd6db47","0.208806068792897",24,"Metazoa_33208","Cnidaria_6073",NA,NA,NA,NA,NA
"pt2","PUF.IPEX.2","PUF_IPEX_02","IPEX","29/05/2024","12/06/2024","722c18bdffe5478d675afc373dfaa7f5","0.839653334836725",16,"Fungi_4751","Ascomycota_4890","Sordariomycetes_147550",NA,NA,NA,NA
"pt2","PUF.IPEX.2","PUF_IPEX_02","IPEX","29/05/2024","12/06/2024","75fb82b372f74fd349c2bc79a41c0beb","0.516427902461757",18,"Fungi_4751","Ascomycota_4890","Leotiomycetes_147548","Helotiales_5178","Helotiales_5178_family","Tetracladium_164535","Tetracladium_apiense_164536"
"pt2","PUF.IPEX.2","PUF_IPEX_02","IPEX","29/05/2024","12/06/2024","7f182575baad2d44cbddc0244753a1f5","0.999999999346173",343,"Eukaryota_2759_kingdom","Oomycota_4762","Oomycota_4762_class","Peronosporales_4776","Peronosporaceae_4777","Plasmopara_4780","Plasmopara_carveri_3350122"
"pt2","PUF.IPEX.2","PUF_IPEX_02","IPEX","29/05/2024","12/06/2024","bd29633837bcc3003dd038eac7ec33ff","0.280159842707106",99,"Fungi_4751","Basidiomycota_5204","Agaricomycetes_155619","Boletales_68889","Boletaceae_5368","Tylopilus_80671",NA
"pt2","PUF.IPEX.2","PUF_IPEX_02","IPEX","29/05/2024","12/06/2024","d1f498b407238a672962bbedb106f9f0","0.996186623095339",52,"Metazoa_33208","Arthropoda_6656","Insecta_50557","Hemiptera_7524","Pentatomidae_160513","Rhacognathus_1545358","Rhacognathus_americanus_-21479"
"pt2","PUF.IPEX.2","PUF_IPEX_02","IPEX","29/05/2024","12/06/2024","eb9b3ed29b222cdf7609b0bba85b6e6d","0.445662319416487",31,"Fungi_4751","Ascomycota_4890","Leotiomycetes_147548",NA,NA,NA,NA
"pt2","PUF.IPEX.2","PUF_IPEX_02","IPEX","29/05/2024","12/06/2024","58361fd36d93b8d6dad1be21ba9a12a0","0.416418519943832",69,"Fungi_4751","Ascomycota_4890","Leotiomycetes_147548",NA,NA,NA,NA
"pt2","PUF.IPEX.2","PUF_IPEX_02","IPEX","29/05/2024","12/06/2024","507b88a761be428a682b5bf765b03197","0.885251073908748",76,"Fungi_4751","Ascomycota_4890","Leotiomycetes_147548",NA,NA,NA,NA
"pt2","PUF.IPEX.2","PUF_IPEX_02","IPEX","29/05/2024","12/06/2024","f571f26c36d2c75c284becd3688745a6","0.747062868724804",33,"Fungi_4751","Basidiomycota_5204","Agaricomycetes_155619","Agaricales_5338","Hygrophoraceae_51005","Hygrocybe_51006",NA
"pt2","PUF.IPEX.2","PUF_IPEX_02","IPEX","29/05/2024","12/06/2024","0515edd7270e387d214f886b884d385d","0.500274876306892",17,"Fungi_4751","Ascomycota_4890","Eurotiomycetes_147545","Eurotiales_5042",NA,NA,NA
"pt2","PUF.IPEX.2","PUF_IPEX_02","IPEX","29/05/2024","12/06/2024","14dd659535a9ff79609da813b2a45bc9","0.993370711969843",39,"Fungi_4751","Ascomycota_4890","Sordariomycetes_147550",NA,NA,NA,NA
"pt2","PUF.IPEX.2","PUF_IPEX_02","IPEX","29/05/2024","12/06/2024","444f5f995c5e999b22863086e261bf8b","0.33336316850375",42,"Metazoa_33208","Arthropoda_6656","Arachnida_6854",NA,NA,NA,NA
"pt2","PUF.IPEX.2","PUF_IPEX_02","IPEX","29/05/2024","12/06/2024","9878e109f12c75ef2712c42c3588d69b","0.246829617513969",29,"Metazoa_33208","Arthropoda_6656",NA,NA,NA,NA,NA
"pt2","PUF.IPEX.2","PUF_IPEX_02","IPEX","29/05/2024","12/06/2024","2f7aafe7d72111ee3eb6e26b2b9b4e1e","0.799740100252819",18,"Fungi_4751","Ascomycota_4890",NA,NA,NA,NA,NA
"pt2","PUF.IPEX.2","PUF_IPEX_02","IPEX","29/05/2024","12/06/2024","57c0a1950dd936e09f8b187d447e9780","0.575407053506034",18,"Metazoa_33208","Arthropoda_6656","Arachnida_6854",NA,NA,NA,NA
"pt2","PUF.IPEX.2","PUF_IPEX_02","IPEX","29/05/2024","12/06/2024","084cd9f2011c2a34add996bb3d7d941c","0.752340900678358",45,"Metazoa_33208","Arthropoda_6656","Arachnida_6854",NA,NA,NA,NA
"pt2","PUF.IPEX.2","PUF_IPEX_02","IPEX","29/05/2024","12/06/2024","4916354e10b56f01558cec61ea960e29","0.654480496146084",23,"Fungi_4751","Ascomycota_4890","Dothideomycetes_147541",NA,NA,NA,NA
"pt2","PUF.IPEX.2","PUF_IPEX_02","IPEX","29/05/2024","12/06/2024","2c4dff555b2582367902ad3e38b509f4","0.411012513823327",148,"Fungi_4751","Ascomycota_4890","Sordariomycetes_147550",NA,NA,NA,NA
"pt2","PUF.IPEX.2","PUF_IPEX_02","IPEX","29/05/2024","12/06/2024","9863b2d1e6b313cff51776be45f133b7","0.849980434262164",18,"Metazoa_33208","Arthropoda_6656","Arachnida_6854","Trombidiformes_83136","Triophtydeidae_2461247","Triophytydeus_-3480",NA
"pt2","PUF.IPEX.2","PUF_IPEX_02","IPEX","29/05/2024","12/06/2024","35d19f8a619c813a36d3769f83739be4","0.999999999999872",21,"Metazoa_33208","Arthropoda_6656","Arachnida_6854","Trombidiformes_83136","Eriophyidae_70320","Tetra_1310384","Tetra_lobulifera_2837686"
"pt2","PUF.IPEX.2","PUF_IPEX_02","IPEX","29/05/2024","12/06/2024","61e5dd91a85097d0812bfadaaef557d8","0.999863382513252",29,"Fungi_4751","Basidiomycota_5204","Agaricomycetes_155619","Agaricales_5338","Mycenaceae_2024004","Panellus_5635","Panellus_stipticus_5636"
"pt2","PUF.IPEX.2","PUF_IPEX_02","IPEX","29/05/2024","12/06/2024","6a6cea84fad711c9cce5a727d388e1c1","0.991786570915145",48,"Fungi_4751","Ascomycota_4890","Leotiomycetes_147548",NA,NA,NA,NA
"pt2","PUF.IPEX.2","PUF_IPEX_02","IPEX","29/05/2024","12/06/2024","927562d8852f23bcf14eddf33853af1b","0.999999999998906",125,"Metazoa_33208","Arthropoda_6656","Arachnida_6854","Trombidiformes_83136","Eriophyidae_70320","Abacarus_644136","Abacarus_hystrix_644148"
"pt2","PUF.IPEX.2","PUF_IPEX_02","IPEX","29/05/2024","12/06/2024","bbac37da7751e9fd2a0c9077af834d0e","0.364650818785809",30,"Metazoa_33208","Arthropoda_6656","Arachnida_6854",NA,NA,NA,NA
"pt2","PUF.IPEX.2","PUF_IPEX_02","IPEX","29/05/2024","12/06/2024","2fe6cb9b9c5dc57c210bd9e36bae1397","0.347888754692128",28,"Fungi_4751","Ascomycota_4890",NA,NA,NA,NA,NA
"pt2","PUF.IPEX.2","PUF_IPEX_02","IPEX","29/05/2024","12/06/2024","d769ac527ec47ca7f06c428f82d8d288","0.328392061591548",30,"Fungi_4751","Basidiomycota_5204","Agaricomycetes_155619","Polyporales_5303","Polyporaceae_5317","Ganoderma_5314","Ganoderma_meredithae_154344"
"pt2","PUF.IPEX.2","PUF_IPEX_02","IPEX","29/05/2024","12/06/2024","1c02b4cd84197e1928b89d41486df77b","0.216039364584457",59,"Metazoa_33208","Arthropoda_6656","Arachnida_6854",NA,NA,NA,NA
"pt2","PUF.IPEX.2","PUF_IPEX_02","IPEX","29/05/2024","12/06/2024","21b8967b62735ba8f63c4d4626941193","0.829682511221669",66,"Metazoa_33208","Arthropoda_6656","Insecta_50557","Diptera_7147","Cecidomyiidae_33406",NA,NA
"pt2","PUF.IPEX.2","PUF_IPEX_02","IPEX","29/05/2024","12/06/2024","f968e561175613a382af16d3283a90cc","0.960831840819376",36,"Metazoa_33208","Arthropoda_6656","Insecta_50557","Diptera_7147","Chironomidae_7149","Tanytarsus_288802",NA
"pt2","PUF.IPEX.2","PUF_IPEX_02","IPEX","29/05/2024","12/06/2024","c85370fc822f127aab0afe662917b399","0.975824874460288",35,"Fungi_4751","Ascomycota_4890","Sordariomycetes_147550",NA,NA,NA,NA
"pt2","PUF.IPEX.2","PUF_IPEX_02","IPEX","29/05/2024","12/06/2024","5157f287e7fa2b7b1217335e05ddfaa0","0.999048655345046",34,"Fungi_4751","Ascomycota_4890","Leotiomycetes_147548",NA,NA,NA,NA
"pt2","PUF.IPEX.2","PUF_IPEX_02","IPEX","29/05/2024","12/06/2024","92aeeaf2b5dca41760d34074a077aa52","0.465229649661306",25,"Fungi_4751","Ascomycota_4890","Sordariomycetes_147550",NA,NA,NA,NA
"pt2","PUF.IPEX.2","PUF_IPEX_02","IPEX","29/05/2024","12/06/2024","c0df39b7c6d3b292bc4fd8b5e810cb1c","0.406721105829704",20,"Metazoa_33208","Arthropoda_6656","Insecta_50557","Hymenoptera_7399",NA,NA,NA
"pt2","PUF.IPEX.2","PUF_IPEX_02","IPEX","29/05/2024","12/06/2024","d2de4616a72000ac09d04899667b6339","0.974487999813441",20,"Fungi_4751","Ascomycota_4890","Sordariomycetes_147550",NA,NA,NA,NA
"pt2","PUF.IPEX.2","PUF_IPEX_02","IPEX","29/05/2024","12/06/2024","44ddff54268c6886dfcce1653c253ed4","0.506294131993455",17,"Metazoa_33208","Arthropoda_6656","Arachnida_6854",NA,NA,NA,NA
"pt2","PUF.IPEX.2","PUF_IPEX_02","IPEX","29/05/2024","12/06/2024","84bda3f9444a5a095d4f7f24ab6e33f9","0.999982617768933",17,"Metazoa_33208","Arthropoda_6656","Insecta_50557","Hemiptera_7524","Aphididae_27482","Cinara_97051","Cinara_laricifex_527606"
"pt2","PUF.IPEX.2","PUF_IPEX_02","IPEX","29/05/2024","12/06/2024","b5f6a1c921e6b59bc692647522e59023","0.454833152888657",16,"Metazoa_33208","Arthropoda_6656",NA,NA,NA,NA,NA
"pt2","PUF.JD.3","PUF_JD_03","Jean-Drapeau","19/06/2024","03/07/2024","0c11abb10ca8c4ca6a9466f89d510f2e","0.907238614804815",160,"Metazoa_33208","Arthropoda_6656","Insecta_50557","Hemiptera_7524","Pentatomidae_160513","Glypsus_-21471","Glypsus_conspicuus_-21472"
"pt2","PUF.JD.3","PUF_JD_03","Jean-Drapeau","19/06/2024","03/07/2024","eec2170a8f2d0cd7dc3a18841a1ea5c7","0.999999999699554",159,"Fungi_4751","Basidiomycota_5204","Exobasidiomycetes_452283","Microstromatales_162475",NA,NA,NA
"pt2","PUF.JD.3","PUF_JD_03","Jean-Drapeau","19/06/2024","03/07/2024","b43d19c6734061aba20cde4334b0c772","0.933623859448047",1108,"Fungi_4751","Ascomycota_4890","Dothideomycetes_147541","Cladosporiales_2726946","Cladosporiaceae_452563","Cladosporium_5498","Cladosporium_bruhnei_450181"
"pt2","PUF.JD.3","PUF_JD_03","Jean-Drapeau","19/06/2024","03/07/2024","bec08d51eb66022d7172c03768d5fd5d","0.937210778414611",66,"Fungi_4751","Ascomycota_4890","Dothideomycetes_147541","Cladosporiales_2726946","Cladosporiaceae_452563","Cladosporium_5498","Cladosporium_cladosporioides_29917"
"pt2","PUF.JD.3","PUF_JD_03","Jean-Drapeau","19/06/2024","03/07/2024","0d1a483ebd4773116542454b0cc1a266","0.88739453904822",25,"Fungi_4751","Ascomycota_4890","Sordariomycetes_147550",NA,NA,NA,NA
"pt2","PUF.JD.3","PUF_JD_03","Jean-Drapeau","19/06/2024","03/07/2024","be8dc1271132728b62d899f6fe83b643","0.417154486433497",54,"Fungi_4751","Ascomycota_4890","Dothideomycetes_147541",NA,NA,NA,NA
"pt2","PUF.JD.3","PUF_JD_03","Jean-Drapeau","19/06/2024","03/07/2024","202e53dd32a0e7b3fcb0945dd40b5e51","0.819547932595875",118,"Fungi_4751","Ascomycota_4890","Leotiomycetes_147548",NA,NA,NA,NA
"pt2","PUF.JD.3","PUF_JD_03","Jean-Drapeau","19/06/2024","03/07/2024","9fef5822b6479afee6e10ef53e9236c2","0.388924696350803",84,"Fungi_4751","Ascomycota_4890","Sordariomycetes_147550",NA,NA,NA,NA
"pt2","PUF.JD.3","PUF_JD_03","Jean-Drapeau","19/06/2024","03/07/2024","efe1ce8e8d1b9cdb5da01eb790e3abcc","0.499999775441608",24,"Fungi_4751","Basidiomycota_5204","Microbotryomycetes_162481","Sporidiobolales_231213","Sporidiobolaceae_1799696",NA,NA
"pt2","PUF.JD.3","PUF_JD_03","Jean-Drapeau","19/06/2024","03/07/2024","53814ac04567f8e2287c46b0b52f47f1","0.851549716705765",100,"Fungi_4751","Ascomycota_4890","Dothideomycetes_147541",NA,NA,NA,NA
"pt2","PUF.JD.3","PUF_JD_03","Jean-Drapeau","19/06/2024","03/07/2024","e07e46d7aafd4deecdc6327a714c759c","0.946704056119496",31,"Fungi_4751","Ascomycota_4890","Leotiomycetes_147548",NA,NA,NA,NA
"pt2","PUF.JD.3","PUF_JD_03","Jean-Drapeau","19/06/2024","03/07/2024","945bd633c00552164446ce1c2ba94461","0.947741379948713",149,"Fungi_4751","Ascomycota_4890","Leotiomycetes_147548",NA,NA,NA,NA
"pt2","PUF.JD.3","PUF_JD_03","Jean-Drapeau","19/06/2024","03/07/2024","396bb1d73aaa06e2cf8e8bf726986bfb","0.323464504166269",63,"Fungi_4751","Basidiomycota_5204","Cystobasidiomycetes_432005","Cystobasidiales_204043","Cystobasidiaceae_34418",NA,NA
"pt2","PUF.JD.3","PUF_JD_03","Jean-Drapeau","19/06/2024","03/07/2024","d1d24d5ef702ed8316897967f0aed4bc","0.438081783143306",48,"Fungi_4751","Ascomycota_4890","Sordariomycetes_147550",NA,NA,NA,NA
"pt2","PUF.JD.3","PUF_JD_03","Jean-Drapeau","19/06/2024","03/07/2024","a26e6cc23365c60897b7d620c23de990","0.944259328386728",55,"Metazoa_33208","Arthropoda_6656","Insecta_50557","Lepidoptera_7088","Pyralidae_7135","Pionidia_2613197",NA
"pt2","PUF.JD.3","PUF_JD_03","Jean-Drapeau","19/06/2024","03/07/2024","efbf72a920a03347f6407072b84a43f9","0.999459556668486",192,"Fungi_4751","Basidiomycota_5204","Agaricomycetes_155619","Russulales_452342","Peniophoraceae_103393","Peniophora_40463","Peniophora_lycii_154539"
"pt2","PUF.JD.3","PUF_JD_03","Jean-Drapeau","19/06/2024","03/07/2024","d3818391d7f0c7a44c0f4151474788c2","0.656932599669466",44,"Fungi_4751","Basidiomycota_5204","Tremellomycetes_155616","Tremellales_5234","Bulleribasidiaceae_1884640","Dioszegia_165440","Dioszegia_changbaiensis_234950"
"pt2","PUF.JD.3","PUF_JD_03","Jean-Drapeau","19/06/2024","03/07/2024","5f907557675481632654c893c4e319d5","0.369832764629548",20,"Fungi_4751","Ascomycota_4890","Dothideomycetes_147541","Cladosporiales_2726946","Cladosporiaceae_452563","Cladosporium_5498","Cladosporium_bruhnei_450181"
"pt2","PUF.JD.3","PUF_JD_03","Jean-Drapeau","19/06/2024","03/07/2024","04f14f77a764d61e5d32671b18e0f81a","0.999999932452911",29,"Fungi_4751","Basidiomycota_5204","Agaricomycetes_155619","Agaricales_5338","Psathyrellaceae_184208","Coprinellus_184430","Coprinellus_micaceus_71717"
"pt2","PUF.JD.3","PUF_JD_03","Jean-Drapeau","19/06/2024","03/07/2024","79e0591354290a1cea1ed38783e5f546","0.574054730294754",22,"Fungi_4751","Ascomycota_4890","Sordariomycetes_147550",NA,NA,NA,NA
"pt2","PUF.JD.3","PUF_JD_03","Jean-Drapeau","19/06/2024","03/07/2024","5ab7268017da5670dbd82446d10af8b6","0.325412341083933",19,"Metazoa_33208","Arthropoda_6656","Arachnida_6854",NA,NA,NA,NA
"pt2","PUF.JD.3","PUF_JD_03","Jean-Drapeau","19/06/2024","03/07/2024","18a2e110004e455b097f83f0c05922c6","0.975304870433857",94,"Metazoa_33208","Chordata_7711","Mammalia_40674","Primates_9443","Hominidae_9604","Homo_9605","Homo_sapiens_9606"
"pt2","PUF.JD.3","PUF_JD_03","Jean-Drapeau","19/06/2024","03/07/2024","8187787e018ce4815342f12d65ff7dc8","0.464733719684335",218,"Fungi_4751","Ascomycota_4890","Sordariomycetes_147550",NA,NA,NA,NA
"pt2","PUF.JD.3","PUF_JD_03","Jean-Drapeau","19/06/2024","03/07/2024","aec35e427b95f1cbf2c6d6503e172a4f","0.279152099836879",86,"Fungi_4751","Ascomycota_4890",NA,NA,NA,NA,NA
"pt2","PUF.JD.3","PUF_JD_03","Jean-Drapeau","19/06/2024","03/07/2024","186655c711d9c22435d048944254d180","0.999918046946559",36,"Fungi_4751","Basidiomycota_5204","Agaricomycetes_155619","Russulales_452342","Peniophoraceae_103393","Peniophora_40463","Peniophora_lycii_154539"
"pt2","PUF.JD.3","PUF_JD_03","Jean-Drapeau","19/06/2024","03/07/2024","e3625b78fc7d223a7bce189dca39f019","0.931434102040716",102,"Fungi_4751","Ascomycota_4890","Dothideomycetes_147541","Pleosporales_92860","Shiraiaceae_224418","Shiraia_224419","Shiraia_bambusicola_224420"
"pt2","PUF.JD.3","PUF_JD_03","Jean-Drapeau","19/06/2024","03/07/2024","d81f6cdff61b07652ac3a1e24f7d4d34","0.985570670322772",143,"Fungi_4751","Ascomycota_4890","Leotiomycetes_147548",NA,NA,NA,NA
"pt2","PUF.JD.3","PUF_JD_03","Jean-Drapeau","19/06/2024","03/07/2024","bcf59b4926413543b3fb02800d2d5b80","0.999999999844206",245,"Eukaryota_2759_kingdom","Oomycota_4762","Oomycota_4762_class","Peronosporales_4776","Peronosporaceae_4777","Plasmopara_4780","Plasmopara_carveri_3350122"
"pt2","PUF.JD.3","PUF_JD_03","Jean-Drapeau","19/06/2024","03/07/2024","e9e1a86cfe2cba496becdcea2eb45b9d","0.571050464731067",53,"Fungi_4751","Ascomycota_4890","Sordariomycetes_147550","Hypocreales_5125",NA,NA,NA
"pt2","PUF.JD.3","PUF_JD_03","Jean-Drapeau","19/06/2024","03/07/2024","241d63921df4e74eac41e6df13cb6839","0.821230257630568",23,"Fungi_4751","Ascomycota_4890","Sordariomycetes_147550","Hypocreales_5125",NA,NA,NA
"pt2","PUF.JD.3","PUF_JD_03","Jean-Drapeau","19/06/2024","03/07/2024","a2e6f23a7fd9617624d0d0182807e11d","0.300687668709366",18,"Fungi_4751","Basidiomycota_5204","Agaricomycetes_155619","Agaricales_5338","Squamanitaceae_2976386",NA,NA
"pt2","PUF.JD.3","PUF_JD_03","Jean-Drapeau","19/06/2024","03/07/2024","353cf88b067a953f6a7463a158fb4458","0.956710293760633",43,"Fungi_4751","Ascomycota_4890","Leotiomycetes_147548",NA,NA,NA,NA
"pt2","PUF.JD.3","PUF_JD_03","Jean-Drapeau","19/06/2024","03/07/2024","5aee686bae74ddcbc1768e3929f230ef","0.968614481617507",19,"Fungi_4751","Ascomycota_4890","Sordariomycetes_147550",NA,NA,NA,NA
"pt2","PUF.JD.3","PUF_JD_03","Jean-Drapeau","19/06/2024","03/07/2024","7f182575baad2d44cbddc0244753a1f5","0.999999999346173",100,"Eukaryota_2759_kingdom","Oomycota_4762","Oomycota_4762_class","Peronosporales_4776","Peronosporaceae_4777","Plasmopara_4780","Plasmopara_carveri_3350122"
"pt2","PUF.JD.3","PUF_JD_03","Jean-Drapeau","19/06/2024","03/07/2024","0180c418a1d46063a877eb5a4578d32f","0.993738129005134",21,"Fungi_4751","Basidiomycota_5204","Agaricomycetes_155619","Agaricales_5338","Schizophyllaceae_5332","Schizophyllum_5333","Schizophyllum_commune_5334"
"pt2","PUF.JD.3","PUF_JD_03","Jean-Drapeau","19/06/2024","03/07/2024","739c4246839a519c84e7af7be8139e72","0.721031559133312",26,"Fungi_4751","Ascomycota_4890","Sordariomycetes_147550","Hypocreales_5125",NA,NA,NA
"pt2","PUF.JD.3","PUF_JD_03","Jean-Drapeau","19/06/2024","03/07/2024","a38a1a8358cd93a9e5b4f3db3e0f7c35","0.292761721747615",58,"Metazoa_33208","Arthropoda_6656","Insecta_50557","Hemiptera_7524",NA,NA,NA
"pt2","PUF.JD.3","PUF_JD_03","Jean-Drapeau","19/06/2024","03/07/2024","bcdecd99a6c161358469ea21d8e17a2f","0.478944757675572",35,"Fungi_4751","Ascomycota_4890","Sordariomycetes_147550",NA,NA,NA,NA
"pt2","PUF.JD.3","PUF_JD_03","Jean-Drapeau","19/06/2024","03/07/2024","57c0a1950dd936e09f8b187d447e9780","0.575407053506034",20,"Metazoa_33208","Arthropoda_6656","Arachnida_6854",NA,NA,NA,NA
"pt2","PUF.JD.3","PUF_JD_03","Jean-Drapeau","19/06/2024","03/07/2024","63cdace15ced03181c4ae0254b6b2e84","0.461745657855029",42,"Fungi_4751","Ascomycota_4890","Leotiomycetes_147548",NA,NA,NA,NA
"pt2","PUF.JD.3","PUF_JD_03","Jean-Drapeau","19/06/2024","03/07/2024","7c52a29f282c5b604c81d08d5511e009","0.695653665404119",208,"Fungi_4751","Basidiomycota_5204","Agaricomycetes_155619","Agaricales_5338","Psathyrellaceae_184208","Candolleomyces_2791032","Candolleomyces_candolleanus_71730"
"pt2","PUF.JD.3","PUF_JD_03","Jean-Drapeau","19/06/2024","03/07/2024","36ba93cb40fd400f422a040358858620","0.999998383745263",32,"Fungi_4751","Ascomycota_4890","Dothideomycetes_147541","Capnodiales_134362",NA,NA,NA
"pt2","PUF.JD.3","PUF_JD_03","Jean-Drapeau","19/06/2024","03/07/2024","fe176b308bbe88adcb2e8c347fa8e4c6","0.998579538404455",59,"Fungi_4751","Ascomycota_4890","Leotiomycetes_147548",NA,NA,NA,NA
"pt2","PUF.JD.3","PUF_JD_03","Jean-Drapeau","19/06/2024","03/07/2024","fab15be22bf2b702829362160b78a241","0.23313571786753",26,"Fungi_4751","Basidiomycota_5204","Tremellomycetes_155616","Filobasidiales_90886","Filobasidiaceae_5408",NA,NA
"pt2","PUF.JD.3","PUF_JD_03","Jean-Drapeau","19/06/2024","03/07/2024","b8ce438db8b2c4c5504a50186ba52ca4","0.707321304511375",18,"Fungi_4751","Ascomycota_4890","Sordariomycetes_147550","Hypocreales_5125","Hypocreaceae_5129","Trichoderma_5543",NA
"pt2","PUF.JD.3","PUF_JD_03","Jean-Drapeau","19/06/2024","03/07/2024","30d1f39562968d4b798847c2e714c64b","0.735208941121617",106,"Fungi_4751","Basidiomycota_5204","Agaricomycetes_155619","Agaricales_5338","Psathyrellaceae_184208","Candolleomyces_2791032","Candolleomyces_candolleanus_71730"
"pt2","PUF.JD.3","PUF_JD_03","Jean-Drapeau","19/06/2024","03/07/2024","3c774f87323835c77a7cbcd97995646e","0.405201385386753",16,"Metazoa_33208","Arthropoda_6656","Arachnida_6854",NA,NA,NA,NA
"pt2","PUF.JD.3","PUF_JD_03","Jean-Drapeau","19/06/2024","03/07/2024","76670f379877b8ec1f23978e975c30a2","0.999999999422812",20,"Fungi_4751","Ascomycota_4890","Lecanoromycetes_147547","Lecanorales_5197","Parmeliaceae_78060","Imshaugia_172620","Imshaugia_aleurites_172621"
"pt2","PUF.JD.3","PUF_JD_03","Jean-Drapeau","19/06/2024","03/07/2024","c9962e9ba8d3bfc1333df698883785b0","0.498907141317234",72,"Fungi_4751","Mucoromycota_1913637","Mucoromycetes_2212703","Mucorales_4827","Lichtheimiaceae_499202","Lichtheimia_688353","Lichtheimia_hongkongensis_549293"
"pt2","PUF.JD.3","PUF_JD_03","Jean-Drapeau","19/06/2024","03/07/2024","6b60a38c062b33fd79576a420f2e1b07","0.641911791700166",16,"Fungi_4751","Ascomycota_4890","Sordariomycetes_147550","Hypocreales_5125",NA,NA,NA
"pt2","PUF.JD.3","PUF_JD_03","Jean-Drapeau","19/06/2024","03/07/2024","a8b5ac1f211806076e860c9f436d076e","0.907539297209108",163,"Metazoa_33208","Arthropoda_6656","Insecta_50557","Hemiptera_7524","Miridae_30083","Plagiognathus_236934","Plagiognathus_obscurus_881741"
"pt2","PUF.JD.3","PUF_JD_03","Jean-Drapeau","19/06/2024","03/07/2024","70ec25088f55e49de5ebcaf3b2d18e40","0.977617837618304",93,"Metazoa_33208","Arthropoda_6656","Insecta_50557","Diptera_7147","Chloropidae_29032","Thaumatomyia_333800",NA
"pt2","PUF.JD.3","PUF_JD_03","Jean-Drapeau","19/06/2024","03/07/2024","e8aff0de35b715cb9f8a76b0104f719e","0.887804521684622",64,"Viridiplantae_33090","Chlorophyta_3041","Trebouxiophyceae_75966",NA,NA,NA,NA
"pt2","PUF.JD.3","PUF_JD_03","Jean-Drapeau","19/06/2024","03/07/2024","fa97196533e83b1221b305f7432b30e3","0.441427506896942",53,"Fungi_4751","Ascomycota_4890","Eurotiomycetes_147545",NA,NA,NA,NA
"pt2","PUF.JD.3","PUF_JD_03","Jean-Drapeau","19/06/2024","03/07/2024","27b7217035d1ef8267a8beeac8a50bd4","0.581564540394899",44,"Fungi_4751","Ascomycota_4890","Leotiomycetes_147548",NA,NA,NA,NA
"pt2","PUF.JD.3","PUF_JD_03","Jean-Drapeau","19/06/2024","03/07/2024","f6f0b642df8f940f33c730c177cfc5c3","0.499999886935254",42,"Fungi_4751","Basidiomycota_5204","Cystobasidiomycetes_432005","Cystobasidiales_204043","Cystobasidiaceae_34418",NA,NA
"pt2","PUF.JD.3","PUF_JD_03","Jean-Drapeau","19/06/2024","03/07/2024","36b03aece5ff9266f23a54d02c0af851","0.941611317757305",33,"Fungi_4751","Ascomycota_4890","Leotiomycetes_147548",NA,NA,NA,NA
"pt2","PUF.JD.3","PUF_JD_03","Jean-Drapeau","19/06/2024","03/07/2024","2e1db08df036944f428a9693c3c66c03","0.700736790480654",31,"Metazoa_33208","Arthropoda_6656","Insecta_50557","Neuroptera_7516","Chrysopidae_7520","Chrysoperla_7521","Chrysoperla_adamsi_76812"
"pt2","PUF.JD.3","PUF_JD_03","Jean-Drapeau","19/06/2024","03/07/2024","585660de0d9833bf0442888944b5b220","0.81399100829483",29,"Fungi_4751","Ascomycota_4890","Sordariomycetes_147550","Hypocreales_5125","Hypocreaceae_5129","Trichoderma_5543","Trichoderma_koningiopsis_337941"
"pt2","PUF.JD.3","PUF_JD_03","Jean-Drapeau","19/06/2024","03/07/2024","32355609dd16277c66ef2674beab98cd","0.494753523653851",26,"Fungi_4751","Ascomycota_4890","Sordariomycetes_147550",NA,NA,NA,NA
"pt2","PUF.JD.3","PUF_JD_03","Jean-Drapeau","19/06/2024","03/07/2024","4389f602093e487e0d82758b1697e6ed","0.999999979123018",24,"Metazoa_33208","Arthropoda_6656","Insecta_50557","Lepidoptera_7088","Pterophoridae_186111","Oidaematophorus_688446","Oidaematophorus_homodactylus_688447"
"pt2","PUF.JD.3","PUF_JD_03","Jean-Drapeau","19/06/2024","03/07/2024","14728e32294809f57733461679855005","0.367526873260273",23,"Metazoa_33208","Arthropoda_6656","Insecta_50557","Hemiptera_7524",NA,NA,NA
"pt2","PUF.JD.3","PUF_JD_03","Jean-Drapeau","19/06/2024","03/07/2024","a7dbd4c8db611ed61bb83f5ce06b88ae","0.985863633936379",18,"Metazoa_33208","Arthropoda_6656","Insecta_50557","Hemiptera_7524","Delphacidae_33362","Kosswigianella_984418","Kosswigianella_wasatchi_1863055"
"pt2","PUF.JD.3","PUF_JD_03","Jean-Drapeau","19/06/2024","03/07/2024","b31a53e75e5c36e1f1a93b2c4849a7b3","0.995727902495627",18,"Fungi_4751","Ascomycota_4890","Pichiomycetes_3239874","Serinales_2916678","Metschnikowiaceae_27319","Candidozyma_3303203","Candidozyma_auris_498019"
"pt2","PUF.BOU.9","PUF_BOU_09","Boucherville","16/09/2024","30/09/2024","0c11abb10ca8c4ca6a9466f89d510f2e","0.907238614804815",1259,"Metazoa_33208","Arthropoda_6656","Insecta_50557","Hemiptera_7524","Pentatomidae_160513","Glypsus_-21471","Glypsus_conspicuus_-21472"
"pt2","PUF.BOU.9","PUF_BOU_09","Boucherville","16/09/2024","30/09/2024","589974931988706a852f1bb2c5aa12dc","0.814574741442148",1262,"Fungi_4751","Basidiomycota_5204","Exobasidiomycetes_452283","Microstromatales_162475","Microstromatales_162475_family","Jaminaea_561108",NA
"pt2","PUF.BOU.9","PUF_BOU_09","Boucherville","16/09/2024","30/09/2024","f7718bbdbd503a21d2692b3b333490cb","0.55302161898262",2012,"Fungi_4751","Basidiomycota_5204","Exobasidiomycetes_452283","Microstromatales_162475","Microstromatales_162475_family","Jaminaea_561108",NA
"pt2","PUF.BOU.9","PUF_BOU_09","Boucherville","16/09/2024","30/09/2024","eec2170a8f2d0cd7dc3a18841a1ea5c7","0.999999999699554",395,"Fungi_4751","Basidiomycota_5204","Exobasidiomycetes_452283","Microstromatales_162475",NA,NA,NA
"pt2","PUF.BOU.9","PUF_BOU_09","Boucherville","16/09/2024","30/09/2024","afb94828a83235f617d67b54fe89fe79","0.373408909311144",648,"Fungi_4751","Basidiomycota_5204","Pucciniomycetes_162484","Pucciniales_5258","Melampsoraceae_5259","Melampsora_5260","Melampsora_medusae_82101"
"pt2","PUF.BOU.9","PUF_BOU_09","Boucherville","16/09/2024","30/09/2024","b43d19c6734061aba20cde4334b0c772","0.933623859448047",324,"Fungi_4751","Ascomycota_4890","Dothideomycetes_147541","Cladosporiales_2726946","Cladosporiaceae_452563","Cladosporium_5498","Cladosporium_bruhnei_450181"
"pt2","PUF.BOU.9","PUF_BOU_09","Boucherville","16/09/2024","30/09/2024","bec08d51eb66022d7172c03768d5fd5d","0.937210778414611",628,"Fungi_4751","Ascomycota_4890","Dothideomycetes_147541","Cladosporiales_2726946","Cladosporiaceae_452563","Cladosporium_5498","Cladosporium_cladosporioides_29917"
"pt2","PUF.BOU.9","PUF_BOU_09","Boucherville","16/09/2024","30/09/2024","0d1a483ebd4773116542454b0cc1a266","0.88739453904822",401,"Fungi_4751","Ascomycota_4890","Sordariomycetes_147550",NA,NA,NA,NA
"pt2","PUF.BOU.9","PUF_BOU_09","Boucherville","16/09/2024","30/09/2024","a4ce6cfe96b9ce0ad304803934790435","0.505582624946131",1053,"Fungi_4751","Basidiomycota_5204","Exobasidiomycetes_452283","Microstromatales_162475",NA,NA,NA
"pt2","PUF.BOU.9","PUF_BOU_09","Boucherville","16/09/2024","30/09/2024","42a334b44b84641c69386150c7cde441","0.975711405297424",145,"Fungi_4751","Ascomycota_4890","Leotiomycetes_147548",NA,NA,NA,NA
"pt2","PUF.BOU.9","PUF_BOU_09","Boucherville","16/09/2024","30/09/2024","5580961b9a41be03abce5562553ec49c","0.419336811656045",260,"Metazoa_33208","Arthropoda_6656","Arachnida_6854",NA,NA,NA,NA
"pt2","PUF.BOU.9","PUF_BOU_09","Boucherville","16/09/2024","30/09/2024","875b7ee9b0f15d6355ec11aa7267edd0","0.999636544902391",33,"Fungi_4751","Ascomycota_4890","Leotiomycetes_147548",NA,NA,NA,NA
"pt2","PUF.BOU.9","PUF_BOU_09","Boucherville","16/09/2024","30/09/2024","efe1ce8e8d1b9cdb5da01eb790e3abcc","0.499999775441608",67,"Fungi_4751","Basidiomycota_5204","Microbotryomycetes_162481","Sporidiobolales_231213","Sporidiobolaceae_1799696",NA,NA
"pt2","PUF.BOU.9","PUF_BOU_09","Boucherville","16/09/2024","30/09/2024","53814ac04567f8e2287c46b0b52f47f1","0.851549716705765",35,"Fungi_4751","Ascomycota_4890","Dothideomycetes_147541",NA,NA,NA,NA
"pt2","PUF.BOU.9","PUF_BOU_09","Boucherville","16/09/2024","30/09/2024","ee1cfc99bfd40d3b3cdf5ca84a24ad5d","0.499999969468448",33,"Fungi_4751","Basidiomycota_5204","Microbotryomycetes_162481","Sporidiobolales_231213","Sporidiobolaceae_1799696",NA,NA
"pt2","PUF.BOU.9","PUF_BOU_09","Boucherville","16/09/2024","30/09/2024","910b20d55f2f10b3a358227930df0428","0.499999999793792",26,"Fungi_4751","Basidiomycota_5204","Microbotryomycetes_162481","Sporidiobolales_231213","Sporidiobolaceae_1799696",NA,NA
"pt2","PUF.BOU.9","PUF_BOU_09","Boucherville","16/09/2024","30/09/2024","efbf72a920a03347f6407072b84a43f9","0.999459556668486",43,"Fungi_4751","Basidiomycota_5204","Agaricomycetes_155619","Russulales_452342","Peniophoraceae_103393","Peniophora_40463","Peniophora_lycii_154539"
"pt2","PUF.BOU.9","PUF_BOU_09","Boucherville","16/09/2024","30/09/2024","24e6afde065c6d5c729886e1ee63f7ad","0.499999972166463",312,"Fungi_4751","Basidiomycota_5204","Microbotryomycetes_162481","Sporidiobolales_231213","Sporidiobolaceae_1799696",NA,NA
"pt2","PUF.BOU.9","PUF_BOU_09","Boucherville","16/09/2024","30/09/2024","d3818391d7f0c7a44c0f4151474788c2","0.656932599669466",54,"Fungi_4751","Basidiomycota_5204","Tremellomycetes_155616","Tremellales_5234","Bulleribasidiaceae_1884640","Dioszegia_165440","Dioszegia_changbaiensis_234950"
"pt2","PUF.BOU.9","PUF_BOU_09","Boucherville","16/09/2024","30/09/2024","117d4752364ae3068122fe3422db8eb9","0.524155627349738",40,"Fungi_4751","Ascomycota_4890","Leotiomycetes_147548",NA,NA,NA,NA
"pt2","PUF.BOU.9","PUF_BOU_09","Boucherville","16/09/2024","30/09/2024","2aa71d44beef2bcfaaecfc4703081f0d","0.499999934301922",57,"Fungi_4751","Basidiomycota_5204","Microbotryomycetes_162481","Sporidiobolales_231213","Sporidiobolaceae_1799696",NA,NA
"pt2","PUF.BOU.9","PUF_BOU_09","Boucherville","16/09/2024","30/09/2024","18a2e110004e455b097f83f0c05922c6","0.975304870433857",65,"Metazoa_33208","Chordata_7711","Mammalia_40674","Primates_9443","Hominidae_9604","Homo_9605","Homo_sapiens_9606"
"pt2","PUF.BOU.9","PUF_BOU_09","Boucherville","16/09/2024","30/09/2024","eb6b5340d8804a841392a2178e81ad5e","0.564462508556644",35,"Fungi_4751","Ascomycota_4890","Leotiomycetes_147548",NA,NA,NA,NA
"pt2","PUF.BOU.9","PUF_BOU_09","Boucherville","16/09/2024","30/09/2024","48583a3c2ba12a2dfd5d6837130d2a15","0.499999997986612",29,"Fungi_4751","Basidiomycota_5204","Microbotryomycetes_162481","Sporidiobolales_231213","Sporidiobolaceae_1799696",NA,NA
"pt2","PUF.BOU.9","PUF_BOU_09","Boucherville","16/09/2024","30/09/2024","e88733a6a0cb6b46d84af1e52d70ec5b","0.510201733410729",28,"Fungi_4751","Ascomycota_4890","Sordariomycetes_147550","Hypocreales_5125",NA,NA,NA
"pt2","PUF.BOU.9","PUF_BOU_09","Boucherville","16/09/2024","30/09/2024","fab15be22bf2b702829362160b78a241","0.23313571786753",64,"Fungi_4751","Basidiomycota_5204","Tremellomycetes_155616","Filobasidiales_90886","Filobasidiaceae_5408",NA,NA
"pt2","PUF.BOU.9","PUF_BOU_09","Boucherville","16/09/2024","30/09/2024","537c1cbbbf0cd94f59e6616e090f51f7","0.968283922612581",31,"Fungi_4751","Ascomycota_4890","Leotiomycetes_147548",NA,NA,NA,NA
"pt2","PUF.BOU.9","PUF_BOU_09","Boucherville","16/09/2024","30/09/2024","c188bae2ea531ea23b6e9697d793e886","0.499999928585315",41,"Fungi_4751","Basidiomycota_5204","Microbotryomycetes_162481","Sporidiobolales_231213","Sporidiobolaceae_1799696",NA,NA
"pt2","PUF.BOU.9","PUF_BOU_09","Boucherville","16/09/2024","30/09/2024","402e86753250356f4d438432556963dd","0.618546504254879",27,"Fungi_4751","Ascomycota_4890","Sordariomycetes_147550","Hypocreales_5125",NA,NA,NA
"pt2","PUF.BOU.9","PUF_BOU_09","Boucherville","16/09/2024","30/09/2024","c7688c0b10bd9333b40c704f9096074b","0.911351248088675",99,"Metazoa_33208","Arthropoda_6656","Arachnida_6854","Trombidiformes_83136","Eriophyidae_70320",NA,NA
"pt2","PUF.JD.2","PUF_JD_02","Jean-Drapeau","05/06/2024","19/06/2024","b43d19c6734061aba20cde4334b0c772","0.933623859448047",151,"Fungi_4751","Ascomycota_4890","Dothideomycetes_147541","Cladosporiales_2726946","Cladosporiaceae_452563","Cladosporium_5498","Cladosporium_bruhnei_450181"
"pt2","PUF.JD.2","PUF_JD_02","Jean-Drapeau","05/06/2024","19/06/2024","202e53dd32a0e7b3fcb0945dd40b5e51","0.819547932595875",40,"Fungi_4751","Ascomycota_4890","Leotiomycetes_147548",NA,NA,NA,NA
"pt2","PUF.JD.2","PUF_JD_02","Jean-Drapeau","05/06/2024","19/06/2024","d1d24d5ef702ed8316897967f0aed4bc","0.438081783143306",59,"Fungi_4751","Ascomycota_4890","Sordariomycetes_147550",NA,NA,NA,NA
"pt2","PUF.JD.2","PUF_JD_02","Jean-Drapeau","05/06/2024","19/06/2024","349cecdaccca192a5aa609e9184c3c8e","0.674856366161648",40,"Fungi_4751","Ascomycota_4890","Sordariomycetes_147550","Hypocreales_5125",NA,NA,NA
"pt2","PUF.JD.2","PUF_JD_02","Jean-Drapeau","05/06/2024","19/06/2024","8187787e018ce4815342f12d65ff7dc8","0.464733719684335",48,"Fungi_4751","Ascomycota_4890","Sordariomycetes_147550",NA,NA,NA,NA
"pt2","PUF.JD.2","PUF_JD_02","Jean-Drapeau","05/06/2024","19/06/2024","df9f56f50b9901074d04b075c16957db","0.777646822932057",44,"Fungi_4751","Ascomycota_4890","Leotiomycetes_147548",NA,NA,NA,NA
"pt2","PUF.JD.2","PUF_JD_02","Jean-Drapeau","05/06/2024","19/06/2024","e961ee812e814a754542db23bae2cf68","0.390753683146527",231,"Metazoa_33208","Arthropoda_6656","Arachnida_6854",NA,NA,NA,NA
"pt2","PUF.JD.2","PUF_JD_02","Jean-Drapeau","05/06/2024","19/06/2024","434f6ae6ef6e722112c5b3bc5ec6824c","0.999390817258313",13406,"Metazoa_33208","Arthropoda_6656","Insecta_50557","Lepidoptera_7088","Blastobasidae_173649","Pigritia_347817","Pigritia_fidella_1473675"
"pt2","PUF.JD.2","PUF_JD_02","Jean-Drapeau","05/06/2024","19/06/2024","a0b7084219abc3752a8971756672617e","0.895872830854137",183,"Metazoa_33208","Arthropoda_6656","Insecta_50557","Lepidoptera_7088","Noctuidae_7100","Xestia_320016","Xestia_c-nigrum_987431"
"pt2","PUF.JD.2","PUF_JD_02","Jean-Drapeau","05/06/2024","19/06/2024","5ac55bc392bdd14e650d8544e3d08e13","0.999999999999076",94,"Metazoa_33208","Arthropoda_6656","Insecta_50557","Trichoptera_30263","Hydroptilidae_57995","Hydroptila_599788","Hydroptila_spatulata_692086"
"pt2","PUF.JD.2","PUF_JD_02","Jean-Drapeau","05/06/2024","19/06/2024","8316105869e1a457baecb485b090d868","0.961750786430055",78,"Metazoa_33208","Arthropoda_6656","Insecta_50557","Lepidoptera_7088","Blastobasidae_173649","Pigritia_347817","Pigritia_fidella_1473675"
"pt2","PUF.IPEX.4","PUF_IPEX_04","IPEX","26/06/2024","10/07/2024","0c11abb10ca8c4ca6a9466f89d510f2e","0.907238614804815",888,"Metazoa_33208","Arthropoda_6656","Insecta_50557","Hemiptera_7524","Pentatomidae_160513","Glypsus_-21471","Glypsus_conspicuus_-21472"
"pt2","PUF.IPEX.4","PUF_IPEX_04","IPEX","26/06/2024","10/07/2024","589974931988706a852f1bb2c5aa12dc","0.814574741442148",200,"Fungi_4751","Basidiomycota_5204","Exobasidiomycetes_452283","Microstromatales_162475","Microstromatales_162475_family","Jaminaea_561108",NA
"pt2","PUF.IPEX.4","PUF_IPEX_04","IPEX","26/06/2024","10/07/2024","eec2170a8f2d0cd7dc3a18841a1ea5c7","0.999999999699554",555,"Fungi_4751","Basidiomycota_5204","Exobasidiomycetes_452283","Microstromatales_162475",NA,NA,NA
"pt2","PUF.IPEX.4","PUF_IPEX_04","IPEX","26/06/2024","10/07/2024","b43d19c6734061aba20cde4334b0c772","0.933623859448047",2856,"Fungi_4751","Ascomycota_4890","Dothideomycetes_147541","Cladosporiales_2726946","Cladosporiaceae_452563","Cladosporium_5498","Cladosporium_bruhnei_450181"
"pt2","PUF.IPEX.4","PUF_IPEX_04","IPEX","26/06/2024","10/07/2024","bec08d51eb66022d7172c03768d5fd5d","0.937210778414611",270,"Fungi_4751","Ascomycota_4890","Dothideomycetes_147541","Cladosporiales_2726946","Cladosporiaceae_452563","Cladosporium_5498","Cladosporium_cladosporioides_29917"
"pt2","PUF.IPEX.4","PUF_IPEX_04","IPEX","26/06/2024","10/07/2024","0d1a483ebd4773116542454b0cc1a266","0.88739453904822",199,"Fungi_4751","Ascomycota_4890","Sordariomycetes_147550",NA,NA,NA,NA
"pt2","PUF.IPEX.4","PUF_IPEX_04","IPEX","26/06/2024","10/07/2024","42a334b44b84641c69386150c7cde441","0.975711405297424",283,"Fungi_4751","Ascomycota_4890","Leotiomycetes_147548",NA,NA,NA,NA
"pt2","PUF.IPEX.4","PUF_IPEX_04","IPEX","26/06/2024","10/07/2024","0654cc62f2b2d1f6652ba8acca4ba9fb","0.959194747463117",65,"Fungi_4751","Basidiomycota_5204","Exobasidiomycetes_452283","Microstromatales_162475","Microstromatales_162475_family","Jaminaea_561108",NA
"pt2","PUF.IPEX.4","PUF_IPEX_04","IPEX","26/06/2024","10/07/2024","efe1ce8e8d1b9cdb5da01eb790e3abcc","0.499999775441608",70,"Fungi_4751","Basidiomycota_5204","Microbotryomycetes_162481","Sporidiobolales_231213","Sporidiobolaceae_1799696",NA,NA
"pt2","PUF.IPEX.4","PUF_IPEX_04","IPEX","26/06/2024","10/07/2024","ce9e585d5196adf56f4e2c0e02e27b73","0.499999974718733",47,"Fungi_4751","Basidiomycota_5204","Microbotryomycetes_162481","Sporidiobolales_231213","Sporidiobolaceae_1799696",NA,NA
"pt2","PUF.IPEX.4","PUF_IPEX_04","IPEX","26/06/2024","10/07/2024","96a2ca12e55abcc9577bcd54e6debad3","0.834652805023254",60,"Fungi_4751","Ascomycota_4890","Leotiomycetes_147548",NA,NA,NA,NA
"pt2","PUF.IPEX.4","PUF_IPEX_04","IPEX","26/06/2024","10/07/2024","a3612a98863d0cb2a0423fb56a0bef70","0.670862072239708",48,"Metazoa_33208","Chordata_7711","Mammalia_40674","Artiodactyla_91561","Bovidae_9895","Bos_9903","Bos_taurus_9913"
"pt2","PUF.IPEX.4","PUF_IPEX_04","IPEX","26/06/2024","10/07/2024","a26e6cc23365c60897b7d620c23de990","0.944259328386728",58,"Metazoa_33208","Arthropoda_6656","Insecta_50557","Lepidoptera_7088","Pyralidae_7135","Pionidia_2613197",NA
"pt2","PUF.IPEX.4","PUF_IPEX_04","IPEX","26/06/2024","10/07/2024","18afda2e4c3b03e088538500a42aa706","0.14863927909265",96,"Metazoa_33208","Cnidaria_6073",NA,NA,NA,NA,NA
"pt2","PUF.IPEX.4","PUF_IPEX_04","IPEX","26/06/2024","10/07/2024","efbf72a920a03347f6407072b84a43f9","0.999459556668486",449,"Fungi_4751","Basidiomycota_5204","Agaricomycetes_155619","Russulales_452342","Peniophoraceae_103393","Peniophora_40463","Peniophora_lycii_154539"
"pt2","PUF.IPEX.4","PUF_IPEX_04","IPEX","26/06/2024","10/07/2024","d3818391d7f0c7a44c0f4151474788c2","0.656932599669466",116,"Fungi_4751","Basidiomycota_5204","Tremellomycetes_155616","Tremellales_5234","Bulleribasidiaceae_1884640","Dioszegia_165440","Dioszegia_changbaiensis_234950"
"pt2","PUF.IPEX.4","PUF_IPEX_04","IPEX","26/06/2024","10/07/2024","5f907557675481632654c893c4e319d5","0.369832764629548",418,"Fungi_4751","Ascomycota_4890","Dothideomycetes_147541","Cladosporiales_2726946","Cladosporiaceae_452563","Cladosporium_5498","Cladosporium_bruhnei_450181"
"pt2","PUF.IPEX.4","PUF_IPEX_04","IPEX","26/06/2024","10/07/2024","98d2a53535a08812e4a0db8fc3b0c5ce","0.989750383875536",54,"Fungi_4751","Ascomycota_4890","Leotiomycetes_147548",NA,NA,NA,NA
"pt2","PUF.IPEX.4","PUF_IPEX_04","IPEX","26/06/2024","10/07/2024","1856623b5c61dc63c815a0e9bc93eaec","0.993729504568258",52,"Fungi_4751","Ascomycota_4890","Leotiomycetes_147548",NA,NA,NA,NA
"pt2","PUF.IPEX.4","PUF_IPEX_04","IPEX","26/06/2024","10/07/2024","60cada34130fe8a67ab9208ad65247cd","0.69455384243676",89,"Fungi_4751","Ascomycota_4890","Leotiomycetes_147548",NA,NA,NA,NA
"pt2","PUF.IPEX.4","PUF_IPEX_04","IPEX","26/06/2024","10/07/2024","eb6b5340d8804a841392a2178e81ad5e","0.564462508556644",39,"Fungi_4751","Ascomycota_4890","Leotiomycetes_147548",NA,NA,NA,NA
"pt2","PUF.IPEX.4","PUF_IPEX_04","IPEX","26/06/2024","10/07/2024","8187787e018ce4815342f12d65ff7dc8","0.464733719684335",269,"Fungi_4751","Ascomycota_4890","Sordariomycetes_147550",NA,NA,NA,NA
"pt2","PUF.IPEX.4","PUF_IPEX_04","IPEX","26/06/2024","10/07/2024","186655c711d9c22435d048944254d180","0.999918046946559",177,"Fungi_4751","Basidiomycota_5204","Agaricomycetes_155619","Russulales_452342","Peniophoraceae_103393","Peniophora_40463","Peniophora_lycii_154539"
"pt2","PUF.IPEX.4","PUF_IPEX_04","IPEX","26/06/2024","10/07/2024","e3625b78fc7d223a7bce189dca39f019","0.931434102040716",57,"Fungi_4751","Ascomycota_4890","Dothideomycetes_147541","Pleosporales_92860","Shiraiaceae_224418","Shiraia_224419","Shiraia_bambusicola_224420"
"pt2","PUF.IPEX.4","PUF_IPEX_04","IPEX","26/06/2024","10/07/2024","e2f909b13c3ebf8128f397a64f5faae1","0.865408471778355",853,"Fungi_4751","Basidiomycota_5204","Agaricomycetes_155619","Agaricales_5338","Psathyrellaceae_184208","Candolleomyces_2791032","Candolleomyces_candolleanus_71730"
"pt2","PUF.IPEX.4","PUF_IPEX_04","IPEX","26/06/2024","10/07/2024","bcf59b4926413543b3fb02800d2d5b80","0.999999999844206",521,"Eukaryota_2759_kingdom","Oomycota_4762","Oomycota_4762_class","Peronosporales_4776","Peronosporaceae_4777","Plasmopara_4780","Plasmopara_carveri_3350122"
"pt2","PUF.IPEX.4","PUF_IPEX_04","IPEX","26/06/2024","10/07/2024","23abec441a8c1e5572654196b70b66dd","0.659619320198787",36,"Fungi_4751","Ascomycota_4890","Dothideomycetes_147541",NA,NA,NA,NA
"pt2","PUF.IPEX.4","PUF_IPEX_04","IPEX","26/06/2024","10/07/2024","02e9a719b9dab5bd47c5fa414506bceb","0.953846760547688",53,"Fungi_4751","Ascomycota_4890","Leotiomycetes_147548",NA,NA,NA,NA
"pt2","PUF.IPEX.4","PUF_IPEX_04","IPEX","26/06/2024","10/07/2024","a656f5998d4fbda0b61410aaf57a01e0","0.544409552970536",37,"Fungi_4751","Ascomycota_4890","Sordariomycetes_147550",NA,NA,NA,NA
"pt2","PUF.IPEX.4","PUF_IPEX_04","IPEX","26/06/2024","10/07/2024","5be1d53751f3907ff2f5d002e6a3d716","0.915464081512389",52,"Fungi_4751","Ascomycota_4890","Leotiomycetes_147548",NA,NA,NA,NA
"pt2","PUF.IPEX.4","PUF_IPEX_04","IPEX","26/06/2024","10/07/2024","ffe7294e1c2bc61fb928c49ef556e185","0.63582603301185",63,"Metazoa_33208","Arthropoda_6656","Arachnida_6854",NA,NA,NA,NA
"pt2","PUF.IPEX.4","PUF_IPEX_04","IPEX","26/06/2024","10/07/2024","6b0d07a473eb76bedbf9d0f363f2848b","0.99992583245554",104,"Fungi_4751","Ascomycota_4890","Eurotiomycetes_147545","Eurotiales_5042","Aspergillaceae_1131492","Aspergillus_5052","Aspergillus_fumigatus_746128"
"pt2","PUF.IPEX.4","PUF_IPEX_04","IPEX","26/06/2024","10/07/2024","ddfd319f3d88ba3067d804c949cf1f1a","0.436151395675201",85,"Fungi_4751","Ascomycota_4890",NA,NA,NA,NA,NA
"pt2","PUF.IPEX.4","PUF_IPEX_04","IPEX","26/06/2024","10/07/2024","2243bf1dd1e267282575ff7c453fc2b1","0.999885022533997",43,"Fungi_4751","Ascomycota_4890","Leotiomycetes_147548",NA,NA,NA,NA
"pt2","PUF.IPEX.4","PUF_IPEX_04","IPEX","26/06/2024","10/07/2024","7f182575baad2d44cbddc0244753a1f5","0.999999999346173",1079,"Eukaryota_2759_kingdom","Oomycota_4762","Oomycota_4762_class","Peronosporales_4776","Peronosporaceae_4777","Plasmopara_4780","Plasmopara_carveri_3350122"
"pt2","PUF.IPEX.4","PUF_IPEX_04","IPEX","26/06/2024","10/07/2024","12458b2a0937bbde973d321eebd537dd","0.872607235225293",101,"Fungi_4751","Ascomycota_4890",NA,NA,NA,NA,NA
"pt2","PUF.IPEX.4","PUF_IPEX_04","IPEX","26/06/2024","10/07/2024","fcfa73c2500b3d83a4a2f5ef495b2695","0.763753965029741",86,"Fungi_4751","Ascomycota_4890","Leotiomycetes_147548",NA,NA,NA,NA
"pt2","PUF.IPEX.4","PUF_IPEX_04","IPEX","26/06/2024","10/07/2024","6874dd172e908401f659917eccfef8b1","0.839633636059701",87,"Fungi_4751","Ascomycota_4890","Sordariomycetes_147550",NA,NA,NA,NA
"pt2","PUF.IPEX.4","PUF_IPEX_04","IPEX","26/06/2024","10/07/2024","bd29633837bcc3003dd038eac7ec33ff","0.280159842707106",92,"Fungi_4751","Basidiomycota_5204","Agaricomycetes_155619","Boletales_68889","Boletaceae_5368","Tylopilus_80671",NA
"pt2","PUF.IPEX.4","PUF_IPEX_04","IPEX","26/06/2024","10/07/2024","d1f498b407238a672962bbedb106f9f0","0.996186623095339",105,"Metazoa_33208","Arthropoda_6656","Insecta_50557","Hemiptera_7524","Pentatomidae_160513","Rhacognathus_1545358","Rhacognathus_americanus_-21479"
"pt2","PUF.IPEX.4","PUF_IPEX_04","IPEX","26/06/2024","10/07/2024","8d5b3ad081e57d8dc2ec8c3d8fbfeaa2","0.999999900427033",116,"Metazoa_33208","Arthropoda_6656","Arachnida_6854","Trombidiformes_83136","Tydeidae_708320","Tydeus_1670773",NA
"pt2","PUF.IPEX.4","PUF_IPEX_04","IPEX","26/06/2024","10/07/2024","507b88a761be428a682b5bf765b03197","0.885251073908748",247,"Fungi_4751","Ascomycota_4890","Leotiomycetes_147548",NA,NA,NA,NA
"pt2","PUF.IPEX.4","PUF_IPEX_04","IPEX","26/06/2024","10/07/2024","21b91375902f9ec5d0c4f35b403f6943","0.878111558023125",47,"Fungi_4751","Ascomycota_4890","Leotiomycetes_147548",NA,NA,NA,NA
"pt2","PUF.IPEX.4","PUF_IPEX_04","IPEX","26/06/2024","10/07/2024","26572a50855669c3680c8661991b28fa","0.872515556350683",114,"Metazoa_33208","Arthropoda_6656","Arachnida_6854","Trombidiformes_83136","Eriophyidae_70320",NA,NA
"pt2","PUF.IPEX.4","PUF_IPEX_04","IPEX","26/06/2024","10/07/2024","68a9aa775a4fc65b75f2073114eb420f","0.487009399186718",41,"Fungi_4751","Ascomycota_4890","Sordariomycetes_147550",NA,NA,NA,NA
"pt2","PUF.IPEX.4","PUF_IPEX_04","IPEX","26/06/2024","10/07/2024","0581a0fb17a42e398cb607c9b97f7715","0.982416698236229",65,"Fungi_4751","Ascomycota_4890","Leotiomycetes_147548",NA,NA,NA,NA
"pt2","PUF.IPEX.4","PUF_IPEX_04","IPEX","26/06/2024","10/07/2024","537c1cbbbf0cd94f59e6616e090f51f7","0.968283922612581",219,"Fungi_4751","Ascomycota_4890","Leotiomycetes_147548",NA,NA,NA,NA
"pt2","PUF.IPEX.4","PUF_IPEX_04","IPEX","26/06/2024","10/07/2024","1809a1c403c18a33fa7f21708b8b8554","0.611288213377514",137,"Fungi_4751","Basidiomycota_5204","Exobasidiomycetes_452283","Microstromatales_162475","Microstromatales_162475_family","Jaminaea_561108",NA
"pt2","PUF.IPEX.4","PUF_IPEX_04","IPEX","26/06/2024","10/07/2024","2c4dff555b2582367902ad3e38b509f4","0.411012513823327",52,"Fungi_4751","Ascomycota_4890","Sordariomycetes_147550",NA,NA,NA,NA
"pt2","PUF.IPEX.4","PUF_IPEX_04","IPEX","26/06/2024","10/07/2024","94c7cea88cef65bf8040fdb6c1c8a35f","0.393602839364427",45,"Metazoa_33208","Arthropoda_6656",NA,NA,NA,NA,NA
"pt2","PUF.IPEX.4","PUF_IPEX_04","IPEX","26/06/2024","10/07/2024","1c27f3ae13d261647cc06b22324e6df8","0.695260638376207",36,"Fungi_4751","Basidiomycota_5204","Exobasidiomycetes_452283","Microstromatales_162475","Microstromatales_162475_family","Jaminaea_561108",NA
"pt2","PUF.IPEX.4","PUF_IPEX_04","IPEX","26/06/2024","10/07/2024","ea6133ef3ca3dcb859a88c8dc1e62c9d","0.499652218722903",58,"Fungi_4751","Basidiomycota_5204","Microbotryomycetes_162481","Sporidiobolales_231213","Sporidiobolaceae_1799696",NA,NA
"pt2","PUF.IPEX.4","PUF_IPEX_04","IPEX","26/06/2024","10/07/2024","fa97196533e83b1221b305f7432b30e3","0.441427506896942",44,"Fungi_4751","Ascomycota_4890","Eurotiomycetes_147545",NA,NA,NA,NA
"pt2","PUF.IPEX.4","PUF_IPEX_04","IPEX","26/06/2024","10/07/2024","3e4dbea15e4fb812a5aeaf0840dc6e45","0.965130139689548",66,"Fungi_4751","Ascomycota_4890","Leotiomycetes_147548",NA,NA,NA,NA
"pt2","PUF.IPEX.4","PUF_IPEX_04","IPEX","26/06/2024","10/07/2024","89c7d1ca8819c4280825283e2237e93f","0.932877572819755",66,"Metazoa_33208","Arthropoda_6656","Insecta_50557","Lepidoptera_7088","Crambidae_268499","Petrophila_655076",NA
"pt2","PUF.IPEX.4","PUF_IPEX_04","IPEX","26/06/2024","10/07/2024","e6a53a45b03f2949ffbf6ebebbb34141","0.939896020419025",39,"Fungi_4751","Basidiomycota_5204","Agaricomycetes_155619","Agaricales_5338","Clitocybaceae_2982168",NA,NA
"pt2","PUF.IPEX.10","PUF_IPEX_10","IPEX","18/09/2024","02/10/2024","0c11abb10ca8c4ca6a9466f89d510f2e","0.907238614804815",2651,"Metazoa_33208","Arthropoda_6656","Insecta_50557","Hemiptera_7524","Pentatomidae_160513","Glypsus_-21471","Glypsus_conspicuus_-21472"
"pt2","PUF.IPEX.10","PUF_IPEX_10","IPEX","18/09/2024","02/10/2024","589974931988706a852f1bb2c5aa12dc","0.814574741442148",1397,"Fungi_4751","Basidiomycota_5204","Exobasidiomycetes_452283","Microstromatales_162475","Microstromatales_162475_family","Jaminaea_561108",NA
"pt2","PUF.IPEX.10","PUF_IPEX_10","IPEX","18/09/2024","02/10/2024","f7718bbdbd503a21d2692b3b333490cb","0.55302161898262",1445,"Fungi_4751","Basidiomycota_5204","Exobasidiomycetes_452283","Microstromatales_162475","Microstromatales_162475_family","Jaminaea_561108",NA
"pt2","PUF.IPEX.10","PUF_IPEX_10","IPEX","18/09/2024","02/10/2024","eec2170a8f2d0cd7dc3a18841a1ea5c7","0.999999999699554",450,"Fungi_4751","Basidiomycota_5204","Exobasidiomycetes_452283","Microstromatales_162475",NA,NA,NA
"pt2","PUF.IPEX.10","PUF_IPEX_10","IPEX","18/09/2024","02/10/2024","afb94828a83235f617d67b54fe89fe79","0.373408909311144",820,"Fungi_4751","Basidiomycota_5204","Pucciniomycetes_162484","Pucciniales_5258","Melampsoraceae_5259","Melampsora_5260","Melampsora_medusae_82101"
"pt2","PUF.IPEX.10","PUF_IPEX_10","IPEX","18/09/2024","02/10/2024","b43d19c6734061aba20cde4334b0c772","0.933623859448047",975,"Fungi_4751","Ascomycota_4890","Dothideomycetes_147541","Cladosporiales_2726946","Cladosporiaceae_452563","Cladosporium_5498","Cladosporium_bruhnei_450181"
"pt2","PUF.IPEX.10","PUF_IPEX_10","IPEX","18/09/2024","02/10/2024","bec08d51eb66022d7172c03768d5fd5d","0.937210778414611",1469,"Fungi_4751","Ascomycota_4890","Dothideomycetes_147541","Cladosporiales_2726946","Cladosporiaceae_452563","Cladosporium_5498","Cladosporium_cladosporioides_29917"
"pt2","PUF.IPEX.10","PUF_IPEX_10","IPEX","18/09/2024","02/10/2024","0d1a483ebd4773116542454b0cc1a266","0.88739453904822",543,"Fungi_4751","Ascomycota_4890","Sordariomycetes_147550",NA,NA,NA,NA
"pt2","PUF.IPEX.10","PUF_IPEX_10","IPEX","18/09/2024","02/10/2024","42a334b44b84641c69386150c7cde441","0.975711405297424",268,"Fungi_4751","Ascomycota_4890","Leotiomycetes_147548",NA,NA,NA,NA
"pt2","PUF.IPEX.10","PUF_IPEX_10","IPEX","18/09/2024","02/10/2024","c684f602961d1fa707824757cb55af21","0.980027983287282",56,"Fungi_4751","Ascomycota_4890","Leotiomycetes_147548",NA,NA,NA,NA
"pt2","PUF.IPEX.10","PUF_IPEX_10","IPEX","18/09/2024","02/10/2024","d6626a1d124518b308f9a8879b48cdbf","0.594898914748369",58,"Fungi_4751","Basidiomycota_5204",NA,NA,NA,NA,NA
"pt2","PUF.IPEX.10","PUF_IPEX_10","IPEX","18/09/2024","02/10/2024","efe1ce8e8d1b9cdb5da01eb790e3abcc","0.499999775441608",98,"Fungi_4751","Basidiomycota_5204","Microbotryomycetes_162481","Sporidiobolales_231213","Sporidiobolaceae_1799696",NA,NA
"pt2","PUF.IPEX.10","PUF_IPEX_10","IPEX","18/09/2024","02/10/2024","ce9e585d5196adf56f4e2c0e02e27b73","0.499999974718733",71,"Fungi_4751","Basidiomycota_5204","Microbotryomycetes_162481","Sporidiobolales_231213","Sporidiobolaceae_1799696",NA,NA
"pt2","PUF.IPEX.10","PUF_IPEX_10","IPEX","18/09/2024","02/10/2024","96a2ca12e55abcc9577bcd54e6debad3","0.834652805023254",52,"Fungi_4751","Ascomycota_4890","Leotiomycetes_147548",NA,NA,NA,NA
"pt2","PUF.IPEX.10","PUF_IPEX_10","IPEX","18/09/2024","02/10/2024","a26e6cc23365c60897b7d620c23de990","0.944259328386728",52,"Metazoa_33208","Arthropoda_6656","Insecta_50557","Lepidoptera_7088","Pyralidae_7135","Pionidia_2613197",NA
"pt2","PUF.IPEX.10","PUF_IPEX_10","IPEX","18/09/2024","02/10/2024","18afda2e4c3b03e088538500a42aa706","0.14863927909265",66,"Metazoa_33208","Cnidaria_6073",NA,NA,NA,NA,NA
"pt2","PUF.IPEX.10","PUF_IPEX_10","IPEX","18/09/2024","02/10/2024","efbf72a920a03347f6407072b84a43f9","0.999459556668486",762,"Fungi_4751","Basidiomycota_5204","Agaricomycetes_155619","Russulales_452342","Peniophoraceae_103393","Peniophora_40463","Peniophora_lycii_154539"
"pt2","PUF.IPEX.10","PUF_IPEX_10","IPEX","18/09/2024","02/10/2024","24e6afde065c6d5c729886e1ee63f7ad","0.499999972166463",626,"Fungi_4751","Basidiomycota_5204","Microbotryomycetes_162481","Sporidiobolales_231213","Sporidiobolaceae_1799696",NA,NA
"pt2","PUF.IPEX.10","PUF_IPEX_10","IPEX","18/09/2024","02/10/2024","cc71aa32d19418d8afe27f4faece796a","0.499999990069191",64,"Fungi_4751","Basidiomycota_5204","Microbotryomycetes_162481","Sporidiobolales_231213","Sporidiobolaceae_1799696",NA,NA
"pt2","PUF.IPEX.10","PUF_IPEX_10","IPEX","18/09/2024","02/10/2024","ae467d204456103bc0262e65b5710bf3","0.969881597900368",72,"Fungi_4751","Ascomycota_4890","Leotiomycetes_147548",NA,NA,NA,NA
"pt2","PUF.IPEX.10","PUF_IPEX_10","IPEX","18/09/2024","02/10/2024","117d4752364ae3068122fe3422db8eb9","0.524155627349738",83,"Fungi_4751","Ascomycota_4890","Leotiomycetes_147548",NA,NA,NA,NA
"pt2","PUF.IPEX.10","PUF_IPEX_10","IPEX","18/09/2024","02/10/2024","2aa71d44beef2bcfaaecfc4703081f0d","0.499999934301922",87,"Fungi_4751","Basidiomycota_5204","Microbotryomycetes_162481","Sporidiobolales_231213","Sporidiobolaceae_1799696",NA,NA
"pt2","PUF.IPEX.10","PUF_IPEX_10","IPEX","18/09/2024","02/10/2024","5f907557675481632654c893c4e319d5","0.369832764629548",171,"Fungi_4751","Ascomycota_4890","Dothideomycetes_147541","Cladosporiales_2726946","Cladosporiaceae_452563","Cladosporium_5498","Cladosporium_bruhnei_450181"
"pt2","PUF.IPEX.10","PUF_IPEX_10","IPEX","18/09/2024","02/10/2024","9120a8bbdc5d8261589ee9e90f0509a9","0.158530216682823",180,"Fungi_4751","Basidiomycota_5204","Agaricomycetes_155619","Boletales_68889","Boletaceae_5368","Tylopilus_80671","Tylopilus_plumbeoviolaceoides_374766"
"pt2","PUF.IPEX.10","PUF_IPEX_10","IPEX","18/09/2024","02/10/2024","fffee20f2e55a93f20f18addabd5dbbd","0.499999986638762",192,"Fungi_4751","Basidiomycota_5204","Microbotryomycetes_162481","Sporidiobolales_231213","Sporidiobolaceae_1799696",NA,NA
"pt2","PUF.IPEX.10","PUF_IPEX_10","IPEX","18/09/2024","02/10/2024","aec35e427b95f1cbf2c6d6503e172a4f","0.279152099836879",50,"Fungi_4751","Ascomycota_4890",NA,NA,NA,NA,NA
"pt2","PUF.IPEX.10","PUF_IPEX_10","IPEX","18/09/2024","02/10/2024","186655c711d9c22435d048944254d180","0.999918046946559",65,"Fungi_4751","Basidiomycota_5204","Agaricomycetes_155619","Russulales_452342","Peniophoraceae_103393","Peniophora_40463","Peniophora_lycii_154539"
"pt2","PUF.IPEX.10","PUF_IPEX_10","IPEX","18/09/2024","02/10/2024","6529e354b07834a6e157a878f423cf77","0.999113146396814",147,"Fungi_4751","Ascomycota_4890","Dothideomycetes_147541","Mycosphaerellales_2726947","Mycosphaerellaceae_93133","Cercospora_29002","Cercospora_nicotianae_29003"
"pt2","PUF.IPEX.10","PUF_IPEX_10","IPEX","18/09/2024","02/10/2024","bcf59b4926413543b3fb02800d2d5b80","0.999999999844206",92,"Eukaryota_2759_kingdom","Oomycota_4762","Oomycota_4762_class","Peronosporales_4776","Peronosporaceae_4777","Plasmopara_4780","Plasmopara_carveri_3350122"
"pt2","PUF.IPEX.10","PUF_IPEX_10","IPEX","18/09/2024","02/10/2024","d02abd7f7605757a71b855324e344a3d","0.297153359459412",94,"Fungi_4751","Basidiomycota_5204","Cystobasidiomycetes_432005","Cystobasidiales_204043","Cystobasidiaceae_34418",NA,NA
"pt2","PUF.IPEX.10","PUF_IPEX_10","IPEX","18/09/2024","02/10/2024","7f182575baad2d44cbddc0244753a1f5","0.999999999346173",129,"Eukaryota_2759_kingdom","Oomycota_4762","Oomycota_4762_class","Peronosporales_4776","Peronosporaceae_4777","Plasmopara_4780","Plasmopara_carveri_3350122"
"pt2","PUF.IPEX.10","PUF_IPEX_10","IPEX","18/09/2024","02/10/2024","661a364817797075c64f09e013ebc663","0.798909175018059",94,"Eukaryota_2759_kingdom","Oomycota_4762","Oomycota_4762_class","Albuginales_370421","Albuginaceae_65355","Wilsoniana_572136","Wilsoniana_amaranthi_330680"
"pt2","PUF.IPEX.10","PUF_IPEX_10","IPEX","18/09/2024","02/10/2024","4b03ec4eb7c17f6e6654dd7d2e85c4c4","0.646287879906065",109,"Metazoa_33208","Arthropoda_6656","Insecta_50557","Lepidoptera_7088","Pyralidae_7135","Pionidia_2613197",NA
"pt2","PUF.IPEX.10","PUF_IPEX_10","IPEX","18/09/2024","02/10/2024","2c4dff555b2582367902ad3e38b509f4","0.411012513823327",114,"Fungi_4751","Ascomycota_4890","Sordariomycetes_147550",NA,NA,NA,NA
"pt2","PUF.IPEX.10","PUF_IPEX_10","IPEX","18/09/2024","02/10/2024","c1c7d26a7b0d9fcfc5b4eacd6c1d8c36","0.49870064780389",63,"Fungi_4751","Ascomycota_4890","Leotiomycetes_147548",NA,NA,NA,NA
"pt2","PUF.IPEX.10","PUF_IPEX_10","IPEX","18/09/2024","02/10/2024","31820bddc5dc519b3fb4a2de31a3635e","0.3656181950626",58,"Metazoa_33208","Arthropoda_6656",NA,NA,NA,NA,NA
"pt2","PUF.IPEX.10","PUF_IPEX_10","IPEX","18/09/2024","02/10/2024","adbbbf60563bbe1a134d45fa7c75b406","0.894622248839249",574,"Metazoa_33208","Arthropoda_6656","Insecta_50557","Psocoptera_30259","Liposcelididae_2545764","Liposcelis_160150","Liposcelis_paeta_209927"
"pt2","PUF.IPEX.10","PUF_IPEX_10","IPEX","18/09/2024","02/10/2024","edaa043500691e5ad8622e031d7df773","0.998489287073935",83,"Metazoa_33208","Arthropoda_6656","Insecta_50557","Diptera_7147","Chironomidae_7149","Bryophaenocladius_611339","Bryophaenocladius_terrestris_3042047"
"pt2","PUF.IPEX.10","PUF_IPEX_10","IPEX","18/09/2024","02/10/2024","d5f139dc10f8bab8b267b04eaf9450d2","0.360559041088448",73,"Fungi_4751","Basidiomycota_5204","Pucciniomycetes_162484","Pucciniales_5258","Melampsoraceae_5259","Melampsora_5260","Melampsora_aecidioides_526923"
"pt2","Ins.Door","Insectarium_Door","Insectarium","10/11/2025","24/11/2025","a3612a98863d0cb2a0423fb56a0bef70","0.670862072239708",48,"Metazoa_33208","Chordata_7711","Mammalia_40674","Artiodactyla_91561","Bovidae_9895","Bos_9903","Bos_taurus_9913"
"pt2","Ins.Door","Insectarium_Door","Insectarium","10/11/2025","24/11/2025","67722f8f675a4aa6d589bba0ddfd7170","0.999999999516461",26,"Fungi_4751","Basidiomycota_5204","Microbotryomycetes_162481","Sporidiobolales_231213","Sporidiobolaceae_1799696","Rhodotorula_5533",NA
"pt2","Ins.Door","Insectarium_Door","Insectarium","10/11/2025","24/11/2025","cc5845e4e658472e1171bcb9f1d1a812","0.999999999703078",3,"Fungi_4751","Basidiomycota_5204","Microbotryomycetes_162481","Sporidiobolales_231213","Sporidiobolaceae_1799696","Rhodotorula_5533",NA
"pt2","Ins.Door","Insectarium_Door","Insectarium","10/11/2025","24/11/2025","b6ab6407bc7320de2ae98c321671a8a5","0.906570040347485",1,"Metazoa_33208","Arthropoda_6656","Insecta_50557","Lepidoptera_7088","Nymphalidae_33415","Heliconius_33416","Heliconius_doris_33455"
"pt2","Ins.Cocoon","Insectarium_Cocoon","Insectarium","10/11/2025","24/11/2025","a3612a98863d0cb2a0423fb56a0bef70","0.670862072239708",73,"Metazoa_33208","Chordata_7711","Mammalia_40674","Artiodactyla_91561","Bovidae_9895","Bos_9903","Bos_taurus_9913"
"pt2","Ins.Cocoon","Insectarium_Cocoon","Insectarium","10/11/2025","24/11/2025","18a2e110004e455b097f83f0c05922c6","0.975304870433857",24,"Metazoa_33208","Chordata_7711","Mammalia_40674","Primates_9443","Hominidae_9604","Homo_9605","Homo_sapiens_9606"
"pt2","Ins.Cocoon","Insectarium_Cocoon","Insectarium","10/11/2025","24/11/2025","7a90fdbd8070ddc9efc5589d2480e7ab","0.383408488642269",12,"Metazoa_33208","Chordata_7711","Mammalia_40674","Primates_9443","Hominidae_9604","Homo_9605","Homo_sapiens_9606"
"pt2","Ins.Cocoon","Insectarium_Cocoon","Insectarium","10/11/2025","24/11/2025","ee887797d543eb5bca70685a80448f33","0.999999999833875",123,"Metazoa_33208","Arthropoda_6656","Arachnida_6854","Sarcoptiformes_83137","Acaridae_41442","Tyrophagus_41443","Tyrophagus_putrescentiae_59818"
"pt2","Ins.Cocoon","Insectarium_Cocoon","Insectarium","10/11/2025","24/11/2025","8133d0e6ab10e81143bb927e1fb03ff5","0.989066300321096",36,"Metazoa_33208","Arthropoda_6656","Branchiopoda_6658","Anostraca_6659","Artemiidae_38009","Artemia_6660","Artemia_sorgeloosi_3034414"
"pt2","Ins.Cocoon","Insectarium_Cocoon","Insectarium","10/11/2025","24/11/2025","951055eae2606a06dec3213e140d2928","1",1,"Metazoa_33208","Arthropoda_6656","Diplopoda_7553","Julida_41448","Julidae_41449","Cylindroiulus_47131","Cylindroiulus_caeruleocinctus_438504"
"pt2","PUF.JD.8","PUF_JD_08","Jean-Drapeau","28/08/2024","11/09/2024","0c11abb10ca8c4ca6a9466f89d510f2e","0.907238614804815",95,"Metazoa_33208","Arthropoda_6656","Insecta_50557","Hemiptera_7524","Pentatomidae_160513","Glypsus_-21471","Glypsus_conspicuus_-21472"
"pt2","PUF.JD.8","PUF_JD_08","Jean-Drapeau","28/08/2024","11/09/2024","afb94828a83235f617d67b54fe89fe79","0.373408909311144",55,"Fungi_4751","Basidiomycota_5204","Pucciniomycetes_162484","Pucciniales_5258","Melampsoraceae_5259","Melampsora_5260","Melampsora_medusae_82101"
"pt2","PUF.JD.8","PUF_JD_08","Jean-Drapeau","28/08/2024","11/09/2024","bec08d51eb66022d7172c03768d5fd5d","0.937210778414611",53,"Fungi_4751","Ascomycota_4890","Dothideomycetes_147541","Cladosporiales_2726946","Cladosporiaceae_452563","Cladosporium_5498","Cladosporium_cladosporioides_29917"
"pt2","PUF.JD.8","PUF_JD_08","Jean-Drapeau","28/08/2024","11/09/2024","be8dc1271132728b62d899f6fe83b643","0.417154486433497",37,"Fungi_4751","Ascomycota_4890","Dothideomycetes_147541",NA,NA,NA,NA
"pt2","PUF.JD.8","PUF_JD_08","Jean-Drapeau","28/08/2024","11/09/2024","53814ac04567f8e2287c46b0b52f47f1","0.851549716705765",46,"Fungi_4751","Ascomycota_4890","Dothideomycetes_147541",NA,NA,NA,NA
"pt2","PUF.JD.8","PUF_JD_08","Jean-Drapeau","28/08/2024","11/09/2024","efbf72a920a03347f6407072b84a43f9","0.999459556668486",31,"Fungi_4751","Basidiomycota_5204","Agaricomycetes_155619","Russulales_452342","Peniophoraceae_103393","Peniophora_40463","Peniophora_lycii_154539"
"pt2","PUF.JD.8","PUF_JD_08","Jean-Drapeau","28/08/2024","11/09/2024","db800311f5ae69565ec96214053622f1","0.999987270154586",45,"Fungi_4751","Ascomycota_4890","Dothideomycetes_147541","Cladosporiales_2726946","Cladosporiaceae_452563","Cladosporium_5498","Cladosporium_sphaerospermum_92950"
"pt2","PUF.JD.8","PUF_JD_08","Jean-Drapeau","28/08/2024","11/09/2024","baa9c80092114cb0554a186c5bb8be0f","0.999999998546613",8581,"Metazoa_33208","Arthropoda_6656","Arachnida_6854","Araneae_6893","Tetragnathidae_27394","Tetragnatha_27395","Tetragnatha_guatemalensis_336607"
"pt2","PUF.JD.6","PUF_JD_06","Jean-Drapeau","31/07/2024","14/08/2024","0c11abb10ca8c4ca6a9466f89d510f2e","0.907238614804815",3494,"Metazoa_33208","Arthropoda_6656","Insecta_50557","Hemiptera_7524","Pentatomidae_160513","Glypsus_-21471","Glypsus_conspicuus_-21472"
"pt2","PUF.JD.6","PUF_JD_06","Jean-Drapeau","31/07/2024","14/08/2024","589974931988706a852f1bb2c5aa12dc","0.814574741442148",101,"Fungi_4751","Basidiomycota_5204","Exobasidiomycetes_452283","Microstromatales_162475","Microstromatales_162475_family","Jaminaea_561108",NA
"pt2","PUF.JD.6","PUF_JD_06","Jean-Drapeau","31/07/2024","14/08/2024","f7718bbdbd503a21d2692b3b333490cb","0.55302161898262",124,"Fungi_4751","Basidiomycota_5204","Exobasidiomycetes_452283","Microstromatales_162475","Microstromatales_162475_family","Jaminaea_561108",NA
"pt2","PUF.JD.6","PUF_JD_06","Jean-Drapeau","31/07/2024","14/08/2024","eec2170a8f2d0cd7dc3a18841a1ea5c7","0.999999999699554",157,"Fungi_4751","Basidiomycota_5204","Exobasidiomycetes_452283","Microstromatales_162475",NA,NA,NA
"pt2","PUF.JD.6","PUF_JD_06","Jean-Drapeau","31/07/2024","14/08/2024","b43d19c6734061aba20cde4334b0c772","0.933623859448047",1343,"Fungi_4751","Ascomycota_4890","Dothideomycetes_147541","Cladosporiales_2726946","Cladosporiaceae_452563","Cladosporium_5498","Cladosporium_bruhnei_450181"
"pt2","PUF.JD.6","PUF_JD_06","Jean-Drapeau","31/07/2024","14/08/2024","bec08d51eb66022d7172c03768d5fd5d","0.937210778414611",1031,"Fungi_4751","Ascomycota_4890","Dothideomycetes_147541","Cladosporiales_2726946","Cladosporiaceae_452563","Cladosporium_5498","Cladosporium_cladosporioides_29917"
"pt2","PUF.JD.6","PUF_JD_06","Jean-Drapeau","31/07/2024","14/08/2024","42a334b44b84641c69386150c7cde441","0.975711405297424",47,"Fungi_4751","Ascomycota_4890","Leotiomycetes_147548",NA,NA,NA,NA
"pt2","PUF.JD.6","PUF_JD_06","Jean-Drapeau","31/07/2024","14/08/2024","be8dc1271132728b62d899f6fe83b643","0.417154486433497",1219,"Fungi_4751","Ascomycota_4890","Dothideomycetes_147541",NA,NA,NA,NA
"pt2","PUF.JD.6","PUF_JD_06","Jean-Drapeau","31/07/2024","14/08/2024","c684f602961d1fa707824757cb55af21","0.980027983287282",31,"Fungi_4751","Ascomycota_4890","Leotiomycetes_147548",NA,NA,NA,NA
"pt2","PUF.JD.6","PUF_JD_06","Jean-Drapeau","31/07/2024","14/08/2024","202e53dd32a0e7b3fcb0945dd40b5e51","0.819547932595875",138,"Fungi_4751","Ascomycota_4890","Leotiomycetes_147548",NA,NA,NA,NA
"pt2","PUF.JD.6","PUF_JD_06","Jean-Drapeau","31/07/2024","14/08/2024","0654cc62f2b2d1f6652ba8acca4ba9fb","0.959194747463117",51,"Fungi_4751","Basidiomycota_5204","Exobasidiomycetes_452283","Microstromatales_162475","Microstromatales_162475_family","Jaminaea_561108",NA
"pt2","PUF.JD.6","PUF_JD_06","Jean-Drapeau","31/07/2024","14/08/2024","b68e68d28b1bf1fab06f4b523042e2d3","0.983792751072165",297,"Fungi_4751","Ascomycota_4890","Leotiomycetes_147548",NA,NA,NA,NA
"pt2","PUF.JD.6","PUF_JD_06","Jean-Drapeau","31/07/2024","14/08/2024","53814ac04567f8e2287c46b0b52f47f1","0.851549716705765",571,"Fungi_4751","Ascomycota_4890","Dothideomycetes_147541",NA,NA,NA,NA
"pt2","PUF.JD.6","PUF_JD_06","Jean-Drapeau","31/07/2024","14/08/2024","e07e46d7aafd4deecdc6327a714c759c","0.946704056119496",65,"Fungi_4751","Ascomycota_4890","Leotiomycetes_147548",NA,NA,NA,NA
"pt2","PUF.JD.6","PUF_JD_06","Jean-Drapeau","31/07/2024","14/08/2024","d1d24d5ef702ed8316897967f0aed4bc","0.438081783143306",31,"Fungi_4751","Ascomycota_4890","Sordariomycetes_147550",NA,NA,NA,NA
"pt2","PUF.JD.6","PUF_JD_06","Jean-Drapeau","31/07/2024","14/08/2024","a26e6cc23365c60897b7d620c23de990","0.944259328386728",38,"Metazoa_33208","Arthropoda_6656","Insecta_50557","Lepidoptera_7088","Pyralidae_7135","Pionidia_2613197",NA
"pt2","PUF.JD.6","PUF_JD_06","Jean-Drapeau","31/07/2024","14/08/2024","efbf72a920a03347f6407072b84a43f9","0.999459556668486",150,"Fungi_4751","Basidiomycota_5204","Agaricomycetes_155619","Russulales_452342","Peniophoraceae_103393","Peniophora_40463","Peniophora_lycii_154539"
"pt2","PUF.JD.6","PUF_JD_06","Jean-Drapeau","31/07/2024","14/08/2024","d3818391d7f0c7a44c0f4151474788c2","0.656932599669466",57,"Fungi_4751","Basidiomycota_5204","Tremellomycetes_155616","Tremellales_5234","Bulleribasidiaceae_1884640","Dioszegia_165440","Dioszegia_changbaiensis_234950"
"pt2","PUF.JD.6","PUF_JD_06","Jean-Drapeau","31/07/2024","14/08/2024","b95489e3a5b28ae3f988e6fc613086f8","0.795283300424582",170,"Fungi_4751","Ascomycota_4890","Dothideomycetes_147541",NA,NA,NA,NA
"pt2","PUF.JD.6","PUF_JD_06","Jean-Drapeau","31/07/2024","14/08/2024","dd416ee0ba4cf3fece581c3d5905292c","0.349298685098108",37,"Metazoa_33208","Arthropoda_6656","Insecta_50557","Hymenoptera_7399",NA,NA,NA
"pt2","PUF.JD.6","PUF_JD_06","Jean-Drapeau","31/07/2024","14/08/2024","b57dae9ebeb1e6a4e9f3e4d249bbd1ef","0.931122504098132",93,"Fungi_4751","Ascomycota_4890","Dothideomycetes_147541",NA,NA,NA,NA
"pt2","PUF.JD.6","PUF_JD_06","Jean-Drapeau","31/07/2024","14/08/2024","e568316642a9d4f2542e85dcc7267df7","0.999999998668883",64,"Fungi_4751","Basidiomycota_5204","Exobasidiomycetes_452283","Microstromatales_162475",NA,NA,NA
"pt2","PUF.JD.6","PUF_JD_06","Jean-Drapeau","31/07/2024","14/08/2024","186655c711d9c22435d048944254d180","0.999918046946559",55,"Fungi_4751","Basidiomycota_5204","Agaricomycetes_155619","Russulales_452342","Peniophoraceae_103393","Peniophora_40463","Peniophora_lycii_154539"
"pt2","PUF.JD.6","PUF_JD_06","Jean-Drapeau","31/07/2024","14/08/2024","e3625b78fc7d223a7bce189dca39f019","0.931434102040716",41,"Fungi_4751","Ascomycota_4890","Dothideomycetes_147541","Pleosporales_92860","Shiraiaceae_224418","Shiraia_224419","Shiraia_bambusicola_224420"
"pt2","PUF.JD.6","PUF_JD_06","Jean-Drapeau","31/07/2024","14/08/2024","63cbf205978bd08a2360e291c4df8e3b","0.999997716102478",39,"Fungi_4751","Ascomycota_4890","Ascomycetes_-67464",NA,NA,NA,NA
"pt2","PUF.JD.6","PUF_JD_06","Jean-Drapeau","31/07/2024","14/08/2024","6529e354b07834a6e157a878f423cf77","0.999113146396814",38,"Fungi_4751","Ascomycota_4890","Dothideomycetes_147541","Mycosphaerellales_2726947","Mycosphaerellaceae_93133","Cercospora_29002","Cercospora_nicotianae_29003"
"pt2","PUF.JD.6","PUF_JD_06","Jean-Drapeau","31/07/2024","14/08/2024","d81f6cdff61b07652ac3a1e24f7d4d34","0.985570670322772",169,"Fungi_4751","Ascomycota_4890","Leotiomycetes_147548",NA,NA,NA,NA
"pt2","PUF.JD.6","PUF_JD_06","Jean-Drapeau","31/07/2024","14/08/2024","eb9b3ed29b222cdf7609b0bba85b6e6d","0.445662319416487",31,"Fungi_4751","Ascomycota_4890","Leotiomycetes_147548",NA,NA,NA,NA
"pt2","PUF.JD.6","PUF_JD_06","Jean-Drapeau","31/07/2024","14/08/2024","db800311f5ae69565ec96214053622f1","0.999987270154586",409,"Fungi_4751","Ascomycota_4890","Dothideomycetes_147541","Cladosporiales_2726946","Cladosporiaceae_452563","Cladosporium_5498","Cladosporium_sphaerospermum_92950"
"pt2","PUF.JD.6","PUF_JD_06","Jean-Drapeau","31/07/2024","14/08/2024","fe176b308bbe88adcb2e8c347fa8e4c6","0.998579538404455",60,"Fungi_4751","Ascomycota_4890","Leotiomycetes_147548",NA,NA,NA,NA
"pt2","PUF.JD.6","PUF_JD_06","Jean-Drapeau","31/07/2024","14/08/2024","fab15be22bf2b702829362160b78a241","0.23313571786753",40,"Fungi_4751","Basidiomycota_5204","Tremellomycetes_155616","Filobasidiales_90886","Filobasidiaceae_5408",NA,NA
"pt2","PUF.JD.6","PUF_JD_06","Jean-Drapeau","31/07/2024","14/08/2024","46b87a93800ec3908b4e236322e3b87d","0.999999999696428",119,"Metazoa_33208","Arthropoda_6656","Arachnida_6854","Araneae_6893","Tetragnathidae_27394","Tetragnatha_27395","Tetragnatha_guatemalensis_336607"
"pt2","PUF.JD.6","PUF_JD_06","Jean-Drapeau","31/07/2024","14/08/2024","819b8d00c51c75350e94f7329e807be2","0.999999996252185",34,"Fungi_4751","Basidiomycota_5204","Microbotryomycetes_162481","Sporidiobolales_231213","Sporidiobolaceae_1799696","Rhodotorula_5533",NA
"pt2","PUF.JD.6","PUF_JD_06","Jean-Drapeau","31/07/2024","14/08/2024","cb90c9c81a7df9425cb3fd7dab0fac2e","0.435403519815379",63,"Metazoa_33208","Arthropoda_6656","Insecta_50557","Diptera_7147","Chironomidae_7149",NA,NA
