"Level","site","ID_order","from","to","Taxon","Reads","Fx"
"k","Bird Observatory","PUF_MBO_01","20/05/2024","03/06/2024","Metazoa_33208",2311,1
"k","Bird Observatory","PUF_MBO_02","03/06/2024","17/06/2024","Metazoa_33208",15390,1
"k","Bird Observatory","PUF_MBO_03","17/06/2024","01/07/2024","Metazoa_33208",747,1
"k","Bird Observatory","PUF_MBO_04","01/07/2024","15/07/2024","Metazoa_33208",1129,1
"k","Bird Observatory","PUF_MBO_05","15/07/2024","29/07/2024","Metazoa_33208",9346,1
"k","Bird Observatory","PUF_MBO_06","29/07/2024","12/08/2024","Metazoa_33208",1009,1
"k","Bird Observatory","PUF_MBO_07","12/08/2024","26/08/2024","Metazoa_33208",1978,1
"k","Bird Observatory","PUF_MBO_08","26/08/2024","09/09/2024","Metazoa_33208",1889,1
"k","Bird Observatory","PUF_MBO_09","09/09/2024","23/09/2024","Metazoa_33208",2901,1
"k","Bird Observatory","PUF_MBO_10","23/09/2024","07/10/2024","Metazoa_33208",1668,1
"k","Botanical Garden","PUF_BOT_01","17/05/2024","31/05/2024","Metazoa_33208",820,1
"k","Botanical Garden","PUF_BOT_02","31/05/2024","14/06/2024","Metazoa_33208",2409,1
"k","Botanical Garden","PUF_BOT_03","24/06/2024","28/06/2024","Metazoa_33208",88,1
"k","Botanical Garden","PUF_BOT_04","28/06/2024","12/07/2024","Metazoa_33208",937,1
"k","Botanical Garden","PUF_BOT_05","12/07/2024","26/07/2024","Metazoa_33208",1542,1
"k","Botanical Garden","PUF_BOT_06","26/07/2024","09/08/2024","Metazoa_33208",19866,1
"k","Botanical Garden","PUF_BOT_07","09/08/2024","23/08/2024","Metazoa_33208",2666,1
"k","Botanical Garden","PUF_BOT_08","23/08/2024","06/09/2024","Metazoa_33208",1218,1
"k","Botanical Garden","PUF_BOT_09","06/09/2024","20/09/2024","Metazoa_33208",1475,1
"k","Botanical Garden","PUF_BOT_10","20/09/2024","04/10/2024","Metazoa_33208",3853,1
"k","Boucherville","PUF_BOU_01","27/05/2024","10/06/2024","Metazoa_33208",252,1
"k","Boucherville","PUF_BOU_02","10/06/2024","24/06/2024","Metazoa_33208",1060,1
"k","Boucherville","PUF_BOU_03","24/06/2024","08/07/2024","Metazoa_33208",653,1
"k","Boucherville","PUF_BOU_04","08/07/2024","22/07/2024","Metazoa_33208",600,1
"k","Boucherville","PUF_BOU_05","22/07/2024","05/08/2024","Metazoa_33208",2459,1
"k","Boucherville","PUF_BOU_06","05/08/2024","19/08/2024","Metazoa_33208",858,1
"k","Boucherville","PUF_BOU_07","19/08/2024","02/09/2024","Metazoa_33208",326,1
"k","Boucherville","PUF_BOU_08","02/09/2024","16/09/2024","Metazoa_33208",2244,1
"k","Boucherville","PUF_BOU_09","16/09/2024","30/09/2024","Metazoa_33208",1812,1
"k","IPEX","PUF_IPEX_01","15/05/2024","29/05/2024","Metazoa_33208",112,1
"k","IPEX","PUF_IPEX_02","29/05/2024","12/06/2024","Metazoa_33208",1815,1
"k","IPEX","PUF_IPEX_03","12/06/2024","26/06/2024","Metazoa_33208",11321,1
"k","IPEX","PUF_IPEX_04","26/06/2024","10/07/2024","Metazoa_33208",2024,1
"k","IPEX","PUF_IPEX_05","10/07/2024","24/07/2024","Metazoa_33208",5875,1
"k","IPEX","PUF_IPEX_06","24/07/2024","07/08/2024","Metazoa_33208",1081,1
"k","IPEX","PUF_IPEX_07","07/08/2024","21/08/2024","Metazoa_33208",1775,1
"k","IPEX","PUF_IPEX_08","21/08/2024","04/09/2024","Metazoa_33208",2372,1
"k","IPEX","PUF_IPEX_09","04/09/2024","18/09/2024","Metazoa_33208",1208,1
"k","IPEX","PUF_IPEX_10","18/09/2024","02/10/2024","Metazoa_33208",4399,1
"k","Jean-Drapeau","PUF_JD_01","22/05/2024","05/06/2024","Metazoa_33208",8906,1
"k","Jean-Drapeau","PUF_JD_02","05/06/2024","19/06/2024","Metazoa_33208",14255,1
"k","Jean-Drapeau","PUF_JD_03","19/06/2024","03/07/2024","Metazoa_33208",1043,1
"k","Jean-Drapeau","PUF_JD_04","03/07/2024","17/07/2024","Metazoa_33208",1651,1
"k","Jean-Drapeau","PUF_JD_05","17/07/2024","31/07/2024","Metazoa_33208",4211,1
"k","Jean-Drapeau","PUF_JD_06","31/07/2024","14/08/2024","Metazoa_33208",4003,1
"k","Jean-Drapeau","PUF_JD_07","14/08/2024","28/08/2024","Metazoa_33208",4587,1
"k","Jean-Drapeau","PUF_JD_08","28/08/2024","11/09/2024","Metazoa_33208",8740,1
"k","Jean-Drapeau","PUF_JD_09","11/09/2024","25/09/2024","Metazoa_33208",1215,1
"k","Jean-Drapeau","PUF_JD_10","25/09/2024","09/10/2024","Metazoa_33208",8701,1
"k",NA,NA,NA,NA,"Metazoa_33208",30210,1
"p","Bird Observatory","PUF_MBO_01","20/05/2024","03/06/2024","Arthropoda_6656",2240,0.969277369104284
"p","Bird Observatory","PUF_MBO_01","20/05/2024","03/06/2024","Chordata_7711",59,0.0255300735612289
"p","Bird Observatory","PUF_MBO_01","20/05/2024","03/06/2024","Cnidaria_6073",12,0.00519255733448724
"p","Bird Observatory","PUF_MBO_02","03/06/2024","17/06/2024","Arthropoda_6656",15354,0.99766081871345
"p","Bird Observatory","PUF_MBO_02","03/06/2024","17/06/2024","Cnidaria_6073",36,0.00233918128654971
"p","Bird Observatory","PUF_MBO_03","17/06/2024","01/07/2024","Arthropoda_6656",706,0.945113788487282
"p","Bird Observatory","PUF_MBO_03","17/06/2024","01/07/2024","Chordata_7711",21,0.0281124497991968
"p","Bird Observatory","PUF_MBO_03","17/06/2024","01/07/2024","Cnidaria_6073",20,0.0267737617135207
"p","Bird Observatory","PUF_MBO_04","01/07/2024","15/07/2024","Arthropoda_6656",821,0.727192205491585
"p","Bird Observatory","PUF_MBO_04","01/07/2024","15/07/2024","Chordata_7711",308,0.272807794508415
"p","Bird Observatory","PUF_MBO_05","15/07/2024","29/07/2024","Arthropoda_6656",9223,0.98683928953563
"p","Bird Observatory","PUF_MBO_05","15/07/2024","29/07/2024","Mollusca_6447",72,0.00770383051572865
"p","Bird Observatory","PUF_MBO_05","15/07/2024","29/07/2024","Cnidaria_6073",31,0.00331692702760539
"p","Bird Observatory","PUF_MBO_05","15/07/2024","29/07/2024","Chordata_7711",20,0.00213995292103574
"p","Bird Observatory","PUF_MBO_06","29/07/2024","12/08/2024","Arthropoda_6656",944,0.935579781962339
"p","Bird Observatory","PUF_MBO_06","29/07/2024","12/08/2024","Cnidaria_6073",41,0.0406342913776016
"p","Bird Observatory","PUF_MBO_06","29/07/2024","12/08/2024","Mollusca_6447",24,0.0237859266600595
"p","Bird Observatory","PUF_MBO_07","12/08/2024","26/08/2024","Arthropoda_6656",1826,0.923154701718908
"p","Bird Observatory","PUF_MBO_07","12/08/2024","26/08/2024","Cnidaria_6073",147,0.0743174924165824
"p","Bird Observatory","PUF_MBO_07","12/08/2024","26/08/2024","Mollusca_6447",5,0.00252780586450961
"p","Bird Observatory","PUF_MBO_08","26/08/2024","09/09/2024","Arthropoda_6656",1796,0.95076760190577
"p","Bird Observatory","PUF_MBO_08","26/08/2024","09/09/2024","Cnidaria_6073",85,0.0449973530968767
"p","Bird Observatory","PUF_MBO_08","26/08/2024","09/09/2024","Mollusca_6447",8,0.0042350449973531
"p","Bird Observatory","PUF_MBO_09","09/09/2024","23/09/2024","Arthropoda_6656",2635,0.908307480179249
"p","Bird Observatory","PUF_MBO_09","09/09/2024","23/09/2024","Cnidaria_6073",103,0.0355049982764564
"p","Bird Observatory","PUF_MBO_09","09/09/2024","23/09/2024","Mollusca_6447",100,0.0344708721130645
"p","Bird Observatory","PUF_MBO_09","09/09/2024","23/09/2024","Chordata_7711",63,0.0217166494312306
"p","Bird Observatory","PUF_MBO_10","23/09/2024","07/10/2024","Arthropoda_6656",1539,0.922661870503597
"p","Bird Observatory","PUF_MBO_10","23/09/2024","07/10/2024","Cnidaria_6073",120,0.0719424460431655
"p","Bird Observatory","PUF_MBO_10","23/09/2024","07/10/2024","Mollusca_6447",6,0.00359712230215827
"p","Bird Observatory","PUF_MBO_10","23/09/2024","07/10/2024","Chordata_7711",3,0.00179856115107914
"p","Botanical Garden","PUF_BOT_01","17/05/2024","31/05/2024","Arthropoda_6656",750,0.914634146341463
"p","Botanical Garden","PUF_BOT_01","17/05/2024","31/05/2024","Chordata_7711",36,0.0439024390243902
"p","Botanical Garden","PUF_BOT_01","17/05/2024","31/05/2024","Cnidaria_6073",34,0.0414634146341463
"p","Botanical Garden","PUF_BOT_02","31/05/2024","14/06/2024","Arthropoda_6656",2350,0.975508509755085
"p","Botanical Garden","PUF_BOT_02","31/05/2024","14/06/2024","Chordata_7711",39,0.0161892901618929
"p","Botanical Garden","PUF_BOT_02","31/05/2024","14/06/2024","Cnidaria_6073",20,0.008302200083022
"p","Botanical Garden","PUF_BOT_03","24/06/2024","28/06/2024","Chordata_7711",88,1
"p","Botanical Garden","PUF_BOT_04","28/06/2024","12/07/2024","Arthropoda_6656",901,0.961579509071505
"p","Botanical Garden","PUF_BOT_04","28/06/2024","12/07/2024","Cnidaria_6073",33,0.0352187833511206
"p","Botanical Garden","PUF_BOT_04","28/06/2024","12/07/2024","Chordata_7711",3,0.0032017075773746
"p","Botanical Garden","PUF_BOT_05","12/07/2024","26/07/2024","Arthropoda_6656",1398,0.906614785992218
"p","Botanical Garden","PUF_BOT_05","12/07/2024","26/07/2024","Chordata_7711",64,0.0415045395590143
"p","Botanical Garden","PUF_BOT_05","12/07/2024","26/07/2024","Mollusca_6447",47,0.0304798962386511
"p","Botanical Garden","PUF_BOT_05","12/07/2024","26/07/2024","Cnidaria_6073",33,0.0214007782101167
"p","Botanical Garden","PUF_BOT_06","26/07/2024","09/08/2024","Arthropoda_6656",19117,0.962297392529951
"p","Botanical Garden","PUF_BOT_06","26/07/2024","09/08/2024","Chordata_7711",727,0.0365951877579785
"p","Botanical Garden","PUF_BOT_06","26/07/2024","09/08/2024","Cnidaria_6073",22,0.00110741971207087
"p","Botanical Garden","PUF_BOT_07","09/08/2024","23/08/2024","Arthropoda_6656",2586,0.969992498124531
"p","Botanical Garden","PUF_BOT_07","09/08/2024","23/08/2024","Cnidaria_6073",63,0.0236309077269317
"p","Botanical Garden","PUF_BOT_07","09/08/2024","23/08/2024","Chordata_7711",17,0.00637659414853713
"p","Botanical Garden","PUF_BOT_08","23/08/2024","06/09/2024","Arthropoda_6656",1167,0.958128078817734
"p","Botanical Garden","PUF_BOT_08","23/08/2024","06/09/2024","Cnidaria_6073",48,0.0394088669950739
"p","Botanical Garden","PUF_BOT_08","23/08/2024","06/09/2024","Chordata_7711",3,0.00246305418719212
"p","Botanical Garden","PUF_BOT_09","06/09/2024","20/09/2024","Arthropoda_6656",1425,0.966101694915254
"p","Botanical Garden","PUF_BOT_09","06/09/2024","20/09/2024","Cnidaria_6073",20,0.0135593220338983
"p","Botanical Garden","PUF_BOT_09","06/09/2024","20/09/2024","Mollusca_6447",19,0.0128813559322034
"p","Botanical Garden","PUF_BOT_09","06/09/2024","20/09/2024","Chordata_7711",11,0.00745762711864407
"p","Botanical Garden","PUF_BOT_10","20/09/2024","04/10/2024","Arthropoda_6656",3526,0.915131066701272
"p","Botanical Garden","PUF_BOT_10","20/09/2024","04/10/2024","Chordata_7711",327,0.0848689332987283
"p","Boucherville","PUF_BOU_01","27/05/2024","10/06/2024","Arthropoda_6656",247,0.98015873015873
"p","Boucherville","PUF_BOU_01","27/05/2024","10/06/2024","Chordata_7711",2,0.00793650793650794
"p","Boucherville","PUF_BOU_01","27/05/2024","10/06/2024","Cnidaria_6073",2,0.00793650793650794
"p","Boucherville","PUF_BOU_01","27/05/2024","10/06/2024","Mollusca_6447",1,0.00396825396825397
"p","Boucherville","PUF_BOU_02","10/06/2024","24/06/2024","Arthropoda_6656",998,0.941509433962264
"p","Boucherville","PUF_BOU_02","10/06/2024","24/06/2024","Chordata_7711",42,0.039622641509434
"p","Boucherville","PUF_BOU_02","10/06/2024","24/06/2024","Cnidaria_6073",20,0.0188679245283019
"p","Boucherville","PUF_BOU_03","24/06/2024","08/07/2024","Arthropoda_6656",555,0.849923430321593
"p","Boucherville","PUF_BOU_03","24/06/2024","08/07/2024","Chordata_7711",57,0.0872894333843798
"p","Boucherville","PUF_BOU_03","24/06/2024","08/07/2024","Cnidaria_6073",41,0.0627871362940276
"p","Boucherville","PUF_BOU_04","08/07/2024","22/07/2024","Arthropoda_6656",592,0.986666666666667
"p","Boucherville","PUF_BOU_04","08/07/2024","22/07/2024","Chordata_7711",7,0.0116666666666667
"p","Boucherville","PUF_BOU_04","08/07/2024","22/07/2024","Cnidaria_6073",1,0.00166666666666667
"p","Boucherville","PUF_BOU_05","22/07/2024","05/08/2024","Arthropoda_6656",2369,0.963399755998373
"p","Boucherville","PUF_BOU_05","22/07/2024","05/08/2024","Cnidaria_6073",79,0.0321268808458723
"p","Boucherville","PUF_BOU_05","22/07/2024","05/08/2024","Mollusca_6447",11,0.00447336315575437
"p","Boucherville","PUF_BOU_06","05/08/2024","19/08/2024","Arthropoda_6656",809,0.942890442890443
"p","Boucherville","PUF_BOU_06","05/08/2024","19/08/2024","Cnidaria_6073",26,0.0303030303030303
"p","Boucherville","PUF_BOU_06","05/08/2024","19/08/2024","Mollusca_6447",23,0.0268065268065268
"p","Boucherville","PUF_BOU_07","19/08/2024","02/09/2024","Arthropoda_6656",220,0.674846625766871
"p","Boucherville","PUF_BOU_07","19/08/2024","02/09/2024","Chordata_7711",60,0.184049079754601
"p","Boucherville","PUF_BOU_07","19/08/2024","02/09/2024","Mollusca_6447",24,0.0736196319018405
"p","Boucherville","PUF_BOU_07","19/08/2024","02/09/2024","Cnidaria_6073",22,0.0674846625766871
"p","Boucherville","PUF_BOU_08","02/09/2024","16/09/2024","Arthropoda_6656",2115,0.942513368983957
"p","Boucherville","PUF_BOU_08","02/09/2024","16/09/2024","Cnidaria_6073",67,0.0298573975044563
"p","Boucherville","PUF_BOU_08","02/09/2024","16/09/2024","Chordata_7711",32,0.0142602495543672
"p","Boucherville","PUF_BOU_08","02/09/2024","16/09/2024","Mollusca_6447",30,0.0133689839572193
"p","Boucherville","PUF_BOU_09","16/09/2024","30/09/2024","Arthropoda_6656",1703,0.939845474613687
"p","Boucherville","PUF_BOU_09","16/09/2024","30/09/2024","Chordata_7711",89,0.0491169977924945
"p","Boucherville","PUF_BOU_09","16/09/2024","30/09/2024","Cnidaria_6073",10,0.00551876379690949
"p","Boucherville","PUF_BOU_09","16/09/2024","30/09/2024","Mollusca_6447",10,0.00551876379690949
"p","IPEX","PUF_IPEX_01","15/05/2024","29/05/2024","Arthropoda_6656",84,0.75
"p","IPEX","PUF_IPEX_01","15/05/2024","29/05/2024","Chordata_7711",28,0.25
"p","IPEX","PUF_IPEX_02","29/05/2024","12/06/2024","Arthropoda_6656",1718,0.946556473829201
"p","IPEX","PUF_IPEX_02","29/05/2024","12/06/2024","Cnidaria_6073",90,0.0495867768595041
"p","IPEX","PUF_IPEX_02","29/05/2024","12/06/2024","Chordata_7711",7,0.00385674931129477
"p","IPEX","PUF_IPEX_03","12/06/2024","26/06/2024","Arthropoda_6656",11143,0.984277007331508
"p","IPEX","PUF_IPEX_03","12/06/2024","26/06/2024","Cnidaria_6073",118,0.0104231074993375
"p","IPEX","PUF_IPEX_03","12/06/2024","26/06/2024","Chordata_7711",60,0.00529988516915467
"p","IPEX","PUF_IPEX_04","26/06/2024","10/07/2024","Arthropoda_6656",1749,0.864130434782609
"p","IPEX","PUF_IPEX_04","26/06/2024","10/07/2024","Cnidaria_6073",191,0.0943675889328063
"p","IPEX","PUF_IPEX_04","26/06/2024","10/07/2024","Chordata_7711",79,0.0390316205533597
"p","IPEX","PUF_IPEX_04","26/06/2024","10/07/2024","Mollusca_6447",5,0.0024703557312253
"p","IPEX","PUF_IPEX_05","10/07/2024","24/07/2024","Arthropoda_6656",5593,0.952
"p","IPEX","PUF_IPEX_05","10/07/2024","24/07/2024","Cnidaria_6073",221,0.0376170212765957
"p","IPEX","PUF_IPEX_05","10/07/2024","24/07/2024","Chordata_7711",49,0.00834042553191489
"p","IPEX","PUF_IPEX_05","10/07/2024","24/07/2024","Mollusca_6447",12,0.00204255319148936
"p","IPEX","PUF_IPEX_06","24/07/2024","07/08/2024","Arthropoda_6656",1043,0.964847363552266
"p","IPEX","PUF_IPEX_06","24/07/2024","07/08/2024","Cnidaria_6073",31,0.028677150786309
"p","IPEX","PUF_IPEX_06","24/07/2024","07/08/2024","Chordata_7711",7,0.00647548566142461
"p","IPEX","PUF_IPEX_07","07/08/2024","21/08/2024","Arthropoda_6656",1589,0.895211267605634
"p","IPEX","PUF_IPEX_07","07/08/2024","21/08/2024","Cnidaria_6073",171,0.0963380281690141
"p","IPEX","PUF_IPEX_07","07/08/2024","21/08/2024","Chordata_7711",15,0.00845070422535211
"p","IPEX","PUF_IPEX_08","21/08/2024","04/09/2024","Arthropoda_6656",2116,0.892074198988196
"p","IPEX","PUF_IPEX_08","21/08/2024","04/09/2024","Cnidaria_6073",169,0.071247892074199
"p","IPEX","PUF_IPEX_08","21/08/2024","04/09/2024","Chordata_7711",87,0.0366779089376054
"p","IPEX","PUF_IPEX_09","04/09/2024","18/09/2024","Arthropoda_6656",1170,0.968543046357616
"p","IPEX","PUF_IPEX_09","04/09/2024","18/09/2024","Cnidaria_6073",38,0.0314569536423841
"p","IPEX","PUF_IPEX_10","18/09/2024","02/10/2024","Arthropoda_6656",4200,0.954762446010457
"p","IPEX","PUF_IPEX_10","18/09/2024","02/10/2024","Cnidaria_6073",199,0.0452375539895431
"p","Jean-Drapeau","PUF_JD_01","22/05/2024","05/06/2024","Arthropoda_6656",8893,0.998540309903436
"p","Jean-Drapeau","PUF_JD_01","22/05/2024","05/06/2024","Chordata_7711",13,0.00145969009656411
"p","Jean-Drapeau","PUF_JD_02","05/06/2024","19/06/2024","Arthropoda_6656",14236,0.998667134338828
"p","Jean-Drapeau","PUF_JD_02","05/06/2024","19/06/2024","Chordata_7711",14,0.000982111539810593
"p","Jean-Drapeau","PUF_JD_02","05/06/2024","19/06/2024","Cnidaria_6073",5,0.000350754121360926
"p","Jean-Drapeau","PUF_JD_03","19/06/2024","03/07/2024","Arthropoda_6656",908,0.870565675934803
"p","Jean-Drapeau","PUF_JD_03","19/06/2024","03/07/2024","Chordata_7711",100,0.0958772770853308
"p","Jean-Drapeau","PUF_JD_03","19/06/2024","03/07/2024","Cnidaria_6073",33,0.0316395014381592
"p","Jean-Drapeau","PUF_JD_03","19/06/2024","03/07/2024","Mollusca_6447",2,0.00191754554170662
"p","Jean-Drapeau","PUF_JD_04","03/07/2024","17/07/2024","Arthropoda_6656",1421,0.86069049061175
"p","Jean-Drapeau","PUF_JD_04","03/07/2024","17/07/2024","Chordata_7711",224,0.135675348273773
"p","Jean-Drapeau","PUF_JD_04","03/07/2024","17/07/2024","Mollusca_6447",6,0.00363416111447608
"p","Jean-Drapeau","PUF_JD_05","17/07/2024","31/07/2024","Arthropoda_6656",4094,0.972215625742104
"p","Jean-Drapeau","PUF_JD_05","17/07/2024","31/07/2024","Cnidaria_6073",57,0.0135359772025647
"p","Jean-Drapeau","PUF_JD_05","17/07/2024","31/07/2024","Chordata_7711",56,0.0132985039183092
"p","Jean-Drapeau","PUF_JD_05","17/07/2024","31/07/2024","Mollusca_6447",4,0.000949893137022085
"p","Jean-Drapeau","PUF_JD_06","31/07/2024","14/08/2024","Arthropoda_6656",3958,0.988758431176618
"p","Jean-Drapeau","PUF_JD_06","31/07/2024","14/08/2024","Cnidaria_6073",45,0.0112415688233825
"p","Jean-Drapeau","PUF_JD_07","14/08/2024","28/08/2024","Arthropoda_6656",4342,0.946588183998256
"p","Jean-Drapeau","PUF_JD_07","14/08/2024","28/08/2024","Cnidaria_6073",236,0.0514497492914759
"p","Jean-Drapeau","PUF_JD_07","14/08/2024","28/08/2024","Chordata_7711",9,0.00196206671026815
"p","Jean-Drapeau","PUF_JD_08","28/08/2024","11/09/2024","Arthropoda_6656",8732,0.99908466819222
"p","Jean-Drapeau","PUF_JD_08","28/08/2024","11/09/2024","Cnidaria_6073",8,0.00091533180778032
"p","Jean-Drapeau","PUF_JD_09","11/09/2024","25/09/2024","Arthropoda_6656",1141,0.939094650205761
"p","Jean-Drapeau","PUF_JD_09","11/09/2024","25/09/2024","Cnidaria_6073",63,0.0518518518518519
"p","Jean-Drapeau","PUF_JD_09","11/09/2024","25/09/2024","Chordata_7711",11,0.00905349794238683
"p","Jean-Drapeau","PUF_JD_10","25/09/2024","09/10/2024","Arthropoda_6656",8597,0.988047350879209
"p","Jean-Drapeau","PUF_JD_10","25/09/2024","09/10/2024","Chordata_7711",67,0.00770026433743248
"p","Jean-Drapeau","PUF_JD_10","25/09/2024","09/10/2024","Cnidaria_6073",37,0.00425238478335823
"p",NA,NA,NA,NA,"Arthropoda_6656",30193,0.999437272426349
"p",NA,NA,NA,NA,"Chordata_7711",17,0.000562727573651109
"c","Bird Observatory","PUF_MBO_01","20/05/2024","03/06/2024","Arachnida_6854",1421,0.61488533102553
"c","Bird Observatory","PUF_MBO_01","20/05/2024","03/06/2024","Insecta_50557",715,0.309389874513198
"c","Bird Observatory","PUF_MBO_01","20/05/2024","03/06/2024",NA,111,0.0480311553440069
"c","Bird Observatory","PUF_MBO_01","20/05/2024","03/06/2024","Mammalia_40674",59,0.0255300735612289
"c","Bird Observatory","PUF_MBO_01","20/05/2024","03/06/2024","Hydrozoa_6074",5,0.00216356555603635
"c","Bird Observatory","PUF_MBO_02","03/06/2024","17/06/2024","Insecta_50557",8078,0.524886289798571
"c","Bird Observatory","PUF_MBO_02","03/06/2024","17/06/2024","Arachnida_6854",7271,0.472449642625081
"c","Bird Observatory","PUF_MBO_02","03/06/2024","17/06/2024",NA,41,0.00266406757634828
"c","Bird Observatory","PUF_MBO_03","17/06/2024","01/07/2024","Insecta_50557",364,0.487282463186078
"c","Bird Observatory","PUF_MBO_03","17/06/2024","01/07/2024","Arachnida_6854",318,0.42570281124498
"c","Bird Observatory","PUF_MBO_03","17/06/2024","01/07/2024",NA,44,0.0589022757697456
"c","Bird Observatory","PUF_MBO_03","17/06/2024","01/07/2024","Mammalia_40674",21,0.0281124497991968
"c","Bird Observatory","PUF_MBO_04","01/07/2024","15/07/2024","Insecta_50557",549,0.486271036315323
"c","Bird Observatory","PUF_MBO_04","01/07/2024","15/07/2024","Mammalia_40674",308,0.272807794508415
"c","Bird Observatory","PUF_MBO_04","01/07/2024","15/07/2024","Arachnida_6854",272,0.240921169176262
"c","Bird Observatory","PUF_MBO_05","15/07/2024","29/07/2024","Insecta_50557",9068,0.970254654397603
"c","Bird Observatory","PUF_MBO_05","15/07/2024","29/07/2024","Arachnida_6854",150,0.016049646907768
"c","Bird Observatory","PUF_MBO_05","15/07/2024","29/07/2024","Gastropoda_6448",72,0.00770383051572865
"c","Bird Observatory","PUF_MBO_05","15/07/2024","29/07/2024",NA,36,0.00385191525786433
"c","Bird Observatory","PUF_MBO_05","15/07/2024","29/07/2024","Mammalia_40674",20,0.00213995292103574
"c","Bird Observatory","PUF_MBO_06","29/07/2024","12/08/2024","Insecta_50557",715,0.708622398414272
"c","Bird Observatory","PUF_MBO_06","29/07/2024","12/08/2024","Arachnida_6854",203,0.201189296333003
"c","Bird Observatory","PUF_MBO_06","29/07/2024","12/08/2024",NA,67,0.066402378592666
"c","Bird Observatory","PUF_MBO_06","29/07/2024","12/08/2024","Gastropoda_6448",24,0.0237859266600595
"c","Bird Observatory","PUF_MBO_07","12/08/2024","26/08/2024","Insecta_50557",1401,0.708291203235591
"c","Bird Observatory","PUF_MBO_07","12/08/2024","26/08/2024","Arachnida_6854",323,0.163296258847321
"c","Bird Observatory","PUF_MBO_07","12/08/2024","26/08/2024",NA,226,0.114256825075834
"c","Bird Observatory","PUF_MBO_07","12/08/2024","26/08/2024","Collembola_30001",23,0.0116279069767442
"c","Bird Observatory","PUF_MBO_07","12/08/2024","26/08/2024","Gastropoda_6448",5,0.00252780586450961
"c","Bird Observatory","PUF_MBO_08","26/08/2024","09/09/2024","Insecta_50557",1375,0.727898358920063
"c","Bird Observatory","PUF_MBO_08","26/08/2024","09/09/2024","Arachnida_6854",344,0.182106934886183
"c","Bird Observatory","PUF_MBO_08","26/08/2024","09/09/2024",NA,162,0.0857596611964002
"c","Bird Observatory","PUF_MBO_08","26/08/2024","09/09/2024","Gastropoda_6448",8,0.0042350449973531
"c","Bird Observatory","PUF_MBO_09","09/09/2024","23/09/2024","Insecta_50557",2014,0.694243364357118
"c","Bird Observatory","PUF_MBO_09","09/09/2024","23/09/2024","Arachnida_6854",562,0.193726301275422
"c","Bird Observatory","PUF_MBO_09","09/09/2024","23/09/2024",NA,156,0.0537745604963806
"c","Bird Observatory","PUF_MBO_09","09/09/2024","23/09/2024","Gastropoda_6448",100,0.0344708721130645
"c","Bird Observatory","PUF_MBO_09","09/09/2024","23/09/2024","Mammalia_40674",63,0.0217166494312306
"c","Bird Observatory","PUF_MBO_09","09/09/2024","23/09/2024","Hydrozoa_6074",6,0.00206825232678387
"c","Bird Observatory","PUF_MBO_10","23/09/2024","07/10/2024","Insecta_50557",929,0.556954436450839
"c","Bird Observatory","PUF_MBO_10","23/09/2024","07/10/2024","Arachnida_6854",483,0.289568345323741
"c","Bird Observatory","PUF_MBO_10","23/09/2024","07/10/2024",NA,236,0.141486810551559
"c","Bird Observatory","PUF_MBO_10","23/09/2024","07/10/2024","Collembola_30001",11,0.0065947242206235
"c","Bird Observatory","PUF_MBO_10","23/09/2024","07/10/2024","Gastropoda_6448",6,0.00359712230215827
"c","Bird Observatory","PUF_MBO_10","23/09/2024","07/10/2024","Mammalia_40674",3,0.00179856115107914
"c","Botanical Garden","PUF_BOT_01","17/05/2024","31/05/2024","Arachnida_6854",409,0.498780487804878
"c","Botanical Garden","PUF_BOT_01","17/05/2024","31/05/2024","Insecta_50557",302,0.368292682926829
"c","Botanical Garden","PUF_BOT_01","17/05/2024","31/05/2024",NA,73,0.0890243902439024
"c","Botanical Garden","PUF_BOT_01","17/05/2024","31/05/2024","Mammalia_40674",36,0.0439024390243902
"c","Botanical Garden","PUF_BOT_02","31/05/2024","14/06/2024","Arachnida_6854",1953,0.810709838107098
"c","Botanical Garden","PUF_BOT_02","31/05/2024","14/06/2024","Insecta_50557",330,0.136986301369863
"c","Botanical Garden","PUF_BOT_02","31/05/2024","14/06/2024",NA,50,0.020755500207555
"c","Botanical Garden","PUF_BOT_02","31/05/2024","14/06/2024","Collembola_30001",37,0.0153590701535907
"c","Botanical Garden","PUF_BOT_02","31/05/2024","14/06/2024","Mammalia_40674",37,0.0153590701535907
"c","Botanical Garden","PUF_BOT_02","31/05/2024","14/06/2024","Aves_8782",2,0.0008302200083022
"c","Botanical Garden","PUF_BOT_03","24/06/2024","28/06/2024","Mammalia_40674",88,1
"c","Botanical Garden","PUF_BOT_04","28/06/2024","12/07/2024","Insecta_50557",748,0.7982924226254
"c","Botanical Garden","PUF_BOT_04","28/06/2024","12/07/2024","Arachnida_6854",122,0.130202774813234
"c","Botanical Garden","PUF_BOT_04","28/06/2024","12/07/2024",NA,64,0.0683030949839915
"c","Botanical Garden","PUF_BOT_04","28/06/2024","12/07/2024","Mammalia_40674",3,0.0032017075773746
"c","Botanical Garden","PUF_BOT_05","12/07/2024","26/07/2024","Insecta_50557",1046,0.678339818417639
"c","Botanical Garden","PUF_BOT_05","12/07/2024","26/07/2024","Arachnida_6854",338,0.219195849546044
"c","Botanical Garden","PUF_BOT_05","12/07/2024","26/07/2024","Mammalia_40674",64,0.0415045395590143
"c","Botanical Garden","PUF_BOT_05","12/07/2024","26/07/2024","Gastropoda_6448",47,0.0304798962386511
"c","Botanical Garden","PUF_BOT_05","12/07/2024","26/07/2024",NA,47,0.0304798962386511
"c","Botanical Garden","PUF_BOT_06","26/07/2024","09/08/2024","Insecta_50557",18933,0.953035336756267
"c","Botanical Garden","PUF_BOT_06","26/07/2024","09/08/2024","Mammalia_40674",727,0.0365951877579785
"c","Botanical Garden","PUF_BOT_06","26/07/2024","09/08/2024","Arachnida_6854",175,0.00880902043692741
"c","Botanical Garden","PUF_BOT_06","26/07/2024","09/08/2024",NA,31,0.00156045504882714
"c","Botanical Garden","PUF_BOT_07","09/08/2024","23/08/2024","Insecta_50557",2143,0.803825956489122
"c","Botanical Garden","PUF_BOT_07","09/08/2024","23/08/2024","Arachnida_6854",397,0.148912228057014
"c","Botanical Garden","PUF_BOT_07","09/08/2024","23/08/2024",NA,109,0.0408852213053263
"c","Botanical Garden","PUF_BOT_07","09/08/2024","23/08/2024","Mammalia_40674",17,0.00637659414853713
"c","Botanical Garden","PUF_BOT_08","23/08/2024","06/09/2024","Insecta_50557",698,0.573070607553366
"c","Botanical Garden","PUF_BOT_08","23/08/2024","06/09/2024","Arachnida_6854",416,0.341543513957307
"c","Botanical Garden","PUF_BOT_08","23/08/2024","06/09/2024",NA,101,0.0829228243021346
"c","Botanical Garden","PUF_BOT_08","23/08/2024","06/09/2024","Mammalia_40674",3,0.00246305418719212
"c","Botanical Garden","PUF_BOT_09","06/09/2024","20/09/2024","Insecta_50557",1287,0.872542372881356
"c","Botanical Garden","PUF_BOT_09","06/09/2024","20/09/2024","Arachnida_6854",138,0.0935593220338983
"c","Botanical Garden","PUF_BOT_09","06/09/2024","20/09/2024",NA,20,0.0135593220338983
"c","Botanical Garden","PUF_BOT_09","06/09/2024","20/09/2024","Gastropoda_6448",19,0.0128813559322034
"c","Botanical Garden","PUF_BOT_09","06/09/2024","20/09/2024","Mammalia_40674",11,0.00745762711864407
"c","Botanical Garden","PUF_BOT_10","20/09/2024","04/10/2024","Insecta_50557",2860,0.742278743835972
"c","Botanical Garden","PUF_BOT_10","20/09/2024","04/10/2024","Arachnida_6854",647,0.167921100441215
"c","Botanical Garden","PUF_BOT_10","20/09/2024","04/10/2024","Mammalia_40674",327,0.0848689332987283
"c","Botanical Garden","PUF_BOT_10","20/09/2024","04/10/2024",NA,19,0.00493122242408513
"c","Boucherville","PUF_BOU_01","27/05/2024","10/06/2024","Arachnida_6854",214,0.849206349206349
"c","Boucherville","PUF_BOU_01","27/05/2024","10/06/2024","Insecta_50557",32,0.126984126984127
"c","Boucherville","PUF_BOU_01","27/05/2024","10/06/2024",NA,3,0.0119047619047619
"c","Boucherville","PUF_BOU_01","27/05/2024","10/06/2024","Mammalia_40674",2,0.00793650793650794
"c","Boucherville","PUF_BOU_01","27/05/2024","10/06/2024","Gastropoda_6448",1,0.00396825396825397
"c","Boucherville","PUF_BOU_02","10/06/2024","24/06/2024","Collembola_30001",401,0.378301886792453
"c","Boucherville","PUF_BOU_02","10/06/2024","24/06/2024","Insecta_50557",337,0.317924528301887
"c","Boucherville","PUF_BOU_02","10/06/2024","24/06/2024","Arachnida_6854",245,0.231132075471698
"c","Boucherville","PUF_BOU_02","10/06/2024","24/06/2024","Mammalia_40674",42,0.039622641509434
"c","Boucherville","PUF_BOU_02","10/06/2024","24/06/2024",NA,35,0.0330188679245283
"c","Boucherville","PUF_BOU_03","24/06/2024","08/07/2024","Collembola_30001",277,0.424196018376723
"c","Boucherville","PUF_BOU_03","24/06/2024","08/07/2024","Insecta_50557",200,0.306278713629403
"c","Boucherville","PUF_BOU_03","24/06/2024","08/07/2024","Arachnida_6854",77,0.11791730474732
"c","Boucherville","PUF_BOU_03","24/06/2024","08/07/2024","Mammalia_40674",57,0.0872894333843798
"c","Boucherville","PUF_BOU_03","24/06/2024","08/07/2024",NA,42,0.0643185298621746
"c","Boucherville","PUF_BOU_04","08/07/2024","22/07/2024","Insecta_50557",487,0.811666666666667
"c","Boucherville","PUF_BOU_04","08/07/2024","22/07/2024","Arachnida_6854",96,0.16
"c","Boucherville","PUF_BOU_04","08/07/2024","22/07/2024","Collembola_30001",8,0.0133333333333333
"c","Boucherville","PUF_BOU_04","08/07/2024","22/07/2024","Mammalia_40674",7,0.0116666666666667
"c","Boucherville","PUF_BOU_04","08/07/2024","22/07/2024",NA,2,0.00333333333333333
"c","Boucherville","PUF_BOU_05","22/07/2024","05/08/2024","Insecta_50557",2169,0.882065880439203
"c","Boucherville","PUF_BOU_05","22/07/2024","05/08/2024","Arachnida_6854",175,0.0711671411142741
"c","Boucherville","PUF_BOU_05","22/07/2024","05/08/2024",NA,104,0.0422936152907686
"c","Boucherville","PUF_BOU_05","22/07/2024","05/08/2024","Gastropoda_6448",11,0.00447336315575437
"c","Boucherville","PUF_BOU_06","05/08/2024","19/08/2024","Insecta_50557",644,0.750582750582751
"c","Boucherville","PUF_BOU_06","05/08/2024","19/08/2024","Arachnida_6854",107,0.124708624708625
"c","Boucherville","PUF_BOU_06","05/08/2024","19/08/2024",NA,49,0.0571095571095571
"c","Boucherville","PUF_BOU_06","05/08/2024","19/08/2024","Branchiopoda_6658",30,0.034965034965035
"c","Boucherville","PUF_BOU_06","05/08/2024","19/08/2024","Gastropoda_6448",23,0.0268065268065268
"c","Boucherville","PUF_BOU_06","05/08/2024","19/08/2024","Collembola_30001",5,0.00582750582750583
"c","Boucherville","PUF_BOU_07","19/08/2024","02/09/2024","Insecta_50557",101,0.309815950920245
"c","Boucherville","PUF_BOU_07","19/08/2024","02/09/2024","Arachnida_6854",66,0.202453987730061
"c","Boucherville","PUF_BOU_07","19/08/2024","02/09/2024","Mammalia_40674",60,0.184049079754601
"c","Boucherville","PUF_BOU_07","19/08/2024","02/09/2024","Collembola_30001",53,0.162576687116564
"c","Boucherville","PUF_BOU_07","19/08/2024","02/09/2024","Gastropoda_6448",24,0.0736196319018405
"c","Boucherville","PUF_BOU_07","19/08/2024","02/09/2024",NA,22,0.0674846625766871
"c","Boucherville","PUF_BOU_08","02/09/2024","16/09/2024","Insecta_50557",1822,0.811942959001782
"c","Boucherville","PUF_BOU_08","02/09/2024","16/09/2024","Arachnida_6854",267,0.118983957219251
"c","Boucherville","PUF_BOU_08","02/09/2024","16/09/2024",NA,93,0.0414438502673797
"c","Boucherville","PUF_BOU_08","02/09/2024","16/09/2024","Mammalia_40674",32,0.0142602495543672
"c","Boucherville","PUF_BOU_08","02/09/2024","16/09/2024","Gastropoda_6448",30,0.0133689839572193
"c","Boucherville","PUF_BOU_09","16/09/2024","30/09/2024","Insecta_50557",1300,0.717439293598234
"c","Boucherville","PUF_BOU_09","16/09/2024","30/09/2024","Arachnida_6854",395,0.217991169977925
"c","Boucherville","PUF_BOU_09","16/09/2024","30/09/2024","Mammalia_40674",89,0.0491169977924945
"c","Boucherville","PUF_BOU_09","16/09/2024","30/09/2024",NA,18,0.00993377483443709
"c","Boucherville","PUF_BOU_09","16/09/2024","30/09/2024","Gastropoda_6448",10,0.00551876379690949
"c","IPEX","PUF_IPEX_01","15/05/2024","29/05/2024","Insecta_50557",49,0.4375
"c","IPEX","PUF_IPEX_01","15/05/2024","29/05/2024","Arachnida_6854",35,0.3125
"c","IPEX","PUF_IPEX_01","15/05/2024","29/05/2024","Mammalia_40674",28,0.25
"c","IPEX","PUF_IPEX_02","29/05/2024","12/06/2024","Arachnida_6854",1213,0.66831955922865
"c","IPEX","PUF_IPEX_02","29/05/2024","12/06/2024","Insecta_50557",426,0.234710743801653
"c","IPEX","PUF_IPEX_02","29/05/2024","12/06/2024",NA,162,0.0892561983471074
"c","IPEX","PUF_IPEX_02","29/05/2024","12/06/2024","Collembola_30001",7,0.00385674931129477
"c","IPEX","PUF_IPEX_02","29/05/2024","12/06/2024","Mammalia_40674",7,0.00385674931129477
"c","IPEX","PUF_IPEX_03","12/06/2024","26/06/2024","Arachnida_6854",10395,0.918205105556046
"c","IPEX","PUF_IPEX_03","12/06/2024","26/06/2024","Insecta_50557",453,0.0400141330271177
"c","IPEX","PUF_IPEX_03","12/06/2024","26/06/2024",NA,286,0.0252627859729706
"c","IPEX","PUF_IPEX_03","12/06/2024","26/06/2024","Collembola_30001",73,0.00644819362247151
"c","IPEX","PUF_IPEX_03","12/06/2024","26/06/2024","Mammalia_40674",60,0.00529988516915467
"c","IPEX","PUF_IPEX_03","12/06/2024","26/06/2024","Hydrozoa_6074",42,0.00370991961840827
"c","IPEX","PUF_IPEX_03","12/06/2024","26/06/2024","Branchiopoda_6658",12,0.00105997703383093
"c","IPEX","PUF_IPEX_04","26/06/2024","10/07/2024","Insecta_50557",1222,0.603754940711462
"c","IPEX","PUF_IPEX_04","26/06/2024","10/07/2024","Arachnida_6854",448,0.221343873517787
"c","IPEX","PUF_IPEX_04","26/06/2024","10/07/2024",NA,275,0.135869565217391
"c","IPEX","PUF_IPEX_04","26/06/2024","10/07/2024","Mammalia_40674",79,0.0390316205533597
"c","IPEX","PUF_IPEX_05","10/07/2024","24/07/2024","Insecta_50557",4050,0.68936170212766
"c","IPEX","PUF_IPEX_05","10/07/2024","24/07/2024","Arachnida_6854",1356,0.230808510638298
"c","IPEX","PUF_IPEX_05","10/07/2024","24/07/2024",NA,273,0.046468085106383
"c","IPEX","PUF_IPEX_05","10/07/2024","24/07/2024","Collembola_30001",127,0.0216170212765957
"c","IPEX","PUF_IPEX_05","10/07/2024","24/07/2024","Mammalia_40674",49,0.00834042553191489
"c","IPEX","PUF_IPEX_05","10/07/2024","24/07/2024","Gastropoda_6448",12,0.00204255319148936
"c","IPEX","PUF_IPEX_05","10/07/2024","24/07/2024","Branchiopoda_6658",8,0.00136170212765957
"c","IPEX","PUF_IPEX_06","24/07/2024","07/08/2024","Insecta_50557",856,0.791859389454209
"c","IPEX","PUF_IPEX_06","24/07/2024","07/08/2024","Arachnida_6854",171,0.158186864014801
"c","IPEX","PUF_IPEX_06","24/07/2024","07/08/2024",NA,47,0.0434782608695652
"c","IPEX","PUF_IPEX_06","24/07/2024","07/08/2024","Mammalia_40674",7,0.00647548566142461
"c","IPEX","PUF_IPEX_07","07/08/2024","21/08/2024","Insecta_50557",1298,0.731267605633803
"c","IPEX","PUF_IPEX_07","07/08/2024","21/08/2024",NA,269,0.151549295774648
"c","IPEX","PUF_IPEX_07","07/08/2024","21/08/2024","Arachnida_6854",193,0.108732394366197
"c","IPEX","PUF_IPEX_07","07/08/2024","21/08/2024","Mammalia_40674",15,0.00845070422535211
"c","IPEX","PUF_IPEX_08","21/08/2024","04/09/2024","Insecta_50557",1573,0.663153456998314
"c","IPEX","PUF_IPEX_08","21/08/2024","04/09/2024","Arachnida_6854",415,0.17495784148398
"c","IPEX","PUF_IPEX_08","21/08/2024","04/09/2024",NA,297,0.125210792580101
"c","IPEX","PUF_IPEX_08","21/08/2024","04/09/2024","Mammalia_40674",87,0.0366779089376054
"c","IPEX","PUF_IPEX_09","04/09/2024","18/09/2024","Insecta_50557",1058,0.875827814569536
"c","IPEX","PUF_IPEX_09","04/09/2024","18/09/2024","Arachnida_6854",102,0.0844370860927152
"c","IPEX","PUF_IPEX_09","04/09/2024","18/09/2024",NA,48,0.0397350993377483
"c","IPEX","PUF_IPEX_10","18/09/2024","02/10/2024","Insecta_50557",3662,0.832461923164356
"c","IPEX","PUF_IPEX_10","18/09/2024","02/10/2024","Arachnida_6854",386,0.0877472152761991
"c","IPEX","PUF_IPEX_10","18/09/2024","02/10/2024",NA,334,0.075926346897022
"c","IPEX","PUF_IPEX_10","18/09/2024","02/10/2024","Diplopoda_7553",17,0.00386451466242328
"c","Jean-Drapeau","PUF_JD_01","22/05/2024","05/06/2024","Insecta_50557",6334,0.711205928587469
"c","Jean-Drapeau","PUF_JD_01","22/05/2024","05/06/2024","Arachnida_6854",2559,0.287334381315967
"c","Jean-Drapeau","PUF_JD_01","22/05/2024","05/06/2024","Mammalia_40674",13,0.00145969009656411
"c","Jean-Drapeau","PUF_JD_02","05/06/2024","19/06/2024","Insecta_50557",13869,0.972921781830936
"c","Jean-Drapeau","PUF_JD_02","05/06/2024","19/06/2024","Arachnida_6854",346,0.0242721851981761
"c","Jean-Drapeau","PUF_JD_02","05/06/2024","19/06/2024","Aves_8782",10,0.000701508242721852
"c","Jean-Drapeau","PUF_JD_02","05/06/2024","19/06/2024","Malacostraca_6681",9,0.000631357418449667
"c","Jean-Drapeau","PUF_JD_02","05/06/2024","19/06/2024","Collembola_30001",7,0.000491055769905296
"c","Jean-Drapeau","PUF_JD_02","05/06/2024","19/06/2024","Diplopoda_7553",5,0.000350754121360926
"c","Jean-Drapeau","PUF_JD_02","05/06/2024","19/06/2024",NA,5,0.000350754121360926
"c","Jean-Drapeau","PUF_JD_02","05/06/2024","19/06/2024","Mammalia_40674",4,0.000280603297088741
"c","Jean-Drapeau","PUF_JD_03","19/06/2024","03/07/2024","Insecta_50557",722,0.692233940556088
"c","Jean-Drapeau","PUF_JD_03","19/06/2024","03/07/2024","Arachnida_6854",159,0.152444870565676
"c","Jean-Drapeau","PUF_JD_03","19/06/2024","03/07/2024","Mammalia_40674",100,0.0958772770853308
"c","Jean-Drapeau","PUF_JD_03","19/06/2024","03/07/2024",NA,60,0.0575263662511985
"c","Jean-Drapeau","PUF_JD_03","19/06/2024","03/07/2024","Gastropoda_6448",2,0.00191754554170662
"c","Jean-Drapeau","PUF_JD_04","03/07/2024","17/07/2024","Insecta_50557",1166,0.706238643246517
"c","Jean-Drapeau","PUF_JD_04","03/07/2024","17/07/2024","Arachnida_6854",255,0.154451847365233
"c","Jean-Drapeau","PUF_JD_04","03/07/2024","17/07/2024","Mammalia_40674",224,0.135675348273773
"c","Jean-Drapeau","PUF_JD_04","03/07/2024","17/07/2024","Gastropoda_6448",6,0.00363416111447608
"c","Jean-Drapeau","PUF_JD_05","17/07/2024","31/07/2024","Insecta_50557",2113,0.501781049631916
"c","Jean-Drapeau","PUF_JD_05","17/07/2024","31/07/2024","Arachnida_6854",1931,0.458560911897412
"c","Jean-Drapeau","PUF_JD_05","17/07/2024","31/07/2024",NA,62,0.0147233436238423
"c","Jean-Drapeau","PUF_JD_05","17/07/2024","31/07/2024","Mammalia_40674",56,0.0132985039183092
"c","Jean-Drapeau","PUF_JD_05","17/07/2024","31/07/2024","Branchiopoda_6658",45,0.0106862977914985
"c","Jean-Drapeau","PUF_JD_05","17/07/2024","31/07/2024","Gastropoda_6448",4,0.000949893137022085
"c","Jean-Drapeau","PUF_JD_06","31/07/2024","14/08/2024","Insecta_50557",3748,0.936297776667499
"c","Jean-Drapeau","PUF_JD_06","31/07/2024","14/08/2024","Arachnida_6854",206,0.0514614039470397
"c","Jean-Drapeau","PUF_JD_06","31/07/2024","14/08/2024",NA,49,0.0122408193854609
"c","Jean-Drapeau","PUF_JD_07","14/08/2024","28/08/2024","Insecta_50557",4021,0.876607804665359
"c","Jean-Drapeau","PUF_JD_07","14/08/2024","28/08/2024",NA,276,0.0601700457815566
"c","Jean-Drapeau","PUF_JD_07","14/08/2024","28/08/2024","Arachnida_6854",258,0.0562459123610203
"c","Jean-Drapeau","PUF_JD_07","14/08/2024","28/08/2024","Collembola_30001",23,0.00501417048179638
"c","Jean-Drapeau","PUF_JD_07","14/08/2024","28/08/2024","Mammalia_40674",9,0.00196206671026815
"c","Jean-Drapeau","PUF_JD_08","28/08/2024","11/09/2024","Arachnida_6854",8604,0.984439359267735
"c","Jean-Drapeau","PUF_JD_08","28/08/2024","11/09/2024","Insecta_50557",128,0.0146453089244851
"c","Jean-Drapeau","PUF_JD_08","28/08/2024","11/09/2024",NA,8,0.00091533180778032
"c","Jean-Drapeau","PUF_JD_09","11/09/2024","25/09/2024","Insecta_50557",1079,0.888065843621399
"c","Jean-Drapeau","PUF_JD_09","11/09/2024","25/09/2024",NA,63,0.0518518518518519
"c","Jean-Drapeau","PUF_JD_09","11/09/2024","25/09/2024","Arachnida_6854",62,0.0510288065843621
"c","Jean-Drapeau","PUF_JD_09","11/09/2024","25/09/2024","Mammalia_40674",11,0.00905349794238683
"c","Jean-Drapeau","PUF_JD_10","25/09/2024","09/10/2024","Insecta_50557",8127,0.934030571198713
"c","Jean-Drapeau","PUF_JD_10","25/09/2024","09/10/2024","Arachnida_6854",470,0.0540167796804965
"c","Jean-Drapeau","PUF_JD_10","25/09/2024","09/10/2024","Mammalia_40674",67,0.00770026433743248
"c","Jean-Drapeau","PUF_JD_10","25/09/2024","09/10/2024",NA,37,0.00425238478335823
"c",NA,NA,NA,NA,"Insecta_50557",29697,0.983018867924528
"c",NA,NA,NA,NA,"Collembola_30001",356,0.0117841774246938
"c",NA,NA,NA,NA,"Arachnida_6854",132,0.00436941410129096
"c",NA,NA,NA,NA,"Mammalia_40674",17,0.000562727573651109
"c",NA,NA,NA,NA,NA,8,0.000264812975835816
"o","Bird Observatory","PUF_MBO_01","20/05/2024","03/06/2024","Trombidiformes_83136",1005,0.434876676763306
"o","Bird Observatory","PUF_MBO_01","20/05/2024","03/06/2024",NA,501,0.216789268714842
"o","Bird Observatory","PUF_MBO_01","20/05/2024","03/06/2024","Diptera_7147",410,0.177412375594981
"o","Bird Observatory","PUF_MBO_01","20/05/2024","03/06/2024","Hemiptera_7524",210,0.0908697533535266
"o","Bird Observatory","PUF_MBO_01","20/05/2024","03/06/2024","Coleoptera_7041",67,0.0289917784508871
"o","Bird Observatory","PUF_MBO_01","20/05/2024","03/06/2024","Artiodactyla_91561",45,0.0194720900043271
"o","Bird Observatory","PUF_MBO_01","20/05/2024","03/06/2024","Sarcoptiformes_83137",31,0.0134141064474254
"o","Bird Observatory","PUF_MBO_01","20/05/2024","03/06/2024","Lepidoptera_7088",21,0.00908697533535266
"o","Bird Observatory","PUF_MBO_01","20/05/2024","03/06/2024","Primates_9443",14,0.00605798355690177
"o","Bird Observatory","PUF_MBO_01","20/05/2024","03/06/2024","Trichoptera_30263",7,0.00302899177845089
"o","Bird Observatory","PUF_MBO_02","03/06/2024","17/06/2024","Lepidoptera_7088",8006,0.520207927225471
"o","Bird Observatory","PUF_MBO_02","03/06/2024","17/06/2024","Trombidiformes_83136",7029,0.45672514619883
"o","Bird Observatory","PUF_MBO_02","03/06/2024","17/06/2024",NA,283,0.0183885640025991
"o","Bird Observatory","PUF_MBO_02","03/06/2024","17/06/2024","Hemiptera_7524",56,0.00363872644574399
"o","Bird Observatory","PUF_MBO_02","03/06/2024","17/06/2024","Diptera_7147",16,0.00103963612735543
"o","Bird Observatory","PUF_MBO_03","17/06/2024","01/07/2024","Hemiptera_7524",317,0.424364123159304
"o","Bird Observatory","PUF_MBO_03","17/06/2024","01/07/2024","Araneae_6893",139,0.186077643908969
"o","Bird Observatory","PUF_MBO_03","17/06/2024","01/07/2024",NA,134,0.179384203480589
"o","Bird Observatory","PUF_MBO_03","17/06/2024","01/07/2024","Mesostigmata_34634",56,0.0749665327978581
"o","Bird Observatory","PUF_MBO_03","17/06/2024","01/07/2024","Trombidiformes_83136",33,0.0441767068273092
"o","Bird Observatory","PUF_MBO_03","17/06/2024","01/07/2024","Lepidoptera_7088",27,0.036144578313253
"o","Bird Observatory","PUF_MBO_03","17/06/2024","01/07/2024","Hymenoptera_7399",15,0.0200803212851406
"o","Bird Observatory","PUF_MBO_03","17/06/2024","01/07/2024","Primates_9443",12,0.0160642570281124
"o","Bird Observatory","PUF_MBO_03","17/06/2024","01/07/2024","Rodentia_9989",9,0.0120481927710843
"o","Bird Observatory","PUF_MBO_03","17/06/2024","01/07/2024","Diptera_7147",5,0.00669344042838019
"o","Bird Observatory","PUF_MBO_04","01/07/2024","15/07/2024","Hemiptera_7524",542,0.480070859167405
"o","Bird Observatory","PUF_MBO_04","01/07/2024","15/07/2024","Artiodactyla_91561",308,0.272807794508415
"o","Bird Observatory","PUF_MBO_04","01/07/2024","15/07/2024",NA,272,0.240921169176262
"o","Bird Observatory","PUF_MBO_04","01/07/2024","15/07/2024","Lepidoptera_7088",7,0.00620017714791851
"o","Bird Observatory","PUF_MBO_05","15/07/2024","29/07/2024","Lepidoptera_7088",8565,0.916434838433554
"o","Bird Observatory","PUF_MBO_05","15/07/2024","29/07/2024","Hemiptera_7524",464,0.0496469077680291
"o","Bird Observatory","PUF_MBO_05","15/07/2024","29/07/2024",NA,193,0.0206505456879949
"o","Bird Observatory","PUF_MBO_05","15/07/2024","29/07/2024","Stylommatophora_6527",55,0.00588487053284828
"o","Bird Observatory","PUF_MBO_05","15/07/2024","29/07/2024","Diptera_7147",26,0.00278193879734646
"o","Bird Observatory","PUF_MBO_05","15/07/2024","29/07/2024","Primates_9443",20,0.00213995292103574
"o","Bird Observatory","PUF_MBO_05","15/07/2024","29/07/2024","Hymenoptera_7399",13,0.00139096939867323
"o","Bird Observatory","PUF_MBO_05","15/07/2024","29/07/2024","Trombidiformes_83136",10,0.00106997646051787
"o","Bird Observatory","PUF_MBO_06","29/07/2024","12/08/2024","Hemiptera_7524",672,0.666005946481665
"o","Bird Observatory","PUF_MBO_06","29/07/2024","12/08/2024",NA,294,0.291377601585728
"o","Bird Observatory","PUF_MBO_06","29/07/2024","12/08/2024","Hymenoptera_7399",43,0.0426164519326065
"o","Bird Observatory","PUF_MBO_07","12/08/2024","26/08/2024","Hemiptera_7524",1262,0.638018200202224
"o","Bird Observatory","PUF_MBO_07","12/08/2024","26/08/2024",NA,550,0.278058645096057
"o","Bird Observatory","PUF_MBO_07","12/08/2024","26/08/2024","Lepidoptera_7088",67,0.0338725985844287
"o","Bird Observatory","PUF_MBO_07","12/08/2024","26/08/2024","Hymenoptera_7399",53,0.0267947421638018
"o","Bird Observatory","PUF_MBO_07","12/08/2024","26/08/2024","Symphypleona_79705",23,0.0116279069767442
"o","Bird Observatory","PUF_MBO_07","12/08/2024","26/08/2024","Diptera_7147",19,0.0096056622851365
"o","Bird Observatory","PUF_MBO_07","12/08/2024","26/08/2024","Trombidiformes_83136",4,0.00202224469160768
"o","Bird Observatory","PUF_MBO_08","26/08/2024","09/09/2024","Hemiptera_7524",1313,0.695076760190577
"o","Bird Observatory","PUF_MBO_08","26/08/2024","09/09/2024",NA,486,0.257278983589201
"o","Bird Observatory","PUF_MBO_08","26/08/2024","09/09/2024","Hymenoptera_7399",22,0.011646373742721
"o","Bird Observatory","PUF_MBO_08","26/08/2024","09/09/2024","Lepidoptera_7088",20,0.0105876124933827
"o","Bird Observatory","PUF_MBO_08","26/08/2024","09/09/2024","Trombidiformes_83136",13,0.00688194812069878
"o","Bird Observatory","PUF_MBO_08","26/08/2024","09/09/2024","Diptera_7147",12,0.00635256749602965
"o","Bird Observatory","PUF_MBO_08","26/08/2024","09/09/2024","Neuroptera_7516",8,0.0042350449973531
"o","Bird Observatory","PUF_MBO_08","26/08/2024","09/09/2024","Stylommatophora_6527",8,0.0042350449973531
"o","Bird Observatory","PUF_MBO_08","26/08/2024","09/09/2024","Araneae_6893",7,0.00370566437268396
"o","Bird Observatory","PUF_MBO_09","09/09/2024","23/09/2024","Hemiptera_7524",1977,0.681489141675284
"o","Bird Observatory","PUF_MBO_09","09/09/2024","23/09/2024",NA,825,0.284384694932782
"o","Bird Observatory","PUF_MBO_09","09/09/2024","23/09/2024","Artiodactyla_91561",47,0.0162013098931403
"o","Bird Observatory","PUF_MBO_09","09/09/2024","23/09/2024","Lepidoptera_7088",30,0.0103412616339193
"o","Bird Observatory","PUF_MBO_09","09/09/2024","23/09/2024","Primates_9443",9,0.0031023784901758
"o","Bird Observatory","PUF_MBO_09","09/09/2024","23/09/2024","Hymenoptera_7399",7,0.00241296104791451
"o","Bird Observatory","PUF_MBO_09","09/09/2024","23/09/2024","Stylommatophora_6527",6,0.00206825232678387
"o","Bird Observatory","PUF_MBO_10","23/09/2024","07/10/2024","Hemiptera_7524",890,0.533573141486811
"o","Bird Observatory","PUF_MBO_10","23/09/2024","07/10/2024",NA,722,0.432853717026379
"o","Bird Observatory","PUF_MBO_10","23/09/2024","07/10/2024","Lepidoptera_7088",26,0.0155875299760192
"o","Bird Observatory","PUF_MBO_10","23/09/2024","07/10/2024","Symphypleona_79705",11,0.0065947242206235
"o","Bird Observatory","PUF_MBO_10","23/09/2024","07/10/2024","Hymenoptera_7399",9,0.00539568345323741
"o","Bird Observatory","PUF_MBO_10","23/09/2024","07/10/2024","Coleoptera_7041",4,0.00239808153477218
"o","Bird Observatory","PUF_MBO_10","23/09/2024","07/10/2024","Primates_9443",3,0.00179856115107914
"o","Bird Observatory","PUF_MBO_10","23/09/2024","07/10/2024","Sarcoptiformes_83137",3,0.00179856115107914
"o","Botanical Garden","PUF_BOT_01","17/05/2024","31/05/2024",NA,402,0.490243902439024
"o","Botanical Garden","PUF_BOT_01","17/05/2024","31/05/2024","Hemiptera_7524",94,0.114634146341463
"o","Botanical Garden","PUF_BOT_01","17/05/2024","31/05/2024","Lepidoptera_7088",92,0.11219512195122
"o","Botanical Garden","PUF_BOT_01","17/05/2024","31/05/2024","Trombidiformes_83136",75,0.0914634146341463
"o","Botanical Garden","PUF_BOT_01","17/05/2024","31/05/2024","Hymenoptera_7399",49,0.0597560975609756
"o","Botanical Garden","PUF_BOT_01","17/05/2024","31/05/2024","Diptera_7147",42,0.0512195121951219
"o","Botanical Garden","PUF_BOT_01","17/05/2024","31/05/2024","Primates_9443",36,0.0439024390243902
"o","Botanical Garden","PUF_BOT_01","17/05/2024","31/05/2024","Trichoptera_30263",25,0.0304878048780488
"o","Botanical Garden","PUF_BOT_01","17/05/2024","31/05/2024","Araneae_6893",5,0.00609756097560976
"o","Botanical Garden","PUF_BOT_02","31/05/2024","14/06/2024",NA,1888,0.783727687837277
"o","Botanical Garden","PUF_BOT_02","31/05/2024","14/06/2024","Hemiptera_7524",151,0.0626816106268161
"o","Botanical Garden","PUF_BOT_02","31/05/2024","14/06/2024","Lepidoptera_7088",127,0.0527189705271897
"o","Botanical Garden","PUF_BOT_02","31/05/2024","14/06/2024","Trombidiformes_83136",94,0.0390203403902034
"o","Botanical Garden","PUF_BOT_02","31/05/2024","14/06/2024","Hymenoptera_7399",39,0.0161892901618929
"o","Botanical Garden","PUF_BOT_02","31/05/2024","14/06/2024","Symphypleona_79705",37,0.0153590701535907
"o","Botanical Garden","PUF_BOT_02","31/05/2024","14/06/2024","Araneae_6893",21,0.0087173100871731
"o","Botanical Garden","PUF_BOT_02","31/05/2024","14/06/2024","Rodentia_9989",20,0.008302200083022
"o","Botanical Garden","PUF_BOT_02","31/05/2024","14/06/2024","Primates_9443",17,0.0070568700705687
"o","Botanical Garden","PUF_BOT_02","31/05/2024","14/06/2024","Diptera_7147",13,0.0053964300539643
"o","Botanical Garden","PUF_BOT_02","31/05/2024","14/06/2024","Passeriformes_9126",2,0.0008302200083022
"o","Botanical Garden","PUF_BOT_03","24/06/2024","28/06/2024","Artiodactyla_91561",88,1
"o","Botanical Garden","PUF_BOT_04","28/06/2024","12/07/2024","Hemiptera_7524",547,0.583778014941302
"o","Botanical Garden","PUF_BOT_04","28/06/2024","12/07/2024",NA,186,0.198505869797225
"o","Botanical Garden","PUF_BOT_04","28/06/2024","12/07/2024","Diptera_7147",144,0.153681963713981
"o","Botanical Garden","PUF_BOT_04","28/06/2024","12/07/2024","Lepidoptera_7088",41,0.0437566702241195
"o","Botanical Garden","PUF_BOT_04","28/06/2024","12/07/2024","Coleoptera_7041",8,0.00853788687299893
"o","Botanical Garden","PUF_BOT_04","28/06/2024","12/07/2024","Hymenoptera_7399",8,0.00853788687299893
"o","Botanical Garden","PUF_BOT_04","28/06/2024","12/07/2024","Primates_9443",3,0.0032017075773746
"o","Botanical Garden","PUF_BOT_05","12/07/2024","26/07/2024","Hemiptera_7524",600,0.389105058365759
"o","Botanical Garden","PUF_BOT_05","12/07/2024","26/07/2024","Diptera_7147",384,0.249027237354086
"o","Botanical Garden","PUF_BOT_05","12/07/2024","26/07/2024",NA,374,0.24254215304799
"o","Botanical Garden","PUF_BOT_05","12/07/2024","26/07/2024","Artiodactyla_91561",61,0.0395590142671855
"o","Botanical Garden","PUF_BOT_05","12/07/2024","26/07/2024","Trombidiformes_83136",58,0.0376134889753567
"o","Botanical Garden","PUF_BOT_05","12/07/2024","26/07/2024","Lepidoptera_7088",52,0.0337224383916991
"o","Botanical Garden","PUF_BOT_05","12/07/2024","26/07/2024","Hymenoptera_7399",7,0.00453955901426719
"o","Botanical Garden","PUF_BOT_05","12/07/2024","26/07/2024","Coleoptera_7041",3,0.00194552529182879
"o","Botanical Garden","PUF_BOT_05","12/07/2024","26/07/2024","Primates_9443",3,0.00194552529182879
"o","Botanical Garden","PUF_BOT_06","26/07/2024","09/08/2024","Lepidoptera_7088",17844,0.898218061008759
"o","Botanical Garden","PUF_BOT_06","26/07/2024","09/08/2024","Hemiptera_7524",936,0.0471156750226518
"o","Botanical Garden","PUF_BOT_06","26/07/2024","09/08/2024","Primates_9443",715,0.0359911406423034
"o","Botanical Garden","PUF_BOT_06","26/07/2024","09/08/2024",NA,219,0.0110238598610692
"o","Botanical Garden","PUF_BOT_06","26/07/2024","09/08/2024","Coleoptera_7041",86,0.00432900432900433
"o","Botanical Garden","PUF_BOT_06","26/07/2024","09/08/2024","Hymenoptera_7399",41,0.00206382764522299
"o","Botanical Garden","PUF_BOT_06","26/07/2024","09/08/2024","Diptera_7147",13,0.000654384375314608
"o","Botanical Garden","PUF_BOT_06","26/07/2024","09/08/2024","Rodentia_9989",12,0.000604047115675023
"o","Botanical Garden","PUF_BOT_07","09/08/2024","23/08/2024","Hemiptera_7524",2083,0.781320330082521
"o","Botanical Garden","PUF_BOT_07","09/08/2024","23/08/2024",NA,380,0.142535633908477
"o","Botanical Garden","PUF_BOT_07","09/08/2024","23/08/2024","Trombidiformes_83136",126,0.0472618154538635
"o","Botanical Garden","PUF_BOT_07","09/08/2024","23/08/2024","Lepidoptera_7088",43,0.0161290322580645
"o","Botanical Garden","PUF_BOT_07","09/08/2024","23/08/2024","Hymenoptera_7399",17,0.00637659414853713
"o","Botanical Garden","PUF_BOT_07","09/08/2024","23/08/2024","Primates_9443",17,0.00637659414853713
"o","Botanical Garden","PUF_BOT_08","23/08/2024","06/09/2024","Hemiptera_7524",599,0.491789819376026
"o","Botanical Garden","PUF_BOT_08","23/08/2024","06/09/2024",NA,389,0.319376026272578
"o","Botanical Garden","PUF_BOT_08","23/08/2024","06/09/2024","Trombidiformes_83136",128,0.105090311986864
"o","Botanical Garden","PUF_BOT_08","23/08/2024","06/09/2024","Hymenoptera_7399",41,0.0336617405582923
"o","Botanical Garden","PUF_BOT_08","23/08/2024","06/09/2024","Diptera_7147",40,0.0328407224958949
"o","Botanical Garden","PUF_BOT_08","23/08/2024","06/09/2024","Lepidoptera_7088",12,0.00985221674876847
"o","Botanical Garden","PUF_BOT_08","23/08/2024","06/09/2024","Orthoptera_6993",6,0.00492610837438424
"o","Botanical Garden","PUF_BOT_08","23/08/2024","06/09/2024","Primates_9443",3,0.00246305418719212
"o","Botanical Garden","PUF_BOT_09","06/09/2024","20/09/2024","Hemiptera_7524",1128,0.764745762711864
"o","Botanical Garden","PUF_BOT_09","06/09/2024","20/09/2024",NA,170,0.115254237288136
"o","Botanical Garden","PUF_BOT_09","06/09/2024","20/09/2024","Lepidoptera_7088",155,0.105084745762712
"o","Botanical Garden","PUF_BOT_09","06/09/2024","20/09/2024","Primates_9443",11,0.00745762711864407
"o","Botanical Garden","PUF_BOT_09","06/09/2024","20/09/2024","Trombidiformes_83136",5,0.00338983050847458
"o","Botanical Garden","PUF_BOT_09","06/09/2024","20/09/2024","Diptera_7147",4,0.00271186440677966
"o","Botanical Garden","PUF_BOT_09","06/09/2024","20/09/2024","Stylommatophora_6527",2,0.00135593220338983
"o","Botanical Garden","PUF_BOT_10","20/09/2024","04/10/2024","Hemiptera_7524",2761,0.716584479626265
"o","Botanical Garden","PUF_BOT_10","20/09/2024","04/10/2024",NA,666,0.1728523228653
"o","Botanical Garden","PUF_BOT_10","20/09/2024","04/10/2024","Artiodactyla_91561",327,0.0848689332987283
"o","Botanical Garden","PUF_BOT_10","20/09/2024","04/10/2024","Lepidoptera_7088",81,0.0210225798079419
"o","Botanical Garden","PUF_BOT_10","20/09/2024","04/10/2024","Hymenoptera_7399",18,0.00467168440176486
"o","Boucherville","PUF_BOU_01","27/05/2024","10/06/2024",NA,218,0.865079365079365
"o","Boucherville","PUF_BOU_01","27/05/2024","10/06/2024","Hemiptera_7524",23,0.0912698412698413
"o","Boucherville","PUF_BOU_01","27/05/2024","10/06/2024","Diptera_7147",9,0.0357142857142857
"o","Boucherville","PUF_BOU_01","27/05/2024","10/06/2024","Primates_9443",2,0.00793650793650794
"o","Boucherville","PUF_BOU_02","10/06/2024","24/06/2024","Symphypleona_79705",401,0.378301886792453
"o","Boucherville","PUF_BOU_02","10/06/2024","24/06/2024","Diptera_7147",238,0.224528301886792
"o","Boucherville","PUF_BOU_02","10/06/2024","24/06/2024",NA,194,0.183018867924528
"o","Boucherville","PUF_BOU_02","10/06/2024","24/06/2024","Sarcoptiformes_83137",77,0.0726415094339623
"o","Boucherville","PUF_BOU_02","10/06/2024","24/06/2024","Hemiptera_7524",51,0.0481132075471698
"o","Boucherville","PUF_BOU_02","10/06/2024","24/06/2024","Primates_9443",34,0.0320754716981132
"o","Boucherville","PUF_BOU_02","10/06/2024","24/06/2024","Coleoptera_7041",24,0.0226415094339623
"o","Boucherville","PUF_BOU_02","10/06/2024","24/06/2024","Lepidoptera_7088",21,0.019811320754717
"o","Boucherville","PUF_BOU_02","10/06/2024","24/06/2024","Trombidiformes_83136",9,0.00849056603773585
"o","Boucherville","PUF_BOU_02","10/06/2024","24/06/2024","Rodentia_9989",8,0.00754716981132075
"o","Boucherville","PUF_BOU_02","10/06/2024","24/06/2024","Hymenoptera_7399",3,0.00283018867924528
"o","Boucherville","PUF_BOU_03","24/06/2024","08/07/2024","Symphypleona_79705",277,0.424196018376723
"o","Boucherville","PUF_BOU_03","24/06/2024","08/07/2024","Hemiptera_7524",175,0.267993874425727
"o","Boucherville","PUF_BOU_03","24/06/2024","08/07/2024",NA,84,0.128637059724349
"o","Boucherville","PUF_BOU_03","24/06/2024","08/07/2024","Artiodactyla_91561",57,0.0872894333843798
"o","Boucherville","PUF_BOU_03","24/06/2024","08/07/2024","Trombidiformes_83136",35,0.0535987748851455
"o","Boucherville","PUF_BOU_03","24/06/2024","08/07/2024","Lepidoptera_7088",17,0.0260336906584992
"o","Boucherville","PUF_BOU_03","24/06/2024","08/07/2024","Orthoptera_6993",8,0.0122511485451761
"o","Boucherville","PUF_BOU_04","08/07/2024","22/07/2024","Hemiptera_7524",344,0.573333333333333
"o","Boucherville","PUF_BOU_04","08/07/2024","22/07/2024",NA,98,0.163333333333333
"o","Boucherville","PUF_BOU_04","08/07/2024","22/07/2024","Diptera_7147",46,0.0766666666666667
"o","Boucherville","PUF_BOU_04","08/07/2024","22/07/2024","Hymenoptera_7399",34,0.0566666666666667
"o","Boucherville","PUF_BOU_04","08/07/2024","22/07/2024","Orthoptera_6993",32,0.0533333333333333
"o","Boucherville","PUF_BOU_04","08/07/2024","22/07/2024","Lepidoptera_7088",24,0.04
"o","Boucherville","PUF_BOU_04","08/07/2024","22/07/2024","Symphypleona_79705",8,0.0133333333333333
"o","Boucherville","PUF_BOU_04","08/07/2024","22/07/2024","Coleoptera_7041",7,0.0116666666666667
"o","Boucherville","PUF_BOU_04","08/07/2024","22/07/2024","Primates_9443",4,0.00666666666666667
"o","Boucherville","PUF_BOU_04","08/07/2024","22/07/2024","Artiodactyla_91561",3,0.005
"o","Boucherville","PUF_BOU_05","22/07/2024","05/08/2024","Hemiptera_7524",2011,0.817812118747458
"o","Boucherville","PUF_BOU_05","22/07/2024","05/08/2024",NA,233,0.0947539650264335
"o","Boucherville","PUF_BOU_05","22/07/2024","05/08/2024","Diptera_7147",102,0.0414802765351769
"o","Boucherville","PUF_BOU_05","22/07/2024","05/08/2024","Mesostigmata_34634",34,0.013826758845059
"o","Boucherville","PUF_BOU_05","22/07/2024","05/08/2024","Trombidiformes_83136",23,0.00935339568930459
"o","Boucherville","PUF_BOU_05","22/07/2024","05/08/2024","Hymenoptera_7399",20,0.00813338755591704
"o","Boucherville","PUF_BOU_05","22/07/2024","05/08/2024","Coleoptera_7041",19,0.00772671817812119
"o","Boucherville","PUF_BOU_05","22/07/2024","05/08/2024","Lepidoptera_7088",17,0.00691337942252948
"o","Boucherville","PUF_BOU_06","05/08/2024","19/08/2024","Hemiptera_7524",568,0.662004662004662
"o","Boucherville","PUF_BOU_06","05/08/2024","19/08/2024",NA,167,0.194638694638695
"o","Boucherville","PUF_BOU_06","05/08/2024","19/08/2024","Lepidoptera_7088",37,0.0431235431235431
"o","Boucherville","PUF_BOU_06","05/08/2024","19/08/2024","Anostraca_6659",30,0.034965034965035
"o","Boucherville","PUF_BOU_06","05/08/2024","19/08/2024","Odonata_6961",18,0.020979020979021
"o","Boucherville","PUF_BOU_06","05/08/2024","19/08/2024","Hymenoptera_7399",13,0.0151515151515152
"o","Boucherville","PUF_BOU_06","05/08/2024","19/08/2024","Trombidiformes_83136",12,0.013986013986014
"o","Boucherville","PUF_BOU_06","05/08/2024","19/08/2024","Diptera_7147",8,0.00932400932400932
"o","Boucherville","PUF_BOU_06","05/08/2024","19/08/2024","Symphypleona_79705",5,0.00582750582750583
"o","Boucherville","PUF_BOU_07","19/08/2024","02/09/2024",NA,112,0.343558282208589
"o","Boucherville","PUF_BOU_07","19/08/2024","02/09/2024","Hemiptera_7524",101,0.309815950920245
"o","Boucherville","PUF_BOU_07","19/08/2024","02/09/2024","Artiodactyla_91561",60,0.184049079754601
"o","Boucherville","PUF_BOU_07","19/08/2024","02/09/2024","Symphypleona_79705",53,0.162576687116564
"o","Boucherville","PUF_BOU_08","02/09/2024","16/09/2024","Hemiptera_7524",1740,0.775401069518717
"o","Boucherville","PUF_BOU_08","02/09/2024","16/09/2024",NA,390,0.17379679144385
"o","Boucherville","PUF_BOU_08","02/09/2024","16/09/2024","Rodentia_9989",32,0.0142602495543672
"o","Boucherville","PUF_BOU_08","02/09/2024","16/09/2024","Diptera_7147",30,0.0133689839572193
"o","Boucherville","PUF_BOU_08","02/09/2024","16/09/2024","Hymenoptera_7399",30,0.0133689839572193
"o","Boucherville","PUF_BOU_08","02/09/2024","16/09/2024","Lepidoptera_7088",22,0.00980392156862745
"o","Boucherville","PUF_BOU_09","16/09/2024","30/09/2024","Hemiptera_7524",1264,0.69757174392936
"o","Boucherville","PUF_BOU_09","16/09/2024","30/09/2024",NA,293,0.161699779249448
"o","Boucherville","PUF_BOU_09","16/09/2024","30/09/2024","Trombidiformes_83136",120,0.0662251655629139
"o","Boucherville","PUF_BOU_09","16/09/2024","30/09/2024","Primates_9443",68,0.0375275938189845
"o","Boucherville","PUF_BOU_09","16/09/2024","30/09/2024","Rodentia_9989",21,0.0115894039735099
"o","Boucherville","PUF_BOU_09","16/09/2024","30/09/2024","Coleoptera_7041",19,0.010485651214128
"o","Boucherville","PUF_BOU_09","16/09/2024","30/09/2024","Lepidoptera_7088",17,0.00938189845474614
"o","Boucherville","PUF_BOU_09","16/09/2024","30/09/2024","Stylommatophora_6527",10,0.00551876379690949
"o","IPEX","PUF_IPEX_01","15/05/2024","29/05/2024","Hemiptera_7524",48,0.428571428571429
"o","IPEX","PUF_IPEX_01","15/05/2024","29/05/2024",NA,32,0.285714285714286
"o","IPEX","PUF_IPEX_01","15/05/2024","29/05/2024","Artiodactyla_91561",21,0.1875
"o","IPEX","PUF_IPEX_01","15/05/2024","29/05/2024","Primates_9443",7,0.0625
"o","IPEX","PUF_IPEX_01","15/05/2024","29/05/2024","Trombidiformes_83136",3,0.0267857142857143
"o","IPEX","PUF_IPEX_01","15/05/2024","29/05/2024","Lepidoptera_7088",1,0.00892857142857143
"o","IPEX","PUF_IPEX_02","29/05/2024","12/06/2024",NA,1208,0.665564738292011
"o","IPEX","PUF_IPEX_02","29/05/2024","12/06/2024","Hemiptera_7524",182,0.100275482093664
"o","IPEX","PUF_IPEX_02","29/05/2024","12/06/2024","Trombidiformes_83136",167,0.0920110192837466
"o","IPEX","PUF_IPEX_02","29/05/2024","12/06/2024","Diptera_7147",143,0.0787878787878788
"o","IPEX","PUF_IPEX_02","29/05/2024","12/06/2024","Hymenoptera_7399",61,0.0336088154269972
"o","IPEX","PUF_IPEX_02","29/05/2024","12/06/2024","Coleoptera_7041",23,0.0126721763085399
"o","IPEX","PUF_IPEX_02","29/05/2024","12/06/2024","Lepidoptera_7088",17,0.009366391184573
"o","IPEX","PUF_IPEX_02","29/05/2024","12/06/2024","Primates_9443",7,0.00385674931129477
"o","IPEX","PUF_IPEX_02","29/05/2024","12/06/2024","Symphypleona_79705",7,0.00385674931129477
"o","IPEX","PUF_IPEX_03","12/06/2024","26/06/2024","Araneae_6893",9871,0.871919441745429
"o","IPEX","PUF_IPEX_03","12/06/2024","26/06/2024",NA,739,0.0652769190000883
"o","IPEX","PUF_IPEX_03","12/06/2024","26/06/2024","Hemiptera_7524",361,0.0318876424344139
"o","IPEX","PUF_IPEX_03","12/06/2024","26/06/2024","Trombidiformes_83136",96,0.00847981627064747
"o","IPEX","PUF_IPEX_03","12/06/2024","26/06/2024","Lepidoptera_7088",73,0.00644819362247151
"o","IPEX","PUF_IPEX_03","12/06/2024","26/06/2024","Symphypleona_79705",73,0.00644819362247151
"o","IPEX","PUF_IPEX_03","12/06/2024","26/06/2024","Artiodactyla_91561",52,0.00459323381326738
"o","IPEX","PUF_IPEX_03","12/06/2024","26/06/2024","Mesostigmata_34634",17,0.00150163413126049
"o","IPEX","PUF_IPEX_03","12/06/2024","26/06/2024","Coleoptera_7041",13,0.00114830845331684
"o","IPEX","PUF_IPEX_03","12/06/2024","26/06/2024","Diplostraca_84337",12,0.00105997703383093
"o","IPEX","PUF_IPEX_03","12/06/2024","26/06/2024","Primates_9443",8,0.000706651355887289
"o","IPEX","PUF_IPEX_03","12/06/2024","26/06/2024","Diptera_7147",6,0.000529988516915467
"o","IPEX","PUF_IPEX_04","26/06/2024","10/07/2024","Hemiptera_7524",1057,0.522233201581028
"o","IPEX","PUF_IPEX_04","26/06/2024","10/07/2024",NA,438,0.216403162055336
"o","IPEX","PUF_IPEX_04","26/06/2024","10/07/2024","Trombidiformes_83136",258,0.127470355731225
"o","IPEX","PUF_IPEX_04","26/06/2024","10/07/2024","Lepidoptera_7088",138,0.0681818181818182
"o","IPEX","PUF_IPEX_04","26/06/2024","10/07/2024","Artiodactyla_91561",48,0.0237154150197628
"o","IPEX","PUF_IPEX_04","26/06/2024","10/07/2024","Hymenoptera_7399",27,0.0133399209486166
"o","IPEX","PUF_IPEX_04","26/06/2024","10/07/2024","Sarcoptiformes_83137",27,0.0133399209486166
"o","IPEX","PUF_IPEX_04","26/06/2024","10/07/2024","Rodentia_9989",22,0.0108695652173913
"o","IPEX","PUF_IPEX_04","26/06/2024","10/07/2024","Primates_9443",9,0.00444664031620553
"o","IPEX","PUF_IPEX_05","10/07/2024","24/07/2024","Hemiptera_7524",3949,0.672170212765957
"o","IPEX","PUF_IPEX_05","10/07/2024","24/07/2024","Trombidiformes_83136",1073,0.18263829787234
"o","IPEX","PUF_IPEX_05","10/07/2024","24/07/2024",NA,556,0.0946382978723404
"o","IPEX","PUF_IPEX_05","10/07/2024","24/07/2024","Symphypleona_79705",127,0.0216170212765957
"o","IPEX","PUF_IPEX_05","10/07/2024","24/07/2024","Hymenoptera_7399",51,0.00868085106382979
"o","IPEX","PUF_IPEX_05","10/07/2024","24/07/2024","Primates_9443",49,0.00834042553191489
"o","IPEX","PUF_IPEX_05","10/07/2024","24/07/2024","Trichoptera_30263",27,0.00459574468085106
"o","IPEX","PUF_IPEX_05","10/07/2024","24/07/2024","Odonata_6961",13,0.00221276595744681
"o","IPEX","PUF_IPEX_05","10/07/2024","24/07/2024","Stylommatophora_6527",12,0.00204255319148936
"o","IPEX","PUF_IPEX_05","10/07/2024","24/07/2024","Lepidoptera_7088",10,0.00170212765957447
"o","IPEX","PUF_IPEX_05","10/07/2024","24/07/2024","Anostraca_6659",8,0.00136170212765957
"o","IPEX","PUF_IPEX_06","24/07/2024","07/08/2024","Hemiptera_7524",832,0.769657724329325
"o","IPEX","PUF_IPEX_06","24/07/2024","07/08/2024",NA,218,0.201665124884366
"o","IPEX","PUF_IPEX_06","24/07/2024","07/08/2024","Lepidoptera_7088",18,0.0166512488436633
"o","IPEX","PUF_IPEX_06","24/07/2024","07/08/2024","Hymenoptera_7399",6,0.00555041628122109
"o","IPEX","PUF_IPEX_06","24/07/2024","07/08/2024","Primates_9443",4,0.00370027752081406
"o","IPEX","PUF_IPEX_06","24/07/2024","07/08/2024","Rodentia_9989",3,0.00277520814061055
"o","IPEX","PUF_IPEX_07","07/08/2024","21/08/2024","Hemiptera_7524",1147,0.646197183098592
"o","IPEX","PUF_IPEX_07","07/08/2024","21/08/2024",NA,456,0.256901408450704
"o","IPEX","PUF_IPEX_07","07/08/2024","21/08/2024","Hymenoptera_7399",89,0.0501408450704225
"o","IPEX","PUF_IPEX_07","07/08/2024","21/08/2024","Lepidoptera_7088",53,0.0298591549295775
"o","IPEX","PUF_IPEX_07","07/08/2024","21/08/2024","Rodentia_9989",10,0.00563380281690141
"o","IPEX","PUF_IPEX_07","07/08/2024","21/08/2024","Diptera_7147",9,0.00507042253521127
"o","IPEX","PUF_IPEX_07","07/08/2024","21/08/2024","Trombidiformes_83136",6,0.00338028169014085
"o","IPEX","PUF_IPEX_07","07/08/2024","21/08/2024","Primates_9443",5,0.0028169014084507
"o","IPEX","PUF_IPEX_08","21/08/2024","04/09/2024","Hemiptera_7524",1500,0.632377740303541
"o","IPEX","PUF_IPEX_08","21/08/2024","04/09/2024",NA,712,0.300168634064081
"o","IPEX","PUF_IPEX_08","21/08/2024","04/09/2024","Artiodactyla_91561",70,0.0295109612141653
"o","IPEX","PUF_IPEX_08","21/08/2024","04/09/2024","Diptera_7147",58,0.0244519392917369
"o","IPEX","PUF_IPEX_08","21/08/2024","04/09/2024","Primates_9443",17,0.00716694772344013
"o","IPEX","PUF_IPEX_08","21/08/2024","04/09/2024","Hymenoptera_7399",15,0.00632377740303541
"o","IPEX","PUF_IPEX_09","04/09/2024","18/09/2024","Hemiptera_7524",1022,0.846026490066225
"o","IPEX","PUF_IPEX_09","04/09/2024","18/09/2024",NA,150,0.124172185430464
"o","IPEX","PUF_IPEX_09","04/09/2024","18/09/2024","Lepidoptera_7088",36,0.0298013245033113
"o","IPEX","PUF_IPEX_10","18/09/2024","02/10/2024","Hemiptera_7524",2769,0.62946124119118
"o","IPEX","PUF_IPEX_10","18/09/2024","02/10/2024",NA,713,0.16208229142987
"o","IPEX","PUF_IPEX_10","18/09/2024","02/10/2024","Psocoptera_30259",574,0.130484200954762
"o","IPEX","PUF_IPEX_10","18/09/2024","02/10/2024","Lepidoptera_7088",184,0.0418276881109343
"o","IPEX","PUF_IPEX_10","18/09/2024","02/10/2024","Diptera_7147",83,0.0188679245283019
"o","IPEX","PUF_IPEX_10","18/09/2024","02/10/2024","Hymenoptera_7399",52,0.0118208683791771
"o","IPEX","PUF_IPEX_10","18/09/2024","02/10/2024","Julida_41448",17,0.00386451466242328
"o","IPEX","PUF_IPEX_10","18/09/2024","02/10/2024","Trombidiformes_83136",7,0.00159127074335076
"o","Jean-Drapeau","PUF_JD_01","22/05/2024","05/06/2024","Lepidoptera_7088",6095,0.684370087581406
"o","Jean-Drapeau","PUF_JD_01","22/05/2024","05/06/2024","Trombidiformes_83136",1519,0.170559173590838
"o","Jean-Drapeau","PUF_JD_01","22/05/2024","05/06/2024",NA,850,0.0954412755445767
"o","Jean-Drapeau","PUF_JD_01","22/05/2024","05/06/2024","Mesostigmata_34634",114,0.0128003593083315
"o","Jean-Drapeau","PUF_JD_01","22/05/2024","05/06/2024","Diptera_7147",105,0.0117898046260948
"o","Jean-Drapeau","PUF_JD_01","22/05/2024","05/06/2024","Hemiptera_7524",84,0.00943184370087581
"o","Jean-Drapeau","PUF_JD_01","22/05/2024","05/06/2024","Araneae_6893",76,0.00853357287222097
"o","Jean-Drapeau","PUF_JD_01","22/05/2024","05/06/2024","Hymenoptera_7399",34,0.00381765102178307
"o","Jean-Drapeau","PUF_JD_01","22/05/2024","05/06/2024","Ephemeroptera_30073",13,0.00145969009656411
"o","Jean-Drapeau","PUF_JD_01","22/05/2024","05/06/2024","Primates_9443",13,0.00145969009656411
"o","Jean-Drapeau","PUF_JD_01","22/05/2024","05/06/2024","Coleoptera_7041",3,0.000336851560745565
"o","Jean-Drapeau","PUF_JD_02","05/06/2024","19/06/2024","Lepidoptera_7088",13685,0.960014030164854
"o","Jean-Drapeau","PUF_JD_02","05/06/2024","19/06/2024",NA,280,0.0196422307962119
"o","Jean-Drapeau","PUF_JD_02","05/06/2024","19/06/2024","Trichoptera_30263",140,0.00982111539810593
"o","Jean-Drapeau","PUF_JD_02","05/06/2024","19/06/2024","Araneae_6893",46,0.00322693791652052
"o","Jean-Drapeau","PUF_JD_02","05/06/2024","19/06/2024","Diptera_7147",25,0.00175377060680463
"o","Jean-Drapeau","PUF_JD_02","05/06/2024","19/06/2024","Trombidiformes_83136",25,0.00175377060680463
"o","Jean-Drapeau","PUF_JD_02","05/06/2024","19/06/2024","Passeriformes_9126",10,0.000701508242721852
"o","Jean-Drapeau","PUF_JD_02","05/06/2024","19/06/2024","Hemiptera_7524",9,0.000631357418449667
"o","Jean-Drapeau","PUF_JD_02","05/06/2024","19/06/2024","Isopoda_29979",9,0.000631357418449667
"o","Jean-Drapeau","PUF_JD_02","05/06/2024","19/06/2024","Symphypleona_79705",7,0.000491055769905296
"o","Jean-Drapeau","PUF_JD_02","05/06/2024","19/06/2024","Hymenoptera_7399",5,0.000350754121360926
"o","Jean-Drapeau","PUF_JD_02","05/06/2024","19/06/2024","Julida_41448",5,0.000350754121360926
"o","Jean-Drapeau","PUF_JD_02","05/06/2024","19/06/2024","Orthoptera_6993",5,0.000350754121360926
"o","Jean-Drapeau","PUF_JD_02","05/06/2024","19/06/2024","Primates_9443",4,0.000280603297088741
"o","Jean-Drapeau","PUF_JD_03","19/06/2024","03/07/2024","Hemiptera_7524",458,0.439117929050815
"o","Jean-Drapeau","PUF_JD_03","19/06/2024","03/07/2024",NA,177,0.169702780441035
"o","Jean-Drapeau","PUF_JD_03","19/06/2024","03/07/2024","Diptera_7147",130,0.12464046021093
"o","Jean-Drapeau","PUF_JD_03","19/06/2024","03/07/2024","Primates_9443",100,0.0958772770853308
"o","Jean-Drapeau","PUF_JD_03","19/06/2024","03/07/2024","Lepidoptera_7088",84,0.0805369127516778
"o","Jean-Drapeau","PUF_JD_03","19/06/2024","03/07/2024","Trombidiformes_83136",44,0.0421860019175455
"o","Jean-Drapeau","PUF_JD_03","19/06/2024","03/07/2024","Neuroptera_7516",31,0.0297219558964525
"o","Jean-Drapeau","PUF_JD_03","19/06/2024","03/07/2024","Hymenoptera_7399",19,0.0182166826462128
"o","Jean-Drapeau","PUF_JD_04","03/07/2024","17/07/2024","Hemiptera_7524",996,0.603270745003028
"o","Jean-Drapeau","PUF_JD_04","03/07/2024","17/07/2024","Artiodactyla_91561",217,0.131435493640218
"o","Jean-Drapeau","PUF_JD_04","03/07/2024","17/07/2024","Araneae_6893",153,0.0926711084191399
"o","Jean-Drapeau","PUF_JD_04","03/07/2024","17/07/2024","Lepidoptera_7088",149,0.0902483343428225
"o","Jean-Drapeau","PUF_JD_04","03/07/2024","17/07/2024",NA,108,0.0654149000605694
"o","Jean-Drapeau","PUF_JD_04","03/07/2024","17/07/2024","Hymenoptera_7399",16,0.00969109630526953
"o","Jean-Drapeau","PUF_JD_04","03/07/2024","17/07/2024","Primates_9443",7,0.00423985463355542
"o","Jean-Drapeau","PUF_JD_04","03/07/2024","17/07/2024","Coleoptera_7041",5,0.00302846759539673
"o","Jean-Drapeau","PUF_JD_05","17/07/2024","31/07/2024","Araneae_6893",1710,0.406079316076941
"o","Jean-Drapeau","PUF_JD_05","17/07/2024","31/07/2024","Hemiptera_7524",1479,0.351222987413916
"o","Jean-Drapeau","PUF_JD_05","17/07/2024","31/07/2024","Lepidoptera_7088",297,0.0705295654238898
"o","Jean-Drapeau","PUF_JD_05","17/07/2024","31/07/2024","Diptera_7147",267,0.0634053668962242
"o","Jean-Drapeau","PUF_JD_05","17/07/2024","31/07/2024",NA,158,0.0375207789123724
"o","Jean-Drapeau","PUF_JD_05","17/07/2024","31/07/2024","Trombidiformes_83136",129,0.0306340536689622
"o","Jean-Drapeau","PUF_JD_05","17/07/2024","31/07/2024","Anostraca_6659",45,0.0106862977914985
"o","Jean-Drapeau","PUF_JD_05","17/07/2024","31/07/2024","Artiodactyla_91561",45,0.0106862977914985
"o","Jean-Drapeau","PUF_JD_05","17/07/2024","31/07/2024","Coleoptera_7041",38,0.00902398480170981
"o","Jean-Drapeau","PUF_JD_05","17/07/2024","31/07/2024","Hymenoptera_7399",32,0.00759914509617668
"o","Jean-Drapeau","PUF_JD_05","17/07/2024","31/07/2024","Primates_9443",11,0.00261220612681073
"o","Jean-Drapeau","PUF_JD_06","31/07/2024","14/08/2024","Hemiptera_7524",3564,0.890332250811891
"o","Jean-Drapeau","PUF_JD_06","31/07/2024","14/08/2024","Araneae_6893",122,0.0304771421433925
"o","Jean-Drapeau","PUF_JD_06","31/07/2024","14/08/2024",NA,122,0.0304771421433925
"o","Jean-Drapeau","PUF_JD_06","31/07/2024","14/08/2024","Diptera_7147",89,0.0222333250062453
"o","Jean-Drapeau","PUF_JD_06","31/07/2024","14/08/2024","Hymenoptera_7399",47,0.0117411941044217
"o","Jean-Drapeau","PUF_JD_06","31/07/2024","14/08/2024","Lepidoptera_7088",38,0.00949288033974519
"o","Jean-Drapeau","PUF_JD_06","31/07/2024","14/08/2024","Trombidiformes_83136",11,0.00274793904571571
"o","Jean-Drapeau","PUF_JD_06","31/07/2024","14/08/2024","Orthoptera_6993",5,0.00124906320259805
"o","Jean-Drapeau","PUF_JD_06","31/07/2024","14/08/2024","Trichoptera_30263",5,0.00124906320259805
"o","Jean-Drapeau","PUF_JD_07","14/08/2024","28/08/2024","Hemiptera_7524",2445,0.533028122956181
"o","Jean-Drapeau","PUF_JD_07","14/08/2024","28/08/2024","Coleoptera_7041",867,0.189012426422498
"o","Jean-Drapeau","PUF_JD_07","14/08/2024","28/08/2024","Trichoptera_30263",592,0.129060388053194
"o","Jean-Drapeau","PUF_JD_07","14/08/2024","28/08/2024",NA,377,0.0821887944190103
"o","Jean-Drapeau","PUF_JD_07","14/08/2024","28/08/2024","Trombidiformes_83136",95,0.0207107041639416
"o","Jean-Drapeau","PUF_JD_07","14/08/2024","28/08/2024","Hymenoptera_7399",64,0.0139524743841291
"o","Jean-Drapeau","PUF_JD_07","14/08/2024","28/08/2024","Araneae_6893",62,0.013516459559625
"o","Jean-Drapeau","PUF_JD_07","14/08/2024","28/08/2024","Lepidoptera_7088",53,0.0115543928493569
"o","Jean-Drapeau","PUF_JD_07","14/08/2024","28/08/2024","Symphypleona_79705",23,0.00501417048179638
"o","Jean-Drapeau","PUF_JD_07","14/08/2024","28/08/2024","Primates_9443",9,0.00196206671026815
"o","Jean-Drapeau","PUF_JD_08","28/08/2024","11/09/2024","Araneae_6893",8581,0.981807780320366
"o","Jean-Drapeau","PUF_JD_08","28/08/2024","11/09/2024","Hemiptera_7524",119,0.0136155606407323
"o","Jean-Drapeau","PUF_JD_08","28/08/2024","11/09/2024",NA,25,0.0028604118993135
"o","Jean-Drapeau","PUF_JD_08","28/08/2024","11/09/2024","Lepidoptera_7088",6,0.00068649885583524
"o","Jean-Drapeau","PUF_JD_08","28/08/2024","11/09/2024","Trombidiformes_83136",6,0.00068649885583524
"o","Jean-Drapeau","PUF_JD_08","28/08/2024","11/09/2024","Diptera_7147",3,0.00034324942791762
"o","Jean-Drapeau","PUF_JD_09","11/09/2024","25/09/2024","Hemiptera_7524",746,0.613991769547325
"o","Jean-Drapeau","PUF_JD_09","11/09/2024","25/09/2024","Lepidoptera_7088",227,0.186831275720165
"o","Jean-Drapeau","PUF_JD_09","11/09/2024","25/09/2024",NA,103,0.0847736625514403
"o","Jean-Drapeau","PUF_JD_09","11/09/2024","25/09/2024","Neuroptera_7516",69,0.0567901234567901
"o","Jean-Drapeau","PUF_JD_09","11/09/2024","25/09/2024","Diptera_7147",34,0.0279835390946502
"o","Jean-Drapeau","PUF_JD_09","11/09/2024","25/09/2024","Araneae_6893",20,0.0164609053497942
"o","Jean-Drapeau","PUF_JD_09","11/09/2024","25/09/2024","Artiodactyla_91561",9,0.00740740740740741
"o","Jean-Drapeau","PUF_JD_09","11/09/2024","25/09/2024","Hymenoptera_7399",3,0.00246913580246914
"o","Jean-Drapeau","PUF_JD_09","11/09/2024","25/09/2024","Primates_9443",2,0.00164609053497942
"o","Jean-Drapeau","PUF_JD_09","11/09/2024","25/09/2024","Sarcoptiformes_83137",2,0.00164609053497942
"o","Jean-Drapeau","PUF_JD_10","25/09/2024","09/10/2024","Hemiptera_7524",7699,0.88484082289392
"o","Jean-Drapeau","PUF_JD_10","25/09/2024","09/10/2024","Araneae_6893",261,0.0299965521204459
"o","Jean-Drapeau","PUF_JD_10","25/09/2024","09/10/2024","Diptera_7147",243,0.0279278243880014
"o","Jean-Drapeau","PUF_JD_10","25/09/2024","09/10/2024",NA,210,0.0241351568785197
"o","Jean-Drapeau","PUF_JD_10","25/09/2024","09/10/2024","Lepidoptera_7088",108,0.0124123663946673
"o","Jean-Drapeau","PUF_JD_10","25/09/2024","09/10/2024","Artiodactyla_91561",67,0.00770026433743248
"o","Jean-Drapeau","PUF_JD_10","25/09/2024","09/10/2024","Trichoptera_30263",34,0.00390759682795081
"o","Jean-Drapeau","PUF_JD_10","25/09/2024","09/10/2024","Dermaptera_27434",23,0.00264337432479025
"o","Jean-Drapeau","PUF_JD_10","25/09/2024","09/10/2024","Trombidiformes_83136",23,0.00264337432479025
"o","Jean-Drapeau","PUF_JD_10","25/09/2024","09/10/2024","Hymenoptera_7399",20,0.00229858636938283
"o","Jean-Drapeau","PUF_JD_10","25/09/2024","09/10/2024","Mesostigmata_34634",13,0.00149408114009884
"o",NA,NA,NA,NA,"Lepidoptera_7088",29595,0.979642502482622
"o",NA,NA,NA,NA,"Entomobryomorpha_730330",356,0.0117841774246938
"o",NA,NA,NA,NA,"Mantodea_7504",76,0.00251572327044025
"o",NA,NA,NA,NA,"Sarcoptiformes_83137",62,0.00205230056272757
"o",NA,NA,NA,NA,"Trombidiformes_83136",48,0.0015888778550149
"o",NA,NA,NA,NA,NA,30,0.00099304865938431
"o",NA,NA,NA,NA,"Diptera_7147",23,0.000761337305527971
"o",NA,NA,NA,NA,"Primates_9443",17,0.000562727573651109
"o",NA,NA,NA,NA,"Hemiptera_7524",3,9.9304865938431e-05
"f","Bird Observatory","PUF_MBO_01","20/05/2024","03/06/2024","Tydeidae_708320",621,0.268714842059714
"f","Bird Observatory","PUF_MBO_01","20/05/2024","03/06/2024",NA,550,0.237992211163998
"f","Bird Observatory","PUF_MBO_01","20/05/2024","03/06/2024","Eriophyidae_70320",384,0.166161834703592
"f","Bird Observatory","PUF_MBO_01","20/05/2024","03/06/2024","Chironomidae_7149",228,0.0986585893552575
"f","Bird Observatory","PUF_MBO_01","20/05/2024","03/06/2024","Pentatomidae_160513",128,0.0553872782345305
"f","Bird Observatory","PUF_MBO_01","20/05/2024","03/06/2024","Cecidomyiidae_33406",110,0.0475984422327997
"f","Bird Observatory","PUF_MBO_01","20/05/2024","03/06/2024","Phoridae_36164",72,0.0311553440069234
"f","Bird Observatory","PUF_MBO_01","20/05/2024","03/06/2024","Chrysomelidae_27439",67,0.0289917784508871
"f","Bird Observatory","PUF_MBO_01","20/05/2024","03/06/2024","Bovidae_9895",45,0.0194720900043271
"f","Bird Observatory","PUF_MBO_01","20/05/2024","03/06/2024","Liebstadiidae_1427579",31,0.0134141064474254
"f","Bird Observatory","PUF_MBO_01","20/05/2024","03/06/2024","Cicadellidae_30102",28,0.0121159671138035
"f","Bird Observatory","PUF_MBO_01","20/05/2024","03/06/2024","Pyralidae_7135",21,0.00908697533535266
"f","Bird Observatory","PUF_MBO_01","20/05/2024","03/06/2024","Hominidae_9604",14,0.00605798355690177
"f","Bird Observatory","PUF_MBO_01","20/05/2024","03/06/2024","Hydropsychidae_41030",7,0.00302899177845089
"f","Bird Observatory","PUF_MBO_01","20/05/2024","03/06/2024","Aphrophoridae_36666",5,0.00216356555603635
"f","Bird Observatory","PUF_MBO_02","03/06/2024","17/06/2024","Noctuidae_7100",8006,0.520207927225471
"f","Bird Observatory","PUF_MBO_02","03/06/2024","17/06/2024","Trombidiidae_83144",7029,0.45672514619883
"f","Bird Observatory","PUF_MBO_02","03/06/2024","17/06/2024",NA,289,0.0187784275503574
"f","Bird Observatory","PUF_MBO_02","03/06/2024","17/06/2024","Pentatomidae_160513",50,0.0032488628979857
"f","Bird Observatory","PUF_MBO_02","03/06/2024","17/06/2024","Chironomidae_7149",16,0.00103963612735543
"f","Bird Observatory","PUF_MBO_03","17/06/2024","01/07/2024","Pentatomidae_160513",305,0.408299866131191
"f","Bird Observatory","PUF_MBO_03","17/06/2024","01/07/2024",NA,160,0.214190093708166
"f","Bird Observatory","PUF_MBO_03","17/06/2024","01/07/2024","Philodromidae_243501",139,0.186077643908969
"f","Bird Observatory","PUF_MBO_03","17/06/2024","01/07/2024","Phytoseiidae_34636",56,0.0749665327978581
"f","Bird Observatory","PUF_MBO_03","17/06/2024","01/07/2024","Pyralidae_7135",27,0.036144578313253
"f","Bird Observatory","PUF_MBO_03","17/06/2024","01/07/2024","Eriophyidae_70320",26,0.034805890227577
"f","Bird Observatory","PUF_MBO_03","17/06/2024","01/07/2024","Hominidae_9604",12,0.0160642570281124
"f","Bird Observatory","PUF_MBO_03","17/06/2024","01/07/2024","Dipodidae_30648",9,0.0120481927710843
"f","Bird Observatory","PUF_MBO_03","17/06/2024","01/07/2024","Braconidae_7402",8,0.0107095046854083
"f","Bird Observatory","PUF_MBO_03","17/06/2024","01/07/2024","Ephydridae_48991",5,0.00669344042838019
"f","Bird Observatory","PUF_MBO_04","01/07/2024","15/07/2024","Pentatomidae_160513",514,0.455270150575731
"f","Bird Observatory","PUF_MBO_04","01/07/2024","15/07/2024","Bovidae_9895",308,0.272807794508415
"f","Bird Observatory","PUF_MBO_04","01/07/2024","15/07/2024",NA,300,0.265721877767936
"f","Bird Observatory","PUF_MBO_04","01/07/2024","15/07/2024","Pyralidae_7135",7,0.00620017714791851
"f","Bird Observatory","PUF_MBO_05","15/07/2024","29/07/2024","Tortricidae_7139",8556,0.915471859619088
"f","Bird Observatory","PUF_MBO_05","15/07/2024","29/07/2024","Pentatomidae_160513",425,0.0454739995720094
"f","Bird Observatory","PUF_MBO_05","15/07/2024","29/07/2024",NA,223,0.0238604750695485
"f","Bird Observatory","PUF_MBO_05","15/07/2024","29/07/2024","Succineidae_73114",55,0.00588487053284828
"f","Bird Observatory","PUF_MBO_05","15/07/2024","29/07/2024","Culicidae_7157",26,0.00278193879734646
"f","Bird Observatory","PUF_MBO_05","15/07/2024","29/07/2024","Hominidae_9604",20,0.00213995292103574
"f","Bird Observatory","PUF_MBO_05","15/07/2024","29/07/2024","Miridae_30083",14,0.00149796704472502
"f","Bird Observatory","PUF_MBO_05","15/07/2024","29/07/2024","Eriophyidae_70320",10,0.00106997646051787
"f","Bird Observatory","PUF_MBO_05","15/07/2024","29/07/2024","Pyralidae_7135",9,0.000962978814466082
"f","Bird Observatory","PUF_MBO_05","15/07/2024","29/07/2024","Braconidae_7402",8,0.000855981168414295
"f","Bird Observatory","PUF_MBO_06","29/07/2024","12/08/2024","Pentatomidae_160513",613,0.607532210109019
"f","Bird Observatory","PUF_MBO_06","29/07/2024","12/08/2024",NA,382,0.378592666005946
"f","Bird Observatory","PUF_MBO_06","29/07/2024","12/08/2024","Miridae_30083",14,0.0138751238850347
"f","Bird Observatory","PUF_MBO_07","12/08/2024","26/08/2024","Pentatomidae_160513",1167,0.589989888776542
"f","Bird Observatory","PUF_MBO_07","12/08/2024","26/08/2024",NA,702,0.354903943377149
"f","Bird Observatory","PUF_MBO_07","12/08/2024","26/08/2024","Pyralidae_7135",55,0.0278058645096057
"f","Bird Observatory","PUF_MBO_07","12/08/2024","26/08/2024","Bourletiellidae_187607",18,0.00910010111223458
"f","Bird Observatory","PUF_MBO_07","12/08/2024","26/08/2024","Zygaenidae_115354",12,0.00606673407482305
"f","Bird Observatory","PUF_MBO_07","12/08/2024","26/08/2024","Cecidomyiidae_33406",5,0.00252780586450961
"f","Bird Observatory","PUF_MBO_07","12/08/2024","26/08/2024","Chironomidae_7149",5,0.00252780586450961
"f","Bird Observatory","PUF_MBO_07","12/08/2024","26/08/2024","Limoniidae_43823",5,0.00252780586450961
"f","Bird Observatory","PUF_MBO_07","12/08/2024","26/08/2024","Sminthurididae_187696",5,0.00252780586450961
"f","Bird Observatory","PUF_MBO_07","12/08/2024","26/08/2024","Culicidae_7157",4,0.00202224469160768
"f","Bird Observatory","PUF_MBO_08","26/08/2024","09/09/2024","Pentatomidae_160513",1252,0.66278454208576
"f","Bird Observatory","PUF_MBO_08","26/08/2024","09/09/2024",NA,582,0.308099523557438
"f","Bird Observatory","PUF_MBO_08","26/08/2024","09/09/2024","Pyralidae_7135",20,0.0105876124933827
"f","Bird Observatory","PUF_MBO_08","26/08/2024","09/09/2024","Myrmeleontidae_27427",8,0.0042350449973531
"f","Bird Observatory","PUF_MBO_08","26/08/2024","09/09/2024","Succineidae_73114",8,0.0042350449973531
"f","Bird Observatory","PUF_MBO_08","26/08/2024","09/09/2024","Corinnidae_243491",7,0.00370566437268396
"f","Bird Observatory","PUF_MBO_08","26/08/2024","09/09/2024","Culicidae_7157",7,0.00370566437268396
"f","Bird Observatory","PUF_MBO_08","26/08/2024","09/09/2024","Cecidomyiidae_33406",5,0.00264690312334569
"f","Bird Observatory","PUF_MBO_09","09/09/2024","23/09/2024","Pentatomidae_160513",1908,0.65770423991727
"f","Bird Observatory","PUF_MBO_09","09/09/2024","23/09/2024",NA,894,0.308169596690796
"f","Bird Observatory","PUF_MBO_09","09/09/2024","23/09/2024","Bovidae_9895",47,0.0162013098931403
"f","Bird Observatory","PUF_MBO_09","09/09/2024","23/09/2024","Pyralidae_7135",30,0.0103412616339193
"f","Bird Observatory","PUF_MBO_09","09/09/2024","23/09/2024","Hominidae_9604",9,0.0031023784901758
"f","Bird Observatory","PUF_MBO_09","09/09/2024","23/09/2024","Eurytomidae_75200",7,0.00241296104791451
"f","Bird Observatory","PUF_MBO_09","09/09/2024","23/09/2024","Succineidae_73114",6,0.00206825232678387
"f","Bird Observatory","PUF_MBO_10","23/09/2024","07/10/2024",NA,811,0.48621103117506
"f","Bird Observatory","PUF_MBO_10","23/09/2024","07/10/2024","Pentatomidae_160513",810,0.485611510791367
"f","Bird Observatory","PUF_MBO_10","23/09/2024","07/10/2024","Crambidae_268499",22,0.013189448441247
"f","Bird Observatory","PUF_MBO_10","23/09/2024","07/10/2024","Katiannidae_187603",11,0.0065947242206235
"f","Bird Observatory","PUF_MBO_10","23/09/2024","07/10/2024","Carabidae_41073",4,0.00239808153477218
"f","Bird Observatory","PUF_MBO_10","23/09/2024","07/10/2024","Pyralidae_7135",4,0.00239808153477218
"f","Bird Observatory","PUF_MBO_10","23/09/2024","07/10/2024","Ceratozetidae_229841",3,0.00179856115107914
"f","Bird Observatory","PUF_MBO_10","23/09/2024","07/10/2024","Hominidae_9604",3,0.00179856115107914
"f","Botanical Garden","PUF_BOT_01","17/05/2024","31/05/2024",NA,509,0.620731707317073
"f","Botanical Garden","PUF_BOT_01","17/05/2024","31/05/2024","Pyralidae_7135",92,0.11219512195122
"f","Botanical Garden","PUF_BOT_01","17/05/2024","31/05/2024","Phytoptidae_1221082",75,0.0914634146341463
"f","Botanical Garden","PUF_BOT_01","17/05/2024","31/05/2024","Chironomidae_7149",42,0.0512195121951219
"f","Botanical Garden","PUF_BOT_01","17/05/2024","31/05/2024","Aphididae_27482",36,0.0439024390243902
"f","Botanical Garden","PUF_BOT_01","17/05/2024","31/05/2024","Hominidae_9604",36,0.0439024390243902
"f","Botanical Garden","PUF_BOT_01","17/05/2024","31/05/2024","Hydropsychidae_41030",25,0.0304878048780488
"f","Botanical Garden","PUF_BOT_01","17/05/2024","31/05/2024","Corinnidae_243491",5,0.00609756097560976
"f","Botanical Garden","PUF_BOT_02","31/05/2024","14/06/2024",NA,1938,0.804483188044832
"f","Botanical Garden","PUF_BOT_02","31/05/2024","14/06/2024","Pentatomidae_160513",133,0.0552096305520963
"f","Botanical Garden","PUF_BOT_02","31/05/2024","14/06/2024","Noctuidae_7100",109,0.0452469904524699
"f","Botanical Garden","PUF_BOT_02","31/05/2024","14/06/2024","Tydeidae_708320",53,0.0220008302200083
"f","Botanical Garden","PUF_BOT_02","31/05/2024","14/06/2024","Eriophyidae_70320",41,0.0170195101701951
"f","Botanical Garden","PUF_BOT_02","31/05/2024","14/06/2024","Corinnidae_243491",21,0.0087173100871731
"f","Botanical Garden","PUF_BOT_02","31/05/2024","14/06/2024","Dipodidae_30648",20,0.008302200083022
"f","Botanical Garden","PUF_BOT_02","31/05/2024","14/06/2024","Bourletiellidae_187607",19,0.0078870900788709
"f","Botanical Garden","PUF_BOT_02","31/05/2024","14/06/2024","Pyralidae_7135",18,0.0074719800747198
"f","Botanical Garden","PUF_BOT_02","31/05/2024","14/06/2024","Sminthurididae_187696",18,0.0074719800747198
"f","Botanical Garden","PUF_BOT_02","31/05/2024","14/06/2024","Hominidae_9604",17,0.0070568700705687
"f","Botanical Garden","PUF_BOT_02","31/05/2024","14/06/2024","Muscidae_7366",8,0.0033208800332088
"f","Botanical Garden","PUF_BOT_02","31/05/2024","14/06/2024","Miridae_30083",7,0.0029057700290577
"f","Botanical Garden","PUF_BOT_02","31/05/2024","14/06/2024","Chironomidae_7149",5,0.0020755500207555
"f","Botanical Garden","PUF_BOT_02","31/05/2024","14/06/2024","Icteridae_164646",2,0.0008302200083022
"f","Botanical Garden","PUF_BOT_03","24/06/2024","28/06/2024","Bovidae_9895",88,1
"f","Botanical Garden","PUF_BOT_04","28/06/2024","12/07/2024","Pentatomidae_160513",524,0.55923159018143
"f","Botanical Garden","PUF_BOT_04","28/06/2024","12/07/2024",NA,217,0.231590181430096
"f","Botanical Garden","PUF_BOT_04","28/06/2024","12/07/2024","Asteiidae_286485",138,0.147278548559232
"f","Botanical Garden","PUF_BOT_04","28/06/2024","12/07/2024","Pyralidae_7135",41,0.0437566702241195
"f","Botanical Garden","PUF_BOT_04","28/06/2024","12/07/2024","Coccinellidae_7080",8,0.00853788687299893
"f","Botanical Garden","PUF_BOT_04","28/06/2024","12/07/2024","Chironomidae_7149",6,0.0064034151547492
"f","Botanical Garden","PUF_BOT_04","28/06/2024","12/07/2024","Hominidae_9604",3,0.0032017075773746
"f","Botanical Garden","PUF_BOT_05","12/07/2024","26/07/2024","Pentatomidae_160513",569,0.369001297016861
"f","Botanical Garden","PUF_BOT_05","12/07/2024","26/07/2024",NA,410,0.265888456549935
"f","Botanical Garden","PUF_BOT_05","12/07/2024","26/07/2024","Cecidomyiidae_33406",381,0.247081712062257
"f","Botanical Garden","PUF_BOT_05","12/07/2024","26/07/2024","Bovidae_9895",61,0.0395590142671855
"f","Botanical Garden","PUF_BOT_05","12/07/2024","26/07/2024","Pyralidae_7135",52,0.0337224383916991
"f","Botanical Garden","PUF_BOT_05","12/07/2024","26/07/2024","Eriophyidae_70320",49,0.0317769130998703
"f","Botanical Garden","PUF_BOT_05","12/07/2024","26/07/2024","Triophtydeidae_2461247",9,0.00583657587548638
"f","Botanical Garden","PUF_BOT_05","12/07/2024","26/07/2024","Asteiidae_286485",3,0.00194552529182879
"f","Botanical Garden","PUF_BOT_05","12/07/2024","26/07/2024","Hominidae_9604",3,0.00194552529182879
"f","Botanical Garden","PUF_BOT_05","12/07/2024","26/07/2024","Scarabaeidae_7055",3,0.00194552529182879
"f","Botanical Garden","PUF_BOT_05","12/07/2024","26/07/2024","Aphididae_27482",2,0.0012970168612192
"f","Botanical Garden","PUF_BOT_06","26/07/2024","09/08/2024","Pyralidae_7135",17797,0.895852209805698
"f","Botanical Garden","PUF_BOT_06","26/07/2024","09/08/2024","Pentatomidae_160513",819,0.0412262156448203
"f","Botanical Garden","PUF_BOT_06","26/07/2024","09/08/2024","Hominidae_9604",715,0.0359911406423034
"f","Botanical Garden","PUF_BOT_06","26/07/2024","09/08/2024",NA,229,0.011527232457465
"f","Botanical Garden","PUF_BOT_06","26/07/2024","09/08/2024","Miridae_30083",88,0.0044296788482835
"f","Botanical Garden","PUF_BOT_06","26/07/2024","09/08/2024","Carabidae_41073",86,0.00432900432900433
"f","Botanical Garden","PUF_BOT_06","26/07/2024","09/08/2024","Formicidae_36668",31,0.00156045504882714
"f","Botanical Garden","PUF_BOT_06","26/07/2024","09/08/2024","Aphididae_27482",29,0.00145978052954797
"f","Botanical Garden","PUF_BOT_06","26/07/2024","09/08/2024","Zygaenidae_115354",24,0.00120809423135005
"f","Botanical Garden","PUF_BOT_06","26/07/2024","09/08/2024","Tortricidae_7139",23,0.00115775697171046
"f","Botanical Garden","PUF_BOT_06","26/07/2024","09/08/2024","Chironomidae_7149",13,0.000654384375314608
"f","Botanical Garden","PUF_BOT_06","26/07/2024","09/08/2024","Sciuridae_55153",12,0.000604047115675023
"f","Botanical Garden","PUF_BOT_07","09/08/2024","23/08/2024","Pentatomidae_160513",1975,0.740810202550638
"f","Botanical Garden","PUF_BOT_07","09/08/2024","23/08/2024",NA,505,0.189422355588897
"f","Botanical Garden","PUF_BOT_07","09/08/2024","23/08/2024","Tarsonemidae_133229",96,0.0360090022505626
"f","Botanical Garden","PUF_BOT_07","09/08/2024","23/08/2024","Pyralidae_7135",43,0.0161290322580645
"f","Botanical Garden","PUF_BOT_07","09/08/2024","23/08/2024","Hominidae_9604",17,0.00637659414853713
"f","Botanical Garden","PUF_BOT_07","09/08/2024","23/08/2024","Tydeidae_708320",17,0.00637659414853713
"f","Botanical Garden","PUF_BOT_07","09/08/2024","23/08/2024","Eriophyidae_70320",13,0.00487621905476369
"f","Botanical Garden","PUF_BOT_08","23/08/2024","06/09/2024","Pentatomidae_160513",574,0.471264367816092
"f","Botanical Garden","PUF_BOT_08","23/08/2024","06/09/2024",NA,444,0.364532019704433
"f","Botanical Garden","PUF_BOT_08","23/08/2024","06/09/2024","Eriophyidae_70320",64,0.0525451559934319
"f","Botanical Garden","PUF_BOT_08","23/08/2024","06/09/2024","Formicidae_36668",41,0.0336617405582923
"f","Botanical Garden","PUF_BOT_08","23/08/2024","06/09/2024","Tydeidae_708320",32,0.0262725779967159
"f","Botanical Garden","PUF_BOT_08","23/08/2024","06/09/2024","Cecidomyiidae_33406",29,0.0238095238095238
"f","Botanical Garden","PUF_BOT_08","23/08/2024","06/09/2024","Pyralidae_7135",12,0.00985221674876847
"f","Botanical Garden","PUF_BOT_08","23/08/2024","06/09/2024","Ulidiidae_43848",7,0.00574712643678161
"f","Botanical Garden","PUF_BOT_08","23/08/2024","06/09/2024","Acrididae_7002",6,0.00492610837438424
"f","Botanical Garden","PUF_BOT_08","23/08/2024","06/09/2024","Limoniidae_43823",4,0.00328407224958949
"f","Botanical Garden","PUF_BOT_08","23/08/2024","06/09/2024","Hominidae_9604",3,0.00246305418719212
"f","Botanical Garden","PUF_BOT_08","23/08/2024","06/09/2024","Phylloxeridae_33384",2,0.00164203612479475
"f","Botanical Garden","PUF_BOT_09","06/09/2024","20/09/2024","Pentatomidae_160513",1113,0.754576271186441
"f","Botanical Garden","PUF_BOT_09","06/09/2024","20/09/2024",NA,185,0.125423728813559
"f","Botanical Garden","PUF_BOT_09","06/09/2024","20/09/2024","Pyralidae_7135",155,0.105084745762712
"f","Botanical Garden","PUF_BOT_09","06/09/2024","20/09/2024","Hominidae_9604",11,0.00745762711864407
"f","Botanical Garden","PUF_BOT_09","06/09/2024","20/09/2024","Eriophyidae_70320",5,0.00338983050847458
"f","Botanical Garden","PUF_BOT_09","06/09/2024","20/09/2024","Limoniidae_43823",4,0.00271186440677966
"f","Botanical Garden","PUF_BOT_09","06/09/2024","20/09/2024","Agriolimacidae_147582",2,0.00135593220338983
"f","Botanical Garden","PUF_BOT_10","20/09/2024","04/10/2024","Pentatomidae_160513",2761,0.716584479626265
"f","Botanical Garden","PUF_BOT_10","20/09/2024","04/10/2024",NA,684,0.177524007267065
"f","Botanical Garden","PUF_BOT_10","20/09/2024","04/10/2024","Bovidae_9895",327,0.0848689332987283
"f","Botanical Garden","PUF_BOT_10","20/09/2024","04/10/2024","Pyralidae_7135",81,0.0210225798079419
"f","Boucherville","PUF_BOU_01","27/05/2024","10/06/2024",NA,237,0.94047619047619
"f","Boucherville","PUF_BOU_01","27/05/2024","10/06/2024","Chironomidae_7149",6,0.0238095238095238
"f","Boucherville","PUF_BOU_01","27/05/2024","10/06/2024","Sciaridae_7184",3,0.0119047619047619
"f","Boucherville","PUF_BOU_01","27/05/2024","10/06/2024","Aphididae_27482",2,0.00793650793650794
"f","Boucherville","PUF_BOU_01","27/05/2024","10/06/2024","Hominidae_9604",2,0.00793650793650794
"f","Boucherville","PUF_BOU_01","27/05/2024","10/06/2024","Pentatomidae_160513",2,0.00793650793650794
"f","Boucherville","PUF_BOU_02","10/06/2024","24/06/2024","Bourletiellidae_187607",344,0.324528301886792
"f","Boucherville","PUF_BOU_02","10/06/2024","24/06/2024",NA,270,0.254716981132075
"f","Boucherville","PUF_BOU_02","10/06/2024","24/06/2024","Tipulidae_41042",238,0.224528301886792
"f","Boucherville","PUF_BOU_02","10/06/2024","24/06/2024","Acaridae_41442",76,0.0716981132075472
"f","Boucherville","PUF_BOU_02","10/06/2024","24/06/2024","Pentatomidae_160513",35,0.0330188679245283
"f","Boucherville","PUF_BOU_02","10/06/2024","24/06/2024","Hominidae_9604",34,0.0320754716981132
"f","Boucherville","PUF_BOU_02","10/06/2024","24/06/2024","Cantharidae_41097",24,0.0226415094339623
"f","Boucherville","PUF_BOU_02","10/06/2024","24/06/2024","Pyralidae_7135",21,0.019811320754717
"f","Boucherville","PUF_BOU_02","10/06/2024","24/06/2024","Eriophyidae_70320",9,0.00849056603773585
"f","Boucherville","PUF_BOU_02","10/06/2024","24/06/2024","Dipodidae_30648",8,0.00754716981132075
"f","Boucherville","PUF_BOU_02","10/06/2024","24/06/2024","Oribatulidae_1427652",1,0.000943396226415094
"f","Boucherville","PUF_BOU_03","24/06/2024","08/07/2024",NA,326,0.499234303215926
"f","Boucherville","PUF_BOU_03","24/06/2024","08/07/2024","Pentatomidae_160513",127,0.194486983154671
"f","Boucherville","PUF_BOU_03","24/06/2024","08/07/2024","Bourletiellidae_187607",83,0.127105666156202
"f","Boucherville","PUF_BOU_03","24/06/2024","08/07/2024","Bovidae_9895",57,0.0872894333843798
"f","Boucherville","PUF_BOU_03","24/06/2024","08/07/2024","Tydeidae_708320",22,0.0336906584992343
"f","Boucherville","PUF_BOU_03","24/06/2024","08/07/2024","Pyralidae_7135",17,0.0260336906584992
"f","Boucherville","PUF_BOU_03","24/06/2024","08/07/2024","Eriophyidae_70320",13,0.0199081163859112
"f","Boucherville","PUF_BOU_03","24/06/2024","08/07/2024","Acrididae_7002",8,0.0122511485451761
"f","Boucherville","PUF_BOU_04","08/07/2024","22/07/2024","Pentatomidae_160513",281,0.468333333333333
"f","Boucherville","PUF_BOU_04","08/07/2024","22/07/2024",NA,194,0.323333333333333
"f","Boucherville","PUF_BOU_04","08/07/2024","22/07/2024","Chironomidae_7149",46,0.0766666666666667
"f","Boucherville","PUF_BOU_04","08/07/2024","22/07/2024","Acrididae_7002",32,0.0533333333333333
"f","Boucherville","PUF_BOU_04","08/07/2024","22/07/2024","Pyralidae_7135",24,0.04
"f","Boucherville","PUF_BOU_04","08/07/2024","22/07/2024","Bourletiellidae_187607",8,0.0133333333333333
"f","Boucherville","PUF_BOU_04","08/07/2024","22/07/2024","Carabidae_41073",7,0.0116666666666667
"f","Boucherville","PUF_BOU_04","08/07/2024","22/07/2024","Hominidae_9604",4,0.00666666666666667
"f","Boucherville","PUF_BOU_04","08/07/2024","22/07/2024","Bovidae_9895",3,0.005
"f","Boucherville","PUF_BOU_04","08/07/2024","22/07/2024","Formicidae_36668",1,0.00166666666666667
"f","Boucherville","PUF_BOU_05","22/07/2024","05/08/2024","Pentatomidae_160513",1841,0.748678324522163
"f","Boucherville","PUF_BOU_05","22/07/2024","05/08/2024",NA,263,0.106954046360309
"f","Boucherville","PUF_BOU_05","22/07/2024","05/08/2024","Aphididae_27482",153,0.0622204148027653
"f","Boucherville","PUF_BOU_05","22/07/2024","05/08/2024","Scatopsidae_52749",37,0.0150467669784465
"f","Boucherville","PUF_BOU_05","22/07/2024","05/08/2024","Macronyssidae_224534",34,0.013826758845059
"f","Boucherville","PUF_BOU_05","22/07/2024","05/08/2024","Sciaridae_7184",34,0.013826758845059
"f","Boucherville","PUF_BOU_05","22/07/2024","05/08/2024","Cecidomyiidae_33406",31,0.0126067507116714
"f","Boucherville","PUF_BOU_05","22/07/2024","05/08/2024","Tydeidae_708320",23,0.00935339568930459
"f","Boucherville","PUF_BOU_05","22/07/2024","05/08/2024","Cantharidae_41097",19,0.00772671817812119
"f","Boucherville","PUF_BOU_05","22/07/2024","05/08/2024","Pyralidae_7135",17,0.00691337942252948
"f","Boucherville","PUF_BOU_05","22/07/2024","05/08/2024","Ichneumonidae_7408",7,0.00284668564457096
"f","Boucherville","PUF_BOU_06","05/08/2024","19/08/2024","Pentatomidae_160513",563,0.656177156177156
"f","Boucherville","PUF_BOU_06","05/08/2024","19/08/2024",NA,185,0.215617715617716
"f","Boucherville","PUF_BOU_06","05/08/2024","19/08/2024","Pyralidae_7135",37,0.0431235431235431
"f","Boucherville","PUF_BOU_06","05/08/2024","19/08/2024","Artemiidae_38009",30,0.034965034965035
"f","Boucherville","PUF_BOU_06","05/08/2024","19/08/2024","Coenagrionidae_70895",18,0.020979020979021
"f","Boucherville","PUF_BOU_06","05/08/2024","19/08/2024","Eriophyidae_70320",12,0.013986013986014
"f","Boucherville","PUF_BOU_06","05/08/2024","19/08/2024","Chironomidae_7149",8,0.00932400932400932
"f","Boucherville","PUF_BOU_06","05/08/2024","19/08/2024","Bourletiellidae_187607",5,0.00582750582750583
"f","Boucherville","PUF_BOU_07","19/08/2024","02/09/2024",NA,120,0.368098159509202
"f","Boucherville","PUF_BOU_07","19/08/2024","02/09/2024","Pentatomidae_160513",92,0.282208588957055
"f","Boucherville","PUF_BOU_07","19/08/2024","02/09/2024","Bovidae_9895",60,0.184049079754601
"f","Boucherville","PUF_BOU_07","19/08/2024","02/09/2024","Bourletiellidae_187607",53,0.162576687116564
"f","Boucherville","PUF_BOU_07","19/08/2024","02/09/2024","Miridae_30083",1,0.00306748466257669
"f","Boucherville","PUF_BOU_08","02/09/2024","16/09/2024","Pentatomidae_160513",1701,0.758021390374332
"f","Boucherville","PUF_BOU_08","02/09/2024","16/09/2024",NA,440,0.196078431372549
"f","Boucherville","PUF_BOU_08","02/09/2024","16/09/2024","Dipodidae_30648",32,0.0142602495543672
"f","Boucherville","PUF_BOU_08","02/09/2024","16/09/2024","Pyralidae_7135",22,0.00980392156862745
"f","Boucherville","PUF_BOU_08","02/09/2024","16/09/2024","Braconidae_7402",19,0.00846702317290553
"f","Boucherville","PUF_BOU_08","02/09/2024","16/09/2024","Chironomidae_7149",17,0.00757575757575758
"f","Boucherville","PUF_BOU_08","02/09/2024","16/09/2024","Psychodidae_7197",13,0.00579322638146168
"f","Boucherville","PUF_BOU_09","16/09/2024","30/09/2024","Pentatomidae_160513",1259,0.694812362030905
"f","Boucherville","PUF_BOU_09","16/09/2024","30/09/2024",NA,298,0.164459161147903
"f","Boucherville","PUF_BOU_09","16/09/2024","30/09/2024","Eriophyidae_70320",115,0.0634657836644592
"f","Boucherville","PUF_BOU_09","16/09/2024","30/09/2024","Hominidae_9604",68,0.0375275938189845
"f","Boucherville","PUF_BOU_09","16/09/2024","30/09/2024","Dipodidae_30648",21,0.0115894039735099
"f","Boucherville","PUF_BOU_09","16/09/2024","30/09/2024","Carabidae_41073",19,0.010485651214128
"f","Boucherville","PUF_BOU_09","16/09/2024","30/09/2024","Pyralidae_7135",17,0.00938189845474614
"f","Boucherville","PUF_BOU_09","16/09/2024","30/09/2024","Agriolimacidae_147582",10,0.00551876379690949
"f","Boucherville","PUF_BOU_09","16/09/2024","30/09/2024","Tarsonemidae_133229",5,0.00275938189845475
"f","IPEX","PUF_IPEX_01","15/05/2024","29/05/2024","Pentatomidae_160513",48,0.428571428571429
"f","IPEX","PUF_IPEX_01","15/05/2024","29/05/2024",NA,32,0.285714285714286
"f","IPEX","PUF_IPEX_01","15/05/2024","29/05/2024","Bovidae_9895",21,0.1875
"f","IPEX","PUF_IPEX_01","15/05/2024","29/05/2024","Hominidae_9604",7,0.0625
"f","IPEX","PUF_IPEX_01","15/05/2024","29/05/2024","Diptilomiopidae_1336387",3,0.0267857142857143
"f","IPEX","PUF_IPEX_01","15/05/2024","29/05/2024","Pyralidae_7135",1,0.00892857142857143
"f","IPEX","PUF_IPEX_02","29/05/2024","12/06/2024",NA,1284,0.707438016528926
"f","IPEX","PUF_IPEX_02","29/05/2024","12/06/2024","Eriophyidae_70320",149,0.0820936639118457
"f","IPEX","PUF_IPEX_02","29/05/2024","12/06/2024","Pentatomidae_160513",144,0.0793388429752066
"f","IPEX","PUF_IPEX_02","29/05/2024","12/06/2024","Cecidomyiidae_33406",76,0.0418732782369146
"f","IPEX","PUF_IPEX_02","29/05/2024","12/06/2024","Chironomidae_7149",67,0.0369146005509642
"f","IPEX","PUF_IPEX_02","29/05/2024","12/06/2024","Aphididae_27482",23,0.0126721763085399
"f","IPEX","PUF_IPEX_02","29/05/2024","12/06/2024","Triophtydeidae_2461247",18,0.00991735537190083
"f","IPEX","PUF_IPEX_02","29/05/2024","12/06/2024","Pyralidae_7135",17,0.009366391184573
"f","IPEX","PUF_IPEX_02","29/05/2024","12/06/2024","Coccinellidae_7080",14,0.00771349862258953
"f","IPEX","PUF_IPEX_02","29/05/2024","12/06/2024","Cantharidae_41097",9,0.00495867768595041
"f","IPEX","PUF_IPEX_02","29/05/2024","12/06/2024","Bourletiellidae_187607",7,0.00385674931129477
"f","IPEX","PUF_IPEX_02","29/05/2024","12/06/2024","Hominidae_9604",7,0.00385674931129477
"f","IPEX","PUF_IPEX_03","12/06/2024","26/06/2024","Araneidae_6913",9871,0.871919441745429
"f","IPEX","PUF_IPEX_03","12/06/2024","26/06/2024",NA,1027,0.0907163678120307
"f","IPEX","PUF_IPEX_03","12/06/2024","26/06/2024","Pentatomidae_160513",174,0.0153696669905485
"f","IPEX","PUF_IPEX_03","12/06/2024","26/06/2024","Pyralidae_7135",73,0.00644819362247151
"f","IPEX","PUF_IPEX_03","12/06/2024","26/06/2024","Bovidae_9895",52,0.00459323381326738
"f","IPEX","PUF_IPEX_03","12/06/2024","26/06/2024","Eriophyidae_70320",46,0.00406324529635191
"f","IPEX","PUF_IPEX_03","12/06/2024","26/06/2024","Gerridae_36161",24,0.00211995406766187
"f","IPEX","PUF_IPEX_03","12/06/2024","26/06/2024","Miridae_30083",15,0.00132497129228867
"f","IPEX","PUF_IPEX_03","12/06/2024","26/06/2024","Carabidae_41073",13,0.00114830845331684
"f","IPEX","PUF_IPEX_03","12/06/2024","26/06/2024","Macrotrichidae_77757",12,0.00105997703383093
"f","IPEX","PUF_IPEX_03","12/06/2024","26/06/2024","Hominidae_9604",8,0.000706651355887289
"f","IPEX","PUF_IPEX_03","12/06/2024","26/06/2024","Ceratopogonidae_41819",6,0.000529988516915467
"f","IPEX","PUF_IPEX_04","26/06/2024","10/07/2024","Pentatomidae_160513",993,0.490612648221344
"f","IPEX","PUF_IPEX_04","26/06/2024","10/07/2024",NA,512,0.25296442687747
"f","IPEX","PUF_IPEX_04","26/06/2024","10/07/2024","Eriophyidae_70320",142,0.0701581027667984
"f","IPEX","PUF_IPEX_04","26/06/2024","10/07/2024","Tydeidae_708320",116,0.0573122529644269
"f","IPEX","PUF_IPEX_04","26/06/2024","10/07/2024","Pyralidae_7135",72,0.0355731225296443
"f","IPEX","PUF_IPEX_04","26/06/2024","10/07/2024","Crambidae_268499",66,0.0326086956521739
"f","IPEX","PUF_IPEX_04","26/06/2024","10/07/2024","Bovidae_9895",48,0.0237154150197628
"f","IPEX","PUF_IPEX_04","26/06/2024","10/07/2024","Acaridae_41442",27,0.0133399209486166
"f","IPEX","PUF_IPEX_04","26/06/2024","10/07/2024","Dipodidae_30648",22,0.0108695652173913
"f","IPEX","PUF_IPEX_04","26/06/2024","10/07/2024","Ichneumonidae_7408",17,0.00839920948616601
"f","IPEX","PUF_IPEX_04","26/06/2024","10/07/2024","Hominidae_9604",9,0.00444664031620553
"f","IPEX","PUF_IPEX_05","10/07/2024","24/07/2024","Pentatomidae_160513",3837,0.653106382978723
"f","IPEX","PUF_IPEX_05","10/07/2024","24/07/2024","Pygmephoridae_1253854",996,0.169531914893617
"f","IPEX","PUF_IPEX_05","10/07/2024","24/07/2024",NA,684,0.116425531914894
"f","IPEX","PUF_IPEX_05","10/07/2024","24/07/2024","Bourletiellidae_187607",127,0.0216170212765957
"f","IPEX","PUF_IPEX_05","10/07/2024","24/07/2024","Eriophyidae_70320",69,0.0117446808510638
"f","IPEX","PUF_IPEX_05","10/07/2024","24/07/2024","Hominidae_9604",49,0.00834042553191489
"f","IPEX","PUF_IPEX_05","10/07/2024","24/07/2024","Leptoceridae_50642",27,0.00459574468085106
"f","IPEX","PUF_IPEX_05","10/07/2024","24/07/2024","Miridae_30083",23,0.00391489361702128
"f","IPEX","PUF_IPEX_05","10/07/2024","24/07/2024","Aeshnidae_50509",13,0.00221276595744681
"f","IPEX","PUF_IPEX_05","10/07/2024","24/07/2024","Formicidae_36668",12,0.00204255319148936
"f","IPEX","PUF_IPEX_05","10/07/2024","24/07/2024","Helicidae_6533",12,0.00204255319148936
"f","IPEX","PUF_IPEX_05","10/07/2024","24/07/2024","Pyralidae_7135",10,0.00170212765957447
"f","IPEX","PUF_IPEX_05","10/07/2024","24/07/2024","Artemiidae_38009",8,0.00136170212765957
"f","IPEX","PUF_IPEX_05","10/07/2024","24/07/2024","Tydeidae_708320",8,0.00136170212765957
"f","IPEX","PUF_IPEX_06","24/07/2024","07/08/2024","Pentatomidae_160513",823,0.761332099907493
"f","IPEX","PUF_IPEX_06","24/07/2024","07/08/2024",NA,227,0.209990749306198
"f","IPEX","PUF_IPEX_06","24/07/2024","07/08/2024","Pyralidae_7135",18,0.0166512488436633
"f","IPEX","PUF_IPEX_06","24/07/2024","07/08/2024","Miridae_30083",6,0.00555041628122109
"f","IPEX","PUF_IPEX_06","24/07/2024","07/08/2024","Hominidae_9604",4,0.00370027752081406
"f","IPEX","PUF_IPEX_06","24/07/2024","07/08/2024","Dipodidae_30648",3,0.00277520814061055
"f","IPEX","PUF_IPEX_07","07/08/2024","21/08/2024","Pentatomidae_160513",1072,0.603943661971831
"f","IPEX","PUF_IPEX_07","07/08/2024","21/08/2024",NA,613,0.345352112676056
"f","IPEX","PUF_IPEX_07","07/08/2024","21/08/2024","Pyralidae_7135",53,0.0298591549295775
"f","IPEX","PUF_IPEX_07","07/08/2024","21/08/2024","Ichneumonidae_7408",13,0.00732394366197183
"f","IPEX","PUF_IPEX_07","07/08/2024","21/08/2024","Dipodidae_30648",10,0.00563380281690141
"f","IPEX","PUF_IPEX_07","07/08/2024","21/08/2024","Ephydridae_48991",9,0.00507042253521127
"f","IPEX","PUF_IPEX_07","07/08/2024","21/08/2024","Hominidae_9604",5,0.0028169014084507
"f","IPEX","PUF_IPEX_08","21/08/2024","04/09/2024","Pentatomidae_160513",1493,0.629426644182125
"f","IPEX","PUF_IPEX_08","21/08/2024","04/09/2024",NA,734,0.309443507588533
"f","IPEX","PUF_IPEX_08","21/08/2024","04/09/2024","Bovidae_9895",70,0.0295109612141653
"f","IPEX","PUF_IPEX_08","21/08/2024","04/09/2024","Cecidomyiidae_33406",39,0.0164418212478921
"f","IPEX","PUF_IPEX_08","21/08/2024","04/09/2024","Chironomidae_7149",19,0.00801011804384486
"f","IPEX","PUF_IPEX_08","21/08/2024","04/09/2024","Hominidae_9604",17,0.00716694772344013
"f","IPEX","PUF_IPEX_09","04/09/2024","18/09/2024","Pentatomidae_160513",969,0.802152317880795
"f","IPEX","PUF_IPEX_09","04/09/2024","18/09/2024",NA,185,0.153145695364238
"f","IPEX","PUF_IPEX_09","04/09/2024","18/09/2024","Pyralidae_7135",36,0.0298013245033113
"f","IPEX","PUF_IPEX_09","04/09/2024","18/09/2024","Aphididae_27482",11,0.00910596026490066
"f","IPEX","PUF_IPEX_09","04/09/2024","18/09/2024","Anoeciidae_133074",7,0.00579470198675497
"f","IPEX","PUF_IPEX_10","18/09/2024","02/10/2024","Pentatomidae_160513",2696,0.61286656058195
"f","IPEX","PUF_IPEX_10","18/09/2024","02/10/2024",NA,806,0.183223459877245
"f","IPEX","PUF_IPEX_10","18/09/2024","02/10/2024","Liposcelididae_2545764",574,0.130484200954762
"f","IPEX","PUF_IPEX_10","18/09/2024","02/10/2024","Pyralidae_7135",161,0.0365992270970675
"f","IPEX","PUF_IPEX_10","18/09/2024","02/10/2024","Chironomidae_7149",83,0.0188679245283019
"f","IPEX","PUF_IPEX_10","18/09/2024","02/10/2024","Noctuidae_7100",23,0.00522846101386679
"f","IPEX","PUF_IPEX_10","18/09/2024","02/10/2024","Formicidae_36668",20,0.00454648783814503
"f","IPEX","PUF_IPEX_10","18/09/2024","02/10/2024","Julidae_41449",17,0.00386451466242328
"f","IPEX","PUF_IPEX_10","18/09/2024","02/10/2024","Aphididae_27482",12,0.00272789270288702
"f","IPEX","PUF_IPEX_10","18/09/2024","02/10/2024","Eriophyidae_70320",7,0.00159127074335076
"f","Jean-Drapeau","PUF_JD_01","22/05/2024","05/06/2024","Erebidae_695564",6071,0.681675275095441
"f","Jean-Drapeau","PUF_JD_01","22/05/2024","05/06/2024","Anystidae_92248",1435,0.161127329889962
"f","Jean-Drapeau","PUF_JD_01","22/05/2024","05/06/2024",NA,850,0.0954412755445767
"f","Jean-Drapeau","PUF_JD_01","22/05/2024","05/06/2024","Blattisociidae_1251892",114,0.0128003593083315
"f","Jean-Drapeau","PUF_JD_01","22/05/2024","05/06/2024","Chironomidae_7149",105,0.0117898046260948
"f","Jean-Drapeau","PUF_JD_01","22/05/2024","05/06/2024","Tetragnathidae_27394",76,0.00853357287222097
"f","Jean-Drapeau","PUF_JD_01","22/05/2024","05/06/2024","Pentatomidae_160513",57,0.00640017965416573
"f","Jean-Drapeau","PUF_JD_01","22/05/2024","05/06/2024","Eriophyidae_70320",45,0.00505277341118347
"f","Jean-Drapeau","PUF_JD_01","22/05/2024","05/06/2024","Formicidae_36668",34,0.00381765102178307
"f","Jean-Drapeau","PUF_JD_01","22/05/2024","05/06/2024","Tydeidae_708320",32,0.00359308331461936
"f","Jean-Drapeau","PUF_JD_01","22/05/2024","05/06/2024","Pyralidae_7135",24,0.00269481248596452
"f","Jean-Drapeau","PUF_JD_01","22/05/2024","05/06/2024","Aphididae_27482",16,0.00179654165730968
"f","Jean-Drapeau","PUF_JD_01","22/05/2024","05/06/2024","Heptageniidae_178295",13,0.00145969009656411
"f","Jean-Drapeau","PUF_JD_01","22/05/2024","05/06/2024","Hominidae_9604",13,0.00145969009656411
"f","Jean-Drapeau","PUF_JD_01","22/05/2024","05/06/2024","Miridae_30083",11,0.0012351223894004
"f","Jean-Drapeau","PUF_JD_01","22/05/2024","05/06/2024","Demodicidae_188543",7,0.000785986975072985
"f","Jean-Drapeau","PUF_JD_01","22/05/2024","05/06/2024","Curculionidae_7042",3,0.000336851560745565
"f","Jean-Drapeau","PUF_JD_02","05/06/2024","19/06/2024","Blastobasidae_173649",13484,0.945913714486145
"f","Jean-Drapeau","PUF_JD_02","05/06/2024","19/06/2024",NA,290,0.0203437390389337
"f","Jean-Drapeau","PUF_JD_02","05/06/2024","19/06/2024","Noctuidae_7100",183,0.0128376008418099
"f","Jean-Drapeau","PUF_JD_02","05/06/2024","19/06/2024","Hydroptilidae_57995",94,0.00659417748158541
"f","Jean-Drapeau","PUF_JD_02","05/06/2024","19/06/2024","Hydropsychidae_41030",46,0.00322693791652052
"f","Jean-Drapeau","PUF_JD_02","05/06/2024","19/06/2024","Tetragnathidae_27394",28,0.00196422307962119
"f","Jean-Drapeau","PUF_JD_02","05/06/2024","19/06/2024","Chironomidae_7149",25,0.00175377060680463
"f","Jean-Drapeau","PUF_JD_02","05/06/2024","19/06/2024","Pyralidae_7135",18,0.00126271483689933
"f","Jean-Drapeau","PUF_JD_02","05/06/2024","19/06/2024","Eriophyidae_70320",14,0.000982111539810593
"f","Jean-Drapeau","PUF_JD_02","05/06/2024","19/06/2024","Philodromidae_243501",13,0.000911960715538408
"f","Jean-Drapeau","PUF_JD_02","05/06/2024","19/06/2024","Tydeidae_708320",11,0.000771659066994037
"f","Jean-Drapeau","PUF_JD_02","05/06/2024","19/06/2024","Icteridae_164646",10,0.000701508242721852
"f","Jean-Drapeau","PUF_JD_02","05/06/2024","19/06/2024","Trichoniscidae_33328",9,0.000631357418449667
"f","Jean-Drapeau","PUF_JD_02","05/06/2024","19/06/2024","Bourletiellidae_187607",7,0.000491055769905296
"f","Jean-Drapeau","PUF_JD_02","05/06/2024","19/06/2024","Acrididae_7002",5,0.000350754121360926
"f","Jean-Drapeau","PUF_JD_02","05/06/2024","19/06/2024","Araneidae_6913",5,0.000350754121360926
"f","Jean-Drapeau","PUF_JD_02","05/06/2024","19/06/2024","Julidae_41449",5,0.000350754121360926
"f","Jean-Drapeau","PUF_JD_02","05/06/2024","19/06/2024","Hominidae_9604",4,0.000280603297088741
"f","Jean-Drapeau","PUF_JD_02","05/06/2024","19/06/2024","Pentatomidae_160513",4,0.000280603297088741
"f","Jean-Drapeau","PUF_JD_03","19/06/2024","03/07/2024",NA,302,0.289549376797699
"f","Jean-Drapeau","PUF_JD_03","19/06/2024","03/07/2024","Miridae_30083",163,0.156279961649089
"f","Jean-Drapeau","PUF_JD_03","19/06/2024","03/07/2024","Pentatomidae_160513",163,0.156279961649089
"f","Jean-Drapeau","PUF_JD_03","19/06/2024","03/07/2024","Hominidae_9604",100,0.0958772770853308
"f","Jean-Drapeau","PUF_JD_03","19/06/2024","03/07/2024","Chloropidae_29032",93,0.0891658676893576
"f","Jean-Drapeau","PUF_JD_03","19/06/2024","03/07/2024","Pyralidae_7135",60,0.0575263662511985
"f","Jean-Drapeau","PUF_JD_03","19/06/2024","03/07/2024","Chrysopidae_7520",31,0.0297219558964525
"f","Jean-Drapeau","PUF_JD_03","19/06/2024","03/07/2024","Chironomidae_7149",29,0.0278044103547459
"f","Jean-Drapeau","PUF_JD_03","19/06/2024","03/07/2024","Pterophoridae_186111",24,0.0230105465004794
"f","Jean-Drapeau","PUF_JD_03","19/06/2024","03/07/2024","Delphacidae_33362",21,0.0201342281879195
"f","Jean-Drapeau","PUF_JD_03","19/06/2024","03/07/2024","Eriophyidae_70320",18,0.0172579098753595
"f","Jean-Drapeau","PUF_JD_03","19/06/2024","03/07/2024","Pygmephoridae_1253854",12,0.0115052732502397
"f","Jean-Drapeau","PUF_JD_03","19/06/2024","03/07/2024","Formicidae_36668",11,0.0105465004793864
"f","Jean-Drapeau","PUF_JD_03","19/06/2024","03/07/2024","Sciaridae_7184",8,0.00767018216682646
"f","Jean-Drapeau","PUF_JD_03","19/06/2024","03/07/2024","Tydeidae_708320",8,0.00767018216682646
"f","Jean-Drapeau","PUF_JD_04","03/07/2024","17/07/2024","Pentatomidae_160513",996,0.603270745003028
"f","Jean-Drapeau","PUF_JD_04","03/07/2024","17/07/2024","Bovidae_9895",217,0.131435493640218
"f","Jean-Drapeau","PUF_JD_04","03/07/2024","17/07/2024","Tetragnathidae_27394",153,0.0926711084191399
"f","Jean-Drapeau","PUF_JD_04","03/07/2024","17/07/2024","Pyralidae_7135",149,0.0902483343428225
"f","Jean-Drapeau","PUF_JD_04","03/07/2024","17/07/2024",NA,124,0.0751059963658389
"f","Jean-Drapeau","PUF_JD_04","03/07/2024","17/07/2024","Hominidae_9604",7,0.00423985463355542
"f","Jean-Drapeau","PUF_JD_04","03/07/2024","17/07/2024","Carabidae_41073",5,0.00302846759539673
"f","Jean-Drapeau","PUF_JD_05","17/07/2024","31/07/2024","Tetragnathidae_27394",1700,0.403704583234386
"f","Jean-Drapeau","PUF_JD_05","17/07/2024","31/07/2024","Pentatomidae_160513",675,0.160294466872477
"f","Jean-Drapeau","PUF_JD_05","17/07/2024","31/07/2024",NA,480,0.11398717644265
"f","Jean-Drapeau","PUF_JD_05","17/07/2024","31/07/2024","Aphididae_27482",477,0.113274756589884
"f","Jean-Drapeau","PUF_JD_05","17/07/2024","31/07/2024","Pyralidae_7135",297,0.0705295654238898
"f","Jean-Drapeau","PUF_JD_05","17/07/2024","31/07/2024","Chironomidae_7149",258,0.0612681073379245
"f","Jean-Drapeau","PUF_JD_05","17/07/2024","31/07/2024","Eriophyidae_70320",129,0.0306340536689622
"f","Jean-Drapeau","PUF_JD_05","17/07/2024","31/07/2024","Artemiidae_38009",45,0.0106862977914985
"f","Jean-Drapeau","PUF_JD_05","17/07/2024","31/07/2024","Bovidae_9895",45,0.0106862977914985
"f","Jean-Drapeau","PUF_JD_05","17/07/2024","31/07/2024","Latridiidae_196999",38,0.00902398480170981
"f","Jean-Drapeau","PUF_JD_05","17/07/2024","31/07/2024","Cicadellidae_30102",37,0.00878651151745429
"f","Jean-Drapeau","PUF_JD_05","17/07/2024","31/07/2024","Hominidae_9604",11,0.00261220612681073
"f","Jean-Drapeau","PUF_JD_05","17/07/2024","31/07/2024","Ceratopogonidae_41819",9,0.00213725955829969
"f","Jean-Drapeau","PUF_JD_05","17/07/2024","31/07/2024","Theridiidae_34643",7,0.00166231298978865
"f","Jean-Drapeau","PUF_JD_05","17/07/2024","31/07/2024","Araneidae_6913",3,0.000712419852766564
"f","Jean-Drapeau","PUF_JD_06","31/07/2024","14/08/2024","Pentatomidae_160513",3499,0.874094429178116
"f","Jean-Drapeau","PUF_JD_06","31/07/2024","14/08/2024",NA,224,0.0559580314763927
"f","Jean-Drapeau","PUF_JD_06","31/07/2024","14/08/2024","Tetragnathidae_27394",119,0.0297277042218336
"f","Jean-Drapeau","PUF_JD_06","31/07/2024","14/08/2024","Chironomidae_7149",89,0.0222333250062453
"f","Jean-Drapeau","PUF_JD_06","31/07/2024","14/08/2024","Pyralidae_7135",38,0.00949288033974519
"f","Jean-Drapeau","PUF_JD_06","31/07/2024","14/08/2024","Tydeidae_708320",11,0.00274793904571571
"f","Jean-Drapeau","PUF_JD_06","31/07/2024","14/08/2024","Formicidae_36668",10,0.0024981264051961
"f","Jean-Drapeau","PUF_JD_06","31/07/2024","14/08/2024","Gryllidae_6995",5,0.00124906320259805
"f","Jean-Drapeau","PUF_JD_06","31/07/2024","14/08/2024","Hydroptilidae_57995",5,0.00124906320259805
"f","Jean-Drapeau","PUF_JD_06","31/07/2024","14/08/2024","Corinnidae_243491",3,0.000749437921558831
"f","Jean-Drapeau","PUF_JD_07","14/08/2024","28/08/2024","Pentatomidae_160513",2271,0.49509483322433
"f","Jean-Drapeau","PUF_JD_07","14/08/2024","28/08/2024","Coccinellidae_7080",867,0.189012426422498
"f","Jean-Drapeau","PUF_JD_07","14/08/2024","28/08/2024","Hydropsychidae_41030",592,0.129060388053194
"f","Jean-Drapeau","PUF_JD_07","14/08/2024","28/08/2024",NA,511,0.11140178766078
"f","Jean-Drapeau","PUF_JD_07","14/08/2024","28/08/2024","Eriophyidae_70320",95,0.0207107041639416
"f","Jean-Drapeau","PUF_JD_07","14/08/2024","28/08/2024","Miridae_30083",79,0.0172225855679093
"f","Jean-Drapeau","PUF_JD_07","14/08/2024","28/08/2024","Araneidae_6913",53,0.0115543928493569
"f","Jean-Drapeau","PUF_JD_07","14/08/2024","28/08/2024","Pyralidae_7135",53,0.0115543928493569
"f","Jean-Drapeau","PUF_JD_07","14/08/2024","28/08/2024","Formicidae_36668",25,0.00545018530630041
"f","Jean-Drapeau","PUF_JD_07","14/08/2024","28/08/2024","Bourletiellidae_187607",23,0.00501417048179638
"f","Jean-Drapeau","PUF_JD_07","14/08/2024","28/08/2024","Hominidae_9604",9,0.00196206671026815
"f","Jean-Drapeau","PUF_JD_07","14/08/2024","28/08/2024","Tetragnathidae_27394",9,0.00196206671026815
"f","Jean-Drapeau","PUF_JD_08","28/08/2024","11/09/2024","Tetragnathidae_27394",8581,0.981807780320366
"f","Jean-Drapeau","PUF_JD_08","28/08/2024","11/09/2024","Pentatomidae_160513",95,0.0108695652173913
"f","Jean-Drapeau","PUF_JD_08","28/08/2024","11/09/2024",NA,29,0.00331807780320366
"f","Jean-Drapeau","PUF_JD_08","28/08/2024","11/09/2024","Cicadellidae_30102",20,0.0022883295194508
"f","Jean-Drapeau","PUF_JD_08","28/08/2024","11/09/2024","Eriophyidae_70320",6,0.00068649885583524
"f","Jean-Drapeau","PUF_JD_08","28/08/2024","11/09/2024","Pyralidae_7135",6,0.00068649885583524
"f","Jean-Drapeau","PUF_JD_08","28/08/2024","11/09/2024","Chironomidae_7149",3,0.00034324942791762
"f","Jean-Drapeau","PUF_JD_09","11/09/2024","25/09/2024","Pentatomidae_160513",670,0.551440329218107
"f","Jean-Drapeau","PUF_JD_09","11/09/2024","25/09/2024","Pyralidae_7135",227,0.186831275720165
"f","Jean-Drapeau","PUF_JD_09","11/09/2024","25/09/2024",NA,179,0.147325102880658
"f","Jean-Drapeau","PUF_JD_09","11/09/2024","25/09/2024","Myrmeleontidae_27427",69,0.0567901234567901
"f","Jean-Drapeau","PUF_JD_09","11/09/2024","25/09/2024","Sciaridae_7184",24,0.0197530864197531
"f","Jean-Drapeau","PUF_JD_09","11/09/2024","25/09/2024","Tetragnathidae_27394",20,0.0164609053497942
"f","Jean-Drapeau","PUF_JD_09","11/09/2024","25/09/2024","Sarcophagidae_7381",10,0.00823045267489712
"f","Jean-Drapeau","PUF_JD_09","11/09/2024","25/09/2024","Suidae_9821",9,0.00740740740740741
"f","Jean-Drapeau","PUF_JD_09","11/09/2024","25/09/2024","Formicidae_36668",3,0.00246913580246914
"f","Jean-Drapeau","PUF_JD_09","11/09/2024","25/09/2024","Acaridae_41442",2,0.00164609053497942
"f","Jean-Drapeau","PUF_JD_09","11/09/2024","25/09/2024","Hominidae_9604",2,0.00164609053497942
"f","Jean-Drapeau","PUF_JD_10","25/09/2024","09/10/2024","Aphididae_27482",6147,0.706470520629813
"f","Jean-Drapeau","PUF_JD_10","25/09/2024","09/10/2024","Pentatomidae_160513",1552,0.178370302264108
"f","Jean-Drapeau","PUF_JD_10","25/09/2024","09/10/2024","Chironomidae_7149",243,0.0279278243880014
"f","Jean-Drapeau","PUF_JD_10","25/09/2024","09/10/2024",NA,230,0.0264337432479025
"f","Jean-Drapeau","PUF_JD_10","25/09/2024","09/10/2024","Tetragnathidae_27394",215,0.0247098034708654
"f","Jean-Drapeau","PUF_JD_10","25/09/2024","09/10/2024","Pyralidae_7135",96,0.0110332145730376
"f","Jean-Drapeau","PUF_JD_10","25/09/2024","09/10/2024","Bovidae_9895",67,0.00770026433743248
"f","Jean-Drapeau","PUF_JD_10","25/09/2024","09/10/2024","Araneidae_6913",46,0.00528674864958051
"f","Jean-Drapeau","PUF_JD_10","25/09/2024","09/10/2024","Hydropsychidae_41030",34,0.00390759682795081
"f","Jean-Drapeau","PUF_JD_10","25/09/2024","09/10/2024","Eriophyidae_70320",23,0.00264337432479025
"f","Jean-Drapeau","PUF_JD_10","25/09/2024","09/10/2024","Forficulidae_27437",23,0.00264337432479025
"f","Jean-Drapeau","PUF_JD_10","25/09/2024","09/10/2024","Phytoseiidae_34636",13,0.00149408114009884
"f","Jean-Drapeau","PUF_JD_10","25/09/2024","09/10/2024","Noctuidae_7100",12,0.0013791518216297
"f",NA,NA,NA,NA,"Nymphalidae_33415",29290,0.969546507778881
"f",NA,NA,NA,NA,"Entomobryidae_48704",356,0.0117841774246938
"f",NA,NA,NA,NA,"Papilionidae_7143",305,0.0100959947037405
"f",NA,NA,NA,NA,"Hymenopodidae_119670",76,0.00251572327044025
"f",NA,NA,NA,NA,"Acaridae_41442",62,0.00205230056272757
"f",NA,NA,NA,NA,"Eupodidae_393868",48,0.0015888778550149
"f",NA,NA,NA,NA,NA,30,0.00099304865938431
"f",NA,NA,NA,NA,"Hominidae_9604",17,0.000562727573651109
"f",NA,NA,NA,NA,"Phoridae_36164",12,0.000397219463753724
"f",NA,NA,NA,NA,"Stratiomyidae_34687",11,0.000364117841774247
"f",NA,NA,NA,NA,"Pentatomidae_160513",3,9.9304865938431e-05
"g","Bird Observatory","PUF_MBO_01","20/05/2024","03/06/2024",NA,1086,0.469926438771095
"g","Bird Observatory","PUF_MBO_01","20/05/2024","03/06/2024","Tydeus_1670773",216,0.0934660320207702
"g","Bird Observatory","PUF_MBO_01","20/05/2024","03/06/2024","Abacarus_644136",199,0.0861099091302466
"g","Bird Observatory","PUF_MBO_01","20/05/2024","03/06/2024","Limnophyes_190098",141,0.061012548680225
"g","Bird Observatory","PUF_MBO_01","20/05/2024","03/06/2024","Glypsus_-21471",128,0.0553872782345305
"g","Bird Observatory","PUF_MBO_01","20/05/2024","03/06/2024","Aculodes_644138",120,0.0519255733448723
"g","Bird Observatory","PUF_MBO_01","20/05/2024","03/06/2024","Megaselia_36165",72,0.0311553440069234
"g","Bird Observatory","PUF_MBO_01","20/05/2024","03/06/2024","Labidomera_131651",67,0.0289917784508871
"g","Bird Observatory","PUF_MBO_01","20/05/2024","03/06/2024","Aprionus_1819779",66,0.0285590653396798
"g","Bird Observatory","PUF_MBO_01","20/05/2024","03/06/2024","Aculus_644140",60,0.0259627866724362
"g","Bird Observatory","PUF_MBO_01","20/05/2024","03/06/2024","Bos_9903",45,0.0194720900043271
"g","Bird Observatory","PUF_MBO_01","20/05/2024","03/06/2024","Liebstadia_229865",31,0.0134141064474254
"g","Bird Observatory","PUF_MBO_01","20/05/2024","03/06/2024","Erythroneura_38083",28,0.0121159671138035
"g","Bird Observatory","PUF_MBO_01","20/05/2024","03/06/2024","Pionidia_2613197",21,0.00908697533535266
"g","Bird Observatory","PUF_MBO_01","20/05/2024","03/06/2024","Homo_9605",14,0.00605798355690177
"g","Bird Observatory","PUF_MBO_01","20/05/2024","03/06/2024","Hydropsyche_50443",7,0.00302899177845089
"g","Bird Observatory","PUF_MBO_01","20/05/2024","03/06/2024","Chironomus_7150",5,0.00216356555603635
"g","Bird Observatory","PUF_MBO_01","20/05/2024","03/06/2024","Philaenus_30087",5,0.00216356555603635
"g","Bird Observatory","PUF_MBO_02","03/06/2024","17/06/2024","Xestia_320016",8006,0.520207927225471
"g","Bird Observatory","PUF_MBO_02","03/06/2024","17/06/2024","Allothrombium_92077",7029,0.45672514619883
"g","Bird Observatory","PUF_MBO_02","03/06/2024","17/06/2024",NA,289,0.0187784275503574
"g","Bird Observatory","PUF_MBO_02","03/06/2024","17/06/2024","Glypsus_-21471",50,0.0032488628979857
"g","Bird Observatory","PUF_MBO_02","03/06/2024","17/06/2024","Nanocladius_611365",16,0.00103963612735543
"g","Bird Observatory","PUF_MBO_03","17/06/2024","01/07/2024","Glypsus_-21471",305,0.408299866131191
"g","Bird Observatory","PUF_MBO_03","17/06/2024","01/07/2024",NA,181,0.242302543507363
"g","Bird Observatory","PUF_MBO_03","17/06/2024","01/07/2024","Philodromus_336567",139,0.186077643908969
"g","Bird Observatory","PUF_MBO_03","17/06/2024","01/07/2024","Typhlodromips_756256",47,0.0629183400267738
"g","Bird Observatory","PUF_MBO_03","17/06/2024","01/07/2024","Pionidia_2613197",27,0.036144578313253
"g","Bird Observatory","PUF_MBO_03","17/06/2024","01/07/2024","Abacarus_644136",18,0.0240963855421687
"g","Bird Observatory","PUF_MBO_03","17/06/2024","01/07/2024","Homo_9605",12,0.0160642570281124
"g","Bird Observatory","PUF_MBO_03","17/06/2024","01/07/2024","Neoseiulus_84381",9,0.0120481927710843
"g","Bird Observatory","PUF_MBO_03","17/06/2024","01/07/2024","Lemnaphila_3070946",5,0.00669344042838019
"g","Bird Observatory","PUF_MBO_03","17/06/2024","01/07/2024","Aculodes_644138",4,0.00535475234270415
"g","Bird Observatory","PUF_MBO_04","01/07/2024","15/07/2024","Glypsus_-21471",398,0.352524357838795
"g","Bird Observatory","PUF_MBO_04","01/07/2024","15/07/2024","Bos_9903",308,0.272807794508415
"g","Bird Observatory","PUF_MBO_04","01/07/2024","15/07/2024",NA,300,0.265721877767936
"g","Bird Observatory","PUF_MBO_04","01/07/2024","15/07/2024","Rhacognathus_1545358",116,0.102745792736935
"g","Bird Observatory","PUF_MBO_04","01/07/2024","15/07/2024","Pionidia_2613197",7,0.00620017714791851
"g","Bird Observatory","PUF_MBO_05","15/07/2024","29/07/2024","Choristoneura_7140",8556,0.915471859619088
"g","Bird Observatory","PUF_MBO_05","15/07/2024","29/07/2024","Glypsus_-21471",368,0.0393751337470576
"g","Bird Observatory","PUF_MBO_05","15/07/2024","29/07/2024",NA,231,0.0247164562379628
"g","Bird Observatory","PUF_MBO_05","15/07/2024","29/07/2024","Rhacognathus_1545358",57,0.00609886582495185
"g","Bird Observatory","PUF_MBO_05","15/07/2024","29/07/2024","Succinea_145426",55,0.00588487053284828
"g","Bird Observatory","PUF_MBO_05","15/07/2024","29/07/2024","Ochlerotatus_190765",26,0.00278193879734646
"g","Bird Observatory","PUF_MBO_05","15/07/2024","29/07/2024","Homo_9605",20,0.00213995292103574
"g","Bird Observatory","PUF_MBO_05","15/07/2024","29/07/2024","Galapagocoris_-21292",14,0.00149796704472502
"g","Bird Observatory","PUF_MBO_05","15/07/2024","29/07/2024","Abacarus_644136",10,0.00106997646051787
"g","Bird Observatory","PUF_MBO_05","15/07/2024","29/07/2024","Pionidia_2613197",9,0.000962978814466082
"g","Bird Observatory","PUF_MBO_06","29/07/2024","12/08/2024","Glypsus_-21471",588,0.582755203171457
"g","Bird Observatory","PUF_MBO_06","29/07/2024","12/08/2024",NA,382,0.378592666005946
"g","Bird Observatory","PUF_MBO_06","29/07/2024","12/08/2024","Rhacognathus_1545358",25,0.0247770069375619
"g","Bird Observatory","PUF_MBO_06","29/07/2024","12/08/2024","Galapagocoris_-21292",14,0.0138751238850347
"g","Bird Observatory","PUF_MBO_07","12/08/2024","26/08/2024","Glypsus_-21471",1123,0.567745197168857
"g","Bird Observatory","PUF_MBO_07","12/08/2024","26/08/2024",NA,707,0.357431749241658
"g","Bird Observatory","PUF_MBO_07","12/08/2024","26/08/2024","Pionidia_2613197",55,0.0278058645096057
"g","Bird Observatory","PUF_MBO_07","12/08/2024","26/08/2024","Rhacognathus_1545358",44,0.0222446916076845
"g","Bird Observatory","PUF_MBO_07","12/08/2024","26/08/2024","Deuterosminthurus_1304590",18,0.00910010111223458
"g","Bird Observatory","PUF_MBO_07","12/08/2024","26/08/2024","Harrisina_688409",12,0.00606673407482305
"g","Bird Observatory","PUF_MBO_07","12/08/2024","26/08/2024","Dasineura_240745",5,0.00252780586450961
"g","Bird Observatory","PUF_MBO_07","12/08/2024","26/08/2024","Erioptera_700840",5,0.00252780586450961
"g","Bird Observatory","PUF_MBO_07","12/08/2024","26/08/2024","Polypedilum_54968",5,0.00252780586450961
"g","Bird Observatory","PUF_MBO_07","12/08/2024","26/08/2024","Aedes_7158",4,0.00202224469160768
"g","Bird Observatory","PUF_MBO_08","26/08/2024","09/09/2024","Glypsus_-21471",1252,0.66278454208576
"g","Bird Observatory","PUF_MBO_08","26/08/2024","09/09/2024",NA,587,0.310746426680784
"g","Bird Observatory","PUF_MBO_08","26/08/2024","09/09/2024","Pionidia_2613197",20,0.0105876124933827
"g","Bird Observatory","PUF_MBO_08","26/08/2024","09/09/2024","Obus_279488",8,0.0042350449973531
"g","Bird Observatory","PUF_MBO_08","26/08/2024","09/09/2024","Succinea_145426",8,0.0042350449973531
"g","Bird Observatory","PUF_MBO_08","26/08/2024","09/09/2024","Ochlerotatus_190765",7,0.00370566437268396
"g","Bird Observatory","PUF_MBO_08","26/08/2024","09/09/2024","Phrurolithus_1226123",7,0.00370566437268396
"g","Bird Observatory","PUF_MBO_09","09/09/2024","23/09/2024","Glypsus_-21471",1901,0.655291278869355
"g","Bird Observatory","PUF_MBO_09","09/09/2024","23/09/2024",NA,894,0.308169596690796
"g","Bird Observatory","PUF_MBO_09","09/09/2024","23/09/2024","Bos_9903",47,0.0162013098931403
"g","Bird Observatory","PUF_MBO_09","09/09/2024","23/09/2024","Pionidia_2613197",30,0.0103412616339193
"g","Bird Observatory","PUF_MBO_09","09/09/2024","23/09/2024","Homo_9605",9,0.0031023784901758
"g","Bird Observatory","PUF_MBO_09","09/09/2024","23/09/2024","Rhacognathus_1545358",7,0.00241296104791451
"g","Bird Observatory","PUF_MBO_09","09/09/2024","23/09/2024","Sycophila_75233",7,0.00241296104791451
"g","Bird Observatory","PUF_MBO_09","09/09/2024","23/09/2024","Succinea_145426",6,0.00206825232678387
"g","Bird Observatory","PUF_MBO_10","23/09/2024","07/10/2024",NA,811,0.48621103117506
"g","Bird Observatory","PUF_MBO_10","23/09/2024","07/10/2024","Glypsus_-21471",800,0.479616306954436
"g","Bird Observatory","PUF_MBO_10","23/09/2024","07/10/2024","Haimbachia_1511198",22,0.013189448441247
"g","Bird Observatory","PUF_MBO_10","23/09/2024","07/10/2024","Sminthurinus_187717",11,0.0065947242206235
"g","Bird Observatory","PUF_MBO_10","23/09/2024","07/10/2024","Rhacognathus_1545358",10,0.00599520383693046
"g","Bird Observatory","PUF_MBO_10","23/09/2024","07/10/2024","Bembidion_60800",4,0.00239808153477218
"g","Bird Observatory","PUF_MBO_10","23/09/2024","07/10/2024","Pionidia_2613197",4,0.00239808153477218
"g","Bird Observatory","PUF_MBO_10","23/09/2024","07/10/2024","Homo_9605",3,0.00179856115107914
"g","Bird Observatory","PUF_MBO_10","23/09/2024","07/10/2024","Trichoribates_503650",3,0.00179856115107914
"g","Botanical Garden","PUF_BOT_01","17/05/2024","31/05/2024",NA,509,0.620731707317073
"g","Botanical Garden","PUF_BOT_01","17/05/2024","31/05/2024","Pionidia_2613197",92,0.11219512195122
"g","Botanical Garden","PUF_BOT_01","17/05/2024","31/05/2024","Trisetacus_1227674",75,0.0914634146341463
"g","Botanical Garden","PUF_BOT_01","17/05/2024","31/05/2024","Eriosoma_133081",36,0.0439024390243902
"g","Botanical Garden","PUF_BOT_01","17/05/2024","31/05/2024","Homo_9605",36,0.0439024390243902
"g","Botanical Garden","PUF_BOT_01","17/05/2024","31/05/2024","Heleniella_611355",30,0.0365853658536585
"g","Botanical Garden","PUF_BOT_01","17/05/2024","31/05/2024","Cheumatopsyche_177865",25,0.0304878048780488
"g","Botanical Garden","PUF_BOT_01","17/05/2024","31/05/2024","Parakiefferiella_611371",12,0.0146341463414634
"g","Botanical Garden","PUF_BOT_01","17/05/2024","31/05/2024","Phrurolithus_1226123",5,0.00609756097560976
"g","Botanical Garden","PUF_BOT_02","31/05/2024","14/06/2024",NA,1995,0.828144458281445
"g","Botanical Garden","PUF_BOT_02","31/05/2024","14/06/2024","Glypsus_-21471",121,0.0502283105022831
"g","Botanical Garden","PUF_BOT_02","31/05/2024","14/06/2024","Xestia_320016",109,0.0452469904524699
"g","Botanical Garden","PUF_BOT_02","31/05/2024","14/06/2024","Tydeus_1670773",53,0.0220008302200083
"g","Botanical Garden","PUF_BOT_02","31/05/2024","14/06/2024","Aculus_644140",37,0.0153590701535907
"g","Botanical Garden","PUF_BOT_02","31/05/2024","14/06/2024","Phrurolithus_1226123",21,0.0087173100871731
"g","Botanical Garden","PUF_BOT_02","31/05/2024","14/06/2024","Pionidia_2613197",18,0.0074719800747198
"g","Botanical Garden","PUF_BOT_02","31/05/2024","14/06/2024","Homo_9605",17,0.0070568700705687
"g","Botanical Garden","PUF_BOT_02","31/05/2024","14/06/2024","Rhacognathus_1545358",12,0.0049813200498132
"g","Botanical Garden","PUF_BOT_02","31/05/2024","14/06/2024","Muscina_57892",8,0.0033208800332088
"g","Botanical Garden","PUF_BOT_02","31/05/2024","14/06/2024","Galapagocoris_-21292",7,0.0029057700290577
"g","Botanical Garden","PUF_BOT_02","31/05/2024","14/06/2024","Cricotopus_153373",5,0.0020755500207555
"g","Botanical Garden","PUF_BOT_02","31/05/2024","14/06/2024","Abacarus_644136",4,0.0016604400166044
"g","Botanical Garden","PUF_BOT_02","31/05/2024","14/06/2024","Agelaius_9190",2,0.0008302200083022
"g","Botanical Garden","PUF_BOT_03","24/06/2024","28/06/2024","Bos_9903",88,1
"g","Botanical Garden","PUF_BOT_04","28/06/2024","12/07/2024","Glypsus_-21471",524,0.55923159018143
"g","Botanical Garden","PUF_BOT_04","28/06/2024","12/07/2024",NA,217,0.231590181430096
"g","Botanical Garden","PUF_BOT_04","28/06/2024","12/07/2024","Asteia_305551",138,0.147278548559232
"g","Botanical Garden","PUF_BOT_04","28/06/2024","12/07/2024","Pionidia_2613197",41,0.0437566702241195
"g","Botanical Garden","PUF_BOT_04","28/06/2024","12/07/2024","Harmonia_115356",8,0.00853788687299893
"g","Botanical Garden","PUF_BOT_04","28/06/2024","12/07/2024","Cricotopus_153373",6,0.0064034151547492
"g","Botanical Garden","PUF_BOT_04","28/06/2024","12/07/2024","Homo_9605",3,0.0032017075773746
"g","Botanical Garden","PUF_BOT_05","12/07/2024","26/07/2024","Glypsus_-21471",569,0.369001297016861
"g","Botanical Garden","PUF_BOT_05","12/07/2024","26/07/2024",NA,410,0.265888456549935
"g","Botanical Garden","PUF_BOT_05","12/07/2024","26/07/2024","Dasineura_240745",381,0.247081712062257
"g","Botanical Garden","PUF_BOT_05","12/07/2024","26/07/2024","Bos_9903",61,0.0395590142671855
"g","Botanical Garden","PUF_BOT_05","12/07/2024","26/07/2024","Pionidia_2613197",52,0.0337224383916991
"g","Botanical Garden","PUF_BOT_05","12/07/2024","26/07/2024","Shevtchenkella_1452708",31,0.0201037613488975
"g","Botanical Garden","PUF_BOT_05","12/07/2024","26/07/2024","Aceria_109362",18,0.0116731517509728
"g","Botanical Garden","PUF_BOT_05","12/07/2024","26/07/2024","Triophytydeus_-3480",9,0.00583657587548638
"g","Botanical Garden","PUF_BOT_05","12/07/2024","26/07/2024","Asteia_305551",3,0.00194552529182879
"g","Botanical Garden","PUF_BOT_05","12/07/2024","26/07/2024","Homo_9605",3,0.00194552529182879
"g","Botanical Garden","PUF_BOT_05","12/07/2024","26/07/2024","Maladera_360073",3,0.00194552529182879
"g","Botanical Garden","PUF_BOT_05","12/07/2024","26/07/2024","Aphis_80764",2,0.0012970168612192
"g","Botanical Garden","PUF_BOT_06","26/07/2024","09/08/2024","Pyla_683885",17783,0.895147488170744
"g","Botanical Garden","PUF_BOT_06","26/07/2024","09/08/2024","Glypsus_-21471",800,0.0402698077116682
"g","Botanical Garden","PUF_BOT_06","26/07/2024","09/08/2024","Homo_9605",715,0.0359911406423034
"g","Botanical Garden","PUF_BOT_06","26/07/2024","09/08/2024",NA,229,0.011527232457465
"g","Botanical Garden","PUF_BOT_06","26/07/2024","09/08/2024","Galapagocoris_-21292",88,0.0044296788482835
"g","Botanical Garden","PUF_BOT_06","26/07/2024","09/08/2024","Bembidion_60800",86,0.00432900432900433
"g","Botanical Garden","PUF_BOT_06","26/07/2024","09/08/2024","Tetramorium_30204",31,0.00156045504882714
"g","Botanical Garden","PUF_BOT_06","26/07/2024","09/08/2024","Aphis_80764",29,0.00145978052954797
"g","Botanical Garden","PUF_BOT_06","26/07/2024","09/08/2024","Harrisina_688409",24,0.00120809423135005
"g","Botanical Garden","PUF_BOT_06","26/07/2024","09/08/2024","Aethes_572702",23,0.00115775697171046
"g","Botanical Garden","PUF_BOT_06","26/07/2024","09/08/2024","Rhacognathus_1545358",19,0.000956407933152119
"g","Botanical Garden","PUF_BOT_06","26/07/2024","09/08/2024","Pionidia_2613197",14,0.000704721634954193
"g","Botanical Garden","PUF_BOT_06","26/07/2024","09/08/2024","Psectrocladius_288848",13,0.000654384375314608
"g","Botanical Garden","PUF_BOT_06","26/07/2024","09/08/2024","Sciurus_10001",12,0.000604047115675023
"g","Botanical Garden","PUF_BOT_07","09/08/2024","23/08/2024","Glypsus_-21471",1959,0.734808702175544
"g","Botanical Garden","PUF_BOT_07","09/08/2024","23/08/2024",NA,606,0.227306826706677
"g","Botanical Garden","PUF_BOT_07","09/08/2024","23/08/2024","Pionidia_2613197",43,0.0161290322580645
"g","Botanical Garden","PUF_BOT_07","09/08/2024","23/08/2024","Homo_9605",17,0.00637659414853713
"g","Botanical Garden","PUF_BOT_07","09/08/2024","23/08/2024","Tydeus_1670773",17,0.00637659414853713
"g","Botanical Garden","PUF_BOT_07","09/08/2024","23/08/2024","Rhacognathus_1545358",16,0.00600150037509377
"g","Botanical Garden","PUF_BOT_07","09/08/2024","23/08/2024","Aceria_109362",8,0.00300075018754689
"g","Botanical Garden","PUF_BOT_08","23/08/2024","06/09/2024","Glypsus_-21471",571,0.4688013136289
"g","Botanical Garden","PUF_BOT_08","23/08/2024","06/09/2024",NA,501,0.411330049261084
"g","Botanical Garden","PUF_BOT_08","23/08/2024","06/09/2024","Lasius_7482",41,0.0336617405582923
"g","Botanical Garden","PUF_BOT_08","23/08/2024","06/09/2024","Aceria_109362",38,0.0311986863711002
"g","Botanical Garden","PUF_BOT_08","23/08/2024","06/09/2024","Tydeus_1670773",32,0.0262725779967159
"g","Botanical Garden","PUF_BOT_08","23/08/2024","06/09/2024","Pionidia_2613197",12,0.00985221674876847
"g","Botanical Garden","PUF_BOT_08","23/08/2024","06/09/2024","Melanoplus_30252",6,0.00492610837438424
"g","Botanical Garden","PUF_BOT_08","23/08/2024","06/09/2024","Aphidoletes_95971",5,0.00410509031198686
"g","Botanical Garden","PUF_BOT_08","23/08/2024","06/09/2024","Dicranomyia_58260",4,0.00328407224958949
"g","Botanical Garden","PUF_BOT_08","23/08/2024","06/09/2024","Homo_9605",3,0.00246305418719212
"g","Botanical Garden","PUF_BOT_08","23/08/2024","06/09/2024","Rhacognathus_1545358",3,0.00246305418719212
"g","Botanical Garden","PUF_BOT_08","23/08/2024","06/09/2024","Phylloxera_38120",2,0.00164203612479475
"g","Botanical Garden","PUF_BOT_09","06/09/2024","20/09/2024","Glypsus_-21471",1107,0.750508474576271
"g","Botanical Garden","PUF_BOT_09","06/09/2024","20/09/2024",NA,185,0.125423728813559
"g","Botanical Garden","PUF_BOT_09","06/09/2024","20/09/2024","Pionidia_2613197",155,0.105084745762712
"g","Botanical Garden","PUF_BOT_09","06/09/2024","20/09/2024","Homo_9605",11,0.00745762711864407
"g","Botanical Garden","PUF_BOT_09","06/09/2024","20/09/2024","Rhacognathus_1545358",6,0.00406779661016949
"g","Botanical Garden","PUF_BOT_09","06/09/2024","20/09/2024","Abacarus_644136",5,0.00338983050847458
"g","Botanical Garden","PUF_BOT_09","06/09/2024","20/09/2024","Erioptera_700840",4,0.00271186440677966
"g","Botanical Garden","PUF_BOT_09","06/09/2024","20/09/2024","Deroceras_145609",2,0.00135593220338983
"g","Botanical Garden","PUF_BOT_10","20/09/2024","04/10/2024","Glypsus_-21471",2761,0.716584479626265
"g","Botanical Garden","PUF_BOT_10","20/09/2024","04/10/2024",NA,684,0.177524007267065
"g","Botanical Garden","PUF_BOT_10","20/09/2024","04/10/2024","Bos_9903",327,0.0848689332987283
"g","Botanical Garden","PUF_BOT_10","20/09/2024","04/10/2024","Pionidia_2613197",81,0.0210225798079419
"g","Boucherville","PUF_BOU_01","27/05/2024","10/06/2024",NA,243,0.964285714285714
"g","Boucherville","PUF_BOU_01","27/05/2024","10/06/2024","Corynoptera_1260849",3,0.0119047619047619
"g","Boucherville","PUF_BOU_01","27/05/2024","10/06/2024","Homo_9605",2,0.00793650793650794
"g","Boucherville","PUF_BOU_01","27/05/2024","10/06/2024","Pachypappa_330417",2,0.00793650793650794
"g","Boucherville","PUF_BOU_01","27/05/2024","10/06/2024","Rhacognathus_1545358",2,0.00793650793650794
"g","Boucherville","PUF_BOU_02","10/06/2024","24/06/2024",NA,525,0.495283018867925
"g","Boucherville","PUF_BOU_02","10/06/2024","24/06/2024","Deuterosminthurus_1304590",344,0.324528301886792
"g","Boucherville","PUF_BOU_02","10/06/2024","24/06/2024","Tyrophagus_41443",76,0.0716981132075472
"g","Boucherville","PUF_BOU_02","10/06/2024","24/06/2024","Homo_9605",34,0.0320754716981132
"g","Boucherville","PUF_BOU_02","10/06/2024","24/06/2024","Cantharis_41098",24,0.0226415094339623
"g","Boucherville","PUF_BOU_02","10/06/2024","24/06/2024","Pionidia_2613197",21,0.019811320754717
"g","Boucherville","PUF_BOU_02","10/06/2024","24/06/2024","Glypsus_-21471",18,0.0169811320754717
"g","Boucherville","PUF_BOU_02","10/06/2024","24/06/2024","Rhacognathus_1545358",17,0.0160377358490566
"g","Boucherville","PUF_BOU_02","10/06/2024","24/06/2024","Zygoribatula_1251916",1,0.000943396226415094
"g","Boucherville","PUF_BOU_03","24/06/2024","08/07/2024",NA,339,0.519142419601838
"g","Boucherville","PUF_BOU_03","24/06/2024","08/07/2024","Glypsus_-21471",115,0.176110260336907
"g","Boucherville","PUF_BOU_03","24/06/2024","08/07/2024","Deuterosminthurus_1304590",82,0.125574272588055
"g","Boucherville","PUF_BOU_03","24/06/2024","08/07/2024","Bos_9903",57,0.0872894333843798
"g","Boucherville","PUF_BOU_03","24/06/2024","08/07/2024","Tydeus_1670773",22,0.0336906584992343
"g","Boucherville","PUF_BOU_03","24/06/2024","08/07/2024","Pionidia_2613197",17,0.0260336906584992
"g","Boucherville","PUF_BOU_03","24/06/2024","08/07/2024","Rhacognathus_1545358",12,0.0183767228177642
"g","Boucherville","PUF_BOU_03","24/06/2024","08/07/2024","Melanoplus_30252",8,0.0122511485451761
"g","Boucherville","PUF_BOU_03","24/06/2024","08/07/2024","Bourletiella_574227",1,0.00153139356814701
"g","Boucherville","PUF_BOU_04","08/07/2024","22/07/2024","Glypsus_-21471",276,0.46
"g","Boucherville","PUF_BOU_04","08/07/2024","22/07/2024",NA,213,0.355
"g","Boucherville","PUF_BOU_04","08/07/2024","22/07/2024","Melanoplus_30252",32,0.0533333333333333
"g","Boucherville","PUF_BOU_04","08/07/2024","22/07/2024","Pionidia_2613197",24,0.04
"g","Boucherville","PUF_BOU_04","08/07/2024","22/07/2024","Cricotopus_153373",19,0.0316666666666667
"g","Boucherville","PUF_BOU_04","08/07/2024","22/07/2024","Deuterosminthurus_1304590",8,0.0133333333333333
"g","Boucherville","PUF_BOU_04","08/07/2024","22/07/2024","Tanytarsus_288802",8,0.0133333333333333
"g","Boucherville","PUF_BOU_04","08/07/2024","22/07/2024","Bembidion_60800",7,0.0116666666666667
"g","Boucherville","PUF_BOU_04","08/07/2024","22/07/2024","Rhacognathus_1545358",5,0.00833333333333333
"g","Boucherville","PUF_BOU_04","08/07/2024","22/07/2024","Homo_9605",4,0.00666666666666667
"g","Boucherville","PUF_BOU_04","08/07/2024","22/07/2024","Bos_9903",3,0.005
"g","Boucherville","PUF_BOU_04","08/07/2024","22/07/2024","Lasius_7482",1,0.00166666666666667
"g","Boucherville","PUF_BOU_05","22/07/2024","05/08/2024","Glypsus_-21471",1825,0.74217161447743
"g","Boucherville","PUF_BOU_05","22/07/2024","05/08/2024",NA,273,0.111020740138268
"g","Boucherville","PUF_BOU_05","22/07/2024","05/08/2024","Aphis_80764",153,0.0622204148027653
"g","Boucherville","PUF_BOU_05","22/07/2024","05/08/2024","Swammerdamella_3120128",37,0.0150467669784465
"g","Boucherville","PUF_BOU_05","22/07/2024","05/08/2024","Corynoptera_1260849",34,0.013826758845059
"g","Boucherville","PUF_BOU_05","22/07/2024","05/08/2024","Ornithonyssus_224535",34,0.013826758845059
"g","Boucherville","PUF_BOU_05","22/07/2024","05/08/2024","Mycodiplosis_996607",25,0.0101667344448963
"g","Boucherville","PUF_BOU_05","22/07/2024","05/08/2024","Cantharis_41098",19,0.00772671817812119
"g","Boucherville","PUF_BOU_05","22/07/2024","05/08/2024","Tydeus_1670773",19,0.00772671817812119
"g","Boucherville","PUF_BOU_05","22/07/2024","05/08/2024","Pionidia_2613197",17,0.00691337942252948
"g","Boucherville","PUF_BOU_05","22/07/2024","05/08/2024","Rhacognathus_1545358",16,0.00650671004473363
"g","Boucherville","PUF_BOU_05","22/07/2024","05/08/2024","Rynchobanchus_1905500",7,0.00284668564457096
"g","Boucherville","PUF_BOU_06","05/08/2024","19/08/2024","Glypsus_-21471",563,0.656177156177156
"g","Boucherville","PUF_BOU_06","05/08/2024","19/08/2024",NA,193,0.224941724941725
"g","Boucherville","PUF_BOU_06","05/08/2024","19/08/2024","Pionidia_2613197",37,0.0431235431235431
"g","Boucherville","PUF_BOU_06","05/08/2024","19/08/2024","Artemia_6660",30,0.034965034965035
"g","Boucherville","PUF_BOU_06","05/08/2024","19/08/2024","Ischnura_79456",18,0.020979020979021
"g","Boucherville","PUF_BOU_06","05/08/2024","19/08/2024","Tetra_1310384",12,0.013986013986014
"g","Boucherville","PUF_BOU_06","05/08/2024","19/08/2024","Deuterosminthurus_1304590",5,0.00582750582750583
"g","Boucherville","PUF_BOU_07","19/08/2024","02/09/2024",NA,120,0.368098159509202
"g","Boucherville","PUF_BOU_07","19/08/2024","02/09/2024","Glypsus_-21471",92,0.282208588957055
"g","Boucherville","PUF_BOU_07","19/08/2024","02/09/2024","Bos_9903",60,0.184049079754601
"g","Boucherville","PUF_BOU_07","19/08/2024","02/09/2024","Deuterosminthurus_1304590",53,0.162576687116564
"g","Boucherville","PUF_BOU_07","19/08/2024","02/09/2024","Galapagocoris_-21292",1,0.00306748466257669
"g","Boucherville","PUF_BOU_08","02/09/2024","16/09/2024","Glypsus_-21471",1701,0.758021390374332
"g","Boucherville","PUF_BOU_08","02/09/2024","16/09/2024",NA,491,0.218805704099822
"g","Boucherville","PUF_BOU_08","02/09/2024","16/09/2024","Pionidia_2613197",22,0.00980392156862745
"g","Boucherville","PUF_BOU_08","02/09/2024","16/09/2024","Cricotopus_153373",17,0.00757575757575758
"g","Boucherville","PUF_BOU_08","02/09/2024","16/09/2024","Psychoda_7201",13,0.00579322638146168
"g","Boucherville","PUF_BOU_09","16/09/2024","30/09/2024","Glypsus_-21471",1259,0.694812362030905
"g","Boucherville","PUF_BOU_09","16/09/2024","30/09/2024",NA,439,0.242273730684327
"g","Boucherville","PUF_BOU_09","16/09/2024","30/09/2024","Homo_9605",68,0.0375275938189845
"g","Boucherville","PUF_BOU_09","16/09/2024","30/09/2024","Bembidion_60800",19,0.010485651214128
"g","Boucherville","PUF_BOU_09","16/09/2024","30/09/2024","Pionidia_2613197",17,0.00938189845474614
"g","Boucherville","PUF_BOU_09","16/09/2024","30/09/2024","Deroceras_145609",10,0.00551876379690949
"g","IPEX","PUF_IPEX_01","15/05/2024","29/05/2024","Glypsus_-21471",48,0.428571428571429
"g","IPEX","PUF_IPEX_01","15/05/2024","29/05/2024",NA,32,0.285714285714286
"g","IPEX","PUF_IPEX_01","15/05/2024","29/05/2024","Bos_9903",21,0.1875
"g","IPEX","PUF_IPEX_01","15/05/2024","29/05/2024","Homo_9605",7,0.0625
"g","IPEX","PUF_IPEX_01","15/05/2024","29/05/2024","Rhyncaphytoptus_1452700",3,0.0267857142857143
"g","IPEX","PUF_IPEX_01","15/05/2024","29/05/2024","Pionidia_2613197",1,0.00892857142857143
"g","IPEX","PUF_IPEX_02","29/05/2024","12/06/2024",NA,1357,0.747658402203857
"g","IPEX","PUF_IPEX_02","29/05/2024","12/06/2024","Abacarus_644136",125,0.068870523415978
"g","IPEX","PUF_IPEX_02","29/05/2024","12/06/2024","Glypsus_-21471",90,0.0495867768595041
"g","IPEX","PUF_IPEX_02","29/05/2024","12/06/2024","Rhacognathus_1545358",54,0.0297520661157025
"g","IPEX","PUF_IPEX_02","29/05/2024","12/06/2024","Tanytarsus_288802",47,0.0258953168044077
"g","IPEX","PUF_IPEX_02","29/05/2024","12/06/2024","Tetra_1310384",21,0.0115702479338843
"g","IPEX","PUF_IPEX_02","29/05/2024","12/06/2024","Triophytydeus_-3480",18,0.00991735537190083
"g","IPEX","PUF_IPEX_02","29/05/2024","12/06/2024","Cinara_97051",17,0.009366391184573
"g","IPEX","PUF_IPEX_02","29/05/2024","12/06/2024","Pionidia_2613197",17,0.009366391184573
"g","IPEX","PUF_IPEX_02","29/05/2024","12/06/2024","Hippodamia_64693",14,0.00771349862258953
"g","IPEX","PUF_IPEX_02","29/05/2024","12/06/2024","Chironomus_7150",10,0.00550964187327824
"g","IPEX","PUF_IPEX_02","29/05/2024","12/06/2024","Corynoneura_611344",10,0.00550964187327824
"g","IPEX","PUF_IPEX_02","29/05/2024","12/06/2024","Dasineura_240745",10,0.00550964187327824
"g","IPEX","PUF_IPEX_02","29/05/2024","12/06/2024","Cantharis_41098",9,0.00495867768595041
"g","IPEX","PUF_IPEX_02","29/05/2024","12/06/2024","Homo_9605",7,0.00385674931129477
"g","IPEX","PUF_IPEX_02","29/05/2024","12/06/2024","Cavariella_330420",6,0.00330578512396694
"g","IPEX","PUF_IPEX_02","29/05/2024","12/06/2024","Aculodes_644138",3,0.00165289256198347
"g","IPEX","PUF_IPEX_03","12/06/2024","26/06/2024","Larinioides_280405",9871,0.871919441745429
"g","IPEX","PUF_IPEX_03","12/06/2024","26/06/2024",NA,1097,0.0968995671760445
"g","IPEX","PUF_IPEX_03","12/06/2024","26/06/2024","Glypsus_-21471",174,0.0153696669905485
"g","IPEX","PUF_IPEX_03","12/06/2024","26/06/2024","Pionidia_2613197",73,0.00644819362247151
"g","IPEX","PUF_IPEX_03","12/06/2024","26/06/2024","Bos_9903",52,0.00459323381326738
"g","IPEX","PUF_IPEX_03","12/06/2024","26/06/2024","Galapagocoris_-21292",15,0.00132497129228867
"g","IPEX","PUF_IPEX_03","12/06/2024","26/06/2024","Bembidion_60800",13,0.00114830845331684
"g","IPEX","PUF_IPEX_03","12/06/2024","26/06/2024","Macrothrix_362306",12,0.00105997703383093
"g","IPEX","PUF_IPEX_03","12/06/2024","26/06/2024","Homo_9605",8,0.000706651355887289
"g","IPEX","PUF_IPEX_03","12/06/2024","26/06/2024","Bezzia_381082",6,0.000529988516915467
"g","IPEX","PUF_IPEX_04","26/06/2024","10/07/2024","Glypsus_-21471",888,0.438735177865613
"g","IPEX","PUF_IPEX_04","26/06/2024","10/07/2024",NA,648,0.320158102766798
"g","IPEX","PUF_IPEX_04","26/06/2024","10/07/2024","Tydeus_1670773",116,0.0573122529644269
"g","IPEX","PUF_IPEX_04","26/06/2024","10/07/2024","Rhacognathus_1545358",105,0.0518774703557312
"g","IPEX","PUF_IPEX_04","26/06/2024","10/07/2024","Pionidia_2613197",72,0.0355731225296443
"g","IPEX","PUF_IPEX_04","26/06/2024","10/07/2024","Petrophila_655076",66,0.0326086956521739
"g","IPEX","PUF_IPEX_04","26/06/2024","10/07/2024","Bos_9903",48,0.0237154150197628
"g","IPEX","PUF_IPEX_04","26/06/2024","10/07/2024","Abacarus_644136",28,0.0138339920948617
"g","IPEX","PUF_IPEX_04","26/06/2024","10/07/2024","Tyrophagus_41443",27,0.0133399209486166
"g","IPEX","PUF_IPEX_04","26/06/2024","10/07/2024","Rynchobanchus_1905500",17,0.00839920948616601
"g","IPEX","PUF_IPEX_04","26/06/2024","10/07/2024","Homo_9605",9,0.00444664031620553
"g","IPEX","PUF_IPEX_05","10/07/2024","24/07/2024","Glypsus_-21471",3773,0.642212765957447
"g","IPEX","PUF_IPEX_05","10/07/2024","24/07/2024",NA,1712,0.291404255319149
"g","IPEX","PUF_IPEX_05","10/07/2024","24/07/2024","Deuterosminthurus_1304590",121,0.0205957446808511
"g","IPEX","PUF_IPEX_05","10/07/2024","24/07/2024","Rhacognathus_1545358",64,0.0108936170212766
"g","IPEX","PUF_IPEX_05","10/07/2024","24/07/2024","Homo_9605",49,0.00834042553191489
"g","IPEX","PUF_IPEX_05","10/07/2024","24/07/2024","Aculus_644140",37,0.00629787234042553
"g","IPEX","PUF_IPEX_05","10/07/2024","24/07/2024","Ceraclea_177832",27,0.00459574468085106
"g","IPEX","PUF_IPEX_05","10/07/2024","24/07/2024","Galapagocoris_-21292",23,0.00391489361702128
"g","IPEX","PUF_IPEX_05","10/07/2024","24/07/2024","Aeshna_12920",13,0.00221276595744681
"g","IPEX","PUF_IPEX_05","10/07/2024","24/07/2024","Cepaea_28834",12,0.00204255319148936
"g","IPEX","PUF_IPEX_05","10/07/2024","24/07/2024","Lasius_7482",12,0.00204255319148936
"g","IPEX","PUF_IPEX_05","10/07/2024","24/07/2024","Pionidia_2613197",10,0.00170212765957447
"g","IPEX","PUF_IPEX_05","10/07/2024","24/07/2024","Artemia_6660",8,0.00136170212765957
"g","IPEX","PUF_IPEX_05","10/07/2024","24/07/2024","Tydeus_1670773",8,0.00136170212765957
"g","IPEX","PUF_IPEX_05","10/07/2024","24/07/2024","Abacarus_644136",6,0.00102127659574468
"g","IPEX","PUF_IPEX_06","24/07/2024","07/08/2024","Glypsus_-21471",812,0.751156336725254
"g","IPEX","PUF_IPEX_06","24/07/2024","07/08/2024",NA,230,0.212765957446809
"g","IPEX","PUF_IPEX_06","24/07/2024","07/08/2024","Pionidia_2613197",18,0.0166512488436633
"g","IPEX","PUF_IPEX_06","24/07/2024","07/08/2024","Rhacognathus_1545358",11,0.0101757631822387
"g","IPEX","PUF_IPEX_06","24/07/2024","07/08/2024","Galapagocoris_-21292",6,0.00555041628122109
"g","IPEX","PUF_IPEX_06","24/07/2024","07/08/2024","Homo_9605",4,0.00370027752081406
"g","IPEX","PUF_IPEX_07","07/08/2024","21/08/2024","Glypsus_-21471",1045,0.588732394366197
"g","IPEX","PUF_IPEX_07","07/08/2024","21/08/2024",NA,623,0.350985915492958
"g","IPEX","PUF_IPEX_07","07/08/2024","21/08/2024","Pionidia_2613197",53,0.0298591549295775
"g","IPEX","PUF_IPEX_07","07/08/2024","21/08/2024","Rhacognathus_1545358",27,0.0152112676056338
"g","IPEX","PUF_IPEX_07","07/08/2024","21/08/2024","Rynchobanchus_1905500",13,0.00732394366197183
"g","IPEX","PUF_IPEX_07","07/08/2024","21/08/2024","Scatella_305595",9,0.00507042253521127
"g","IPEX","PUF_IPEX_07","07/08/2024","21/08/2024","Homo_9605",5,0.0028169014084507
"g","IPEX","PUF_IPEX_08","21/08/2024","04/09/2024","Glypsus_-21471",1466,0.618043844856661
"g","IPEX","PUF_IPEX_08","21/08/2024","04/09/2024",NA,734,0.309443507588533
"g","IPEX","PUF_IPEX_08","21/08/2024","04/09/2024","Bos_9903",70,0.0295109612141653
"g","IPEX","PUF_IPEX_08","21/08/2024","04/09/2024","Mycodiplosis_996607",39,0.0164418212478921
"g","IPEX","PUF_IPEX_08","21/08/2024","04/09/2024","Rhacognathus_1545358",27,0.0113827993254637
"g","IPEX","PUF_IPEX_08","21/08/2024","04/09/2024","Eukiefferiella_288843",19,0.00801011804384486
"g","IPEX","PUF_IPEX_08","21/08/2024","04/09/2024","Homo_9605",17,0.00716694772344013
"g","IPEX","PUF_IPEX_09","04/09/2024","18/09/2024","Glypsus_-21471",962,0.79635761589404
"g","IPEX","PUF_IPEX_09","04/09/2024","18/09/2024",NA,185,0.153145695364238
"g","IPEX","PUF_IPEX_09","04/09/2024","18/09/2024","Pionidia_2613197",36,0.0298013245033113
"g","IPEX","PUF_IPEX_09","04/09/2024","18/09/2024","Uroleucon_87309",11,0.00910596026490066
"g","IPEX","PUF_IPEX_09","04/09/2024","18/09/2024","Anoecia_133066",7,0.00579470198675497
"g","IPEX","PUF_IPEX_09","04/09/2024","18/09/2024","Rhacognathus_1545358",7,0.00579470198675497
"g","IPEX","PUF_IPEX_10","18/09/2024","02/10/2024","Glypsus_-21471",2651,0.602636962946124
"g","IPEX","PUF_IPEX_10","18/09/2024","02/10/2024",NA,806,0.183223459877245
"g","IPEX","PUF_IPEX_10","18/09/2024","02/10/2024","Liposcelis_160150",574,0.130484200954762
"g","IPEX","PUF_IPEX_10","18/09/2024","02/10/2024","Pionidia_2613197",161,0.0365992270970675
"g","IPEX","PUF_IPEX_10","18/09/2024","02/10/2024","Bryophaenocladius_611339",83,0.0188679245283019
"g","IPEX","PUF_IPEX_10","18/09/2024","02/10/2024","Rhacognathus_1545358",45,0.0102295976358263
"g","IPEX","PUF_IPEX_10","18/09/2024","02/10/2024","Agrotis_47766",23,0.00522846101386679
"g","IPEX","PUF_IPEX_10","18/09/2024","02/10/2024","Tetramorium_30204",20,0.00454648783814503
"g","IPEX","PUF_IPEX_10","18/09/2024","02/10/2024","Cylindroiulus_47131",17,0.00386451466242328
"g","IPEX","PUF_IPEX_10","18/09/2024","02/10/2024","Forda_133083",12,0.00272789270288702
"g","IPEX","PUF_IPEX_10","18/09/2024","02/10/2024","Acalitus_1452645",7,0.00159127074335076
"g","Jean-Drapeau","PUF_JD_01","22/05/2024","05/06/2024","Hypena_95218",6071,0.681675275095441
"g","Jean-Drapeau","PUF_JD_01","22/05/2024","05/06/2024","Anystis_66557",1435,0.161127329889962
"g","Jean-Drapeau","PUF_JD_01","22/05/2024","05/06/2024",NA,872,0.0979115203233775
"g","Jean-Drapeau","PUF_JD_01","22/05/2024","05/06/2024","Lasioseius_296243",114,0.0128003593083315
"g","Jean-Drapeau","PUF_JD_01","22/05/2024","05/06/2024","Tetragnatha_27395",76,0.00853357287222097
"g","Jean-Drapeau","PUF_JD_01","22/05/2024","05/06/2024","Cricotopus_153373",62,0.00696159892207501
"g","Jean-Drapeau","PUF_JD_01","22/05/2024","05/06/2024","Glypsus_-21471",46,0.00516505726476533
"g","Jean-Drapeau","PUF_JD_01","22/05/2024","05/06/2024","Parakiefferiella_611371",43,0.00482820570401976
"g","Jean-Drapeau","PUF_JD_01","22/05/2024","05/06/2024","Tetramorium_30204",34,0.00381765102178307
"g","Jean-Drapeau","PUF_JD_01","22/05/2024","05/06/2024","Tydeus_1670773",32,0.00359308331461936
"g","Jean-Drapeau","PUF_JD_01","22/05/2024","05/06/2024","Pionidia_2613197",24,0.00269481248596452
"g","Jean-Drapeau","PUF_JD_01","22/05/2024","05/06/2024","Abacarus_644136",23,0.00258252863238266
"g","Jean-Drapeau","PUF_JD_01","22/05/2024","05/06/2024","Aphis_80764",16,0.00179654165730968
"g","Jean-Drapeau","PUF_JD_01","22/05/2024","05/06/2024","Homo_9605",13,0.00145969009656411
"g","Jean-Drapeau","PUF_JD_01","22/05/2024","05/06/2024","Stenacron_248190",13,0.00145969009656411
"g","Jean-Drapeau","PUF_JD_01","22/05/2024","05/06/2024","Plagiognathus_236934",11,0.0012351223894004
"g","Jean-Drapeau","PUF_JD_01","22/05/2024","05/06/2024","Rhacognathus_1545358",11,0.0012351223894004
"g","Jean-Drapeau","PUF_JD_01","22/05/2024","05/06/2024","Demodex_188544",7,0.000785986975072985
"g","Jean-Drapeau","PUF_JD_01","22/05/2024","05/06/2024","Pityophthorus_122830",3,0.000336851560745565
"g","Jean-Drapeau","PUF_JD_02","05/06/2024","19/06/2024","Pigritia_347817",13484,0.945913714486145
"g","Jean-Drapeau","PUF_JD_02","05/06/2024","19/06/2024",NA,297,0.020834794808839
"g","Jean-Drapeau","PUF_JD_02","05/06/2024","19/06/2024","Xestia_320016",183,0.0128376008418099
"g","Jean-Drapeau","PUF_JD_02","05/06/2024","19/06/2024","Hydroptila_599788",94,0.00659417748158541
"g","Jean-Drapeau","PUF_JD_02","05/06/2024","19/06/2024","Hydropsyche_50443",46,0.00322693791652052
"g","Jean-Drapeau","PUF_JD_02","05/06/2024","19/06/2024","Tetragnatha_27395",28,0.00196422307962119
"g","Jean-Drapeau","PUF_JD_02","05/06/2024","19/06/2024","Pionidia_2613197",18,0.00126271483689933
"g","Jean-Drapeau","PUF_JD_02","05/06/2024","19/06/2024","Abacarus_644136",14,0.000982111539810593
"g","Jean-Drapeau","PUF_JD_02","05/06/2024","19/06/2024","Polypedilum_54968",14,0.000982111539810593
"g","Jean-Drapeau","PUF_JD_02","05/06/2024","19/06/2024","Philodromus_336567",13,0.000911960715538408
"g","Jean-Drapeau","PUF_JD_02","05/06/2024","19/06/2024","Tydeus_1670773",11,0.000771659066994037
"g","Jean-Drapeau","PUF_JD_02","05/06/2024","19/06/2024","Agelaius_9190",10,0.000701508242721852
"g","Jean-Drapeau","PUF_JD_02","05/06/2024","19/06/2024","Hyloniscus_115154",9,0.000631357418449667
"g","Jean-Drapeau","PUF_JD_02","05/06/2024","19/06/2024","Paratanytarsus_82133",6,0.000420904945633111
"g","Jean-Drapeau","PUF_JD_02","05/06/2024","19/06/2024","Cricotopus_153373",5,0.000350754121360926
"g","Jean-Drapeau","PUF_JD_02","05/06/2024","19/06/2024","Cylindroiulus_47131",5,0.000350754121360926
"g","Jean-Drapeau","PUF_JD_02","05/06/2024","19/06/2024","Larinioides_280405",5,0.000350754121360926
"g","Jean-Drapeau","PUF_JD_02","05/06/2024","19/06/2024","Melanoplus_30252",5,0.000350754121360926
"g","Jean-Drapeau","PUF_JD_02","05/06/2024","19/06/2024","Glypsus_-21471",4,0.000280603297088741
"g","Jean-Drapeau","PUF_JD_02","05/06/2024","19/06/2024","Homo_9605",4,0.000280603297088741
"g","Jean-Drapeau","PUF_JD_03","19/06/2024","03/07/2024",NA,328,0.314477468839885
"g","Jean-Drapeau","PUF_JD_03","19/06/2024","03/07/2024","Plagiognathus_236934",163,0.156279961649089
"g","Jean-Drapeau","PUF_JD_03","19/06/2024","03/07/2024","Glypsus_-21471",160,0.153403643336529
"g","Jean-Drapeau","PUF_JD_03","19/06/2024","03/07/2024","Homo_9605",100,0.0958772770853308
"g","Jean-Drapeau","PUF_JD_03","19/06/2024","03/07/2024","Thaumatomyia_333800",93,0.0891658676893576
"g","Jean-Drapeau","PUF_JD_03","19/06/2024","03/07/2024","Pionidia_2613197",60,0.0575263662511985
"g","Jean-Drapeau","PUF_JD_03","19/06/2024","03/07/2024","Chrysoperla_7521",31,0.0297219558964525
"g","Jean-Drapeau","PUF_JD_03","19/06/2024","03/07/2024","Oidaematophorus_688446",24,0.0230105465004794
"g","Jean-Drapeau","PUF_JD_03","19/06/2024","03/07/2024","Kosswigianella_984418",21,0.0201342281879195
"g","Jean-Drapeau","PUF_JD_03","19/06/2024","03/07/2024","Tanytarsus_288802",16,0.0153403643336529
"g","Jean-Drapeau","PUF_JD_03","19/06/2024","03/07/2024","Abacarus_644136",12,0.0115052732502397
"g","Jean-Drapeau","PUF_JD_03","19/06/2024","03/07/2024","Lasius_7482",11,0.0105465004793864
"g","Jean-Drapeau","PUF_JD_03","19/06/2024","03/07/2024","Lycoriella_170626",8,0.00767018216682646
"g","Jean-Drapeau","PUF_JD_03","19/06/2024","03/07/2024","Tydeus_1670773",8,0.00767018216682646
"g","Jean-Drapeau","PUF_JD_03","19/06/2024","03/07/2024","Cricotopus_153373",3,0.00287631831255992
"g","Jean-Drapeau","PUF_JD_03","19/06/2024","03/07/2024","Rhacognathus_1545358",3,0.00287631831255992
"g","Jean-Drapeau","PUF_JD_03","19/06/2024","03/07/2024","Aceria_109362",2,0.00191754554170662
"g","Jean-Drapeau","PUF_JD_04","03/07/2024","17/07/2024","Glypsus_-21471",996,0.603270745003028
"g","Jean-Drapeau","PUF_JD_04","03/07/2024","17/07/2024","Bos_9903",217,0.131435493640218
"g","Jean-Drapeau","PUF_JD_04","03/07/2024","17/07/2024","Tetragnatha_27395",153,0.0926711084191399
"g","Jean-Drapeau","PUF_JD_04","03/07/2024","17/07/2024","Pionidia_2613197",149,0.0902483343428225
"g","Jean-Drapeau","PUF_JD_04","03/07/2024","17/07/2024",NA,124,0.0751059963658389
"g","Jean-Drapeau","PUF_JD_04","03/07/2024","17/07/2024","Homo_9605",7,0.00423985463355542
"g","Jean-Drapeau","PUF_JD_04","03/07/2024","17/07/2024","Bembidion_60800",5,0.00302846759539673
"g","Jean-Drapeau","PUF_JD_05","17/07/2024","31/07/2024","Tetragnatha_27395",1700,0.403704583234386
"g","Jean-Drapeau","PUF_JD_05","17/07/2024","31/07/2024","Glypsus_-21471",609,0.144621230111612
"g","Jean-Drapeau","PUF_JD_05","17/07/2024","31/07/2024",NA,559,0.132747565898836
"g","Jean-Drapeau","PUF_JD_05","17/07/2024","31/07/2024","Pemphigus_13192",435,0.103300878651152
"g","Jean-Drapeau","PUF_JD_05","17/07/2024","31/07/2024","Pionidia_2613197",297,0.0705295654238898
"g","Jean-Drapeau","PUF_JD_05","17/07/2024","31/07/2024","Cricotopus_153373",243,0.0577060080740917
"g","Jean-Drapeau","PUF_JD_05","17/07/2024","31/07/2024","Euschistus_437492",55,0.0130610306340537
"g","Jean-Drapeau","PUF_JD_05","17/07/2024","31/07/2024","Tetra_1310384",50,0.0118736642127761
"g","Jean-Drapeau","PUF_JD_05","17/07/2024","31/07/2024","Artemia_6660",45,0.0106862977914985
"g","Jean-Drapeau","PUF_JD_05","17/07/2024","31/07/2024","Bos_9903",45,0.0106862977914985
"g","Jean-Drapeau","PUF_JD_05","17/07/2024","31/07/2024","Aphis_80764",42,0.00997387793873189
"g","Jean-Drapeau","PUF_JD_05","17/07/2024","31/07/2024","Melanophthalma_433122",38,0.00902398480170981
"g","Jean-Drapeau","PUF_JD_05","17/07/2024","31/07/2024","Endria_30119",37,0.00878651151745429
"g","Jean-Drapeau","PUF_JD_05","17/07/2024","31/07/2024","Polypedilum_54968",15,0.00356209926383282
"g","Jean-Drapeau","PUF_JD_05","17/07/2024","31/07/2024","Homo_9605",11,0.00261220612681073
"g","Jean-Drapeau","PUF_JD_05","17/07/2024","31/07/2024","Rhacognathus_1545358",11,0.00261220612681073
"g","Jean-Drapeau","PUF_JD_05","17/07/2024","31/07/2024","Dasyhelea_41822",9,0.00213725955829969
"g","Jean-Drapeau","PUF_JD_05","17/07/2024","31/07/2024","Parasteatoda_449632",7,0.00166231298978865
"g","Jean-Drapeau","PUF_JD_05","17/07/2024","31/07/2024","Larinioides_280405",3,0.000712419852766564
"g","Jean-Drapeau","PUF_JD_06","31/07/2024","14/08/2024","Glypsus_-21471",3494,0.872845365975518
"g","Jean-Drapeau","PUF_JD_06","31/07/2024","14/08/2024",NA,287,0.0716962278291282
"g","Jean-Drapeau","PUF_JD_06","31/07/2024","14/08/2024","Tetragnatha_27395",119,0.0297277042218336
"g","Jean-Drapeau","PUF_JD_06","31/07/2024","14/08/2024","Pionidia_2613197",38,0.00949288033974519
"g","Jean-Drapeau","PUF_JD_06","31/07/2024","14/08/2024","Cricotopus_153373",15,0.00374718960779415
"g","Jean-Drapeau","PUF_JD_06","31/07/2024","14/08/2024","Tydeus_1670773",11,0.00274793904571571
"g","Jean-Drapeau","PUF_JD_06","31/07/2024","14/08/2024","Lasius_7482",10,0.0024981264051961
"g","Jean-Drapeau","PUF_JD_06","31/07/2024","14/08/2024","Tanytarsus_288802",7,0.00174868848363727
"g","Jean-Drapeau","PUF_JD_06","31/07/2024","14/08/2024","Euschistus_437492",5,0.00124906320259805
"g","Jean-Drapeau","PUF_JD_06","31/07/2024","14/08/2024","Hydroptila_599788",5,0.00124906320259805
"g","Jean-Drapeau","PUF_JD_06","31/07/2024","14/08/2024","Oecanthus_208682",5,0.00124906320259805
"g","Jean-Drapeau","PUF_JD_06","31/07/2024","14/08/2024","Paratanytarsus_82133",4,0.000999250562078441
"g","Jean-Drapeau","PUF_JD_06","31/07/2024","14/08/2024","Phrurolithus_1226123",3,0.000749437921558831
"g","Jean-Drapeau","PUF_JD_07","14/08/2024","28/08/2024","Glypsus_-21471",2271,0.49509483322433
"g","Jean-Drapeau","PUF_JD_07","14/08/2024","28/08/2024","Harmonia_115356",867,0.189012426422498
"g","Jean-Drapeau","PUF_JD_07","14/08/2024","28/08/2024","Hydropsyche_50443",592,0.129060388053194
"g","Jean-Drapeau","PUF_JD_07","14/08/2024","28/08/2024",NA,511,0.11140178766078
"g","Jean-Drapeau","PUF_JD_07","14/08/2024","28/08/2024","Aceria_109362",95,0.0207107041639416
"g","Jean-Drapeau","PUF_JD_07","14/08/2024","28/08/2024","Lygus_30084",79,0.0172225855679093
"g","Jean-Drapeau","PUF_JD_07","14/08/2024","28/08/2024","Larinioides_280405",53,0.0115543928493569
"g","Jean-Drapeau","PUF_JD_07","14/08/2024","28/08/2024","Pionidia_2613197",53,0.0115543928493569
"g","Jean-Drapeau","PUF_JD_07","14/08/2024","28/08/2024","Brachymyrmex_46650",25,0.00545018530630041
"g","Jean-Drapeau","PUF_JD_07","14/08/2024","28/08/2024","Deuterosminthurus_1304590",23,0.00501417048179638
"g","Jean-Drapeau","PUF_JD_07","14/08/2024","28/08/2024","Homo_9605",9,0.00196206671026815
"g","Jean-Drapeau","PUF_JD_07","14/08/2024","28/08/2024","Tetragnatha_27395",9,0.00196206671026815
"g","Jean-Drapeau","PUF_JD_08","28/08/2024","11/09/2024","Tetragnatha_27395",8581,0.981807780320366
"g","Jean-Drapeau","PUF_JD_08","28/08/2024","11/09/2024","Glypsus_-21471",95,0.0108695652173913
"g","Jean-Drapeau","PUF_JD_08","28/08/2024","11/09/2024",NA,29,0.00331807780320366
"g","Jean-Drapeau","PUF_JD_08","28/08/2024","11/09/2024","Maiestas_1401779",20,0.0022883295194508
"g","Jean-Drapeau","PUF_JD_08","28/08/2024","11/09/2024","Acalitus_1452645",6,0.00068649885583524
"g","Jean-Drapeau","PUF_JD_08","28/08/2024","11/09/2024","Pionidia_2613197",6,0.00068649885583524
"g","Jean-Drapeau","PUF_JD_08","28/08/2024","11/09/2024","Tanytarsus_288802",3,0.00034324942791762
"g","Jean-Drapeau","PUF_JD_09","11/09/2024","25/09/2024","Glypsus_-21471",670,0.551440329218107
"g","Jean-Drapeau","PUF_JD_09","11/09/2024","25/09/2024","Pionidia_2613197",227,0.186831275720165
"g","Jean-Drapeau","PUF_JD_09","11/09/2024","25/09/2024",NA,205,0.168724279835391
"g","Jean-Drapeau","PUF_JD_09","11/09/2024","25/09/2024","Obus_279488",69,0.0567901234567901
"g","Jean-Drapeau","PUF_JD_09","11/09/2024","25/09/2024","Tetragnatha_27395",20,0.0164609053497942
"g","Jean-Drapeau","PUF_JD_09","11/09/2024","25/09/2024","Sarcophaga_7384",10,0.00823045267489712
"g","Jean-Drapeau","PUF_JD_09","11/09/2024","25/09/2024","Sus_9822",9,0.00740740740740741
"g","Jean-Drapeau","PUF_JD_09","11/09/2024","25/09/2024","Lasius_7482",3,0.00246913580246914
"g","Jean-Drapeau","PUF_JD_09","11/09/2024","25/09/2024","Homo_9605",2,0.00164609053497942
"g","Jean-Drapeau","PUF_JD_10","25/09/2024","09/10/2024","Capitophorus_527611",6147,0.706470520629813
"g","Jean-Drapeau","PUF_JD_10","25/09/2024","09/10/2024","Glypsus_-21471",1552,0.178370302264108
"g","Jean-Drapeau","PUF_JD_10","25/09/2024","09/10/2024","Cricotopus_153373",243,0.0279278243880014
"g","Jean-Drapeau","PUF_JD_10","25/09/2024","09/10/2024",NA,230,0.0264337432479025
"g","Jean-Drapeau","PUF_JD_10","25/09/2024","09/10/2024","Tetragnatha_27395",215,0.0247098034708654
"g","Jean-Drapeau","PUF_JD_10","25/09/2024","09/10/2024","Pionidia_2613197",96,0.0110332145730376
"g","Jean-Drapeau","PUF_JD_10","25/09/2024","09/10/2024","Bos_9903",67,0.00770026433743248
"g","Jean-Drapeau","PUF_JD_10","25/09/2024","09/10/2024","Larinioides_280405",46,0.00528674864958051
"g","Jean-Drapeau","PUF_JD_10","25/09/2024","09/10/2024","Hydropsyche_50443",34,0.00390759682795081
"g","Jean-Drapeau","PUF_JD_10","25/09/2024","09/10/2024","Abacarus_644136",23,0.00264337432479025
"g","Jean-Drapeau","PUF_JD_10","25/09/2024","09/10/2024","Forficula_13067",23,0.00264337432479025
"g","Jean-Drapeau","PUF_JD_10","25/09/2024","09/10/2024","Typhlodromips_756256",13,0.00149408114009884
"g","Jean-Drapeau","PUF_JD_10","25/09/2024","09/10/2024","Agrochola_689302",12,0.0013791518216297
"g",NA,NA,NA,NA,"Cethosia_127316",15388,0.509367759020192
"g",NA,NA,NA,NA,"Heliconius_33416",10776,0.356703078450844
"g",NA,NA,NA,NA,"Caligo_127325",2741,0.0907315458457464
"g",NA,NA,NA,NA,"Willowsia_181624",340,0.0112545514730222
"g",NA,NA,NA,NA,"Papilio_7145",305,0.0100959947037405
"g",NA,NA,NA,NA,"Parthenos_191422",299,0.00989738497186362
"g",NA,NA,NA,NA,NA,94,0.00311155246607084
"g",NA,NA,NA,NA,"Hymenopus_267204",76,0.00251572327044025
"g",NA,NA,NA,NA,"Tyrophagus_41443",62,0.00205230056272757
"g",NA,NA,NA,NA,"Siproeta_64447",61,0.0020191989407481
"g",NA,NA,NA,NA,"Homo_9605",17,0.000562727573651109
"g",NA,NA,NA,NA,"Doleschallia_311082",16,0.000529625951671632
"g",NA,NA,NA,NA,"Megaselia_36165",12,0.000397219463753724
"g",NA,NA,NA,NA,"Hermetia_343581",11,0.000364117841774247
"g",NA,NA,NA,NA,"Hamadryas_127339",9,0.000297914597815293
"g",NA,NA,NA,NA,"Rhacognathus_1545358",3,9.9304865938431e-05
"s","Bird Observatory","PUF_MBO_01","20/05/2024","03/06/2024",NA,1646,0.712245781047166
"s","Bird Observatory","PUF_MBO_01","20/05/2024","03/06/2024","Glypsus_conspicuus_-21472",128,0.0553872782345305
"s","Bird Observatory","PUF_MBO_01","20/05/2024","03/06/2024","Aculodes_mckenziei_644532",120,0.0519255733448723
"s","Bird Observatory","PUF_MBO_01","20/05/2024","03/06/2024","Abacarus_plumiger_2316514",84,0.0363479013414106
"s","Bird Observatory","PUF_MBO_01","20/05/2024","03/06/2024","Megaselia_hirticrus_1987627",72,0.0311553440069234
"s","Bird Observatory","PUF_MBO_01","20/05/2024","03/06/2024","Labidomera_clivicollis_131652",67,0.0289917784508871
"s","Bird Observatory","PUF_MBO_01","20/05/2024","03/06/2024","Aculus_schlechtendali_2813516",60,0.0259627866724362
"s","Bird Observatory","PUF_MBO_01","20/05/2024","03/06/2024","Abacarus_hystrix_644148",58,0.0250973604500216
"s","Bird Observatory","PUF_MBO_01","20/05/2024","03/06/2024","Bos_taurus_9913",45,0.0194720900043271
"s","Bird Observatory","PUF_MBO_01","20/05/2024","03/06/2024","Homo_sapiens_9606",14,0.00605798355690177
"s","Bird Observatory","PUF_MBO_01","20/05/2024","03/06/2024","Hydropsyche_alternans_3381222",7,0.00302899177845089
"s","Bird Observatory","PUF_MBO_01","20/05/2024","03/06/2024","Chironomus_lugubris_2723714",5,0.00216356555603635
"s","Bird Observatory","PUF_MBO_01","20/05/2024","03/06/2024","Philaenus_spumarius_36667",5,0.00216356555603635
"s","Bird Observatory","PUF_MBO_02","03/06/2024","17/06/2024","Xestia_c-nigrum_987431",8006,0.520207927225471
"s","Bird Observatory","PUF_MBO_02","03/06/2024","17/06/2024",NA,7318,0.475503573749188
"s","Bird Observatory","PUF_MBO_02","03/06/2024","17/06/2024","Glypsus_conspicuus_-21472",50,0.0032488628979857
"s","Bird Observatory","PUF_MBO_02","03/06/2024","17/06/2024","Nanocladius_anderseni_611548",16,0.00103963612735543
"s","Bird Observatory","PUF_MBO_03","17/06/2024","01/07/2024","Glypsus_conspicuus_-21472",305,0.408299866131191
"s","Bird Observatory","PUF_MBO_03","17/06/2024","01/07/2024",NA,255,0.34136546184739
"s","Bird Observatory","PUF_MBO_03","17/06/2024","01/07/2024","Philodromus_rufus_336570",139,0.186077643908969
"s","Bird Observatory","PUF_MBO_03","17/06/2024","01/07/2024","Abacarus_hystrix_644148",18,0.0240963855421687
"s","Bird Observatory","PUF_MBO_03","17/06/2024","01/07/2024","Homo_sapiens_9606",12,0.0160642570281124
"s","Bird Observatory","PUF_MBO_03","17/06/2024","01/07/2024","Neoseiulus_fallacis_84385",9,0.0120481927710843
"s","Bird Observatory","PUF_MBO_03","17/06/2024","01/07/2024","Lemnaphila_scotlandae_3070947",5,0.00669344042838019
"s","Bird Observatory","PUF_MBO_03","17/06/2024","01/07/2024","Aculodes_mckenziei_644532",4,0.00535475234270415
"s","Bird Observatory","PUF_MBO_04","01/07/2024","15/07/2024","Glypsus_conspicuus_-21472",398,0.352524357838795
"s","Bird Observatory","PUF_MBO_04","01/07/2024","15/07/2024","Bos_taurus_9913",308,0.272807794508415
"s","Bird Observatory","PUF_MBO_04","01/07/2024","15/07/2024",NA,307,0.271922054915855
"s","Bird Observatory","PUF_MBO_04","01/07/2024","15/07/2024","Rhacognathus_americanus_-21479",116,0.102745792736935
"s","Bird Observatory","PUF_MBO_05","15/07/2024","29/07/2024","Choristoneura_rosaceana_27543",8556,0.915471859619088
"s","Bird Observatory","PUF_MBO_05","15/07/2024","29/07/2024","Glypsus_conspicuus_-21472",368,0.0393751337470576
"s","Bird Observatory","PUF_MBO_05","15/07/2024","29/07/2024",NA,240,0.0256794350524288
"s","Bird Observatory","PUF_MBO_05","15/07/2024","29/07/2024","Rhacognathus_americanus_-21479",57,0.00609886582495185
"s","Bird Observatory","PUF_MBO_05","15/07/2024","29/07/2024","Succinea_putris_145427",55,0.00588487053284828
"s","Bird Observatory","PUF_MBO_05","15/07/2024","29/07/2024","Ochlerotatus_trivittatus_228918",26,0.00278193879734646
"s","Bird Observatory","PUF_MBO_05","15/07/2024","29/07/2024","Homo_sapiens_9606",20,0.00213995292103574
"s","Bird Observatory","PUF_MBO_05","15/07/2024","29/07/2024","Galapagocoris_crockeri_-21293",14,0.00149796704472502
"s","Bird Observatory","PUF_MBO_05","15/07/2024","29/07/2024","Abacarus_plumiger_2316514",10,0.00106997646051787
"s","Bird Observatory","PUF_MBO_06","29/07/2024","12/08/2024","Glypsus_conspicuus_-21472",588,0.582755203171457
"s","Bird Observatory","PUF_MBO_06","29/07/2024","12/08/2024",NA,382,0.378592666005946
"s","Bird Observatory","PUF_MBO_06","29/07/2024","12/08/2024","Rhacognathus_americanus_-21479",25,0.0247770069375619
"s","Bird Observatory","PUF_MBO_06","29/07/2024","12/08/2024","Galapagocoris_crockeri_-21293",14,0.0138751238850347
"s","Bird Observatory","PUF_MBO_07","12/08/2024","26/08/2024","Glypsus_conspicuus_-21472",1123,0.567745197168857
"s","Bird Observatory","PUF_MBO_07","12/08/2024","26/08/2024",NA,772,0.390293225480283
"s","Bird Observatory","PUF_MBO_07","12/08/2024","26/08/2024","Rhacognathus_americanus_-21479",44,0.0222446916076845
"s","Bird Observatory","PUF_MBO_07","12/08/2024","26/08/2024","Deuterosminthurus_bicinctus_2041938",18,0.00910010111223458
"s","Bird Observatory","PUF_MBO_07","12/08/2024","26/08/2024","Harrisina_americana_688410",12,0.00606673407482305
"s","Bird Observatory","PUF_MBO_07","12/08/2024","26/08/2024","Erioptera_caliptera_700841",5,0.00252780586450961
"s","Bird Observatory","PUF_MBO_07","12/08/2024","26/08/2024","Aedes_vexans_7163",4,0.00202224469160768
"s","Bird Observatory","PUF_MBO_08","26/08/2024","09/09/2024","Glypsus_conspicuus_-21472",1252,0.66278454208576
"s","Bird Observatory","PUF_MBO_08","26/08/2024","09/09/2024",NA,615,0.325569084171519
"s","Bird Observatory","PUF_MBO_08","26/08/2024","09/09/2024","Succinea_putris_145427",8,0.0042350449973531
"s","Bird Observatory","PUF_MBO_08","26/08/2024","09/09/2024","Ochlerotatus_trivittatus_228918",7,0.00370566437268396
"s","Bird Observatory","PUF_MBO_08","26/08/2024","09/09/2024","Phrurolithus_goodnighti_-1975",7,0.00370566437268396
"s","Bird Observatory","PUF_MBO_09","09/09/2024","23/09/2024","Glypsus_conspicuus_-21472",1901,0.655291278869355
"s","Bird Observatory","PUF_MBO_09","09/09/2024","23/09/2024",NA,924,0.318510858324716
"s","Bird Observatory","PUF_MBO_09","09/09/2024","23/09/2024","Bos_taurus_9913",47,0.0162013098931403
"s","Bird Observatory","PUF_MBO_09","09/09/2024","23/09/2024","Homo_sapiens_9606",9,0.0031023784901758
"s","Bird Observatory","PUF_MBO_09","09/09/2024","23/09/2024","Rhacognathus_americanus_-21479",7,0.00241296104791451
"s","Bird Observatory","PUF_MBO_09","09/09/2024","23/09/2024","Sycophila_flavicollis_3113891",7,0.00241296104791451
"s","Bird Observatory","PUF_MBO_09","09/09/2024","23/09/2024","Succinea_putris_145427",6,0.00206825232678387
"s","Bird Observatory","PUF_MBO_10","23/09/2024","07/10/2024",NA,815,0.488609112709832
"s","Bird Observatory","PUF_MBO_10","23/09/2024","07/10/2024","Glypsus_conspicuus_-21472",800,0.479616306954436
"s","Bird Observatory","PUF_MBO_10","23/09/2024","07/10/2024","Haimbachia_arizonensis_-32734",22,0.013189448441247
"s","Bird Observatory","PUF_MBO_10","23/09/2024","07/10/2024","Sminthurinus_reticulatus_1725403",11,0.0065947242206235
"s","Bird Observatory","PUF_MBO_10","23/09/2024","07/10/2024","Rhacognathus_americanus_-21479",10,0.00599520383693046
"s","Bird Observatory","PUF_MBO_10","23/09/2024","07/10/2024","Bembidion_flebile_-5823",4,0.00239808153477218
"s","Bird Observatory","PUF_MBO_10","23/09/2024","07/10/2024","Homo_sapiens_9606",3,0.00179856115107914
"s","Bird Observatory","PUF_MBO_10","23/09/2024","07/10/2024","Trichoribates_trimaculatus_503651",3,0.00179856115107914
"s","Botanical Garden","PUF_BOT_01","17/05/2024","31/05/2024",NA,643,0.784146341463415
"s","Botanical Garden","PUF_BOT_01","17/05/2024","31/05/2024","Trisetacus_thujae_2695370",75,0.0914634146341463
"s","Botanical Garden","PUF_BOT_01","17/05/2024","31/05/2024","Eriosoma_americanum_527649",36,0.0439024390243902
"s","Botanical Garden","PUF_BOT_01","17/05/2024","31/05/2024","Homo_sapiens_9606",36,0.0439024390243902
"s","Botanical Garden","PUF_BOT_01","17/05/2024","31/05/2024","Cheumatopsyche_campyla_692082",25,0.0304878048780488
"s","Botanical Garden","PUF_BOT_01","17/05/2024","31/05/2024","Phrurolithus_goodnighti_-1975",5,0.00609756097560976
"s","Botanical Garden","PUF_BOT_02","31/05/2024","14/06/2024",NA,2075,0.861353258613533
"s","Botanical Garden","PUF_BOT_02","31/05/2024","14/06/2024","Glypsus_conspicuus_-21472",121,0.0502283105022831
"s","Botanical Garden","PUF_BOT_02","31/05/2024","14/06/2024","Xestia_c-nigrum_987431",109,0.0452469904524699
"s","Botanical Garden","PUF_BOT_02","31/05/2024","14/06/2024","Aculus_populi_2920999",37,0.0153590701535907
"s","Botanical Garden","PUF_BOT_02","31/05/2024","14/06/2024","Phrurolithus_goodnighti_-1975",21,0.0087173100871731
"s","Botanical Garden","PUF_BOT_02","31/05/2024","14/06/2024","Homo_sapiens_9606",17,0.0070568700705687
"s","Botanical Garden","PUF_BOT_02","31/05/2024","14/06/2024","Rhacognathus_americanus_-21479",12,0.0049813200498132
"s","Botanical Garden","PUF_BOT_02","31/05/2024","14/06/2024","Muscina_levida_559660",8,0.0033208800332088
"s","Botanical Garden","PUF_BOT_02","31/05/2024","14/06/2024","Galapagocoris_crockeri_-21293",7,0.0029057700290577
"s","Botanical Garden","PUF_BOT_02","31/05/2024","14/06/2024","Agelaius_phoeniceus_39638",2,0.0008302200083022
"s","Botanical Garden","PUF_BOT_03","24/06/2024","28/06/2024","Bos_taurus_9913",88,1
"s","Botanical Garden","PUF_BOT_04","28/06/2024","12/07/2024","Glypsus_conspicuus_-21472",524,0.55923159018143
"s","Botanical Garden","PUF_BOT_04","28/06/2024","12/07/2024",NA,264,0.281750266808965
"s","Botanical Garden","PUF_BOT_04","28/06/2024","12/07/2024","Asteia_amoena_716597",138,0.147278548559232
"s","Botanical Garden","PUF_BOT_04","28/06/2024","12/07/2024","Harmonia_axyridis_115357",8,0.00853788687299893
"s","Botanical Garden","PUF_BOT_04","28/06/2024","12/07/2024","Homo_sapiens_9606",3,0.0032017075773746
"s","Botanical Garden","PUF_BOT_05","12/07/2024","26/07/2024",NA,852,0.552529182879377
"s","Botanical Garden","PUF_BOT_05","12/07/2024","26/07/2024","Glypsus_conspicuus_-21472",569,0.369001297016861
"s","Botanical Garden","PUF_BOT_05","12/07/2024","26/07/2024","Bos_taurus_9913",61,0.0395590142671855
"s","Botanical Garden","PUF_BOT_05","12/07/2024","26/07/2024","Shevtchenkella_serrata_2883626",31,0.0201037613488975
"s","Botanical Garden","PUF_BOT_05","12/07/2024","26/07/2024","Aceria_tosichella_561515",18,0.0116731517509728
"s","Botanical Garden","PUF_BOT_05","12/07/2024","26/07/2024","Asteia_amoena_716597",3,0.00194552529182879
"s","Botanical Garden","PUF_BOT_05","12/07/2024","26/07/2024","Homo_sapiens_9606",3,0.00194552529182879
"s","Botanical Garden","PUF_BOT_05","12/07/2024","26/07/2024","Maladera_castanea_1254970",3,0.00194552529182879
"s","Botanical Garden","PUF_BOT_05","12/07/2024","26/07/2024","Aphis_fabae_191316",2,0.0012970168612192
"s","Botanical Garden","PUF_BOT_06","26/07/2024","09/08/2024","Pyla_fusca_683886",17783,0.895147488170744
"s","Botanical Garden","PUF_BOT_06","26/07/2024","09/08/2024","Glypsus_conspicuus_-21472",800,0.0402698077116682
"s","Botanical Garden","PUF_BOT_06","26/07/2024","09/08/2024","Homo_sapiens_9606",715,0.0359911406423034
"s","Botanical Garden","PUF_BOT_06","26/07/2024","09/08/2024",NA,243,0.0122319540924192
"s","Botanical Garden","PUF_BOT_06","26/07/2024","09/08/2024","Galapagocoris_crockeri_-21293",88,0.0044296788482835
"s","Botanical Garden","PUF_BOT_06","26/07/2024","09/08/2024","Bembidion_flebile_-5823",86,0.00432900432900433
"s","Botanical Garden","PUF_BOT_06","26/07/2024","09/08/2024","Tetramorium_immigrans_2164160",31,0.00156045504882714
"s","Botanical Garden","PUF_BOT_06","26/07/2024","09/08/2024","Harrisina_americana_688410",24,0.00120809423135005
"s","Botanical Garden","PUF_BOT_06","26/07/2024","09/08/2024","Aethes_atomocella_-63317",23,0.00115775697171046
"s","Botanical Garden","PUF_BOT_06","26/07/2024","09/08/2024","Rhacognathus_americanus_-21479",19,0.000956407933152119
"s","Botanical Garden","PUF_BOT_06","26/07/2024","09/08/2024","Aphis_impatientis_527571",18,0.000906070673512534
"s","Botanical Garden","PUF_BOT_06","26/07/2024","09/08/2024","Psectrocladius_simulans_611615",13,0.000654384375314608
"s","Botanical Garden","PUF_BOT_06","26/07/2024","09/08/2024","Sciurus_carolinensis_30640",12,0.000604047115675023
"s","Botanical Garden","PUF_BOT_06","26/07/2024","09/08/2024","Aphis_fabae_191316",11,0.000553709856035437
"s","Botanical Garden","PUF_BOT_07","09/08/2024","23/08/2024","Glypsus_conspicuus_-21472",1959,0.734808702175544
"s","Botanical Garden","PUF_BOT_07","09/08/2024","23/08/2024",NA,666,0.249812453113278
"s","Botanical Garden","PUF_BOT_07","09/08/2024","23/08/2024","Homo_sapiens_9606",17,0.00637659414853713
"s","Botanical Garden","PUF_BOT_07","09/08/2024","23/08/2024","Rhacognathus_americanus_-21479",16,0.00600150037509377
"s","Botanical Garden","PUF_BOT_07","09/08/2024","23/08/2024","Aceria_fraxiniflora_2837636",8,0.00300075018754689
"s","Botanical Garden","PUF_BOT_08","23/08/2024","06/09/2024","Glypsus_conspicuus_-21472",571,0.4688013136289
"s","Botanical Garden","PUF_BOT_08","23/08/2024","06/09/2024",NA,551,0.452380952380952
"s","Botanical Garden","PUF_BOT_08","23/08/2024","06/09/2024","Lasius_nearcticus_488575",41,0.0336617405582923
"s","Botanical Garden","PUF_BOT_08","23/08/2024","06/09/2024","Aceria_fraxiniflora_2837636",38,0.0311986863711002
"s","Botanical Garden","PUF_BOT_08","23/08/2024","06/09/2024","Melanoplus_bivittatus_103633",6,0.00492610837438424
"s","Botanical Garden","PUF_BOT_08","23/08/2024","06/09/2024","Aphidoletes_aphidimyza_95972",5,0.00410509031198686
"s","Botanical Garden","PUF_BOT_08","23/08/2024","06/09/2024","Homo_sapiens_9606",3,0.00246305418719212
"s","Botanical Garden","PUF_BOT_08","23/08/2024","06/09/2024","Rhacognathus_americanus_-21479",3,0.00246305418719212
"s","Botanical Garden","PUF_BOT_09","06/09/2024","20/09/2024","Glypsus_conspicuus_-21472",1107,0.750508474576271
"s","Botanical Garden","PUF_BOT_09","06/09/2024","20/09/2024",NA,345,0.233898305084746
"s","Botanical Garden","PUF_BOT_09","06/09/2024","20/09/2024","Homo_sapiens_9606",11,0.00745762711864407
"s","Botanical Garden","PUF_BOT_09","06/09/2024","20/09/2024","Rhacognathus_americanus_-21479",6,0.00406779661016949
"s","Botanical Garden","PUF_BOT_09","06/09/2024","20/09/2024","Erioptera_septemtrionis_700842",4,0.00271186440677966
"s","Botanical Garden","PUF_BOT_09","06/09/2024","20/09/2024","Deroceras_laeve_147581",2,0.00135593220338983
"s","Botanical Garden","PUF_BOT_10","20/09/2024","04/10/2024","Glypsus_conspicuus_-21472",2761,0.716584479626265
"s","Botanical Garden","PUF_BOT_10","20/09/2024","04/10/2024",NA,765,0.198546587075006
"s","Botanical Garden","PUF_BOT_10","20/09/2024","04/10/2024","Bos_taurus_9913",327,0.0848689332987283
"s","Boucherville","PUF_BOU_01","27/05/2024","10/06/2024",NA,243,0.964285714285714
"s","Boucherville","PUF_BOU_01","27/05/2024","10/06/2024","Corynoptera_cursor_1887982",3,0.0119047619047619
"s","Boucherville","PUF_BOU_01","27/05/2024","10/06/2024","Homo_sapiens_9606",2,0.00793650793650794
"s","Boucherville","PUF_BOU_01","27/05/2024","10/06/2024","Pachypappa_pseudobyrsa_527812",2,0.00793650793650794
"s","Boucherville","PUF_BOU_01","27/05/2024","10/06/2024","Rhacognathus_americanus_-21479",2,0.00793650793650794
"s","Boucherville","PUF_BOU_02","10/06/2024","24/06/2024",NA,547,0.516037735849057
"s","Boucherville","PUF_BOU_02","10/06/2024","24/06/2024","Deuterosminthurus_bicinctus_2041938",344,0.324528301886792
"s","Boucherville","PUF_BOU_02","10/06/2024","24/06/2024","Tyrophagus_putrescentiae_59818",76,0.0716981132075472
"s","Boucherville","PUF_BOU_02","10/06/2024","24/06/2024","Homo_sapiens_9606",34,0.0320754716981132
"s","Boucherville","PUF_BOU_02","10/06/2024","24/06/2024","Cantharis_versicolor_-4961",24,0.0226415094339623
"s","Boucherville","PUF_BOU_02","10/06/2024","24/06/2024","Glypsus_conspicuus_-21472",18,0.0169811320754717
"s","Boucherville","PUF_BOU_02","10/06/2024","24/06/2024","Rhacognathus_americanus_-21479",17,0.0160377358490566
"s","Boucherville","PUF_BOU_03","24/06/2024","08/07/2024",NA,380,0.581929555895865
"s","Boucherville","PUF_BOU_03","24/06/2024","08/07/2024","Glypsus_conspicuus_-21472",115,0.176110260336907
"s","Boucherville","PUF_BOU_03","24/06/2024","08/07/2024","Deuterosminthurus_bicinctus_2041938",82,0.125574272588055
"s","Boucherville","PUF_BOU_03","24/06/2024","08/07/2024","Bos_taurus_9913",57,0.0872894333843798
"s","Boucherville","PUF_BOU_03","24/06/2024","08/07/2024","Rhacognathus_americanus_-21479",12,0.0183767228177642
"s","Boucherville","PUF_BOU_03","24/06/2024","08/07/2024","Melanoplus_washingtonius_-64865",7,0.0107197549770291
"s","Boucherville","PUF_BOU_04","08/07/2024","22/07/2024","Glypsus_conspicuus_-21472",276,0.46
"s","Boucherville","PUF_BOU_04","08/07/2024","22/07/2024",NA,264,0.44
"s","Boucherville","PUF_BOU_04","08/07/2024","22/07/2024","Melanoplus_femurrubrum_103640",32,0.0533333333333333
"s","Boucherville","PUF_BOU_04","08/07/2024","22/07/2024","Deuterosminthurus_bicinctus_2041938",8,0.0133333333333333
"s","Boucherville","PUF_BOU_04","08/07/2024","22/07/2024","Bembidion_flebile_-5823",7,0.0116666666666667
"s","Boucherville","PUF_BOU_04","08/07/2024","22/07/2024","Rhacognathus_americanus_-21479",5,0.00833333333333333
"s","Boucherville","PUF_BOU_04","08/07/2024","22/07/2024","Homo_sapiens_9606",4,0.00666666666666667
"s","Boucherville","PUF_BOU_04","08/07/2024","22/07/2024","Bos_grunniens_30521",3,0.005
"s","Boucherville","PUF_BOU_04","08/07/2024","22/07/2024","Lasius_niger_67767",1,0.00166666666666667
"s","Boucherville","PUF_BOU_05","22/07/2024","05/08/2024","Glypsus_conspicuus_-21472",1825,0.74217161447743
"s","Boucherville","PUF_BOU_05","22/07/2024","05/08/2024",NA,384,0.156161041073607
"s","Boucherville","PUF_BOU_05","22/07/2024","05/08/2024","Aphis_glycines_307491",140,0.0569337128914193
"s","Boucherville","PUF_BOU_05","22/07/2024","05/08/2024","Corynoptera_bicuspidata_1720649",34,0.013826758845059
"s","Boucherville","PUF_BOU_05","22/07/2024","05/08/2024","Ornithonyssus_sylviarum_224536",34,0.013826758845059
"s","Boucherville","PUF_BOU_05","22/07/2024","05/08/2024","Cantharis_versicolor_-4961",19,0.00772671817812119
"s","Boucherville","PUF_BOU_05","22/07/2024","05/08/2024","Rhacognathus_americanus_-21479",16,0.00650671004473363
"s","Boucherville","PUF_BOU_05","22/07/2024","05/08/2024","Rynchobanchus_minomensis_1905501",7,0.00284668564457096
"s","Boucherville","PUF_BOU_06","05/08/2024","19/08/2024","Glypsus_conspicuus_-21472",563,0.656177156177156
"s","Boucherville","PUF_BOU_06","05/08/2024","19/08/2024",NA,230,0.268065268065268
"s","Boucherville","PUF_BOU_06","05/08/2024","19/08/2024","Artemia_sorgeloosi_3034414",30,0.034965034965035
"s","Boucherville","PUF_BOU_06","05/08/2024","19/08/2024","Ischnura_verticalis_88053",18,0.020979020979021
"s","Boucherville","PUF_BOU_06","05/08/2024","19/08/2024","Tetra_lobulifera_2837686",12,0.013986013986014
"s","Boucherville","PUF_BOU_06","05/08/2024","19/08/2024","Deuterosminthurus_bicinctus_2041938",5,0.00582750582750583
"s","Boucherville","PUF_BOU_07","19/08/2024","02/09/2024",NA,120,0.368098159509202
"s","Boucherville","PUF_BOU_07","19/08/2024","02/09/2024","Glypsus_conspicuus_-21472",92,0.282208588957055
"s","Boucherville","PUF_BOU_07","19/08/2024","02/09/2024","Bos_taurus_9913",60,0.184049079754601
"s","Boucherville","PUF_BOU_07","19/08/2024","02/09/2024","Deuterosminthurus_bicinctus_2041938",53,0.162576687116564
"s","Boucherville","PUF_BOU_07","19/08/2024","02/09/2024","Galapagocoris_crockeri_-21293",1,0.00306748466257669
"s","Boucherville","PUF_BOU_08","02/09/2024","16/09/2024","Glypsus_conspicuus_-21472",1701,0.758021390374332
"s","Boucherville","PUF_BOU_08","02/09/2024","16/09/2024",NA,530,0.236185383244207
"s","Boucherville","PUF_BOU_08","02/09/2024","16/09/2024","Psychoda_alternata_114594",13,0.00579322638146168
"s","Boucherville","PUF_BOU_09","16/09/2024","30/09/2024","Glypsus_conspicuus_-21472",1259,0.694812362030905
"s","Boucherville","PUF_BOU_09","16/09/2024","30/09/2024",NA,456,0.251655629139073
"s","Boucherville","PUF_BOU_09","16/09/2024","30/09/2024","Homo_sapiens_9606",68,0.0375275938189845
"s","Boucherville","PUF_BOU_09","16/09/2024","30/09/2024","Bembidion_flebile_-5823",19,0.010485651214128
"s","Boucherville","PUF_BOU_09","16/09/2024","30/09/2024","Deroceras_laeve_147581",10,0.00551876379690949
"s","IPEX","PUF_IPEX_01","15/05/2024","29/05/2024","Glypsus_conspicuus_-21472",48,0.428571428571429
"s","IPEX","PUF_IPEX_01","15/05/2024","29/05/2024",NA,33,0.294642857142857
"s","IPEX","PUF_IPEX_01","15/05/2024","29/05/2024","Bos_grunniens_30521",21,0.1875
"s","IPEX","PUF_IPEX_01","15/05/2024","29/05/2024","Homo_sapiens_9606",7,0.0625
"s","IPEX","PUF_IPEX_01","15/05/2024","29/05/2024","Rhyncaphytoptus_amplus_2837673",3,0.0267857142857143
"s","IPEX","PUF_IPEX_02","29/05/2024","12/06/2024",NA,1443,0.79504132231405
"s","IPEX","PUF_IPEX_02","29/05/2024","12/06/2024","Abacarus_hystrix_644148",125,0.068870523415978
"s","IPEX","PUF_IPEX_02","29/05/2024","12/06/2024","Glypsus_conspicuus_-21472",90,0.0495867768595041
"s","IPEX","PUF_IPEX_02","29/05/2024","12/06/2024","Rhacognathus_americanus_-21479",54,0.0297520661157025
"s","IPEX","PUF_IPEX_02","29/05/2024","12/06/2024","Tetra_lobulifera_2837686",21,0.0115702479338843
"s","IPEX","PUF_IPEX_02","29/05/2024","12/06/2024","Cinara_laricifex_527606",17,0.009366391184573
"s","IPEX","PUF_IPEX_02","29/05/2024","12/06/2024","Hippodamia_variegata_703264",14,0.00771349862258953
"s","IPEX","PUF_IPEX_02","29/05/2024","12/06/2024","Tanytarsus_guerlus_994302",11,0.00606060606060606
"s","IPEX","PUF_IPEX_02","29/05/2024","12/06/2024","Corynoneura_scutellata_611450",10,0.00550964187327824
"s","IPEX","PUF_IPEX_02","29/05/2024","12/06/2024","Cantharis_versicolor_-4961",9,0.00495867768595041
"s","IPEX","PUF_IPEX_02","29/05/2024","12/06/2024","Homo_sapiens_9606",7,0.00385674931129477
"s","IPEX","PUF_IPEX_02","29/05/2024","12/06/2024","Cavariella_aegopodii_330421",6,0.00330578512396694
"s","IPEX","PUF_IPEX_02","29/05/2024","12/06/2024","Chironomus_decorus_-13480",5,0.00275482093663912
"s","IPEX","PUF_IPEX_02","29/05/2024","12/06/2024","Aculodes_mckenziei_644532",3,0.00165289256198347
"s","IPEX","PUF_IPEX_03","12/06/2024","26/06/2024","Larinioides_sclopetarius_280406",9576,0.845861672997085
"s","IPEX","PUF_IPEX_03","12/06/2024","26/06/2024",NA,1477,0.130465506580691
"s","IPEX","PUF_IPEX_03","12/06/2024","26/06/2024","Glypsus_conspicuus_-21472",174,0.0153696669905485
"s","IPEX","PUF_IPEX_03","12/06/2024","26/06/2024","Bos_taurus_9913",52,0.00459323381326738
"s","IPEX","PUF_IPEX_03","12/06/2024","26/06/2024","Galapagocoris_crockeri_-21293",15,0.00132497129228867
"s","IPEX","PUF_IPEX_03","12/06/2024","26/06/2024","Bembidion_flebile_-5823",13,0.00114830845331684
"s","IPEX","PUF_IPEX_03","12/06/2024","26/06/2024","Homo_sapiens_9606",8,0.000706651355887289
"s","IPEX","PUF_IPEX_03","12/06/2024","26/06/2024","Bezzia_nobilis_1887968",6,0.000529988516915467
"s","IPEX","PUF_IPEX_04","26/06/2024","10/07/2024",NA,902,0.445652173913043
"s","IPEX","PUF_IPEX_04","26/06/2024","10/07/2024","Glypsus_conspicuus_-21472",888,0.438735177865613
"s","IPEX","PUF_IPEX_04","26/06/2024","10/07/2024","Rhacognathus_americanus_-21479",105,0.0518774703557312
"s","IPEX","PUF_IPEX_04","26/06/2024","10/07/2024","Bos_taurus_9913",48,0.0237154150197628
"s","IPEX","PUF_IPEX_04","26/06/2024","10/07/2024","Abacarus_hystrix_644148",28,0.0138339920948617
"s","IPEX","PUF_IPEX_04","26/06/2024","10/07/2024","Tyrophagus_putrescentiae_59818",27,0.0133399209486166
"s","IPEX","PUF_IPEX_04","26/06/2024","10/07/2024","Rynchobanchus_minomensis_1905501",17,0.00839920948616601
"s","IPEX","PUF_IPEX_04","26/06/2024","10/07/2024","Homo_sapiens_9606",9,0.00444664031620553
"s","IPEX","PUF_IPEX_05","10/07/2024","24/07/2024","Glypsus_conspicuus_-21472",3773,0.642212765957447
"s","IPEX","PUF_IPEX_05","10/07/2024","24/07/2024",NA,1736,0.295489361702128
"s","IPEX","PUF_IPEX_05","10/07/2024","24/07/2024","Deuterosminthurus_bicinctus_2041938",121,0.0205957446808511
"s","IPEX","PUF_IPEX_05","10/07/2024","24/07/2024","Rhacognathus_americanus_-21479",64,0.0108936170212766
"s","IPEX","PUF_IPEX_05","10/07/2024","24/07/2024","Homo_sapiens_9606",49,0.00834042553191489
"s","IPEX","PUF_IPEX_05","10/07/2024","24/07/2024","Aculus_populi_2920999",37,0.00629787234042553
"s","IPEX","PUF_IPEX_05","10/07/2024","24/07/2024","Ceraclea_cancellata_763285",27,0.00459574468085106
"s","IPEX","PUF_IPEX_05","10/07/2024","24/07/2024","Galapagocoris_crockeri_-21293",23,0.00391489361702128
"s","IPEX","PUF_IPEX_05","10/07/2024","24/07/2024","Aeshna_umbrosa_1081897",13,0.00221276595744681
"s","IPEX","PUF_IPEX_05","10/07/2024","24/07/2024","Cepaea_nemoralis_28835",12,0.00204255319148936
"s","IPEX","PUF_IPEX_05","10/07/2024","24/07/2024","Lasius_niger_67767",12,0.00204255319148936
"s","IPEX","PUF_IPEX_05","10/07/2024","24/07/2024","Artemia_sorgeloosi_3034414",8,0.00136170212765957
"s","IPEX","PUF_IPEX_06","24/07/2024","07/08/2024","Glypsus_conspicuus_-21472",812,0.751156336725254
"s","IPEX","PUF_IPEX_06","24/07/2024","07/08/2024",NA,248,0.229417206290472
"s","IPEX","PUF_IPEX_06","24/07/2024","07/08/2024","Rhacognathus_americanus_-21479",11,0.0101757631822387
"s","IPEX","PUF_IPEX_06","24/07/2024","07/08/2024","Galapagocoris_crockeri_-21293",6,0.00555041628122109
"s","IPEX","PUF_IPEX_06","24/07/2024","07/08/2024","Homo_sapiens_9606",4,0.00370027752081406
"s","IPEX","PUF_IPEX_07","07/08/2024","21/08/2024","Glypsus_conspicuus_-21472",1045,0.588732394366197
"s","IPEX","PUF_IPEX_07","07/08/2024","21/08/2024",NA,676,0.380845070422535
"s","IPEX","PUF_IPEX_07","07/08/2024","21/08/2024","Rhacognathus_americanus_-21479",27,0.0152112676056338
"s","IPEX","PUF_IPEX_07","07/08/2024","21/08/2024","Rynchobanchus_minomensis_1905501",13,0.00732394366197183
"s","IPEX","PUF_IPEX_07","07/08/2024","21/08/2024","Scatella_tenuicosta_1473685",9,0.00507042253521127
"s","IPEX","PUF_IPEX_07","07/08/2024","21/08/2024","Homo_sapiens_9606",5,0.0028169014084507
"s","IPEX","PUF_IPEX_08","21/08/2024","04/09/2024","Glypsus_conspicuus_-21472",1466,0.618043844856661
"s","IPEX","PUF_IPEX_08","21/08/2024","04/09/2024",NA,773,0.325885328836425
"s","IPEX","PUF_IPEX_08","21/08/2024","04/09/2024","Bos_taurus_9913",70,0.0295109612141653
"s","IPEX","PUF_IPEX_08","21/08/2024","04/09/2024","Rhacognathus_americanus_-21479",27,0.0113827993254637
"s","IPEX","PUF_IPEX_08","21/08/2024","04/09/2024","Eukiefferiella_brevicalcar_2881961",19,0.00801011804384486
"s","IPEX","PUF_IPEX_08","21/08/2024","04/09/2024","Homo_sapiens_9606",17,0.00716694772344013
"s","IPEX","PUF_IPEX_09","04/09/2024","18/09/2024","Glypsus_conspicuus_-21472",962,0.79635761589404
"s","IPEX","PUF_IPEX_09","04/09/2024","18/09/2024",NA,221,0.18294701986755
"s","IPEX","PUF_IPEX_09","04/09/2024","18/09/2024","Uroleucon_anomalae_527891",11,0.00910596026490066
"s","IPEX","PUF_IPEX_09","04/09/2024","18/09/2024","Anoecia_corni_874299",7,0.00579470198675497
"s","IPEX","PUF_IPEX_09","04/09/2024","18/09/2024","Rhacognathus_americanus_-21479",7,0.00579470198675497
"s","IPEX","PUF_IPEX_10","18/09/2024","02/10/2024","Glypsus_conspicuus_-21472",2651,0.602636962946124
"s","IPEX","PUF_IPEX_10","18/09/2024","02/10/2024",NA,979,0.222550579677199
"s","IPEX","PUF_IPEX_10","18/09/2024","02/10/2024","Liposcelis_paeta_209927",574,0.130484200954762
"s","IPEX","PUF_IPEX_10","18/09/2024","02/10/2024","Bryophaenocladius_terrestris_3042047",83,0.0188679245283019
"s","IPEX","PUF_IPEX_10","18/09/2024","02/10/2024","Rhacognathus_americanus_-21479",45,0.0102295976358263
"s","IPEX","PUF_IPEX_10","18/09/2024","02/10/2024","Agrotis_venerabilis_689057",23,0.00522846101386679
"s","IPEX","PUF_IPEX_10","18/09/2024","02/10/2024","Tetramorium_immigrans_2164160",20,0.00454648783814503
"s","IPEX","PUF_IPEX_10","18/09/2024","02/10/2024","Cylindroiulus_caeruleocinctus_438504",17,0.00386451466242328
"s","IPEX","PUF_IPEX_10","18/09/2024","02/10/2024","Acalitus_vaccinii_1602339",7,0.00159127074335076
"s","Jean-Drapeau","PUF_JD_01","22/05/2024","05/06/2024","Hypena_scabra_95219",6071,0.681675275095441
"s","Jean-Drapeau","PUF_JD_01","22/05/2024","05/06/2024","Anystis_baccarum_2250316",1435,0.161127329889962
"s","Jean-Drapeau","PUF_JD_01","22/05/2024","05/06/2024",NA,1170,0.13137210869077
"s","Jean-Drapeau","PUF_JD_01","22/05/2024","05/06/2024","Tetragnatha_shoshone_1659988",76,0.00853357287222097
"s","Jean-Drapeau","PUF_JD_01","22/05/2024","05/06/2024","Glypsus_conspicuus_-21472",46,0.00516505726476533
"s","Jean-Drapeau","PUF_JD_01","22/05/2024","05/06/2024","Tetramorium_immigrans_2164160",34,0.00381765102178307
"s","Jean-Drapeau","PUF_JD_01","22/05/2024","05/06/2024","Aphis_pomi_527582",16,0.00179654165730968
"s","Jean-Drapeau","PUF_JD_01","22/05/2024","05/06/2024","Homo_sapiens_9606",13,0.00145969009656411
"s","Jean-Drapeau","PUF_JD_01","22/05/2024","05/06/2024","Stenacron_gildersleevei_603688",13,0.00145969009656411
"s","Jean-Drapeau","PUF_JD_01","22/05/2024","05/06/2024","Plagiognathus_obscurus_881741",11,0.0012351223894004
"s","Jean-Drapeau","PUF_JD_01","22/05/2024","05/06/2024","Rhacognathus_americanus_-21479",11,0.0012351223894004
"s","Jean-Drapeau","PUF_JD_01","22/05/2024","05/06/2024","Demodex_folliculorum_481310",7,0.000785986975072985
"s","Jean-Drapeau","PUF_JD_01","22/05/2024","05/06/2024","Pityophthorus_cariniceps_2109450",3,0.000336851560745565
"s","Jean-Drapeau","PUF_JD_02","05/06/2024","19/06/2024","Pigritia_fidella_1473675",13484,0.945913714486145
"s","Jean-Drapeau","PUF_JD_02","05/06/2024","19/06/2024",NA,354,0.0248333917923536
"s","Jean-Drapeau","PUF_JD_02","05/06/2024","19/06/2024","Xestia_c-nigrum_987431",183,0.0128376008418099
"s","Jean-Drapeau","PUF_JD_02","05/06/2024","19/06/2024","Hydroptila_spatulata_692086",94,0.00659417748158541
"s","Jean-Drapeau","PUF_JD_02","05/06/2024","19/06/2024","Hydropsyche_alternans_3381222",46,0.00322693791652052
"s","Jean-Drapeau","PUF_JD_02","05/06/2024","19/06/2024","Tetragnatha_guatemalensis_336607",28,0.00196422307962119
"s","Jean-Drapeau","PUF_JD_02","05/06/2024","19/06/2024","Philodromus_cespitum_336569",13,0.000911960715538408
"s","Jean-Drapeau","PUF_JD_02","05/06/2024","19/06/2024","Agelaius_phoeniceus_39638",10,0.000701508242721852
"s","Jean-Drapeau","PUF_JD_02","05/06/2024","19/06/2024","Hyloniscus_riparius_115155",9,0.000631357418449667
"s","Jean-Drapeau","PUF_JD_02","05/06/2024","19/06/2024","Polypedilum_illinoense_2768667",6,0.000420904945633111
"s","Jean-Drapeau","PUF_JD_02","05/06/2024","19/06/2024","Cricotopus_trifascia_401643",5,0.000350754121360926
"s","Jean-Drapeau","PUF_JD_02","05/06/2024","19/06/2024","Cylindroiulus_caeruleocinctus_438504",5,0.000350754121360926
"s","Jean-Drapeau","PUF_JD_02","05/06/2024","19/06/2024","Larinioides_cornutus_336591",5,0.000350754121360926
"s","Jean-Drapeau","PUF_JD_02","05/06/2024","19/06/2024","Melanoplus_bivittatus_103633",5,0.000350754121360926
"s","Jean-Drapeau","PUF_JD_02","05/06/2024","19/06/2024","Glypsus_conspicuus_-21472",4,0.000280603297088741
"s","Jean-Drapeau","PUF_JD_02","05/06/2024","19/06/2024","Homo_sapiens_9606",4,0.000280603297088741
"s","Jean-Drapeau","PUF_JD_03","19/06/2024","03/07/2024",NA,525,0.503355704697987
"s","Jean-Drapeau","PUF_JD_03","19/06/2024","03/07/2024","Plagiognathus_obscurus_881741",163,0.156279961649089
"s","Jean-Drapeau","PUF_JD_03","19/06/2024","03/07/2024","Glypsus_conspicuus_-21472",160,0.153403643336529
"s","Jean-Drapeau","PUF_JD_03","19/06/2024","03/07/2024","Homo_sapiens_9606",100,0.0958772770853308
"s","Jean-Drapeau","PUF_JD_03","19/06/2024","03/07/2024","Chrysoperla_adamsi_76812",31,0.0297219558964525
"s","Jean-Drapeau","PUF_JD_03","19/06/2024","03/07/2024","Oidaematophorus_homodactylus_688447",24,0.0230105465004794
"s","Jean-Drapeau","PUF_JD_03","19/06/2024","03/07/2024","Kosswigianella_wasatchi_1863055",21,0.0201342281879195
"s","Jean-Drapeau","PUF_JD_03","19/06/2024","03/07/2024","Lasius_neoniger_611257",11,0.0105465004793864
"s","Jean-Drapeau","PUF_JD_03","19/06/2024","03/07/2024","Cricotopus_vierriensis_1720656",3,0.00287631831255992
"s","Jean-Drapeau","PUF_JD_03","19/06/2024","03/07/2024","Rhacognathus_americanus_-21479",3,0.00287631831255992
"s","Jean-Drapeau","PUF_JD_03","19/06/2024","03/07/2024","Aceria_tosichella_561515",2,0.00191754554170662
"s","Jean-Drapeau","PUF_JD_04","03/07/2024","17/07/2024","Glypsus_conspicuus_-21472",996,0.603270745003028
"s","Jean-Drapeau","PUF_JD_04","03/07/2024","17/07/2024",NA,273,0.165354330708661
"s","Jean-Drapeau","PUF_JD_04","03/07/2024","17/07/2024","Bos_taurus_9913",217,0.131435493640218
"s","Jean-Drapeau","PUF_JD_04","03/07/2024","17/07/2024","Tetragnatha_guatemalensis_336607",153,0.0926711084191399
"s","Jean-Drapeau","PUF_JD_04","03/07/2024","17/07/2024","Homo_sapiens_9606",7,0.00423985463355542
"s","Jean-Drapeau","PUF_JD_04","03/07/2024","17/07/2024","Bembidion_flebile_-5823",5,0.00302846759539673
"s","Jean-Drapeau","PUF_JD_05","17/07/2024","31/07/2024","Tetragnatha_guatemalensis_336607",1700,0.403704583234386
"s","Jean-Drapeau","PUF_JD_05","17/07/2024","31/07/2024",NA,1162,0.275943956304916
"s","Jean-Drapeau","PUF_JD_05","17/07/2024","31/07/2024","Glypsus_conspicuus_-21472",609,0.144621230111612
"s","Jean-Drapeau","PUF_JD_05","17/07/2024","31/07/2024","Pemphigus_populitransversus_220090",429,0.101876038945619
"s","Jean-Drapeau","PUF_JD_05","17/07/2024","31/07/2024","Euschistus_servus_756488",55,0.0130610306340537
"s","Jean-Drapeau","PUF_JD_05","17/07/2024","31/07/2024","Tetra_lobulifera_2837686",50,0.0118736642127761
"s","Jean-Drapeau","PUF_JD_05","17/07/2024","31/07/2024","Bos_taurus_9913",45,0.0106862977914985
"s","Jean-Drapeau","PUF_JD_05","17/07/2024","31/07/2024","Aphis_glycines_307491",42,0.00997387793873189
"s","Jean-Drapeau","PUF_JD_05","17/07/2024","31/07/2024","Melanophthalma_pumila_2083628",38,0.00902398480170981
"s","Jean-Drapeau","PUF_JD_05","17/07/2024","31/07/2024","Endria_inimicus_-19763",37,0.00878651151745429
"s","Jean-Drapeau","PUF_JD_05","17/07/2024","31/07/2024","Artemia_tibetiana_351233",12,0.00284967941106626
"s","Jean-Drapeau","PUF_JD_05","17/07/2024","31/07/2024","Homo_sapiens_9606",11,0.00261220612681073
"s","Jean-Drapeau","PUF_JD_05","17/07/2024","31/07/2024","Rhacognathus_americanus_-21479",11,0.00261220612681073
"s","Jean-Drapeau","PUF_JD_05","17/07/2024","31/07/2024","Parasteatoda_tabulata_1112459",7,0.00166231298978865
"s","Jean-Drapeau","PUF_JD_05","17/07/2024","31/07/2024","Larinioides_sclopetarius_280406",3,0.000712419852766564
"s","Jean-Drapeau","PUF_JD_06","31/07/2024","14/08/2024","Glypsus_conspicuus_-21472",3494,0.872845365975518
"s","Jean-Drapeau","PUF_JD_06","31/07/2024","14/08/2024",NA,340,0.0849362977766675
"s","Jean-Drapeau","PUF_JD_06","31/07/2024","14/08/2024","Tetragnatha_guatemalensis_336607",119,0.0297277042218336
"s","Jean-Drapeau","PUF_JD_06","31/07/2024","14/08/2024","Cricotopus_trifascia_401643",15,0.00374718960779415
"s","Jean-Drapeau","PUF_JD_06","31/07/2024","14/08/2024","Lasius_flavus_67763",10,0.0024981264051961
"s","Jean-Drapeau","PUF_JD_06","31/07/2024","14/08/2024","Tanytarsus_allicis_684726",7,0.00174868848363727
"s","Jean-Drapeau","PUF_JD_06","31/07/2024","14/08/2024","Euschistus_servus_756488",5,0.00124906320259805
"s","Jean-Drapeau","PUF_JD_06","31/07/2024","14/08/2024","Hydroptila_spatulata_692086",5,0.00124906320259805
"s","Jean-Drapeau","PUF_JD_06","31/07/2024","14/08/2024","Oecanthus_niveus_1425302",5,0.00124906320259805
"s","Jean-Drapeau","PUF_JD_06","31/07/2024","14/08/2024","Phrurolithus_goodnighti_-1975",3,0.000749437921558831
"s","Jean-Drapeau","PUF_JD_07","14/08/2024","28/08/2024","Glypsus_conspicuus_-21472",2271,0.49509483322433
"s","Jean-Drapeau","PUF_JD_07","14/08/2024","28/08/2024","Harmonia_axyridis_115357",867,0.189012426422498
"s","Jean-Drapeau","PUF_JD_07","14/08/2024","28/08/2024","Hydropsyche_alternans_3381222",592,0.129060388053194
"s","Jean-Drapeau","PUF_JD_07","14/08/2024","28/08/2024",NA,564,0.122956180510137
"s","Jean-Drapeau","PUF_JD_07","14/08/2024","28/08/2024","Aceria_fraxiniflora_2837636",95,0.0207107041639416
"s","Jean-Drapeau","PUF_JD_07","14/08/2024","28/08/2024","Lygus_lineolaris_50650",79,0.0172225855679093
"s","Jean-Drapeau","PUF_JD_07","14/08/2024","28/08/2024","Larinioides_sclopetarius_280406",53,0.0115543928493569
"s","Jean-Drapeau","PUF_JD_07","14/08/2024","28/08/2024","Brachymyrmex_depilis_354278",25,0.00545018530630041
"s","Jean-Drapeau","PUF_JD_07","14/08/2024","28/08/2024","Deuterosminthurus_bicinctus_2041938",23,0.00501417048179638
"s","Jean-Drapeau","PUF_JD_07","14/08/2024","28/08/2024","Homo_sapiens_9606",9,0.00196206671026815
"s","Jean-Drapeau","PUF_JD_07","14/08/2024","28/08/2024","Tetragnatha_guatemalensis_336607",9,0.00196206671026815
"s","Jean-Drapeau","PUF_JD_08","28/08/2024","11/09/2024","Tetragnatha_guatemalensis_336607",8581,0.981807780320366
"s","Jean-Drapeau","PUF_JD_08","28/08/2024","11/09/2024","Glypsus_conspicuus_-21472",95,0.0108695652173913
"s","Jean-Drapeau","PUF_JD_08","28/08/2024","11/09/2024",NA,38,0.00434782608695652
"s","Jean-Drapeau","PUF_JD_08","28/08/2024","11/09/2024","Maiestas_rostriformis_2771410",20,0.0022883295194508
"s","Jean-Drapeau","PUF_JD_08","28/08/2024","11/09/2024","Acalitus_vaccinii_1602339",6,0.00068649885583524
"s","Jean-Drapeau","PUF_JD_09","11/09/2024","25/09/2024","Glypsus_conspicuus_-21472",670,0.551440329218107
"s","Jean-Drapeau","PUF_JD_09","11/09/2024","25/09/2024",NA,501,0.412345679012346
"s","Jean-Drapeau","PUF_JD_09","11/09/2024","25/09/2024","Tetragnatha_guatemalensis_336607",20,0.0164609053497942
"s","Jean-Drapeau","PUF_JD_09","11/09/2024","25/09/2024","Sarcophaga_sinuata_2795684",10,0.00823045267489712
"s","Jean-Drapeau","PUF_JD_09","11/09/2024","25/09/2024","Sus_scrofa_9823",9,0.00740740740740741
"s","Jean-Drapeau","PUF_JD_09","11/09/2024","25/09/2024","Lasius_niger_67767",3,0.00246913580246914
"s","Jean-Drapeau","PUF_JD_09","11/09/2024","25/09/2024","Homo_sapiens_9606",2,0.00164609053497942
"s","Jean-Drapeau","PUF_JD_10","25/09/2024","09/10/2024","Capitophorus_elaeagni_527612",6147,0.706470520629813
"s","Jean-Drapeau","PUF_JD_10","25/09/2024","09/10/2024","Glypsus_conspicuus_-21472",1552,0.178370302264108
"s","Jean-Drapeau","PUF_JD_10","25/09/2024","09/10/2024",NA,362,0.0416044132858292
"s","Jean-Drapeau","PUF_JD_10","25/09/2024","09/10/2024","Cricotopus_trifascia_401643",243,0.0279278243880014
"s","Jean-Drapeau","PUF_JD_10","25/09/2024","09/10/2024","Tetragnatha_shoshone_1659988",215,0.0247098034708654
"s","Jean-Drapeau","PUF_JD_10","25/09/2024","09/10/2024","Bos_taurus_9913",67,0.00770026433743248
"s","Jean-Drapeau","PUF_JD_10","25/09/2024","09/10/2024","Larinioides_patagiatus_336592",46,0.00528674864958051
"s","Jean-Drapeau","PUF_JD_10","25/09/2024","09/10/2024","Hydropsyche_alternans_3381222",34,0.00390759682795081
"s","Jean-Drapeau","PUF_JD_10","25/09/2024","09/10/2024","Forficula_auricularia_13068",23,0.00264337432479025
"s","Jean-Drapeau","PUF_JD_10","25/09/2024","09/10/2024","Agrochola_bicolorago_689303",12,0.0013791518216297
"s",NA,NA,NA,NA,"Cethosia_biblis_876379",15388,0.509367759020192
"s",NA,NA,NA,NA,"Heliconius_doris_33455",10768,0.356438265475008
"s",NA,NA,NA,NA,"Caligo_brasiliensis_1005066",2710,0.0897053955643827
"s",NA,NA,NA,NA,"Willowsia_buskii_1458441",340,0.0112545514730222
"s",NA,NA,NA,NA,"Parthenos_sylvia_3150745",299,0.00989738497186362
"s",NA,NA,NA,NA,"Papilio_rumanzovia_262663",226,0.0074809665673618
"s",NA,NA,NA,NA,NA,125,0.00413770274743462
"s",NA,NA,NA,NA,"Hymenopus_coronatus_267205",76,0.00251572327044025
"s",NA,NA,NA,NA,"Tyrophagus_putrescentiae_59818",62,0.00205230056272757
"s",NA,NA,NA,NA,"Siproeta_epaphus_311052",61,0.0020191989407481
"s",NA,NA,NA,NA,"Papilio_demoleus_76202",50,0.00165508109897385
"s",NA,NA,NA,NA,"Papilio_memnon_76198",25,0.000827540549486925
"s",NA,NA,NA,NA,"Homo_sapiens_9606",17,0.000562727573651109
"s",NA,NA,NA,NA,"Doleschallia_bisaltide_311083",16,0.000529625951671632
"s",NA,NA,NA,NA,"Megaselia_scalaris_36166",12,0.000397219463753724
"s",NA,NA,NA,NA,"Hermetia_illucens_343691",11,0.000364117841774247
"s",NA,NA,NA,NA,"Hamadryas_laodamia_741408",9,0.000297914597815293
"s",NA,NA,NA,NA,"Heliconius_sara_33443",8,0.000264812975835816
"s",NA,NA,NA,NA,"Papilio_polytes_76194",4,0.000132406487917908
"s",NA,NA,NA,NA,"Rhacognathus_americanus_-21479",3,9.9304865938431e-05
