"Level","site","ID_order","from","to","Taxon","Reads","Fx"
"k","Bird Observatory","PUF_MBO_01","20/05/2024","03/06/2024","Metazoa_33208",2250,1
"k","Bird Observatory","PUF_MBO_02","03/06/2024","17/06/2024","Metazoa_33208",15321,1
"k","Bird Observatory","PUF_MBO_03","17/06/2024","01/07/2024","Metazoa_33208",594,1
"k","Bird Observatory","PUF_MBO_04","01/07/2024","15/07/2024","Metazoa_33208",1115,1
"k","Bird Observatory","PUF_MBO_05","15/07/2024","29/07/2024","Metazoa_33208",9188,1
"k","Bird Observatory","PUF_MBO_06","29/07/2024","12/08/2024","Metazoa_33208",868,1
"k","Bird Observatory","PUF_MBO_07","12/08/2024","26/08/2024","Metazoa_33208",1625,1
"k","Bird Observatory","PUF_MBO_08","26/08/2024","09/09/2024","Metazoa_33208",1538,1
"k","Bird Observatory","PUF_MBO_09","09/09/2024","23/09/2024","Metazoa_33208",2779,1
"k","Bird Observatory","PUF_MBO_10","23/09/2024","07/10/2024","Metazoa_33208",1492,1
"k","Botanical Garden","PUF_BOT_01","17/05/2024","31/05/2024","Metazoa_33208",796,1
"k","Botanical Garden","PUF_BOT_02","31/05/2024","14/06/2024","Metazoa_33208",2381,1
"k","Botanical Garden","PUF_BOT_03","24/06/2024","28/06/2024","Metazoa_33208",88,1
"k","Botanical Garden","PUF_BOT_04","28/06/2024","12/07/2024","Metazoa_33208",916,1
"k","Botanical Garden","PUF_BOT_05","12/07/2024","26/07/2024","Metazoa_33208",1500,1
"k","Botanical Garden","PUF_BOT_06","26/07/2024","09/08/2024","Metazoa_33208",19613,1
"k","Botanical Garden","PUF_BOT_07","09/08/2024","23/08/2024","Metazoa_33208",2534,1
"k","Botanical Garden","PUF_BOT_08","23/08/2024","06/09/2024","Metazoa_33208",1124,1
"k","Botanical Garden","PUF_BOT_09","06/09/2024","20/09/2024","Metazoa_33208",1421,1
"k","Botanical Garden","PUF_BOT_10","20/09/2024","04/10/2024","Metazoa_33208",3845,1
"k","Boucherville","PUF_BOU_01","27/05/2024","10/06/2024","Metazoa_33208",252,1
"k","Boucherville","PUF_BOU_02","10/06/2024","24/06/2024","Metazoa_33208",1045,1
"k","Boucherville","PUF_BOU_03","24/06/2024","08/07/2024","Metazoa_33208",637,1
"k","Boucherville","PUF_BOU_04","08/07/2024","22/07/2024","Metazoa_33208",578,1
"k","Boucherville","PUF_BOU_05","22/07/2024","05/08/2024","Metazoa_33208",2341,1
"k","Boucherville","PUF_BOU_06","05/08/2024","19/08/2024","Metazoa_33208",836,1
"k","Boucherville","PUF_BOU_07","19/08/2024","02/09/2024","Metazoa_33208",324,1
"k","Boucherville","PUF_BOU_08","02/09/2024","16/09/2024","Metazoa_33208",2147,1
"k","Boucherville","PUF_BOU_09","16/09/2024","30/09/2024","Metazoa_33208",1739,1
"k","IPEX","PUF_IPEX_01","15/05/2024","29/05/2024","Metazoa_33208",112,1
"k","IPEX","PUF_IPEX_02","29/05/2024","12/06/2024","Metazoa_33208",1743,1
"k","IPEX","PUF_IPEX_03","12/06/2024","26/06/2024","Metazoa_33208",11131,1
"k","IPEX","PUF_IPEX_04","26/06/2024","10/07/2024","Metazoa_33208",1912,1
"k","IPEX","PUF_IPEX_05","10/07/2024","24/07/2024","Metazoa_33208",5461,1
"k","IPEX","PUF_IPEX_06","24/07/2024","07/08/2024","Metazoa_33208",961,1
"k","IPEX","PUF_IPEX_07","07/08/2024","21/08/2024","Metazoa_33208",1645,1
"k","IPEX","PUF_IPEX_08","21/08/2024","04/09/2024","Metazoa_33208",2267,1
"k","IPEX","PUF_IPEX_09","04/09/2024","18/09/2024","Metazoa_33208",1081,1
"k","IPEX","PUF_IPEX_10","18/09/2024","02/10/2024","Metazoa_33208",3998,1
"k","Insectarium","Insectarium_Cocoon","10/11/2025","24/11/2025","Metazoa_33208",269,1
"k","Insectarium","Insectarium_Door","10/11/2025","24/11/2025","Metazoa_33208",49,1
"k","Insectarium","Insectarium_Up","10/11/2025","24/11/2025","Metazoa_33208",1884,1
"k","Jean-Drapeau","PUF_JD_01","22/05/2024","05/06/2024","Metazoa_33208",8868,1
"k","Jean-Drapeau","PUF_JD_02","05/06/2024","19/06/2024","Metazoa_33208",14100,1
"k","Jean-Drapeau","PUF_JD_03","19/06/2024","03/07/2024","Metazoa_33208",936,1
"k","Jean-Drapeau","PUF_JD_04","03/07/2024","17/07/2024","Metazoa_33208",1624,1
"k","Jean-Drapeau","PUF_JD_05","17/07/2024","31/07/2024","Metazoa_33208",4143,1
"k","Jean-Drapeau","PUF_JD_06","31/07/2024","14/08/2024","Metazoa_33208",3845,1
"k","Jean-Drapeau","PUF_JD_07","14/08/2024","28/08/2024","Metazoa_33208",4456,1
"k","Jean-Drapeau","PUF_JD_08","28/08/2024","11/09/2024","Metazoa_33208",8696,1
"k","Jean-Drapeau","PUF_JD_09","11/09/2024","25/09/2024","Metazoa_33208",1202,1
"k","Jean-Drapeau","PUF_JD_10","25/09/2024","09/10/2024","Metazoa_33208",8430,1
"k","Mont_Tremblant","Mont_Tremblant","30/08/2025","31/08/2025","Metazoa_33208",978,1
"k",NA,NA,NA,NA,"Metazoa_33208",30086,1
"p","Bird Observatory","PUF_MBO_01","20/05/2024","03/06/2024","Arthropoda_6656",2191,0.973777777777778
"p","Bird Observatory","PUF_MBO_01","20/05/2024","03/06/2024","Chordata_7711",59,0.0262222222222222
"p","Bird Observatory","PUF_MBO_02","03/06/2024","17/06/2024","Arthropoda_6656",15293,0.99817244305202
"p","Bird Observatory","PUF_MBO_02","03/06/2024","17/06/2024","Cnidaria_6073",28,0.0018275569479799
"p","Bird Observatory","PUF_MBO_03","17/06/2024","01/07/2024","Arthropoda_6656",574,0.966329966329966
"p","Bird Observatory","PUF_MBO_03","17/06/2024","01/07/2024","Cnidaria_6073",20,0.0336700336700337
"p","Bird Observatory","PUF_MBO_04","01/07/2024","15/07/2024","Arthropoda_6656",807,0.723766816143498
"p","Bird Observatory","PUF_MBO_04","01/07/2024","15/07/2024","Chordata_7711",308,0.276233183856502
"p","Bird Observatory","PUF_MBO_05","15/07/2024","29/07/2024","Arthropoda_6656",9113,0.991837178929038
"p","Bird Observatory","PUF_MBO_05","15/07/2024","29/07/2024","Mollusca_6447",55,0.00598606878537222
"p","Bird Observatory","PUF_MBO_05","15/07/2024","29/07/2024","Chordata_7711",20,0.0021767522855899
"p","Bird Observatory","PUF_MBO_06","29/07/2024","12/08/2024","Arthropoda_6656",840,0.967741935483871
"p","Bird Observatory","PUF_MBO_06","29/07/2024","12/08/2024","Mollusca_6447",16,0.0184331797235023
"p","Bird Observatory","PUF_MBO_06","29/07/2024","12/08/2024","Cnidaria_6073",12,0.0138248847926267
"p","Bird Observatory","PUF_MBO_07","12/08/2024","26/08/2024","Arthropoda_6656",1526,0.939076923076923
"p","Bird Observatory","PUF_MBO_07","12/08/2024","26/08/2024","Cnidaria_6073",99,0.0609230769230769
"p","Bird Observatory","PUF_MBO_08","26/08/2024","09/09/2024","Arthropoda_6656",1498,0.973992197659298
"p","Bird Observatory","PUF_MBO_08","26/08/2024","09/09/2024","Cnidaria_6073",40,0.0260078023407022
"p","Bird Observatory","PUF_MBO_09","09/09/2024","23/09/2024","Arthropoda_6656",2558,0.920474991003958
"p","Bird Observatory","PUF_MBO_09","09/09/2024","23/09/2024","Mollusca_6447",94,0.0338251169485426
"p","Bird Observatory","PUF_MBO_09","09/09/2024","23/09/2024","Cnidaria_6073",80,0.0287873335732278
"p","Bird Observatory","PUF_MBO_09","09/09/2024","23/09/2024","Chordata_7711",47,0.0169125584742713
"p","Bird Observatory","PUF_MBO_10","23/09/2024","07/10/2024","Arthropoda_6656",1398,0.936997319034853
"p","Bird Observatory","PUF_MBO_10","23/09/2024","07/10/2024","Cnidaria_6073",94,0.0630026809651475
"p","Botanical Garden","PUF_BOT_01","17/05/2024","31/05/2024","Arthropoda_6656",731,0.918341708542714
"p","Botanical Garden","PUF_BOT_01","17/05/2024","31/05/2024","Cnidaria_6073",34,0.042713567839196
"p","Botanical Garden","PUF_BOT_01","17/05/2024","31/05/2024","Chordata_7711",31,0.0389447236180905
"p","Botanical Garden","PUF_BOT_02","31/05/2024","14/06/2024","Arthropoda_6656",2326,0.97690046199076
"p","Botanical Garden","PUF_BOT_02","31/05/2024","14/06/2024","Chordata_7711",37,0.0155396892062159
"p","Botanical Garden","PUF_BOT_02","31/05/2024","14/06/2024","Cnidaria_6073",18,0.00755984880302394
"p","Botanical Garden","PUF_BOT_03","24/06/2024","28/06/2024","Chordata_7711",88,1
"p","Botanical Garden","PUF_BOT_04","28/06/2024","12/07/2024","Arthropoda_6656",893,0.974890829694323
"p","Botanical Garden","PUF_BOT_04","28/06/2024","12/07/2024","Cnidaria_6073",23,0.0251091703056769
"p","Botanical Garden","PUF_BOT_05","12/07/2024","26/07/2024","Arthropoda_6656",1365,0.91
"p","Botanical Garden","PUF_BOT_05","12/07/2024","26/07/2024","Chordata_7711",61,0.0406666666666667
"p","Botanical Garden","PUF_BOT_05","12/07/2024","26/07/2024","Mollusca_6447",47,0.0313333333333333
"p","Botanical Garden","PUF_BOT_05","12/07/2024","26/07/2024","Cnidaria_6073",27,0.018
"p","Botanical Garden","PUF_BOT_06","26/07/2024","09/08/2024","Arthropoda_6656",18908,0.964054453678682
"p","Botanical Garden","PUF_BOT_06","26/07/2024","09/08/2024","Chordata_7711",705,0.0359455463213175
"p","Botanical Garden","PUF_BOT_07","09/08/2024","23/08/2024","Arthropoda_6656",2466,0.973164956590371
"p","Botanical Garden","PUF_BOT_07","09/08/2024","23/08/2024","Cnidaria_6073",51,0.0201262825572218
"p","Botanical Garden","PUF_BOT_07","09/08/2024","23/08/2024","Chordata_7711",17,0.00670876085240726
"p","Botanical Garden","PUF_BOT_08","23/08/2024","06/09/2024","Arthropoda_6656",1088,0.96797153024911
"p","Botanical Garden","PUF_BOT_08","23/08/2024","06/09/2024","Cnidaria_6073",36,0.0320284697508897
"p","Botanical Garden","PUF_BOT_09","06/09/2024","20/09/2024","Arthropoda_6656",1383,0.973258268824771
"p","Botanical Garden","PUF_BOT_09","06/09/2024","20/09/2024","Mollusca_6447",17,0.011963406052076
"p","Botanical Garden","PUF_BOT_09","06/09/2024","20/09/2024","Chordata_7711",11,0.00774102744546094
"p","Botanical Garden","PUF_BOT_09","06/09/2024","20/09/2024","Cnidaria_6073",10,0.00703729767769177
"p","Botanical Garden","PUF_BOT_10","20/09/2024","04/10/2024","Arthropoda_6656",3518,0.914954486345904
"p","Botanical Garden","PUF_BOT_10","20/09/2024","04/10/2024","Chordata_7711",327,0.0850455136540962
"p","Boucherville","PUF_BOU_01","27/05/2024","10/06/2024","Arthropoda_6656",247,0.98015873015873
"p","Boucherville","PUF_BOU_01","27/05/2024","10/06/2024","Chordata_7711",2,0.00793650793650794
"p","Boucherville","PUF_BOU_01","27/05/2024","10/06/2024","Cnidaria_6073",2,0.00793650793650794
"p","Boucherville","PUF_BOU_01","27/05/2024","10/06/2024","Mollusca_6447",1,0.00396825396825397
"p","Boucherville","PUF_BOU_02","10/06/2024","24/06/2024","Arthropoda_6656",983,0.94066985645933
"p","Boucherville","PUF_BOU_02","10/06/2024","24/06/2024","Chordata_7711",42,0.0401913875598086
"p","Boucherville","PUF_BOU_02","10/06/2024","24/06/2024","Cnidaria_6073",20,0.0191387559808612
"p","Boucherville","PUF_BOU_03","24/06/2024","08/07/2024","Arthropoda_6656",539,0.846153846153846
"p","Boucherville","PUF_BOU_03","24/06/2024","08/07/2024","Chordata_7711",57,0.0894819466248038
"p","Boucherville","PUF_BOU_03","24/06/2024","08/07/2024","Cnidaria_6073",41,0.0643642072213501
"p","Boucherville","PUF_BOU_04","08/07/2024","22/07/2024","Arthropoda_6656",574,0.993079584775087
"p","Boucherville","PUF_BOU_04","08/07/2024","22/07/2024","Chordata_7711",4,0.0069204152249135
"p","Boucherville","PUF_BOU_05","22/07/2024","05/08/2024","Arthropoda_6656",2268,0.968816744980777
"p","Boucherville","PUF_BOU_05","22/07/2024","05/08/2024","Cnidaria_6073",73,0.0311832550192226
"p","Boucherville","PUF_BOU_06","05/08/2024","19/08/2024","Arthropoda_6656",794,0.949760765550239
"p","Boucherville","PUF_BOU_06","05/08/2024","19/08/2024","Cnidaria_6073",21,0.0251196172248804
"p","Boucherville","PUF_BOU_06","05/08/2024","19/08/2024","Mollusca_6447",21,0.0251196172248804
"p","Boucherville","PUF_BOU_07","19/08/2024","02/09/2024","Arthropoda_6656",218,0.672839506172839
"p","Boucherville","PUF_BOU_07","19/08/2024","02/09/2024","Chordata_7711",60,0.185185185185185
"p","Boucherville","PUF_BOU_07","19/08/2024","02/09/2024","Mollusca_6447",24,0.0740740740740741
"p","Boucherville","PUF_BOU_07","19/08/2024","02/09/2024","Cnidaria_6073",22,0.0679012345679012
"p","Boucherville","PUF_BOU_08","02/09/2024","16/09/2024","Arthropoda_6656",2055,0.957149510945505
"p","Boucherville","PUF_BOU_08","02/09/2024","16/09/2024","Cnidaria_6073",42,0.0195621797857476
"p","Boucherville","PUF_BOU_08","02/09/2024","16/09/2024","Chordata_7711",32,0.0149045179319981
"p","Boucherville","PUF_BOU_08","02/09/2024","16/09/2024","Mollusca_6447",18,0.00838379133674895
"p","Boucherville","PUF_BOU_09","16/09/2024","30/09/2024","Arthropoda_6656",1653,0.950546290971823
"p","Boucherville","PUF_BOU_09","16/09/2024","30/09/2024","Chordata_7711",86,0.0494537090281771
"p","IPEX","PUF_IPEX_01","15/05/2024","29/05/2024","Arthropoda_6656",84,0.75
"p","IPEX","PUF_IPEX_01","15/05/2024","29/05/2024","Chordata_7711",28,0.25
"p","IPEX","PUF_IPEX_02","29/05/2024","12/06/2024","Arthropoda_6656",1648,0.945496270797476
"p","IPEX","PUF_IPEX_02","29/05/2024","12/06/2024","Cnidaria_6073",88,0.0504876649454963
"p","IPEX","PUF_IPEX_02","29/05/2024","12/06/2024","Chordata_7711",7,0.00401606425702811
"p","IPEX","PUF_IPEX_03","12/06/2024","26/06/2024","Arthropoda_6656",10998,0.988051388015452
"p","IPEX","PUF_IPEX_03","12/06/2024","26/06/2024","Cnidaria_6073",81,0.00727697421615309
"p","IPEX","PUF_IPEX_03","12/06/2024","26/06/2024","Chordata_7711",52,0.00467163776839457
"p","IPEX","PUF_IPEX_04","26/06/2024","10/07/2024","Arthropoda_6656",1668,0.872384937238494
"p","IPEX","PUF_IPEX_04","26/06/2024","10/07/2024","Cnidaria_6073",174,0.0910041841004184
"p","IPEX","PUF_IPEX_04","26/06/2024","10/07/2024","Chordata_7711",70,0.0366108786610879
"p","IPEX","PUF_IPEX_05","10/07/2024","24/07/2024","Arthropoda_6656",5191,0.950558505768174
"p","IPEX","PUF_IPEX_05","10/07/2024","24/07/2024","Cnidaria_6073",221,0.0404687786119758
"p","IPEX","PUF_IPEX_05","10/07/2024","24/07/2024","Chordata_7711",49,0.00897271561984984
"p","IPEX","PUF_IPEX_06","24/07/2024","07/08/2024","Arthropoda_6656",930,0.967741935483871
"p","IPEX","PUF_IPEX_06","24/07/2024","07/08/2024","Cnidaria_6073",31,0.032258064516129
"p","IPEX","PUF_IPEX_07","07/08/2024","21/08/2024","Arthropoda_6656",1470,0.893617021276596
"p","IPEX","PUF_IPEX_07","07/08/2024","21/08/2024","Cnidaria_6073",165,0.100303951367781
"p","IPEX","PUF_IPEX_07","07/08/2024","21/08/2024","Chordata_7711",10,0.0060790273556231
"p","IPEX","PUF_IPEX_08","21/08/2024","04/09/2024","Arthropoda_6656",2028,0.894574327304808
"p","IPEX","PUF_IPEX_08","21/08/2024","04/09/2024","Cnidaria_6073",169,0.074547860608734
"p","IPEX","PUF_IPEX_08","21/08/2024","04/09/2024","Chordata_7711",70,0.0308778120864579
"p","IPEX","PUF_IPEX_09","04/09/2024","18/09/2024","Arthropoda_6656",1047,0.96854764107308
"p","IPEX","PUF_IPEX_09","04/09/2024","18/09/2024","Cnidaria_6073",34,0.0314523589269195
"p","IPEX","PUF_IPEX_10","18/09/2024","02/10/2024","Arthropoda_6656",3858,0.964982491245623
"p","IPEX","PUF_IPEX_10","18/09/2024","02/10/2024","Cnidaria_6073",140,0.0350175087543772
"p","Insectarium","Insectarium_Cocoon","10/11/2025","24/11/2025","Arthropoda_6656",160,0.594795539033457
"p","Insectarium","Insectarium_Cocoon","10/11/2025","24/11/2025","Chordata_7711",109,0.405204460966543
"p","Insectarium","Insectarium_Door","10/11/2025","24/11/2025","Chordata_7711",48,0.979591836734694
"p","Insectarium","Insectarium_Door","10/11/2025","24/11/2025","Arthropoda_6656",1,0.0204081632653061
"p","Insectarium","Insectarium_Up","10/11/2025","24/11/2025","Arthropoda_6656",1884,1
"p","Jean-Drapeau","PUF_JD_01","22/05/2024","05/06/2024","Arthropoda_6656",8855,0.998534055029319
"p","Jean-Drapeau","PUF_JD_01","22/05/2024","05/06/2024","Chordata_7711",13,0.0014659449706811
"p","Jean-Drapeau","PUF_JD_02","05/06/2024","19/06/2024","Arthropoda_6656",14100,1
"p","Jean-Drapeau","PUF_JD_03","19/06/2024","03/07/2024","Arthropoda_6656",812,0.867521367521368
"p","Jean-Drapeau","PUF_JD_03","19/06/2024","03/07/2024","Chordata_7711",94,0.10042735042735
"p","Jean-Drapeau","PUF_JD_03","19/06/2024","03/07/2024","Cnidaria_6073",30,0.032051282051282
"p","Jean-Drapeau","PUF_JD_04","03/07/2024","17/07/2024","Arthropoda_6656",1407,0.866379310344828
"p","Jean-Drapeau","PUF_JD_04","03/07/2024","17/07/2024","Chordata_7711",217,0.133620689655172
"p","Jean-Drapeau","PUF_JD_05","17/07/2024","31/07/2024","Arthropoda_6656",4037,0.974414675356022
"p","Jean-Drapeau","PUF_JD_05","17/07/2024","31/07/2024","Chordata_7711",56,0.0135167752836109
"p","Jean-Drapeau","PUF_JD_05","17/07/2024","31/07/2024","Cnidaria_6073",50,0.0120685493603669
"p","Jean-Drapeau","PUF_JD_06","31/07/2024","14/08/2024","Arthropoda_6656",3807,0.990117035110533
"p","Jean-Drapeau","PUF_JD_06","31/07/2024","14/08/2024","Cnidaria_6073",38,0.00988296488946684
"p","Jean-Drapeau","PUF_JD_07","14/08/2024","28/08/2024","Arthropoda_6656",4249,0.953545780969479
"p","Jean-Drapeau","PUF_JD_07","14/08/2024","28/08/2024","Cnidaria_6073",207,0.0464542190305206
"p","Jean-Drapeau","PUF_JD_08","28/08/2024","11/09/2024","Arthropoda_6656",8696,1
"p","Jean-Drapeau","PUF_JD_09","11/09/2024","25/09/2024","Arthropoda_6656",1130,0.940099833610649
"p","Jean-Drapeau","PUF_JD_09","11/09/2024","25/09/2024","Cnidaria_6073",63,0.0524126455906822
"p","Jean-Drapeau","PUF_JD_09","11/09/2024","25/09/2024","Chordata_7711",9,0.00748752079866889
"p","Jean-Drapeau","PUF_JD_10","25/09/2024","09/10/2024","Arthropoda_6656",8363,0.992052194543298
"p","Jean-Drapeau","PUF_JD_10","25/09/2024","09/10/2024","Chordata_7711",67,0.00794780545670225
"p","Mont_Tremblant","Mont_Tremblant","30/08/2025","31/08/2025","Cnidaria_6073",441,0.450920245398773
"p","Mont_Tremblant","Mont_Tremblant","30/08/2025","31/08/2025","Arthropoda_6656",422,0.431492842535787
"p","Mont_Tremblant","Mont_Tremblant","30/08/2025","31/08/2025","Chordata_7711",115,0.11758691206544
"p",NA,NA,NA,NA,"Arthropoda_6656",30086,1
"c","Bird Observatory","PUF_MBO_01","20/05/2024","03/06/2024","Arachnida_6854",1389,0.617333333333333
"c","Bird Observatory","PUF_MBO_01","20/05/2024","03/06/2024","Insecta_50557",698,0.310222222222222
"c","Bird Observatory","PUF_MBO_01","20/05/2024","03/06/2024",NA,104,0.0462222222222222
"c","Bird Observatory","PUF_MBO_01","20/05/2024","03/06/2024","Mammalia_40674",59,0.0262222222222222
"c","Bird Observatory","PUF_MBO_02","03/06/2024","17/06/2024","Insecta_50557",8056,0.525814241890216
"c","Bird Observatory","PUF_MBO_02","03/06/2024","17/06/2024","Arachnida_6854",7237,0.472358201161804
"c","Bird Observatory","PUF_MBO_02","03/06/2024","17/06/2024",NA,28,0.0018275569479799
"c","Bird Observatory","PUF_MBO_03","17/06/2024","01/07/2024","Insecta_50557",332,0.558922558922559
"c","Bird Observatory","PUF_MBO_03","17/06/2024","01/07/2024","Arachnida_6854",242,0.407407407407407
"c","Bird Observatory","PUF_MBO_03","17/06/2024","01/07/2024",NA,20,0.0336700336700337
"c","Bird Observatory","PUF_MBO_04","01/07/2024","15/07/2024","Insecta_50557",542,0.48609865470852
"c","Bird Observatory","PUF_MBO_04","01/07/2024","15/07/2024","Mammalia_40674",308,0.276233183856502
"c","Bird Observatory","PUF_MBO_04","01/07/2024","15/07/2024","Arachnida_6854",265,0.237668161434978
"c","Bird Observatory","PUF_MBO_05","15/07/2024","29/07/2024","Insecta_50557",9020,0.981715280801045
"c","Bird Observatory","PUF_MBO_05","15/07/2024","29/07/2024","Arachnida_6854",93,0.010121898127993
"c","Bird Observatory","PUF_MBO_05","15/07/2024","29/07/2024","Gastropoda_6448",55,0.00598606878537222
"c","Bird Observatory","PUF_MBO_05","15/07/2024","29/07/2024","Mammalia_40674",20,0.0021767522855899
"c","Bird Observatory","PUF_MBO_06","29/07/2024","12/08/2024","Insecta_50557",699,0.805299539170507
"c","Bird Observatory","PUF_MBO_06","29/07/2024","12/08/2024","Arachnida_6854",120,0.138248847926267
"c","Bird Observatory","PUF_MBO_06","29/07/2024","12/08/2024",NA,33,0.0380184331797235
"c","Bird Observatory","PUF_MBO_06","29/07/2024","12/08/2024","Gastropoda_6448",16,0.0184331797235023
"c","Bird Observatory","PUF_MBO_07","12/08/2024","26/08/2024","Insecta_50557",1308,0.804923076923077
"c","Bird Observatory","PUF_MBO_07","12/08/2024","26/08/2024","Arachnida_6854",200,0.123076923076923
"c","Bird Observatory","PUF_MBO_07","12/08/2024","26/08/2024",NA,99,0.0609230769230769
"c","Bird Observatory","PUF_MBO_07","12/08/2024","26/08/2024","Collembola_30001",18,0.0110769230769231
"c","Bird Observatory","PUF_MBO_08","26/08/2024","09/09/2024","Insecta_50557",1319,0.857607282184655
"c","Bird Observatory","PUF_MBO_08","26/08/2024","09/09/2024","Arachnida_6854",179,0.116384915474642
"c","Bird Observatory","PUF_MBO_08","26/08/2024","09/09/2024",NA,40,0.0260078023407022
"c","Bird Observatory","PUF_MBO_09","09/09/2024","23/09/2024","Insecta_50557",1992,0.716804605973372
"c","Bird Observatory","PUF_MBO_09","09/09/2024","23/09/2024","Arachnida_6854",534,0.192155451601295
"c","Bird Observatory","PUF_MBO_09","09/09/2024","23/09/2024",NA,112,0.0403022670025189
"c","Bird Observatory","PUF_MBO_09","09/09/2024","23/09/2024","Gastropoda_6448",94,0.0338251169485426
"c","Bird Observatory","PUF_MBO_09","09/09/2024","23/09/2024","Mammalia_40674",47,0.0169125584742713
"c","Bird Observatory","PUF_MBO_10","23/09/2024","07/10/2024","Insecta_50557",892,0.597855227882037
"c","Bird Observatory","PUF_MBO_10","23/09/2024","07/10/2024","Arachnida_6854",401,0.268766756032172
"c","Bird Observatory","PUF_MBO_10","23/09/2024","07/10/2024",NA,188,0.126005361930295
"c","Bird Observatory","PUF_MBO_10","23/09/2024","07/10/2024","Collembola_30001",11,0.00737265415549598
"c","Botanical Garden","PUF_BOT_01","17/05/2024","31/05/2024","Arachnida_6854",394,0.494974874371859
"c","Botanical Garden","PUF_BOT_01","17/05/2024","31/05/2024","Insecta_50557",298,0.374371859296482
"c","Botanical Garden","PUF_BOT_01","17/05/2024","31/05/2024",NA,73,0.0917085427135678
"c","Botanical Garden","PUF_BOT_01","17/05/2024","31/05/2024","Mammalia_40674",31,0.0389447236180905
"c","Botanical Garden","PUF_BOT_02","31/05/2024","14/06/2024","Arachnida_6854",1934,0.812263754724906
"c","Botanical Garden","PUF_BOT_02","31/05/2024","14/06/2024","Insecta_50557",325,0.136497270054599
"c","Botanical Garden","PUF_BOT_02","31/05/2024","14/06/2024",NA,48,0.0201595968080638
"c","Botanical Garden","PUF_BOT_02","31/05/2024","14/06/2024","Collembola_30001",37,0.0155396892062159
"c","Botanical Garden","PUF_BOT_02","31/05/2024","14/06/2024","Mammalia_40674",37,0.0155396892062159
"c","Botanical Garden","PUF_BOT_03","24/06/2024","28/06/2024","Mammalia_40674",88,1
"c","Botanical Garden","PUF_BOT_04","28/06/2024","12/07/2024","Insecta_50557",745,0.813318777292576
"c","Botanical Garden","PUF_BOT_04","28/06/2024","12/07/2024","Arachnida_6854",117,0.127729257641921
"c","Botanical Garden","PUF_BOT_04","28/06/2024","12/07/2024",NA,54,0.0589519650655022
"c","Botanical Garden","PUF_BOT_05","12/07/2024","26/07/2024","Insecta_50557",1035,0.69
"c","Botanical Garden","PUF_BOT_05","12/07/2024","26/07/2024","Arachnida_6854",321,0.214
"c","Botanical Garden","PUF_BOT_05","12/07/2024","26/07/2024","Mammalia_40674",61,0.0406666666666667
"c","Botanical Garden","PUF_BOT_05","12/07/2024","26/07/2024","Gastropoda_6448",47,0.0313333333333333
"c","Botanical Garden","PUF_BOT_05","12/07/2024","26/07/2024",NA,36,0.024
"c","Botanical Garden","PUF_BOT_06","26/07/2024","09/08/2024","Insecta_50557",18835,0.960332432570234
"c","Botanical Garden","PUF_BOT_06","26/07/2024","09/08/2024","Mammalia_40674",705,0.0359455463213175
"c","Botanical Garden","PUF_BOT_06","26/07/2024","09/08/2024","Arachnida_6854",73,0.00372202110844848
"c","Botanical Garden","PUF_BOT_07","09/08/2024","23/08/2024","Insecta_50557",2117,0.835438042620363
"c","Botanical Garden","PUF_BOT_07","09/08/2024","23/08/2024","Arachnida_6854",309,0.121941594317285
"c","Botanical Garden","PUF_BOT_07","09/08/2024","23/08/2024",NA,91,0.0359116022099447
"c","Botanical Garden","PUF_BOT_07","09/08/2024","23/08/2024","Mammalia_40674",17,0.00670876085240726
"c","Botanical Garden","PUF_BOT_08","23/08/2024","06/09/2024","Insecta_50557",663,0.589857651245552
"c","Botanical Garden","PUF_BOT_08","23/08/2024","06/09/2024","Arachnida_6854",380,0.338078291814947
"c","Botanical Garden","PUF_BOT_08","23/08/2024","06/09/2024",NA,81,0.0720640569395018
"c","Botanical Garden","PUF_BOT_09","06/09/2024","20/09/2024","Insecta_50557",1273,0.895847994370162
"c","Botanical Garden","PUF_BOT_09","06/09/2024","20/09/2024","Arachnida_6854",110,0.0774102744546094
"c","Botanical Garden","PUF_BOT_09","06/09/2024","20/09/2024","Gastropoda_6448",17,0.011963406052076
"c","Botanical Garden","PUF_BOT_09","06/09/2024","20/09/2024","Mammalia_40674",11,0.00774102744546094
"c","Botanical Garden","PUF_BOT_09","06/09/2024","20/09/2024",NA,10,0.00703729767769177
"c","Botanical Garden","PUF_BOT_10","20/09/2024","04/10/2024","Insecta_50557",2852,0.741742522756827
"c","Botanical Garden","PUF_BOT_10","20/09/2024","04/10/2024","Arachnida_6854",647,0.168270481144343
"c","Botanical Garden","PUF_BOT_10","20/09/2024","04/10/2024","Mammalia_40674",327,0.0850455136540962
"c","Botanical Garden","PUF_BOT_10","20/09/2024","04/10/2024",NA,19,0.00494148244473342
"c","Boucherville","PUF_BOU_01","27/05/2024","10/06/2024","Arachnida_6854",214,0.849206349206349
"c","Boucherville","PUF_BOU_01","27/05/2024","10/06/2024","Insecta_50557",32,0.126984126984127
"c","Boucherville","PUF_BOU_01","27/05/2024","10/06/2024",NA,3,0.0119047619047619
"c","Boucherville","PUF_BOU_01","27/05/2024","10/06/2024","Mammalia_40674",2,0.00793650793650794
"c","Boucherville","PUF_BOU_01","27/05/2024","10/06/2024","Gastropoda_6448",1,0.00396825396825397
"c","Boucherville","PUF_BOU_02","10/06/2024","24/06/2024","Collembola_30001",401,0.383732057416268
"c","Boucherville","PUF_BOU_02","10/06/2024","24/06/2024","Insecta_50557",332,0.317703349282297
"c","Boucherville","PUF_BOU_02","10/06/2024","24/06/2024","Arachnida_6854",235,0.22488038277512
"c","Boucherville","PUF_BOU_02","10/06/2024","24/06/2024","Mammalia_40674",42,0.0401913875598086
"c","Boucherville","PUF_BOU_02","10/06/2024","24/06/2024",NA,35,0.0334928229665072
"c","Boucherville","PUF_BOU_03","24/06/2024","08/07/2024","Collembola_30001",275,0.43171114599686
"c","Boucherville","PUF_BOU_03","24/06/2024","08/07/2024","Insecta_50557",197,0.309262166405024
"c","Boucherville","PUF_BOU_03","24/06/2024","08/07/2024","Arachnida_6854",67,0.105180533751962
"c","Boucherville","PUF_BOU_03","24/06/2024","08/07/2024","Mammalia_40674",57,0.0894819466248038
"c","Boucherville","PUF_BOU_03","24/06/2024","08/07/2024",NA,41,0.0643642072213501
"c","Boucherville","PUF_BOU_04","08/07/2024","22/07/2024","Insecta_50557",482,0.833910034602076
"c","Boucherville","PUF_BOU_04","08/07/2024","22/07/2024","Arachnida_6854",92,0.15916955017301
"c","Boucherville","PUF_BOU_04","08/07/2024","22/07/2024","Mammalia_40674",4,0.0069204152249135
"c","Boucherville","PUF_BOU_05","22/07/2024","05/08/2024","Insecta_50557",2156,0.920973942759505
"c","Boucherville","PUF_BOU_05","22/07/2024","05/08/2024","Arachnida_6854",112,0.047842802221273
"c","Boucherville","PUF_BOU_05","22/07/2024","05/08/2024",NA,73,0.0311832550192226
"c","Boucherville","PUF_BOU_06","05/08/2024","19/08/2024","Insecta_50557",637,0.761961722488038
"c","Boucherville","PUF_BOU_06","05/08/2024","19/08/2024","Arachnida_6854",101,0.120813397129187
"c","Boucherville","PUF_BOU_06","05/08/2024","19/08/2024",NA,42,0.0502392344497608
"c","Boucherville","PUF_BOU_06","05/08/2024","19/08/2024","Branchiopoda_6658",30,0.0358851674641148
"c","Boucherville","PUF_BOU_06","05/08/2024","19/08/2024","Gastropoda_6448",21,0.0251196172248804
"c","Boucherville","PUF_BOU_06","05/08/2024","19/08/2024","Collembola_30001",5,0.00598086124401914
"c","Boucherville","PUF_BOU_07","19/08/2024","02/09/2024","Insecta_50557",100,0.308641975308642
"c","Boucherville","PUF_BOU_07","19/08/2024","02/09/2024","Arachnida_6854",65,0.200617283950617
"c","Boucherville","PUF_BOU_07","19/08/2024","02/09/2024","Mammalia_40674",60,0.185185185185185
"c","Boucherville","PUF_BOU_07","19/08/2024","02/09/2024","Collembola_30001",53,0.16358024691358
"c","Boucherville","PUF_BOU_07","19/08/2024","02/09/2024","Gastropoda_6448",24,0.0740740740740741
"c","Boucherville","PUF_BOU_07","19/08/2024","02/09/2024",NA,22,0.0679012345679012
"c","Boucherville","PUF_BOU_08","02/09/2024","16/09/2024","Insecta_50557",1804,0.840242198416395
"c","Boucherville","PUF_BOU_08","02/09/2024","16/09/2024","Arachnida_6854",232,0.108057755006986
"c","Boucherville","PUF_BOU_08","02/09/2024","16/09/2024",NA,61,0.0284117373078714
"c","Boucherville","PUF_BOU_08","02/09/2024","16/09/2024","Mammalia_40674",32,0.0149045179319981
"c","Boucherville","PUF_BOU_08","02/09/2024","16/09/2024","Gastropoda_6448",18,0.00838379133674895
"c","Boucherville","PUF_BOU_09","16/09/2024","30/09/2024","Insecta_50557",1278,0.734905117883841
"c","Boucherville","PUF_BOU_09","16/09/2024","30/09/2024","Arachnida_6854",375,0.215641173087982
"c","Boucherville","PUF_BOU_09","16/09/2024","30/09/2024","Mammalia_40674",86,0.0494537090281771
"c","IPEX","PUF_IPEX_01","15/05/2024","29/05/2024","Insecta_50557",49,0.4375
"c","IPEX","PUF_IPEX_01","15/05/2024","29/05/2024","Arachnida_6854",35,0.3125
"c","IPEX","PUF_IPEX_01","15/05/2024","29/05/2024","Mammalia_40674",28,0.25
"c","IPEX","PUF_IPEX_02","29/05/2024","12/06/2024","Arachnida_6854",1169,0.670682730923695
"c","IPEX","PUF_IPEX_02","29/05/2024","12/06/2024","Insecta_50557",400,0.229489386115892
"c","IPEX","PUF_IPEX_02","29/05/2024","12/06/2024",NA,160,0.0917957544463569
"c","IPEX","PUF_IPEX_02","29/05/2024","12/06/2024","Collembola_30001",7,0.00401606425702811
"c","IPEX","PUF_IPEX_02","29/05/2024","12/06/2024","Mammalia_40674",7,0.00401606425702811
"c","IPEX","PUF_IPEX_03","12/06/2024","26/06/2024","Arachnida_6854",10332,0.92821848890486
"c","IPEX","PUF_IPEX_03","12/06/2024","26/06/2024","Insecta_50557",415,0.0372832629593029
"c","IPEX","PUF_IPEX_03","12/06/2024","26/06/2024",NA,229,0.0205731740185069
"c","IPEX","PUF_IPEX_03","12/06/2024","26/06/2024","Collembola_30001",73,0.00655826071332315
"c","IPEX","PUF_IPEX_03","12/06/2024","26/06/2024","Mammalia_40674",52,0.00467163776839457
"c","IPEX","PUF_IPEX_03","12/06/2024","26/06/2024","Hydrozoa_6074",30,0.00269517563561225
"c","IPEX","PUF_IPEX_04","26/06/2024","10/07/2024","Insecta_50557",1193,0.623953974895398
"c","IPEX","PUF_IPEX_04","26/06/2024","10/07/2024","Arachnida_6854",409,0.213912133891213
"c","IPEX","PUF_IPEX_04","26/06/2024","10/07/2024",NA,240,0.125523012552301
"c","IPEX","PUF_IPEX_04","26/06/2024","10/07/2024","Mammalia_40674",70,0.0366108786610879
"c","IPEX","PUF_IPEX_05","10/07/2024","24/07/2024","Insecta_50557",3904,0.714887383263139
"c","IPEX","PUF_IPEX_05","10/07/2024","24/07/2024","Arachnida_6854",1166,0.213514008423366
"c","IPEX","PUF_IPEX_05","10/07/2024","24/07/2024",NA,221,0.0404687786119758
"c","IPEX","PUF_IPEX_05","10/07/2024","24/07/2024","Collembola_30001",121,0.02215711408167
"c","IPEX","PUF_IPEX_05","10/07/2024","24/07/2024","Mammalia_40674",49,0.00897271561984984
"c","IPEX","PUF_IPEX_06","24/07/2024","07/08/2024","Insecta_50557",830,0.863683662851197
"c","IPEX","PUF_IPEX_06","24/07/2024","07/08/2024","Arachnida_6854",100,0.104058272632674
"c","IPEX","PUF_IPEX_06","24/07/2024","07/08/2024",NA,31,0.032258064516129
"c","IPEX","PUF_IPEX_07","07/08/2024","21/08/2024","Insecta_50557",1253,0.761702127659574
"c","IPEX","PUF_IPEX_07","07/08/2024","21/08/2024",NA,259,0.157446808510638
"c","IPEX","PUF_IPEX_07","07/08/2024","21/08/2024","Arachnida_6854",123,0.0747720364741641
"c","IPEX","PUF_IPEX_07","07/08/2024","21/08/2024","Mammalia_40674",10,0.0060790273556231
"c","IPEX","PUF_IPEX_08","21/08/2024","04/09/2024","Insecta_50557",1532,0.675782973092192
"c","IPEX","PUF_IPEX_08","21/08/2024","04/09/2024","Arachnida_6854",376,0.165857962064402
"c","IPEX","PUF_IPEX_08","21/08/2024","04/09/2024",NA,289,0.127481252756947
"c","IPEX","PUF_IPEX_08","21/08/2024","04/09/2024","Mammalia_40674",70,0.0308778120864579
"c","IPEX","PUF_IPEX_09","04/09/2024","18/09/2024","Insecta_50557",993,0.918593894542091
"c","IPEX","PUF_IPEX_09","04/09/2024","18/09/2024","Arachnida_6854",54,0.0499537465309898
"c","IPEX","PUF_IPEX_09","04/09/2024","18/09/2024",NA,34,0.0314523589269195
"c","IPEX","PUF_IPEX_10","18/09/2024","02/10/2024","Insecta_50557",3572,0.893446723361681
"c","IPEX","PUF_IPEX_10","18/09/2024","02/10/2024",NA,253,0.0632816408204102
"c","IPEX","PUF_IPEX_10","18/09/2024","02/10/2024","Arachnida_6854",173,0.043271635817909
"c","Insectarium","Insectarium_Cocoon","10/11/2025","24/11/2025","Arachnida_6854",123,0.45724907063197
"c","Insectarium","Insectarium_Cocoon","10/11/2025","24/11/2025","Mammalia_40674",109,0.405204460966543
"c","Insectarium","Insectarium_Cocoon","10/11/2025","24/11/2025","Branchiopoda_6658",36,0.133828996282528
"c","Insectarium","Insectarium_Cocoon","10/11/2025","24/11/2025","Diplopoda_7553",1,0.00371747211895911
"c","Insectarium","Insectarium_Door","10/11/2025","24/11/2025","Mammalia_40674",48,0.979591836734694
"c","Insectarium","Insectarium_Door","10/11/2025","24/11/2025","Insecta_50557",1,0.0204081632653061
"c","Insectarium","Insectarium_Up","10/11/2025","24/11/2025","Arachnida_6854",1884,1
"c","Jean-Drapeau","PUF_JD_01","22/05/2024","05/06/2024","Insecta_50557",6331,0.713915200721696
"c","Jean-Drapeau","PUF_JD_01","22/05/2024","05/06/2024","Arachnida_6854",2524,0.284618854307623
"c","Jean-Drapeau","PUF_JD_01","22/05/2024","05/06/2024","Mammalia_40674",13,0.0014659449706811
"c","Jean-Drapeau","PUF_JD_02","05/06/2024","19/06/2024","Insecta_50557",13816,0.979858156028369
"c","Jean-Drapeau","PUF_JD_02","05/06/2024","19/06/2024","Arachnida_6854",284,0.0201418439716312
"c","Jean-Drapeau","PUF_JD_03","19/06/2024","03/07/2024","Insecta_50557",693,0.740384615384615
"c","Jean-Drapeau","PUF_JD_03","19/06/2024","03/07/2024","Arachnida_6854",111,0.118589743589744
"c","Jean-Drapeau","PUF_JD_03","19/06/2024","03/07/2024","Mammalia_40674",94,0.10042735042735
"c","Jean-Drapeau","PUF_JD_03","19/06/2024","03/07/2024",NA,38,0.0405982905982906
"c","Jean-Drapeau","PUF_JD_04","03/07/2024","17/07/2024","Insecta_50557",1161,0.714901477832512
"c","Jean-Drapeau","PUF_JD_04","03/07/2024","17/07/2024","Arachnida_6854",246,0.151477832512315
"c","Jean-Drapeau","PUF_JD_04","03/07/2024","17/07/2024","Mammalia_40674",217,0.133620689655172
"c","Jean-Drapeau","PUF_JD_05","17/07/2024","31/07/2024","Insecta_50557",2095,0.505672218199372
"c","Jean-Drapeau","PUF_JD_05","17/07/2024","31/07/2024","Arachnida_6854",1903,0.459328988655564
"c","Jean-Drapeau","PUF_JD_05","17/07/2024","31/07/2024","Mammalia_40674",56,0.0135167752836109
"c","Jean-Drapeau","PUF_JD_05","17/07/2024","31/07/2024",NA,50,0.0120685493603669
"c","Jean-Drapeau","PUF_JD_05","17/07/2024","31/07/2024","Branchiopoda_6658",39,0.00941346850108617
"c","Jean-Drapeau","PUF_JD_06","31/07/2024","14/08/2024","Insecta_50557",3664,0.952925877763329
"c","Jean-Drapeau","PUF_JD_06","31/07/2024","14/08/2024","Arachnida_6854",143,0.0371911573472042
"c","Jean-Drapeau","PUF_JD_06","31/07/2024","14/08/2024",NA,38,0.00988296488946684
"c","Jean-Drapeau","PUF_JD_07","14/08/2024","28/08/2024","Insecta_50557",4011,0.900134649910233
"c","Jean-Drapeau","PUF_JD_07","14/08/2024","28/08/2024","Arachnida_6854",215,0.0482495511669659
"c","Jean-Drapeau","PUF_JD_07","14/08/2024","28/08/2024",NA,207,0.0464542190305206
"c","Jean-Drapeau","PUF_JD_07","14/08/2024","28/08/2024","Collembola_30001",23,0.00516157989228007
"c","Jean-Drapeau","PUF_JD_08","28/08/2024","11/09/2024","Arachnida_6854",8581,0.986775528978841
"c","Jean-Drapeau","PUF_JD_08","28/08/2024","11/09/2024","Insecta_50557",115,0.0132244710211592
"c","Jean-Drapeau","PUF_JD_09","11/09/2024","25/09/2024","Insecta_50557",1072,0.891846921797005
"c","Jean-Drapeau","PUF_JD_09","11/09/2024","25/09/2024",NA,63,0.0524126455906822
"c","Jean-Drapeau","PUF_JD_09","11/09/2024","25/09/2024","Arachnida_6854",58,0.0482529118136439
"c","Jean-Drapeau","PUF_JD_09","11/09/2024","25/09/2024","Mammalia_40674",9,0.00748752079866889
"c","Jean-Drapeau","PUF_JD_10","25/09/2024","09/10/2024","Insecta_50557",8048,0.954685646500593
"c","Jean-Drapeau","PUF_JD_10","25/09/2024","09/10/2024","Arachnida_6854",315,0.0373665480427046
"c","Jean-Drapeau","PUF_JD_10","25/09/2024","09/10/2024","Mammalia_40674",67,0.00794780545670225
"c","Mont_Tremblant","Mont_Tremblant","30/08/2025","31/08/2025",NA,563,0.575664621676892
"c","Mont_Tremblant","Mont_Tremblant","30/08/2025","31/08/2025","Arachnida_6854",183,0.187116564417178
"c","Mont_Tremblant","Mont_Tremblant","30/08/2025","31/08/2025","Mammalia_40674",115,0.11758691206544
"c","Mont_Tremblant","Mont_Tremblant","30/08/2025","31/08/2025","Insecta_50557",100,0.102249488752556
"c","Mont_Tremblant","Mont_Tremblant","30/08/2025","31/08/2025","Collembola_30001",17,0.0173824130879346
"c",NA,NA,NA,NA,"Insecta_50557",29598,0.983779831150701
"c",NA,NA,NA,NA,"Collembola_30001",356,0.0118327461277671
"c",NA,NA,NA,NA,"Arachnida_6854",132,0.00438742272153161
"o","Bird Observatory","PUF_MBO_01","20/05/2024","03/06/2024","Trombidiformes_83136",1000,0.444444444444444
"o","Bird Observatory","PUF_MBO_01","20/05/2024","03/06/2024",NA,462,0.205333333333333
"o","Bird Observatory","PUF_MBO_01","20/05/2024","03/06/2024","Diptera_7147",405,0.18
"o","Bird Observatory","PUF_MBO_01","20/05/2024","03/06/2024","Hemiptera_7524",205,0.0911111111111111
"o","Bird Observatory","PUF_MBO_01","20/05/2024","03/06/2024","Coleoptera_7041",67,0.0297777777777778
"o","Bird Observatory","PUF_MBO_01","20/05/2024","03/06/2024","Artiodactyla_91561",45,0.02
"o","Bird Observatory","PUF_MBO_01","20/05/2024","03/06/2024","Sarcoptiformes_83137",31,0.0137777777777778
"o","Bird Observatory","PUF_MBO_01","20/05/2024","03/06/2024","Lepidoptera_7088",21,0.00933333333333333
"o","Bird Observatory","PUF_MBO_01","20/05/2024","03/06/2024","Primates_9443",14,0.00622222222222222
"o","Bird Observatory","PUF_MBO_02","03/06/2024","17/06/2024","Lepidoptera_7088",8006,0.522550747340252
"o","Bird Observatory","PUF_MBO_02","03/06/2024","17/06/2024","Trombidiformes_83136",7029,0.458782063833953
"o","Bird Observatory","PUF_MBO_02","03/06/2024","17/06/2024",NA,236,0.0154036942758306
"o","Bird Observatory","PUF_MBO_02","03/06/2024","17/06/2024","Hemiptera_7524",50,0.0032634945499641
"o","Bird Observatory","PUF_MBO_03","17/06/2024","01/07/2024","Hemiptera_7524",305,0.513468013468014
"o","Bird Observatory","PUF_MBO_03","17/06/2024","01/07/2024","Araneae_6893",139,0.234006734006734
"o","Bird Observatory","PUF_MBO_03","17/06/2024","01/07/2024",NA,58,0.0976430976430976
"o","Bird Observatory","PUF_MBO_03","17/06/2024","01/07/2024","Mesostigmata_34634",47,0.0791245791245791
"o","Bird Observatory","PUF_MBO_03","17/06/2024","01/07/2024","Lepidoptera_7088",27,0.0454545454545455
"o","Bird Observatory","PUF_MBO_03","17/06/2024","01/07/2024","Trombidiformes_83136",18,0.0303030303030303
"o","Bird Observatory","PUF_MBO_04","01/07/2024","15/07/2024","Hemiptera_7524",542,0.48609865470852
"o","Bird Observatory","PUF_MBO_04","01/07/2024","15/07/2024","Artiodactyla_91561",308,0.276233183856502
"o","Bird Observatory","PUF_MBO_04","01/07/2024","15/07/2024",NA,265,0.237668161434978
"o","Bird Observatory","PUF_MBO_05","15/07/2024","29/07/2024","Lepidoptera_7088",8556,0.931214627775359
"o","Bird Observatory","PUF_MBO_05","15/07/2024","29/07/2024","Hemiptera_7524",438,0.0476708750544188
"o","Bird Observatory","PUF_MBO_05","15/07/2024","29/07/2024",NA,93,0.010121898127993
"o","Bird Observatory","PUF_MBO_05","15/07/2024","29/07/2024","Stylommatophora_6527",55,0.00598606878537222
"o","Bird Observatory","PUF_MBO_05","15/07/2024","29/07/2024","Diptera_7147",26,0.00282977797126687
"o","Bird Observatory","PUF_MBO_05","15/07/2024","29/07/2024","Primates_9443",20,0.0021767522855899
"o","Bird Observatory","PUF_MBO_06","29/07/2024","12/08/2024","Hemiptera_7524",659,0.759216589861751
"o","Bird Observatory","PUF_MBO_06","29/07/2024","12/08/2024",NA,169,0.194700460829493
"o","Bird Observatory","PUF_MBO_06","29/07/2024","12/08/2024","Hymenoptera_7399",40,0.0460829493087558
"o","Bird Observatory","PUF_MBO_07","12/08/2024","26/08/2024","Hemiptera_7524",1221,0.751384615384615
"o","Bird Observatory","PUF_MBO_07","12/08/2024","26/08/2024",NA,299,0.184
"o","Bird Observatory","PUF_MBO_07","12/08/2024","26/08/2024","Lepidoptera_7088",55,0.0338461538461538
"o","Bird Observatory","PUF_MBO_07","12/08/2024","26/08/2024","Hymenoptera_7399",32,0.0196923076923077
"o","Bird Observatory","PUF_MBO_07","12/08/2024","26/08/2024","Symphypleona_79705",18,0.0110769230769231
"o","Bird Observatory","PUF_MBO_08","26/08/2024","09/09/2024","Hemiptera_7524",1299,0.844603381014304
"o","Bird Observatory","PUF_MBO_08","26/08/2024","09/09/2024",NA,219,0.142392717815345
"o","Bird Observatory","PUF_MBO_08","26/08/2024","09/09/2024","Lepidoptera_7088",20,0.0130039011703511
"o","Bird Observatory","PUF_MBO_09","09/09/2024","23/09/2024","Hemiptera_7524",1962,0.706009355883411
"o","Bird Observatory","PUF_MBO_09","09/09/2024","23/09/2024",NA,740,0.266282835552357
"o","Bird Observatory","PUF_MBO_09","09/09/2024","23/09/2024","Artiodactyla_91561",47,0.0169125584742713
"o","Bird Observatory","PUF_MBO_09","09/09/2024","23/09/2024","Lepidoptera_7088",30,0.0107952500899604
"o","Bird Observatory","PUF_MBO_10","23/09/2024","07/10/2024","Hemiptera_7524",870,0.583109919571046
"o","Bird Observatory","PUF_MBO_10","23/09/2024","07/10/2024",NA,589,0.394772117962466
"o","Bird Observatory","PUF_MBO_10","23/09/2024","07/10/2024","Lepidoptera_7088",22,0.014745308310992
"o","Bird Observatory","PUF_MBO_10","23/09/2024","07/10/2024","Symphypleona_79705",11,0.00737265415549598
"o","Botanical Garden","PUF_BOT_01","17/05/2024","31/05/2024",NA,392,0.492462311557789
"o","Botanical Garden","PUF_BOT_01","17/05/2024","31/05/2024","Hemiptera_7524",94,0.118090452261307
"o","Botanical Garden","PUF_BOT_01","17/05/2024","31/05/2024","Lepidoptera_7088",92,0.115577889447236
"o","Botanical Garden","PUF_BOT_01","17/05/2024","31/05/2024","Trombidiformes_83136",75,0.0942211055276382
"o","Botanical Garden","PUF_BOT_01","17/05/2024","31/05/2024","Hymenoptera_7399",45,0.0565326633165829
"o","Botanical Garden","PUF_BOT_01","17/05/2024","31/05/2024","Diptera_7147",42,0.0527638190954774
"o","Botanical Garden","PUF_BOT_01","17/05/2024","31/05/2024","Primates_9443",31,0.0389447236180905
"o","Botanical Garden","PUF_BOT_01","17/05/2024","31/05/2024","Trichoptera_30263",25,0.0314070351758794
"o","Botanical Garden","PUF_BOT_02","31/05/2024","14/06/2024",NA,1871,0.785804283914322
"o","Botanical Garden","PUF_BOT_02","31/05/2024","14/06/2024","Hemiptera_7524",146,0.0613187736245275
"o","Botanical Garden","PUF_BOT_02","31/05/2024","14/06/2024","Lepidoptera_7088",127,0.0533389332213356
"o","Botanical Garden","PUF_BOT_02","31/05/2024","14/06/2024","Trombidiformes_83136",90,0.0377992440151197
"o","Botanical Garden","PUF_BOT_02","31/05/2024","14/06/2024","Hymenoptera_7399",39,0.0163796724065519
"o","Botanical Garden","PUF_BOT_02","31/05/2024","14/06/2024","Symphypleona_79705",37,0.0155396892062159
"o","Botanical Garden","PUF_BOT_02","31/05/2024","14/06/2024","Araneae_6893",21,0.00881982360352793
"o","Botanical Garden","PUF_BOT_02","31/05/2024","14/06/2024","Rodentia_9989",20,0.00839983200335993
"o","Botanical Garden","PUF_BOT_02","31/05/2024","14/06/2024","Primates_9443",17,0.00713985720285594
"o","Botanical Garden","PUF_BOT_02","31/05/2024","14/06/2024","Diptera_7147",13,0.00545989080218396
"o","Botanical Garden","PUF_BOT_03","24/06/2024","28/06/2024","Artiodactyla_91561",88,1
"o","Botanical Garden","PUF_BOT_04","28/06/2024","12/07/2024","Hemiptera_7524",544,0.593886462882096
"o","Botanical Garden","PUF_BOT_04","28/06/2024","12/07/2024",NA,171,0.186681222707424
"o","Botanical Garden","PUF_BOT_04","28/06/2024","12/07/2024","Diptera_7147",144,0.157205240174672
"o","Botanical Garden","PUF_BOT_04","28/06/2024","12/07/2024","Lepidoptera_7088",41,0.0447598253275109
"o","Botanical Garden","PUF_BOT_04","28/06/2024","12/07/2024","Coleoptera_7041",8,0.00873362445414847
"o","Botanical Garden","PUF_BOT_04","28/06/2024","12/07/2024","Hymenoptera_7399",8,0.00873362445414847
"o","Botanical Garden","PUF_BOT_05","12/07/2024","26/07/2024","Hemiptera_7524",595,0.396666666666667
"o","Botanical Garden","PUF_BOT_05","12/07/2024","26/07/2024","Diptera_7147",381,0.254
"o","Botanical Garden","PUF_BOT_05","12/07/2024","26/07/2024",NA,346,0.230666666666667
"o","Botanical Garden","PUF_BOT_05","12/07/2024","26/07/2024","Artiodactyla_91561",61,0.0406666666666667
"o","Botanical Garden","PUF_BOT_05","12/07/2024","26/07/2024","Trombidiformes_83136",58,0.0386666666666667
"o","Botanical Garden","PUF_BOT_05","12/07/2024","26/07/2024","Lepidoptera_7088",52,0.0346666666666667
"o","Botanical Garden","PUF_BOT_05","12/07/2024","26/07/2024","Hymenoptera_7399",7,0.00466666666666667
"o","Botanical Garden","PUF_BOT_06","26/07/2024","09/08/2024","Lepidoptera_7088",17830,0.909090909090909
"o","Botanical Garden","PUF_BOT_06","26/07/2024","09/08/2024","Hemiptera_7524",888,0.045276092387702
"o","Botanical Garden","PUF_BOT_06","26/07/2024","09/08/2024","Primates_9443",705,0.0359455463213175
"o","Botanical Garden","PUF_BOT_06","26/07/2024","09/08/2024","Coleoptera_7041",86,0.00438484678529547
"o","Botanical Garden","PUF_BOT_06","26/07/2024","09/08/2024",NA,73,0.00372202110844848
"o","Botanical Garden","PUF_BOT_06","26/07/2024","09/08/2024","Hymenoptera_7399",31,0.00158058430632744
"o","Botanical Garden","PUF_BOT_07","09/08/2024","23/08/2024","Hemiptera_7524",2074,0.818468823993686
"o","Botanical Garden","PUF_BOT_07","09/08/2024","23/08/2024",NA,287,0.113259668508287
"o","Botanical Garden","PUF_BOT_07","09/08/2024","23/08/2024","Trombidiformes_83136",113,0.0445935280189424
"o","Botanical Garden","PUF_BOT_07","09/08/2024","23/08/2024","Lepidoptera_7088",43,0.0169692186266772
"o","Botanical Garden","PUF_BOT_07","09/08/2024","23/08/2024","Primates_9443",17,0.00670876085240726
"o","Botanical Garden","PUF_BOT_08","23/08/2024","06/09/2024","Hemiptera_7524",579,0.515124555160142
"o","Botanical Garden","PUF_BOT_08","23/08/2024","06/09/2024",NA,333,0.29626334519573
"o","Botanical Garden","PUF_BOT_08","23/08/2024","06/09/2024","Trombidiformes_83136",128,0.113879003558719
"o","Botanical Garden","PUF_BOT_08","23/08/2024","06/09/2024","Hymenoptera_7399",41,0.0364768683274021
"o","Botanical Garden","PUF_BOT_08","23/08/2024","06/09/2024","Diptera_7147",31,0.0275800711743772
"o","Botanical Garden","PUF_BOT_08","23/08/2024","06/09/2024","Lepidoptera_7088",12,0.0106761565836299
"o","Botanical Garden","PUF_BOT_09","06/09/2024","20/09/2024","Hemiptera_7524",1118,0.78676988036594
"o","Botanical Garden","PUF_BOT_09","06/09/2024","20/09/2024","Lepidoptera_7088",155,0.109078114004222
"o","Botanical Garden","PUF_BOT_09","06/09/2024","20/09/2024",NA,137,0.0964109781843772
"o","Botanical Garden","PUF_BOT_09","06/09/2024","20/09/2024","Primates_9443",11,0.00774102744546094
"o","Botanical Garden","PUF_BOT_10","20/09/2024","04/10/2024","Hemiptera_7524",2761,0.718075422626788
"o","Botanical Garden","PUF_BOT_10","20/09/2024","04/10/2024",NA,666,0.173211963589077
"o","Botanical Garden","PUF_BOT_10","20/09/2024","04/10/2024","Artiodactyla_91561",327,0.0850455136540962
"o","Botanical Garden","PUF_BOT_10","20/09/2024","04/10/2024","Lepidoptera_7088",73,0.0189856957087126
"o","Botanical Garden","PUF_BOT_10","20/09/2024","04/10/2024","Hymenoptera_7399",18,0.0046814044213264
"o","Boucherville","PUF_BOU_01","27/05/2024","10/06/2024",NA,218,0.865079365079365
"o","Boucherville","PUF_BOU_01","27/05/2024","10/06/2024","Hemiptera_7524",23,0.0912698412698413
"o","Boucherville","PUF_BOU_01","27/05/2024","10/06/2024","Diptera_7147",9,0.0357142857142857
"o","Boucherville","PUF_BOU_01","27/05/2024","10/06/2024","Primates_9443",2,0.00793650793650794
"o","Boucherville","PUF_BOU_02","10/06/2024","24/06/2024","Symphypleona_79705",401,0.383732057416268
"o","Boucherville","PUF_BOU_02","10/06/2024","24/06/2024","Diptera_7147",238,0.227751196172249
"o","Boucherville","PUF_BOU_02","10/06/2024","24/06/2024",NA,185,0.177033492822967
"o","Boucherville","PUF_BOU_02","10/06/2024","24/06/2024","Sarcoptiformes_83137",76,0.0727272727272727
"o","Boucherville","PUF_BOU_02","10/06/2024","24/06/2024","Hemiptera_7524",49,0.0468899521531101
"o","Boucherville","PUF_BOU_02","10/06/2024","24/06/2024","Primates_9443",34,0.0325358851674641
"o","Boucherville","PUF_BOU_02","10/06/2024","24/06/2024","Coleoptera_7041",24,0.0229665071770335
"o","Boucherville","PUF_BOU_02","10/06/2024","24/06/2024","Lepidoptera_7088",21,0.0200956937799043
"o","Boucherville","PUF_BOU_02","10/06/2024","24/06/2024","Trombidiformes_83136",9,0.00861244019138756
"o","Boucherville","PUF_BOU_02","10/06/2024","24/06/2024","Rodentia_9989",8,0.0076555023923445
"o","Boucherville","PUF_BOU_03","24/06/2024","08/07/2024","Symphypleona_79705",275,0.43171114599686
"o","Boucherville","PUF_BOU_03","24/06/2024","08/07/2024","Hemiptera_7524",175,0.274725274725275
"o","Boucherville","PUF_BOU_03","24/06/2024","08/07/2024",NA,79,0.124018838304553
"o","Boucherville","PUF_BOU_03","24/06/2024","08/07/2024","Artiodactyla_91561",57,0.0894819466248038
"o","Boucherville","PUF_BOU_03","24/06/2024","08/07/2024","Trombidiformes_83136",29,0.0455259026687598
"o","Boucherville","PUF_BOU_03","24/06/2024","08/07/2024","Lepidoptera_7088",15,0.0235478806907378
"o","Boucherville","PUF_BOU_03","24/06/2024","08/07/2024","Orthoptera_6993",7,0.010989010989011
"o","Boucherville","PUF_BOU_04","08/07/2024","22/07/2024","Hemiptera_7524",341,0.589965397923875
"o","Boucherville","PUF_BOU_04","08/07/2024","22/07/2024",NA,92,0.15916955017301
"o","Boucherville","PUF_BOU_04","08/07/2024","22/07/2024","Diptera_7147",45,0.0778546712802768
"o","Boucherville","PUF_BOU_04","08/07/2024","22/07/2024","Hymenoptera_7399",33,0.0570934256055363
"o","Boucherville","PUF_BOU_04","08/07/2024","22/07/2024","Orthoptera_6993",32,0.055363321799308
"o","Boucherville","PUF_BOU_04","08/07/2024","22/07/2024","Lepidoptera_7088",24,0.041522491349481
"o","Boucherville","PUF_BOU_04","08/07/2024","22/07/2024","Coleoptera_7041",7,0.0121107266435986
"o","Boucherville","PUF_BOU_04","08/07/2024","22/07/2024","Primates_9443",4,0.0069204152249135
"o","Boucherville","PUF_BOU_05","22/07/2024","05/08/2024","Hemiptera_7524",2011,0.859034600598035
"o","Boucherville","PUF_BOU_05","22/07/2024","05/08/2024",NA,132,0.056386159760786
"o","Boucherville","PUF_BOU_05","22/07/2024","05/08/2024","Diptera_7147",96,0.0410081161896625
"o","Boucherville","PUF_BOU_05","22/07/2024","05/08/2024","Mesostigmata_34634",34,0.0145237078171721
"o","Boucherville","PUF_BOU_05","22/07/2024","05/08/2024","Coleoptera_7041",19,0.00811618966253738
"o","Boucherville","PUF_BOU_05","22/07/2024","05/08/2024","Trombidiformes_83136",19,0.00811618966253738
"o","Boucherville","PUF_BOU_05","22/07/2024","05/08/2024","Lepidoptera_7088",17,0.00726185390858607
"o","Boucherville","PUF_BOU_05","22/07/2024","05/08/2024","Hymenoptera_7399",13,0.00555318240068347
"o","Boucherville","PUF_BOU_06","05/08/2024","19/08/2024","Hemiptera_7524",563,0.673444976076555
"o","Boucherville","PUF_BOU_06","05/08/2024","19/08/2024",NA,152,0.181818181818182
"o","Boucherville","PUF_BOU_06","05/08/2024","19/08/2024","Lepidoptera_7088",35,0.041866028708134
"o","Boucherville","PUF_BOU_06","05/08/2024","19/08/2024","Anostraca_6659",30,0.0358851674641148
"o","Boucherville","PUF_BOU_06","05/08/2024","19/08/2024","Odonata_6961",18,0.0215311004784689
"o","Boucherville","PUF_BOU_06","05/08/2024","19/08/2024","Hymenoptera_7399",13,0.0155502392344498
"o","Boucherville","PUF_BOU_06","05/08/2024","19/08/2024","Trombidiformes_83136",12,0.0143540669856459
"o","Boucherville","PUF_BOU_06","05/08/2024","19/08/2024","Diptera_7147",8,0.00956937799043062
"o","Boucherville","PUF_BOU_06","05/08/2024","19/08/2024","Symphypleona_79705",5,0.00598086124401914
"o","Boucherville","PUF_BOU_07","19/08/2024","02/09/2024",NA,111,0.342592592592593
"o","Boucherville","PUF_BOU_07","19/08/2024","02/09/2024","Hemiptera_7524",100,0.308641975308642
"o","Boucherville","PUF_BOU_07","19/08/2024","02/09/2024","Artiodactyla_91561",60,0.185185185185185
"o","Boucherville","PUF_BOU_07","19/08/2024","02/09/2024","Symphypleona_79705",53,0.16358024691358
"o","Boucherville","PUF_BOU_08","02/09/2024","16/09/2024","Hemiptera_7524",1733,0.807172799254774
"o","Boucherville","PUF_BOU_08","02/09/2024","16/09/2024",NA,311,0.144853283651607
"o","Boucherville","PUF_BOU_08","02/09/2024","16/09/2024","Rodentia_9989",32,0.0149045179319981
"o","Boucherville","PUF_BOU_08","02/09/2024","16/09/2024","Diptera_7147",30,0.0139729855612483
"o","Boucherville","PUF_BOU_08","02/09/2024","16/09/2024","Lepidoptera_7088",22,0.0102468560782487
"o","Boucherville","PUF_BOU_08","02/09/2024","16/09/2024","Hymenoptera_7399",19,0.00884955752212389
"o","Boucherville","PUF_BOU_09","16/09/2024","30/09/2024","Hemiptera_7524",1259,0.723979298447384
"o","Boucherville","PUF_BOU_09","16/09/2024","30/09/2024",NA,260,0.149511213341001
"o","Boucherville","PUF_BOU_09","16/09/2024","30/09/2024","Trombidiformes_83136",115,0.066129959746981
"o","Boucherville","PUF_BOU_09","16/09/2024","30/09/2024","Primates_9443",65,0.0373778033352501
"o","Boucherville","PUF_BOU_09","16/09/2024","30/09/2024","Rodentia_9989",21,0.012075905692927
"o","Boucherville","PUF_BOU_09","16/09/2024","30/09/2024","Coleoptera_7041",19,0.0109258194364577
"o","IPEX","PUF_IPEX_01","15/05/2024","29/05/2024","Hemiptera_7524",48,0.428571428571429
"o","IPEX","PUF_IPEX_01","15/05/2024","29/05/2024",NA,32,0.285714285714286
"o","IPEX","PUF_IPEX_01","15/05/2024","29/05/2024","Artiodactyla_91561",21,0.1875
"o","IPEX","PUF_IPEX_01","15/05/2024","29/05/2024","Primates_9443",7,0.0625
"o","IPEX","PUF_IPEX_01","15/05/2024","29/05/2024","Trombidiformes_83136",3,0.0267857142857143
"o","IPEX","PUF_IPEX_01","15/05/2024","29/05/2024","Lepidoptera_7088",1,0.00892857142857143
"o","IPEX","PUF_IPEX_02","29/05/2024","12/06/2024",NA,1165,0.668387837062536
"o","IPEX","PUF_IPEX_02","29/05/2024","12/06/2024","Hemiptera_7524",171,0.0981067125645439
"o","IPEX","PUF_IPEX_02","29/05/2024","12/06/2024","Trombidiformes_83136",164,0.0940906483075158
"o","IPEX","PUF_IPEX_02","29/05/2024","12/06/2024","Diptera_7147",133,0.0763052208835341
"o","IPEX","PUF_IPEX_02","29/05/2024","12/06/2024","Hymenoptera_7399",59,0.0338496844520941
"o","IPEX","PUF_IPEX_02","29/05/2024","12/06/2024","Coleoptera_7041",23,0.0131956397016638
"o","IPEX","PUF_IPEX_02","29/05/2024","12/06/2024","Lepidoptera_7088",14,0.00803212851405622
"o","IPEX","PUF_IPEX_02","29/05/2024","12/06/2024","Primates_9443",7,0.00401606425702811
"o","IPEX","PUF_IPEX_02","29/05/2024","12/06/2024","Symphypleona_79705",7,0.00401606425702811
"o","IPEX","PUF_IPEX_03","12/06/2024","26/06/2024","Araneae_6893",9871,0.886802623304285
"o","IPEX","PUF_IPEX_03","12/06/2024","26/06/2024",NA,607,0.0545323870272213
"o","IPEX","PUF_IPEX_03","12/06/2024","26/06/2024","Hemiptera_7524",342,0.0307250022459797
"o","IPEX","PUF_IPEX_03","12/06/2024","26/06/2024","Trombidiformes_83136",96,0.00862456203395921
"o","IPEX","PUF_IPEX_03","12/06/2024","26/06/2024","Lepidoptera_7088",73,0.00655826071332315
"o","IPEX","PUF_IPEX_03","12/06/2024","26/06/2024","Symphypleona_79705",73,0.00655826071332315
"o","IPEX","PUF_IPEX_03","12/06/2024","26/06/2024","Artiodactyla_91561",52,0.00467163776839457
"o","IPEX","PUF_IPEX_03","12/06/2024","26/06/2024","Mesostigmata_34634",17,0.00152726619351361
"o","IPEX","PUF_IPEX_04","26/06/2024","10/07/2024","Hemiptera_7524",1052,0.550209205020921
"o","IPEX","PUF_IPEX_04","26/06/2024","10/07/2024",NA,364,0.190376569037657
"o","IPEX","PUF_IPEX_04","26/06/2024","10/07/2024","Trombidiformes_83136",258,0.134937238493724
"o","IPEX","PUF_IPEX_04","26/06/2024","10/07/2024","Lepidoptera_7088",124,0.0648535564853557
"o","IPEX","PUF_IPEX_04","26/06/2024","10/07/2024","Artiodactyla_91561",48,0.0251046025104603
"o","IPEX","PUF_IPEX_04","26/06/2024","10/07/2024","Sarcoptiformes_83137",27,0.0141213389121339
"o","IPEX","PUF_IPEX_04","26/06/2024","10/07/2024","Rodentia_9989",22,0.0115062761506276
"o","IPEX","PUF_IPEX_04","26/06/2024","10/07/2024","Hymenoptera_7399",17,0.00889121338912134
"o","IPEX","PUF_IPEX_05","10/07/2024","24/07/2024","Hemiptera_7524",3877,0.709943233839956
"o","IPEX","PUF_IPEX_05","10/07/2024","24/07/2024","Trombidiformes_83136",1059,0.193920527375938
"o","IPEX","PUF_IPEX_05","10/07/2024","24/07/2024",NA,328,0.060062259659403
"o","IPEX","PUF_IPEX_05","10/07/2024","24/07/2024","Symphypleona_79705",121,0.02215711408167
"o","IPEX","PUF_IPEX_05","10/07/2024","24/07/2024","Primates_9443",49,0.00897271561984984
"o","IPEX","PUF_IPEX_05","10/07/2024","24/07/2024","Trichoptera_30263",27,0.00494414942318257
"o","IPEX","PUF_IPEX_06","24/07/2024","07/08/2024","Hemiptera_7524",812,0.844953173777315
"o","IPEX","PUF_IPEX_06","24/07/2024","07/08/2024",NA,131,0.136316337148803
"o","IPEX","PUF_IPEX_06","24/07/2024","07/08/2024","Lepidoptera_7088",18,0.0187304890738814
"o","IPEX","PUF_IPEX_07","07/08/2024","21/08/2024","Hemiptera_7524",1108,0.67355623100304
"o","IPEX","PUF_IPEX_07","07/08/2024","21/08/2024",NA,382,0.232218844984802
"o","IPEX","PUF_IPEX_07","07/08/2024","21/08/2024","Hymenoptera_7399",83,0.0504559270516717
"o","IPEX","PUF_IPEX_07","07/08/2024","21/08/2024","Lepidoptera_7088",53,0.0322188449848024
"o","IPEX","PUF_IPEX_07","07/08/2024","21/08/2024","Rodentia_9989",10,0.0060790273556231
"o","IPEX","PUF_IPEX_07","07/08/2024","21/08/2024","Diptera_7147",9,0.00547112462006079
"o","IPEX","PUF_IPEX_08","21/08/2024","04/09/2024","Hemiptera_7524",1493,0.658579620644023
"o","IPEX","PUF_IPEX_08","21/08/2024","04/09/2024",NA,665,0.29333921482135
"o","IPEX","PUF_IPEX_08","21/08/2024","04/09/2024","Artiodactyla_91561",70,0.0308778120864579
"o","IPEX","PUF_IPEX_08","21/08/2024","04/09/2024","Diptera_7147",39,0.0172033524481694
"o","IPEX","PUF_IPEX_09","04/09/2024","18/09/2024","Hemiptera_7524",962,0.889916743755782
"o","IPEX","PUF_IPEX_09","04/09/2024","18/09/2024",NA,88,0.0814061054579093
"o","IPEX","PUF_IPEX_09","04/09/2024","18/09/2024","Lepidoptera_7088",31,0.028677150786309
"o","IPEX","PUF_IPEX_10","18/09/2024","02/10/2024","Hemiptera_7524",2711,0.678089044522261
"o","IPEX","PUF_IPEX_10","18/09/2024","02/10/2024","Psocoptera_30259",574,0.143571785892946
"o","IPEX","PUF_IPEX_10","18/09/2024","02/10/2024",NA,426,0.106553276638319
"o","IPEX","PUF_IPEX_10","18/09/2024","02/10/2024","Lepidoptera_7088",184,0.0460230115057529
"o","IPEX","PUF_IPEX_10","18/09/2024","02/10/2024","Diptera_7147",83,0.020760380190095
"o","IPEX","PUF_IPEX_10","18/09/2024","02/10/2024","Hymenoptera_7399",20,0.00500250125062531
"o","Insectarium","Insectarium_Cocoon","10/11/2025","24/11/2025","Sarcoptiformes_83137",123,0.45724907063197
"o","Insectarium","Insectarium_Cocoon","10/11/2025","24/11/2025","Artiodactyla_91561",73,0.271375464684015
"o","Insectarium","Insectarium_Cocoon","10/11/2025","24/11/2025","Anostraca_6659",36,0.133828996282528
"o","Insectarium","Insectarium_Cocoon","10/11/2025","24/11/2025","Primates_9443",36,0.133828996282528
"o","Insectarium","Insectarium_Cocoon","10/11/2025","24/11/2025","Julida_41448",1,0.00371747211895911
"o","Insectarium","Insectarium_Door","10/11/2025","24/11/2025","Artiodactyla_91561",48,0.979591836734694
"o","Insectarium","Insectarium_Door","10/11/2025","24/11/2025","Lepidoptera_7088",1,0.0204081632653061
"o","Insectarium","Insectarium_Up","10/11/2025","24/11/2025","Sarcoptiformes_83137",1884,1
"o","Jean-Drapeau","PUF_JD_01","22/05/2024","05/06/2024","Lepidoptera_7088",6095,0.687302661253947
"o","Jean-Drapeau","PUF_JD_01","22/05/2024","05/06/2024","Trombidiformes_83136",1490,0.168019846639603
"o","Jean-Drapeau","PUF_JD_01","22/05/2024","05/06/2024",NA,844,0.0951736580965268
"o","Jean-Drapeau","PUF_JD_01","22/05/2024","05/06/2024","Mesostigmata_34634",114,0.0128552097428958
"o","Jean-Drapeau","PUF_JD_01","22/05/2024","05/06/2024","Diptera_7147",105,0.0118403247631935
"o","Jean-Drapeau","PUF_JD_01","22/05/2024","05/06/2024","Hemiptera_7524",84,0.0094722598105548
"o","Jean-Drapeau","PUF_JD_01","22/05/2024","05/06/2024","Araneae_6893",76,0.0085701398285972
"o","Jean-Drapeau","PUF_JD_01","22/05/2024","05/06/2024","Hymenoptera_7399",34,0.0038340099233198
"o","Jean-Drapeau","PUF_JD_01","22/05/2024","05/06/2024","Ephemeroptera_30073",13,0.0014659449706811
"o","Jean-Drapeau","PUF_JD_01","22/05/2024","05/06/2024","Primates_9443",13,0.0014659449706811
"o","Jean-Drapeau","PUF_JD_02","05/06/2024","19/06/2024","Lepidoptera_7088",13685,0.970567375886525
"o","Jean-Drapeau","PUF_JD_02","05/06/2024","19/06/2024",NA,256,0.0181560283687943
"o","Jean-Drapeau","PUF_JD_02","05/06/2024","19/06/2024","Trichoptera_30263",131,0.00929078014184397
"o","Jean-Drapeau","PUF_JD_02","05/06/2024","19/06/2024","Araneae_6893",28,0.00198581560283688
"o","Jean-Drapeau","PUF_JD_03","19/06/2024","03/07/2024","Hemiptera_7524",448,0.478632478632479
"o","Jean-Drapeau","PUF_JD_03","19/06/2024","03/07/2024",NA,125,0.133547008547009
"o","Jean-Drapeau","PUF_JD_03","19/06/2024","03/07/2024","Diptera_7147",124,0.132478632478632
"o","Jean-Drapeau","PUF_JD_03","19/06/2024","03/07/2024","Primates_9443",94,0.10042735042735
"o","Jean-Drapeau","PUF_JD_03","19/06/2024","03/07/2024","Lepidoptera_7088",79,0.0844017094017094
"o","Jean-Drapeau","PUF_JD_03","19/06/2024","03/07/2024","Neuroptera_7516",31,0.0331196581196581
"o","Jean-Drapeau","PUF_JD_03","19/06/2024","03/07/2024","Trombidiformes_83136",24,0.0256410256410256
"o","Jean-Drapeau","PUF_JD_03","19/06/2024","03/07/2024","Hymenoptera_7399",11,0.0117521367521368
"o","Jean-Drapeau","PUF_JD_04","03/07/2024","17/07/2024","Hemiptera_7524",996,0.613300492610837
"o","Jean-Drapeau","PUF_JD_04","03/07/2024","17/07/2024","Artiodactyla_91561",217,0.133620689655172
"o","Jean-Drapeau","PUF_JD_04","03/07/2024","17/07/2024","Araneae_6893",153,0.0942118226600985
"o","Jean-Drapeau","PUF_JD_04","03/07/2024","17/07/2024","Lepidoptera_7088",149,0.0917487684729064
"o","Jean-Drapeau","PUF_JD_04","03/07/2024","17/07/2024",NA,93,0.0572660098522167
"o","Jean-Drapeau","PUF_JD_04","03/07/2024","17/07/2024","Hymenoptera_7399",16,0.00985221674876847
"o","Jean-Drapeau","PUF_JD_05","17/07/2024","31/07/2024","Araneae_6893",1700,0.410330678252474
"o","Jean-Drapeau","PUF_JD_05","17/07/2024","31/07/2024","Hemiptera_7524",1469,0.354573980207579
"o","Jean-Drapeau","PUF_JD_05","17/07/2024","31/07/2024","Lepidoptera_7088",297,0.0716871832005793
"o","Jean-Drapeau","PUF_JD_05","17/07/2024","31/07/2024","Diptera_7147",267,0.0644460535843592
"o","Jean-Drapeau","PUF_JD_05","17/07/2024","31/07/2024","Trombidiformes_83136",129,0.0311368573497466
"o","Jean-Drapeau","PUF_JD_05","17/07/2024","31/07/2024",NA,124,0.0299300024137099
"o","Jean-Drapeau","PUF_JD_05","17/07/2024","31/07/2024","Artiodactyla_91561",45,0.0108616944243302
"o","Jean-Drapeau","PUF_JD_05","17/07/2024","31/07/2024","Anostraca_6659",39,0.00941346850108617
"o","Jean-Drapeau","PUF_JD_05","17/07/2024","31/07/2024","Hymenoptera_7399",32,0.00772387159063481
"o","Jean-Drapeau","PUF_JD_05","17/07/2024","31/07/2024","Coleoptera_7041",30,0.00724112961622013
"o","Jean-Drapeau","PUF_JD_05","17/07/2024","31/07/2024","Primates_9443",11,0.00265508085928071
"o","Jean-Drapeau","PUF_JD_06","31/07/2024","14/08/2024","Hemiptera_7524",3511,0.913133940182055
"o","Jean-Drapeau","PUF_JD_06","31/07/2024","14/08/2024","Araneae_6893",119,0.0309492847854356
"o","Jean-Drapeau","PUF_JD_06","31/07/2024","14/08/2024","Diptera_7147",78,0.0202860858257477
"o","Jean-Drapeau","PUF_JD_06","31/07/2024","14/08/2024",NA,62,0.0161248374512354
"o","Jean-Drapeau","PUF_JD_06","31/07/2024","14/08/2024","Lepidoptera_7088",38,0.00988296488946684
"o","Jean-Drapeau","PUF_JD_06","31/07/2024","14/08/2024","Hymenoptera_7399",37,0.00962288686605982
"o","Jean-Drapeau","PUF_JD_07","14/08/2024","28/08/2024","Hemiptera_7524",2445,0.548698384201077
"o","Jean-Drapeau","PUF_JD_07","14/08/2024","28/08/2024","Coleoptera_7041",867,0.194569120287253
"o","Jean-Drapeau","PUF_JD_07","14/08/2024","28/08/2024","Trichoptera_30263",592,0.132854578096948
"o","Jean-Drapeau","PUF_JD_07","14/08/2024","28/08/2024",NA,274,0.0614901256732496
"o","Jean-Drapeau","PUF_JD_07","14/08/2024","28/08/2024","Trombidiformes_83136",95,0.0213195691202873
"o","Jean-Drapeau","PUF_JD_07","14/08/2024","28/08/2024","Hymenoptera_7399",54,0.0121184919210054
"o","Jean-Drapeau","PUF_JD_07","14/08/2024","28/08/2024","Araneae_6893",53,0.0118940754039497
"o","Jean-Drapeau","PUF_JD_07","14/08/2024","28/08/2024","Lepidoptera_7088",53,0.0118940754039497
"o","Jean-Drapeau","PUF_JD_07","14/08/2024","28/08/2024","Symphypleona_79705",23,0.00516157989228007
"o","Jean-Drapeau","PUF_JD_08","28/08/2024","11/09/2024","Araneae_6893",8581,0.986775528978841
"o","Jean-Drapeau","PUF_JD_08","28/08/2024","11/09/2024","Hemiptera_7524",115,0.0132244710211592
"o","Jean-Drapeau","PUF_JD_09","11/09/2024","25/09/2024","Hemiptera_7524",742,0.617304492512479
"o","Jean-Drapeau","PUF_JD_09","11/09/2024","25/09/2024","Lepidoptera_7088",227,0.188851913477537
"o","Jean-Drapeau","PUF_JD_09","11/09/2024","25/09/2024",NA,101,0.084026622296173
"o","Jean-Drapeau","PUF_JD_09","11/09/2024","25/09/2024","Neuroptera_7516",69,0.0574043261231281
"o","Jean-Drapeau","PUF_JD_09","11/09/2024","25/09/2024","Diptera_7147",34,0.0282861896838602
"o","Jean-Drapeau","PUF_JD_09","11/09/2024","25/09/2024","Araneae_6893",20,0.0166389351081531
"o","Jean-Drapeau","PUF_JD_09","11/09/2024","25/09/2024","Artiodactyla_91561",9,0.00748752079866889
"o","Jean-Drapeau","PUF_JD_10","25/09/2024","09/10/2024","Hemiptera_7524",7699,0.913285883748517
"o","Jean-Drapeau","PUF_JD_10","25/09/2024","09/10/2024","Araneae_6893",261,0.0309608540925267
"o","Jean-Drapeau","PUF_JD_10","25/09/2024","09/10/2024","Diptera_7147",243,0.0288256227758007
"o","Jean-Drapeau","PUF_JD_10","25/09/2024","09/10/2024","Lepidoptera_7088",72,0.00854092526690392
"o","Jean-Drapeau","PUF_JD_10","25/09/2024","09/10/2024","Artiodactyla_91561",67,0.00794780545670225
"o","Jean-Drapeau","PUF_JD_10","25/09/2024","09/10/2024",NA,54,0.00640569395017794
"o","Jean-Drapeau","PUF_JD_10","25/09/2024","09/10/2024","Trichoptera_30263",34,0.00403321470937129
"o","Mont_Tremblant","Mont_Tremblant","30/08/2025","31/08/2025",NA,691,0.706543967280164
"o","Mont_Tremblant","Mont_Tremblant","30/08/2025","31/08/2025","Artiodactyla_91561",82,0.0838445807770961
"o","Mont_Tremblant","Mont_Tremblant","30/08/2025","31/08/2025","Hemiptera_7524",76,0.0777096114519427
"o","Mont_Tremblant","Mont_Tremblant","30/08/2025","31/08/2025","Trombidiformes_83136",55,0.0562372188139059
"o","Mont_Tremblant","Mont_Tremblant","30/08/2025","31/08/2025","Primates_9443",33,0.0337423312883436
"o","Mont_Tremblant","Mont_Tremblant","30/08/2025","31/08/2025","Coleoptera_7041",18,0.0184049079754601
"o","Mont_Tremblant","Mont_Tremblant","30/08/2025","31/08/2025","Symphypleona_79705",17,0.0173824130879346
"o","Mont_Tremblant","Mont_Tremblant","30/08/2025","31/08/2025","Hymenoptera_7399",6,0.00613496932515337
"o",NA,NA,NA,NA,"Lepidoptera_7088",29522,0.981253739280729
"o",NA,NA,NA,NA,"Entomobryomorpha_730330",356,0.0118327461277671
"o",NA,NA,NA,NA,"Mantodea_7504",76,0.00252609186997274
"o",NA,NA,NA,NA,"Sarcoptiformes_83137",62,0.00206075915708303
"o",NA,NA,NA,NA,"Trombidiformes_83136",48,0.00159542644419331
"o",NA,NA,NA,NA,NA,22,0.000731237120255268
"f","Bird Observatory","PUF_MBO_01","20/05/2024","03/06/2024","Tydeidae_708320",621,0.276
"f","Bird Observatory","PUF_MBO_01","20/05/2024","03/06/2024",NA,511,0.227111111111111
"f","Bird Observatory","PUF_MBO_01","20/05/2024","03/06/2024","Eriophyidae_70320",379,0.168444444444444
"f","Bird Observatory","PUF_MBO_01","20/05/2024","03/06/2024","Chironomidae_7149",223,0.0991111111111111
"f","Bird Observatory","PUF_MBO_01","20/05/2024","03/06/2024","Pentatomidae_160513",128,0.0568888888888889
"f","Bird Observatory","PUF_MBO_01","20/05/2024","03/06/2024","Cecidomyiidae_33406",110,0.0488888888888889
"f","Bird Observatory","PUF_MBO_01","20/05/2024","03/06/2024","Phoridae_36164",72,0.032
"f","Bird Observatory","PUF_MBO_01","20/05/2024","03/06/2024","Chrysomelidae_27439",67,0.0297777777777778
"f","Bird Observatory","PUF_MBO_01","20/05/2024","03/06/2024","Bovidae_9895",45,0.02
"f","Bird Observatory","PUF_MBO_01","20/05/2024","03/06/2024","Liebstadiidae_1427579",31,0.0137777777777778
"f","Bird Observatory","PUF_MBO_01","20/05/2024","03/06/2024","Cicadellidae_30102",28,0.0124444444444444
"f","Bird Observatory","PUF_MBO_01","20/05/2024","03/06/2024","Pyralidae_7135",21,0.00933333333333333
"f","Bird Observatory","PUF_MBO_01","20/05/2024","03/06/2024","Hominidae_9604",14,0.00622222222222222
"f","Bird Observatory","PUF_MBO_02","03/06/2024","17/06/2024","Noctuidae_7100",8006,0.522550747340252
"f","Bird Observatory","PUF_MBO_02","03/06/2024","17/06/2024","Trombidiidae_83144",7029,0.458782063833953
"f","Bird Observatory","PUF_MBO_02","03/06/2024","17/06/2024",NA,236,0.0154036942758306
"f","Bird Observatory","PUF_MBO_02","03/06/2024","17/06/2024","Pentatomidae_160513",50,0.0032634945499641
"f","Bird Observatory","PUF_MBO_03","17/06/2024","01/07/2024","Pentatomidae_160513",305,0.513468013468014
"f","Bird Observatory","PUF_MBO_03","17/06/2024","01/07/2024","Philodromidae_243501",139,0.234006734006734
"f","Bird Observatory","PUF_MBO_03","17/06/2024","01/07/2024",NA,58,0.0976430976430976
"f","Bird Observatory","PUF_MBO_03","17/06/2024","01/07/2024","Phytoseiidae_34636",47,0.0791245791245791
"f","Bird Observatory","PUF_MBO_03","17/06/2024","01/07/2024","Pyralidae_7135",27,0.0454545454545455
"f","Bird Observatory","PUF_MBO_03","17/06/2024","01/07/2024","Eriophyidae_70320",18,0.0303030303030303
"f","Bird Observatory","PUF_MBO_04","01/07/2024","15/07/2024","Pentatomidae_160513",514,0.460986547085202
"f","Bird Observatory","PUF_MBO_04","01/07/2024","15/07/2024","Bovidae_9895",308,0.276233183856502
"f","Bird Observatory","PUF_MBO_04","01/07/2024","15/07/2024",NA,293,0.262780269058296
"f","Bird Observatory","PUF_MBO_05","15/07/2024","29/07/2024","Tortricidae_7139",8556,0.931214627775359
"f","Bird Observatory","PUF_MBO_05","15/07/2024","29/07/2024","Pentatomidae_160513",419,0.0456029603831084
"f","Bird Observatory","PUF_MBO_05","15/07/2024","29/07/2024",NA,112,0.0121898127993034
"f","Bird Observatory","PUF_MBO_05","15/07/2024","29/07/2024","Succineidae_73114",55,0.00598606878537222
"f","Bird Observatory","PUF_MBO_05","15/07/2024","29/07/2024","Culicidae_7157",26,0.00282977797126687
"f","Bird Observatory","PUF_MBO_05","15/07/2024","29/07/2024","Hominidae_9604",20,0.0021767522855899
"f","Bird Observatory","PUF_MBO_06","29/07/2024","12/08/2024","Pentatomidae_160513",613,0.706221198156682
"f","Bird Observatory","PUF_MBO_06","29/07/2024","12/08/2024",NA,241,0.277649769585253
"f","Bird Observatory","PUF_MBO_06","29/07/2024","12/08/2024","Miridae_30083",14,0.0161290322580645
"f","Bird Observatory","PUF_MBO_07","12/08/2024","26/08/2024","Pentatomidae_160513",1167,0.718153846153846
"f","Bird Observatory","PUF_MBO_07","12/08/2024","26/08/2024",NA,385,0.236923076923077
"f","Bird Observatory","PUF_MBO_07","12/08/2024","26/08/2024","Pyralidae_7135",55,0.0338461538461538
"f","Bird Observatory","PUF_MBO_07","12/08/2024","26/08/2024","Bourletiellidae_187607",18,0.0110769230769231
"f","Bird Observatory","PUF_MBO_08","26/08/2024","09/09/2024","Pentatomidae_160513",1252,0.814044213263979
"f","Bird Observatory","PUF_MBO_08","26/08/2024","09/09/2024",NA,266,0.17295188556567
"f","Bird Observatory","PUF_MBO_08","26/08/2024","09/09/2024","Pyralidae_7135",20,0.0130039011703511
"f","Bird Observatory","PUF_MBO_09","09/09/2024","23/09/2024","Pentatomidae_160513",1901,0.684059014033825
"f","Bird Observatory","PUF_MBO_09","09/09/2024","23/09/2024",NA,801,0.288233177401943
"f","Bird Observatory","PUF_MBO_09","09/09/2024","23/09/2024","Bovidae_9895",47,0.0169125584742713
"f","Bird Observatory","PUF_MBO_09","09/09/2024","23/09/2024","Pyralidae_7135",30,0.0107952500899604
"f","Bird Observatory","PUF_MBO_10","23/09/2024","07/10/2024","Pentatomidae_160513",800,0.536193029490617
"f","Bird Observatory","PUF_MBO_10","23/09/2024","07/10/2024",NA,659,0.441689008042895
"f","Bird Observatory","PUF_MBO_10","23/09/2024","07/10/2024","Crambidae_268499",22,0.014745308310992
"f","Bird Observatory","PUF_MBO_10","23/09/2024","07/10/2024","Katiannidae_187603",11,0.00737265415549598
"f","Botanical Garden","PUF_BOT_01","17/05/2024","31/05/2024",NA,495,0.621859296482412
"f","Botanical Garden","PUF_BOT_01","17/05/2024","31/05/2024","Pyralidae_7135",92,0.115577889447236
"f","Botanical Garden","PUF_BOT_01","17/05/2024","31/05/2024","Phytoptidae_1221082",75,0.0942211055276382
"f","Botanical Garden","PUF_BOT_01","17/05/2024","31/05/2024","Chironomidae_7149",42,0.0527638190954774
"f","Botanical Garden","PUF_BOT_01","17/05/2024","31/05/2024","Aphididae_27482",36,0.0452261306532663
"f","Botanical Garden","PUF_BOT_01","17/05/2024","31/05/2024","Hominidae_9604",31,0.0389447236180905
"f","Botanical Garden","PUF_BOT_01","17/05/2024","31/05/2024","Hydropsychidae_41030",25,0.0314070351758794
"f","Botanical Garden","PUF_BOT_02","31/05/2024","14/06/2024",NA,1916,0.804703905921882
"f","Botanical Garden","PUF_BOT_02","31/05/2024","14/06/2024","Pentatomidae_160513",133,0.0558588828223436
"f","Botanical Garden","PUF_BOT_02","31/05/2024","14/06/2024","Noctuidae_7100",109,0.0457790844183116
"f","Botanical Garden","PUF_BOT_02","31/05/2024","14/06/2024","Tydeidae_708320",53,0.0222595548089038
"f","Botanical Garden","PUF_BOT_02","31/05/2024","14/06/2024","Eriophyidae_70320",37,0.0155396892062159
"f","Botanical Garden","PUF_BOT_02","31/05/2024","14/06/2024","Corinnidae_243491",21,0.00881982360352793
"f","Botanical Garden","PUF_BOT_02","31/05/2024","14/06/2024","Dipodidae_30648",20,0.00839983200335993
"f","Botanical Garden","PUF_BOT_02","31/05/2024","14/06/2024","Bourletiellidae_187607",19,0.00797984040319194
"f","Botanical Garden","PUF_BOT_02","31/05/2024","14/06/2024","Pyralidae_7135",18,0.00755984880302394
"f","Botanical Garden","PUF_BOT_02","31/05/2024","14/06/2024","Sminthurididae_187696",18,0.00755984880302394
"f","Botanical Garden","PUF_BOT_02","31/05/2024","14/06/2024","Hominidae_9604",17,0.00713985720285594
"f","Botanical Garden","PUF_BOT_02","31/05/2024","14/06/2024","Muscidae_7366",8,0.00335993280134397
"f","Botanical Garden","PUF_BOT_02","31/05/2024","14/06/2024","Miridae_30083",7,0.00293994120117598
"f","Botanical Garden","PUF_BOT_02","31/05/2024","14/06/2024","Chironomidae_7149",5,0.00209995800083998
"f","Botanical Garden","PUF_BOT_03","24/06/2024","28/06/2024","Bovidae_9895",88,1
"f","Botanical Garden","PUF_BOT_04","28/06/2024","12/07/2024","Pentatomidae_160513",524,0.572052401746725
"f","Botanical Garden","PUF_BOT_04","28/06/2024","12/07/2024",NA,199,0.217248908296943
"f","Botanical Garden","PUF_BOT_04","28/06/2024","12/07/2024","Asteiidae_286485",138,0.150655021834061
"f","Botanical Garden","PUF_BOT_04","28/06/2024","12/07/2024","Pyralidae_7135",41,0.0447598253275109
"f","Botanical Garden","PUF_BOT_04","28/06/2024","12/07/2024","Coccinellidae_7080",8,0.00873362445414847
"f","Botanical Garden","PUF_BOT_04","28/06/2024","12/07/2024","Chironomidae_7149",6,0.00655021834061135
"f","Botanical Garden","PUF_BOT_05","12/07/2024","26/07/2024","Pentatomidae_160513",569,0.379333333333333
"f","Botanical Garden","PUF_BOT_05","12/07/2024","26/07/2024","Cecidomyiidae_33406",381,0.254
"f","Botanical Garden","PUF_BOT_05","12/07/2024","26/07/2024",NA,379,0.252666666666667
"f","Botanical Garden","PUF_BOT_05","12/07/2024","26/07/2024","Bovidae_9895",61,0.0406666666666667
"f","Botanical Garden","PUF_BOT_05","12/07/2024","26/07/2024","Pyralidae_7135",52,0.0346666666666667
"f","Botanical Garden","PUF_BOT_05","12/07/2024","26/07/2024","Eriophyidae_70320",49,0.0326666666666667
"f","Botanical Garden","PUF_BOT_05","12/07/2024","26/07/2024","Triophtydeidae_2461247",9,0.006
"f","Botanical Garden","PUF_BOT_06","26/07/2024","09/08/2024","Pyralidae_7135",17783,0.906694539336155
"f","Botanical Garden","PUF_BOT_06","26/07/2024","09/08/2024","Pentatomidae_160513",800,0.0407892724213532
"f","Botanical Garden","PUF_BOT_06","26/07/2024","09/08/2024","Hominidae_9604",705,0.0359455463213175
"f","Botanical Garden","PUF_BOT_06","26/07/2024","09/08/2024","Miridae_30083",88,0.00448681996634885
"f","Botanical Garden","PUF_BOT_06","26/07/2024","09/08/2024","Carabidae_41073",86,0.00438484678529547
"f","Botanical Garden","PUF_BOT_06","26/07/2024","09/08/2024",NA,73,0.00372202110844848
"f","Botanical Garden","PUF_BOT_06","26/07/2024","09/08/2024","Formicidae_36668",31,0.00158058430632744
"f","Botanical Garden","PUF_BOT_06","26/07/2024","09/08/2024","Zygaenidae_115354",24,0.0012236781726406
"f","Botanical Garden","PUF_BOT_06","26/07/2024","09/08/2024","Tortricidae_7139",23,0.0011726915821139
"f","Botanical Garden","PUF_BOT_07","09/08/2024","23/08/2024","Pentatomidae_160513",1975,0.779400157853196
"f","Botanical Garden","PUF_BOT_07","09/08/2024","23/08/2024",NA,386,0.152328334648777
"f","Botanical Garden","PUF_BOT_07","09/08/2024","23/08/2024","Tarsonemidae_133229",96,0.0378847671665351
"f","Botanical Garden","PUF_BOT_07","09/08/2024","23/08/2024","Pyralidae_7135",43,0.0169692186266772
"f","Botanical Garden","PUF_BOT_07","09/08/2024","23/08/2024","Hominidae_9604",17,0.00670876085240726
"f","Botanical Garden","PUF_BOT_07","09/08/2024","23/08/2024","Tydeidae_708320",17,0.00670876085240726
"f","Botanical Garden","PUF_BOT_08","23/08/2024","06/09/2024","Pentatomidae_160513",571,0.508007117437722
"f","Botanical Garden","PUF_BOT_08","23/08/2024","06/09/2024",NA,373,0.331850533807829
"f","Botanical Garden","PUF_BOT_08","23/08/2024","06/09/2024","Eriophyidae_70320",64,0.0569395017793594
"f","Botanical Garden","PUF_BOT_08","23/08/2024","06/09/2024","Formicidae_36668",41,0.0364768683274021
"f","Botanical Garden","PUF_BOT_08","23/08/2024","06/09/2024","Tydeidae_708320",32,0.0284697508896797
"f","Botanical Garden","PUF_BOT_08","23/08/2024","06/09/2024","Cecidomyiidae_33406",24,0.0213523131672598
"f","Botanical Garden","PUF_BOT_08","23/08/2024","06/09/2024","Pyralidae_7135",12,0.0106761565836299
"f","Botanical Garden","PUF_BOT_08","23/08/2024","06/09/2024","Ulidiidae_43848",7,0.00622775800711744
"f","Botanical Garden","PUF_BOT_09","06/09/2024","20/09/2024","Pentatomidae_160513",1107,0.779028852920479
"f","Botanical Garden","PUF_BOT_09","06/09/2024","20/09/2024","Pyralidae_7135",155,0.109078114004222
"f","Botanical Garden","PUF_BOT_09","06/09/2024","20/09/2024",NA,148,0.104152005629838
"f","Botanical Garden","PUF_BOT_09","06/09/2024","20/09/2024","Hominidae_9604",11,0.00774102744546094
"f","Botanical Garden","PUF_BOT_10","20/09/2024","04/10/2024","Pentatomidae_160513",2761,0.718075422626788
"f","Botanical Garden","PUF_BOT_10","20/09/2024","04/10/2024",NA,684,0.177893368010403
"f","Botanical Garden","PUF_BOT_10","20/09/2024","04/10/2024","Bovidae_9895",327,0.0850455136540962
"f","Botanical Garden","PUF_BOT_10","20/09/2024","04/10/2024","Pyralidae_7135",73,0.0189856957087126
"f","Boucherville","PUF_BOU_01","27/05/2024","10/06/2024",NA,237,0.94047619047619
"f","Boucherville","PUF_BOU_01","27/05/2024","10/06/2024","Chironomidae_7149",6,0.0238095238095238
"f","Boucherville","PUF_BOU_01","27/05/2024","10/06/2024","Sciaridae_7184",3,0.0119047619047619
"f","Boucherville","PUF_BOU_01","27/05/2024","10/06/2024","Aphididae_27482",2,0.00793650793650794
"f","Boucherville","PUF_BOU_01","27/05/2024","10/06/2024","Hominidae_9604",2,0.00793650793650794
"f","Boucherville","PUF_BOU_01","27/05/2024","10/06/2024","Pentatomidae_160513",2,0.00793650793650794
"f","Boucherville","PUF_BOU_02","10/06/2024","24/06/2024","Bourletiellidae_187607",344,0.329186602870813
"f","Boucherville","PUF_BOU_02","10/06/2024","24/06/2024",NA,258,0.24688995215311
"f","Boucherville","PUF_BOU_02","10/06/2024","24/06/2024","Tipulidae_41042",238,0.227751196172249
"f","Boucherville","PUF_BOU_02","10/06/2024","24/06/2024","Acaridae_41442",76,0.0727272727272727
"f","Boucherville","PUF_BOU_02","10/06/2024","24/06/2024","Hominidae_9604",34,0.0325358851674641
"f","Boucherville","PUF_BOU_02","10/06/2024","24/06/2024","Pentatomidae_160513",33,0.0315789473684211
"f","Boucherville","PUF_BOU_02","10/06/2024","24/06/2024","Cantharidae_41097",24,0.0229665071770335
"f","Boucherville","PUF_BOU_02","10/06/2024","24/06/2024","Pyralidae_7135",21,0.0200956937799043
"f","Boucherville","PUF_BOU_02","10/06/2024","24/06/2024","Eriophyidae_70320",9,0.00861244019138756
"f","Boucherville","PUF_BOU_02","10/06/2024","24/06/2024","Dipodidae_30648",8,0.0076555023923445
"f","Boucherville","PUF_BOU_03","24/06/2024","08/07/2024",NA,320,0.502354788069074
"f","Boucherville","PUF_BOU_03","24/06/2024","08/07/2024","Pentatomidae_160513",127,0.199372056514914
"f","Boucherville","PUF_BOU_03","24/06/2024","08/07/2024","Bourletiellidae_187607",82,0.1287284144427
"f","Boucherville","PUF_BOU_03","24/06/2024","08/07/2024","Bovidae_9895",57,0.0894819466248038
"f","Boucherville","PUF_BOU_03","24/06/2024","08/07/2024","Tydeidae_708320",21,0.032967032967033
"f","Boucherville","PUF_BOU_03","24/06/2024","08/07/2024","Pyralidae_7135",15,0.0235478806907378
"f","Boucherville","PUF_BOU_03","24/06/2024","08/07/2024","Eriophyidae_70320",8,0.0125588697017268
"f","Boucherville","PUF_BOU_03","24/06/2024","08/07/2024","Acrididae_7002",7,0.010989010989011
"f","Boucherville","PUF_BOU_04","08/07/2024","22/07/2024","Pentatomidae_160513",281,0.486159169550173
"f","Boucherville","PUF_BOU_04","08/07/2024","22/07/2024",NA,185,0.320069204152249
"f","Boucherville","PUF_BOU_04","08/07/2024","22/07/2024","Chironomidae_7149",45,0.0778546712802768
"f","Boucherville","PUF_BOU_04","08/07/2024","22/07/2024","Acrididae_7002",32,0.055363321799308
"f","Boucherville","PUF_BOU_04","08/07/2024","22/07/2024","Pyralidae_7135",24,0.041522491349481
"f","Boucherville","PUF_BOU_04","08/07/2024","22/07/2024","Carabidae_41073",7,0.0121107266435986
"f","Boucherville","PUF_BOU_04","08/07/2024","22/07/2024","Hominidae_9604",4,0.0069204152249135
"f","Boucherville","PUF_BOU_05","22/07/2024","05/08/2024","Pentatomidae_160513",1841,0.786416061512174
"f","Boucherville","PUF_BOU_05","22/07/2024","05/08/2024",NA,162,0.0692011960700555
"f","Boucherville","PUF_BOU_05","22/07/2024","05/08/2024","Aphididae_27482",153,0.0653566851772747
"f","Boucherville","PUF_BOU_05","22/07/2024","05/08/2024","Scatopsidae_52749",37,0.0158052114480991
"f","Boucherville","PUF_BOU_05","22/07/2024","05/08/2024","Macronyssidae_224534",34,0.0145237078171721
"f","Boucherville","PUF_BOU_05","22/07/2024","05/08/2024","Sciaridae_7184",34,0.0145237078171721
"f","Boucherville","PUF_BOU_05","22/07/2024","05/08/2024","Cecidomyiidae_33406",25,0.0106791969243913
"f","Boucherville","PUF_BOU_05","22/07/2024","05/08/2024","Cantharidae_41097",19,0.00811618966253738
"f","Boucherville","PUF_BOU_05","22/07/2024","05/08/2024","Tydeidae_708320",19,0.00811618966253738
"f","Boucherville","PUF_BOU_05","22/07/2024","05/08/2024","Pyralidae_7135",17,0.00726185390858607
"f","Boucherville","PUF_BOU_06","05/08/2024","19/08/2024","Pentatomidae_160513",563,0.673444976076555
"f","Boucherville","PUF_BOU_06","05/08/2024","19/08/2024",NA,165,0.197368421052632
"f","Boucherville","PUF_BOU_06","05/08/2024","19/08/2024","Pyralidae_7135",35,0.041866028708134
"f","Boucherville","PUF_BOU_06","05/08/2024","19/08/2024","Artemiidae_38009",30,0.0358851674641148
"f","Boucherville","PUF_BOU_06","05/08/2024","19/08/2024","Coenagrionidae_70895",18,0.0215311004784689
"f","Boucherville","PUF_BOU_06","05/08/2024","19/08/2024","Eriophyidae_70320",12,0.0143540669856459
"f","Boucherville","PUF_BOU_06","05/08/2024","19/08/2024","Chironomidae_7149",8,0.00956937799043062
"f","Boucherville","PUF_BOU_06","05/08/2024","19/08/2024","Bourletiellidae_187607",5,0.00598086124401914
"f","Boucherville","PUF_BOU_07","19/08/2024","02/09/2024",NA,119,0.367283950617284
"f","Boucherville","PUF_BOU_07","19/08/2024","02/09/2024","Pentatomidae_160513",92,0.283950617283951
"f","Boucherville","PUF_BOU_07","19/08/2024","02/09/2024","Bovidae_9895",60,0.185185185185185
"f","Boucherville","PUF_BOU_07","19/08/2024","02/09/2024","Bourletiellidae_187607",53,0.16358024691358
"f","Boucherville","PUF_BOU_08","02/09/2024","16/09/2024","Pentatomidae_160513",1701,0.792268281322776
"f","Boucherville","PUF_BOU_08","02/09/2024","16/09/2024",NA,343,0.159757801583605
"f","Boucherville","PUF_BOU_08","02/09/2024","16/09/2024","Dipodidae_30648",32,0.0149045179319981
"f","Boucherville","PUF_BOU_08","02/09/2024","16/09/2024","Pyralidae_7135",22,0.0102468560782487
"f","Boucherville","PUF_BOU_08","02/09/2024","16/09/2024","Braconidae_7402",19,0.00884955752212389
"f","Boucherville","PUF_BOU_08","02/09/2024","16/09/2024","Chironomidae_7149",17,0.00791802515137401
"f","Boucherville","PUF_BOU_08","02/09/2024","16/09/2024","Psychodidae_7197",13,0.00605496040987424
"f","Boucherville","PUF_BOU_09","16/09/2024","30/09/2024","Pentatomidae_160513",1259,0.723979298447384
"f","Boucherville","PUF_BOU_09","16/09/2024","30/09/2024",NA,260,0.149511213341001
"f","Boucherville","PUF_BOU_09","16/09/2024","30/09/2024","Eriophyidae_70320",115,0.066129959746981
"f","Boucherville","PUF_BOU_09","16/09/2024","30/09/2024","Hominidae_9604",65,0.0373778033352501
"f","Boucherville","PUF_BOU_09","16/09/2024","30/09/2024","Dipodidae_30648",21,0.012075905692927
"f","Boucherville","PUF_BOU_09","16/09/2024","30/09/2024","Carabidae_41073",19,0.0109258194364577
"f","IPEX","PUF_IPEX_01","15/05/2024","29/05/2024","Pentatomidae_160513",48,0.428571428571429
"f","IPEX","PUF_IPEX_01","15/05/2024","29/05/2024",NA,32,0.285714285714286
"f","IPEX","PUF_IPEX_01","15/05/2024","29/05/2024","Bovidae_9895",21,0.1875
"f","IPEX","PUF_IPEX_01","15/05/2024","29/05/2024","Hominidae_9604",7,0.0625
"f","IPEX","PUF_IPEX_01","15/05/2024","29/05/2024","Diptilomiopidae_1336387",3,0.0267857142857143
"f","IPEX","PUF_IPEX_01","15/05/2024","29/05/2024","Pyralidae_7135",1,0.00892857142857143
"f","IPEX","PUF_IPEX_02","29/05/2024","12/06/2024",NA,1236,0.709122203098107
"f","IPEX","PUF_IPEX_02","29/05/2024","12/06/2024","Eriophyidae_70320",146,0.0837636259323006
"f","IPEX","PUF_IPEX_02","29/05/2024","12/06/2024","Pentatomidae_160513",142,0.0814687320711417
"f","IPEX","PUF_IPEX_02","29/05/2024","12/06/2024","Cecidomyiidae_33406",76,0.0436029833620195
"f","IPEX","PUF_IPEX_02","29/05/2024","12/06/2024","Chironomidae_7149",57,0.0327022375215146
"f","IPEX","PUF_IPEX_02","29/05/2024","12/06/2024","Triophtydeidae_2461247",18,0.0103270223752151
"f","IPEX","PUF_IPEX_02","29/05/2024","12/06/2024","Aphididae_27482",17,0.00975329890992542
"f","IPEX","PUF_IPEX_02","29/05/2024","12/06/2024","Coccinellidae_7080",14,0.00803212851405622
"f","IPEX","PUF_IPEX_02","29/05/2024","12/06/2024","Pyralidae_7135",14,0.00803212851405622
"f","IPEX","PUF_IPEX_02","29/05/2024","12/06/2024","Cantharidae_41097",9,0.00516351118760757
"f","IPEX","PUF_IPEX_02","29/05/2024","12/06/2024","Bourletiellidae_187607",7,0.00401606425702811
"f","IPEX","PUF_IPEX_02","29/05/2024","12/06/2024","Hominidae_9604",7,0.00401606425702811
"f","IPEX","PUF_IPEX_03","12/06/2024","26/06/2024","Araneidae_6913",9871,0.886802623304285
"f","IPEX","PUF_IPEX_03","12/06/2024","26/06/2024",NA,891,0.0800467163776839
"f","IPEX","PUF_IPEX_03","12/06/2024","26/06/2024","Pentatomidae_160513",174,0.0156320186865511
"f","IPEX","PUF_IPEX_03","12/06/2024","26/06/2024","Pyralidae_7135",73,0.00655826071332315
"f","IPEX","PUF_IPEX_03","12/06/2024","26/06/2024","Bovidae_9895",52,0.00467163776839457
"f","IPEX","PUF_IPEX_03","12/06/2024","26/06/2024","Eriophyidae_70320",46,0.00413260264127212
"f","IPEX","PUF_IPEX_03","12/06/2024","26/06/2024","Gerridae_36161",24,0.0021561405084898
"f","IPEX","PUF_IPEX_04","26/06/2024","10/07/2024","Pentatomidae_160513",993,0.519351464435146
"f","IPEX","PUF_IPEX_04","26/06/2024","10/07/2024",NA,423,0.221234309623431
"f","IPEX","PUF_IPEX_04","26/06/2024","10/07/2024","Eriophyidae_70320",142,0.0742677824267782
"f","IPEX","PUF_IPEX_04","26/06/2024","10/07/2024","Tydeidae_708320",116,0.0606694560669456
"f","IPEX","PUF_IPEX_04","26/06/2024","10/07/2024","Crambidae_268499",66,0.0345188284518828
"f","IPEX","PUF_IPEX_04","26/06/2024","10/07/2024","Pyralidae_7135",58,0.0303347280334728
"f","IPEX","PUF_IPEX_04","26/06/2024","10/07/2024","Bovidae_9895",48,0.0251046025104603
"f","IPEX","PUF_IPEX_04","26/06/2024","10/07/2024","Acaridae_41442",27,0.0141213389121339
"f","IPEX","PUF_IPEX_04","26/06/2024","10/07/2024","Dipodidae_30648",22,0.0115062761506276
"f","IPEX","PUF_IPEX_04","26/06/2024","10/07/2024","Ichneumonidae_7408",17,0.00889121338912134
"f","IPEX","PUF_IPEX_05","10/07/2024","24/07/2024","Pentatomidae_160513",3831,0.701519868156015
"f","IPEX","PUF_IPEX_05","10/07/2024","24/07/2024","Pygmephoridae_1253854",996,0.182384178721846
"f","IPEX","PUF_IPEX_05","10/07/2024","24/07/2024",NA,351,0.0642739425013734
"f","IPEX","PUF_IPEX_05","10/07/2024","24/07/2024","Bourletiellidae_187607",121,0.02215711408167
"f","IPEX","PUF_IPEX_05","10/07/2024","24/07/2024","Eriophyidae_70320",63,0.0115363486540927
"f","IPEX","PUF_IPEX_05","10/07/2024","24/07/2024","Hominidae_9604",49,0.00897271561984984
"f","IPEX","PUF_IPEX_05","10/07/2024","24/07/2024","Leptoceridae_50642",27,0.00494414942318257
"f","IPEX","PUF_IPEX_05","10/07/2024","24/07/2024","Miridae_30083",23,0.00421168284197034
"f","IPEX","PUF_IPEX_06","24/07/2024","07/08/2024","Pentatomidae_160513",812,0.844953173777315
"f","IPEX","PUF_IPEX_06","24/07/2024","07/08/2024",NA,131,0.136316337148803
"f","IPEX","PUF_IPEX_06","24/07/2024","07/08/2024","Pyralidae_7135",18,0.0187304890738814
"f","IPEX","PUF_IPEX_07","07/08/2024","21/08/2024","Pentatomidae_160513",1072,0.651671732522796
"f","IPEX","PUF_IPEX_07","07/08/2024","21/08/2024",NA,488,0.296656534954407
"f","IPEX","PUF_IPEX_07","07/08/2024","21/08/2024","Pyralidae_7135",53,0.0322188449848024
"f","IPEX","PUF_IPEX_07","07/08/2024","21/08/2024","Ichneumonidae_7408",13,0.00790273556231003
"f","IPEX","PUF_IPEX_07","07/08/2024","21/08/2024","Dipodidae_30648",10,0.0060790273556231
"f","IPEX","PUF_IPEX_07","07/08/2024","21/08/2024","Ephydridae_48991",9,0.00547112462006079
"f","IPEX","PUF_IPEX_08","21/08/2024","04/09/2024","Pentatomidae_160513",1493,0.658579620644023
"f","IPEX","PUF_IPEX_08","21/08/2024","04/09/2024",NA,665,0.29333921482135
"f","IPEX","PUF_IPEX_08","21/08/2024","04/09/2024","Bovidae_9895",70,0.0308778120864579
"f","IPEX","PUF_IPEX_08","21/08/2024","04/09/2024","Cecidomyiidae_33406",39,0.0172033524481694
"f","IPEX","PUF_IPEX_09","04/09/2024","18/09/2024","Pentatomidae_160513",962,0.889916743755782
"f","IPEX","PUF_IPEX_09","04/09/2024","18/09/2024",NA,88,0.0814061054579093
"f","IPEX","PUF_IPEX_09","04/09/2024","18/09/2024","Pyralidae_7135",31,0.028677150786309
"f","IPEX","PUF_IPEX_10","18/09/2024","02/10/2024","Pentatomidae_160513",2682,0.670835417708854
"f","IPEX","PUF_IPEX_10","18/09/2024","02/10/2024","Liposcelididae_2545764",574,0.143571785892946
"f","IPEX","PUF_IPEX_10","18/09/2024","02/10/2024",NA,455,0.113806903451726
"f","IPEX","PUF_IPEX_10","18/09/2024","02/10/2024","Pyralidae_7135",161,0.0402701350675338
"f","IPEX","PUF_IPEX_10","18/09/2024","02/10/2024","Chironomidae_7149",83,0.020760380190095
"f","IPEX","PUF_IPEX_10","18/09/2024","02/10/2024","Noctuidae_7100",23,0.00575287643821911
"f","IPEX","PUF_IPEX_10","18/09/2024","02/10/2024","Formicidae_36668",20,0.00500250125062531
"f","Insectarium","Insectarium_Cocoon","10/11/2025","24/11/2025","Acaridae_41442",123,0.45724907063197
"f","Insectarium","Insectarium_Cocoon","10/11/2025","24/11/2025","Bovidae_9895",73,0.271375464684015
"f","Insectarium","Insectarium_Cocoon","10/11/2025","24/11/2025","Artemiidae_38009",36,0.133828996282528
"f","Insectarium","Insectarium_Cocoon","10/11/2025","24/11/2025","Hominidae_9604",36,0.133828996282528
"f","Insectarium","Insectarium_Cocoon","10/11/2025","24/11/2025","Julidae_41449",1,0.00371747211895911
"f","Insectarium","Insectarium_Door","10/11/2025","24/11/2025","Bovidae_9895",48,0.979591836734694
"f","Insectarium","Insectarium_Door","10/11/2025","24/11/2025","Nymphalidae_33415",1,0.0204081632653061
"f","Insectarium","Insectarium_Up","10/11/2025","24/11/2025","Acaridae_41442",1884,1
"f","Jean-Drapeau","PUF_JD_01","22/05/2024","05/06/2024","Erebidae_695564",6071,0.684596301308074
"f","Jean-Drapeau","PUF_JD_01","22/05/2024","05/06/2024","Anystidae_92248",1435,0.161817771763645
"f","Jean-Drapeau","PUF_JD_01","22/05/2024","05/06/2024",NA,844,0.0951736580965268
"f","Jean-Drapeau","PUF_JD_01","22/05/2024","05/06/2024","Blattisociidae_1251892",114,0.0128552097428958
"f","Jean-Drapeau","PUF_JD_01","22/05/2024","05/06/2024","Chironomidae_7149",105,0.0118403247631935
"f","Jean-Drapeau","PUF_JD_01","22/05/2024","05/06/2024","Tetragnathidae_27394",76,0.0085701398285972
"f","Jean-Drapeau","PUF_JD_01","22/05/2024","05/06/2024","Pentatomidae_160513",57,0.0064276048714479
"f","Jean-Drapeau","PUF_JD_01","22/05/2024","05/06/2024","Formicidae_36668",34,0.0038340099233198
"f","Jean-Drapeau","PUF_JD_01","22/05/2024","05/06/2024","Tydeidae_708320",32,0.0036084799278304
"f","Jean-Drapeau","PUF_JD_01","22/05/2024","05/06/2024","Pyralidae_7135",24,0.0027063599458728
"f","Jean-Drapeau","PUF_JD_01","22/05/2024","05/06/2024","Eriophyidae_70320",23,0.0025935949481281
"f","Jean-Drapeau","PUF_JD_01","22/05/2024","05/06/2024","Aphididae_27482",16,0.0018042399639152
"f","Jean-Drapeau","PUF_JD_01","22/05/2024","05/06/2024","Heptageniidae_178295",13,0.0014659449706811
"f","Jean-Drapeau","PUF_JD_01","22/05/2024","05/06/2024","Hominidae_9604",13,0.0014659449706811
"f","Jean-Drapeau","PUF_JD_01","22/05/2024","05/06/2024","Miridae_30083",11,0.0012404149751917
"f","Jean-Drapeau","PUF_JD_02","05/06/2024","19/06/2024","Blastobasidae_173649",13484,0.956312056737589
"f","Jean-Drapeau","PUF_JD_02","05/06/2024","19/06/2024",NA,256,0.0181560283687943
"f","Jean-Drapeau","PUF_JD_02","05/06/2024","19/06/2024","Noctuidae_7100",183,0.0129787234042553
"f","Jean-Drapeau","PUF_JD_02","05/06/2024","19/06/2024","Hydroptilidae_57995",94,0.00666666666666667
"f","Jean-Drapeau","PUF_JD_02","05/06/2024","19/06/2024","Hydropsychidae_41030",37,0.00262411347517731
"f","Jean-Drapeau","PUF_JD_02","05/06/2024","19/06/2024","Tetragnathidae_27394",28,0.00198581560283688
"f","Jean-Drapeau","PUF_JD_02","05/06/2024","19/06/2024","Pyralidae_7135",18,0.00127659574468085
"f","Jean-Drapeau","PUF_JD_03","19/06/2024","03/07/2024",NA,232,0.247863247863248
"f","Jean-Drapeau","PUF_JD_03","19/06/2024","03/07/2024","Miridae_30083",163,0.174145299145299
"f","Jean-Drapeau","PUF_JD_03","19/06/2024","03/07/2024","Pentatomidae_160513",160,0.170940170940171
"f","Jean-Drapeau","PUF_JD_03","19/06/2024","03/07/2024","Hominidae_9604",94,0.10042735042735
"f","Jean-Drapeau","PUF_JD_03","19/06/2024","03/07/2024","Chloropidae_29032",93,0.0993589743589744
"f","Jean-Drapeau","PUF_JD_03","19/06/2024","03/07/2024","Pyralidae_7135",55,0.0587606837606838
"f","Jean-Drapeau","PUF_JD_03","19/06/2024","03/07/2024","Chrysopidae_7520",31,0.0331196581196581
"f","Jean-Drapeau","PUF_JD_03","19/06/2024","03/07/2024","Pterophoridae_186111",24,0.0256410256410256
"f","Jean-Drapeau","PUF_JD_03","19/06/2024","03/07/2024","Chironomidae_7149",23,0.0245726495726496
"f","Jean-Drapeau","PUF_JD_03","19/06/2024","03/07/2024","Delphacidae_33362",18,0.0192307692307692
"f","Jean-Drapeau","PUF_JD_03","19/06/2024","03/07/2024","Eriophyidae_70320",12,0.0128205128205128
"f","Jean-Drapeau","PUF_JD_03","19/06/2024","03/07/2024","Pygmephoridae_1253854",12,0.0128205128205128
"f","Jean-Drapeau","PUF_JD_03","19/06/2024","03/07/2024","Formicidae_36668",11,0.0117521367521368
"f","Jean-Drapeau","PUF_JD_03","19/06/2024","03/07/2024","Sciaridae_7184",8,0.00854700854700855
"f","Jean-Drapeau","PUF_JD_04","03/07/2024","17/07/2024","Pentatomidae_160513",996,0.613300492610837
"f","Jean-Drapeau","PUF_JD_04","03/07/2024","17/07/2024","Bovidae_9895",217,0.133620689655172
"f","Jean-Drapeau","PUF_JD_04","03/07/2024","17/07/2024","Tetragnathidae_27394",153,0.0942118226600985
"f","Jean-Drapeau","PUF_JD_04","03/07/2024","17/07/2024","Pyralidae_7135",149,0.0917487684729064
"f","Jean-Drapeau","PUF_JD_04","03/07/2024","17/07/2024",NA,109,0.0671182266009852
"f","Jean-Drapeau","PUF_JD_05","17/07/2024","31/07/2024","Tetragnathidae_27394",1700,0.410330678252474
"f","Jean-Drapeau","PUF_JD_05","17/07/2024","31/07/2024","Pentatomidae_160513",675,0.162925416364953
"f","Jean-Drapeau","PUF_JD_05","17/07/2024","31/07/2024","Aphididae_27482",471,0.113685734974656
"f","Jean-Drapeau","PUF_JD_05","17/07/2024","31/07/2024",NA,442,0.106685976345643
"f","Jean-Drapeau","PUF_JD_05","17/07/2024","31/07/2024","Pyralidae_7135",297,0.0716871832005793
"f","Jean-Drapeau","PUF_JD_05","17/07/2024","31/07/2024","Chironomidae_7149",258,0.0622737146994931
"f","Jean-Drapeau","PUF_JD_05","17/07/2024","31/07/2024","Eriophyidae_70320",129,0.0311368573497466
"f","Jean-Drapeau","PUF_JD_05","17/07/2024","31/07/2024","Bovidae_9895",45,0.0108616944243302
"f","Jean-Drapeau","PUF_JD_05","17/07/2024","31/07/2024","Artemiidae_38009",39,0.00941346850108617
"f","Jean-Drapeau","PUF_JD_05","17/07/2024","31/07/2024","Cicadellidae_30102",37,0.00893072652667149
"f","Jean-Drapeau","PUF_JD_05","17/07/2024","31/07/2024","Latridiidae_196999",30,0.00724112961622013
"f","Jean-Drapeau","PUF_JD_05","17/07/2024","31/07/2024","Hominidae_9604",11,0.00265508085928071
"f","Jean-Drapeau","PUF_JD_05","17/07/2024","31/07/2024","Ceratopogonidae_41819",9,0.00217233888486604
"f","Jean-Drapeau","PUF_JD_06","31/07/2024","14/08/2024","Pentatomidae_160513",3494,0.908712613784135
"f","Jean-Drapeau","PUF_JD_06","31/07/2024","14/08/2024","Tetragnathidae_27394",119,0.0309492847854356
"f","Jean-Drapeau","PUF_JD_06","31/07/2024","14/08/2024",NA,116,0.0301690507152146
"f","Jean-Drapeau","PUF_JD_06","31/07/2024","14/08/2024","Chironomidae_7149",78,0.0202860858257477
"f","Jean-Drapeau","PUF_JD_06","31/07/2024","14/08/2024","Pyralidae_7135",38,0.00988296488946684
"f","Jean-Drapeau","PUF_JD_07","14/08/2024","28/08/2024","Pentatomidae_160513",2271,0.509649910233393
"f","Jean-Drapeau","PUF_JD_07","14/08/2024","28/08/2024","Coccinellidae_7080",867,0.194569120287253
"f","Jean-Drapeau","PUF_JD_07","14/08/2024","28/08/2024","Hydropsychidae_41030",592,0.132854578096948
"f","Jean-Drapeau","PUF_JD_07","14/08/2024","28/08/2024",NA,398,0.0893177737881508
"f","Jean-Drapeau","PUF_JD_07","14/08/2024","28/08/2024","Eriophyidae_70320",95,0.0213195691202873
"f","Jean-Drapeau","PUF_JD_07","14/08/2024","28/08/2024","Miridae_30083",79,0.0177289048473968
"f","Jean-Drapeau","PUF_JD_07","14/08/2024","28/08/2024","Araneidae_6913",53,0.0118940754039497
"f","Jean-Drapeau","PUF_JD_07","14/08/2024","28/08/2024","Pyralidae_7135",53,0.0118940754039497
"f","Jean-Drapeau","PUF_JD_07","14/08/2024","28/08/2024","Formicidae_36668",25,0.00561041292639138
"f","Jean-Drapeau","PUF_JD_07","14/08/2024","28/08/2024","Bourletiellidae_187607",23,0.00516157989228007
"f","Jean-Drapeau","PUF_JD_08","28/08/2024","11/09/2024","Tetragnathidae_27394",8581,0.986775528978841
"f","Jean-Drapeau","PUF_JD_08","28/08/2024","11/09/2024","Pentatomidae_160513",95,0.0109245630174793
"f","Jean-Drapeau","PUF_JD_08","28/08/2024","11/09/2024","Cicadellidae_30102",20,0.00229990800367985
"f","Jean-Drapeau","PUF_JD_09","11/09/2024","25/09/2024","Pentatomidae_160513",670,0.557404326123128
"f","Jean-Drapeau","PUF_JD_09","11/09/2024","25/09/2024","Pyralidae_7135",227,0.188851913477537
"f","Jean-Drapeau","PUF_JD_09","11/09/2024","25/09/2024",NA,173,0.143926788685524
"f","Jean-Drapeau","PUF_JD_09","11/09/2024","25/09/2024","Myrmeleontidae_27427",69,0.0574043261231281
"f","Jean-Drapeau","PUF_JD_09","11/09/2024","25/09/2024","Sciaridae_7184",24,0.0199667221297837
"f","Jean-Drapeau","PUF_JD_09","11/09/2024","25/09/2024","Tetragnathidae_27394",20,0.0166389351081531
"f","Jean-Drapeau","PUF_JD_09","11/09/2024","25/09/2024","Sarcophagidae_7381",10,0.00831946755407654
"f","Jean-Drapeau","PUF_JD_09","11/09/2024","25/09/2024","Suidae_9821",9,0.00748752079866889
"f","Jean-Drapeau","PUF_JD_10","25/09/2024","09/10/2024","Aphididae_27482",6147,0.729181494661922
"f","Jean-Drapeau","PUF_JD_10","25/09/2024","09/10/2024","Pentatomidae_160513",1552,0.184104389086595
"f","Jean-Drapeau","PUF_JD_10","25/09/2024","09/10/2024","Chironomidae_7149",243,0.0288256227758007
"f","Jean-Drapeau","PUF_JD_10","25/09/2024","09/10/2024","Tetragnathidae_27394",215,0.0255041518386714
"f","Jean-Drapeau","PUF_JD_10","25/09/2024","09/10/2024","Pyralidae_7135",72,0.00854092526690392
"f","Jean-Drapeau","PUF_JD_10","25/09/2024","09/10/2024","Bovidae_9895",67,0.00794780545670225
"f","Jean-Drapeau","PUF_JD_10","25/09/2024","09/10/2024",NA,54,0.00640569395017794
"f","Jean-Drapeau","PUF_JD_10","25/09/2024","09/10/2024","Araneidae_6913",46,0.00545670225385528
"f","Jean-Drapeau","PUF_JD_10","25/09/2024","09/10/2024","Hydropsychidae_41030",34,0.00403321470937129
"f","Mont_Tremblant","Mont_Tremblant","30/08/2025","31/08/2025",NA,801,0.819018404907976
"f","Mont_Tremblant","Mont_Tremblant","30/08/2025","31/08/2025","Bovidae_9895",82,0.0838445807770961
"f","Mont_Tremblant","Mont_Tremblant","30/08/2025","31/08/2025","Pentatomidae_160513",44,0.0449897750511247
"f","Mont_Tremblant","Mont_Tremblant","30/08/2025","31/08/2025","Hominidae_9604",33,0.0337423312883436
"f","Mont_Tremblant","Mont_Tremblant","30/08/2025","31/08/2025","Carabidae_41073",18,0.0184049079754601
"f",NA,NA,NA,NA,"Nymphalidae_33415",29228,0.971481752310045
"f",NA,NA,NA,NA,"Entomobryidae_48704",356,0.0118327461277671
"f",NA,NA,NA,NA,"Papilionidae_7143",294,0.00977198697068404
"f",NA,NA,NA,NA,"Hymenopodidae_119670",76,0.00252609186997274
"f",NA,NA,NA,NA,"Acaridae_41442",62,0.00206075915708303
"f",NA,NA,NA,NA,"Eupodidae_393868",48,0.00159542644419331
"f",NA,NA,NA,NA,NA,22,0.000731237120255268
"g","Bird Observatory","PUF_MBO_01","20/05/2024","03/06/2024",NA,1042,0.463111111111111
"g","Bird Observatory","PUF_MBO_01","20/05/2024","03/06/2024","Tydeus_1670773",216,0.096
"g","Bird Observatory","PUF_MBO_01","20/05/2024","03/06/2024","Abacarus_644136",199,0.0884444444444445
"g","Bird Observatory","PUF_MBO_01","20/05/2024","03/06/2024","Limnophyes_190098",141,0.0626666666666667
"g","Bird Observatory","PUF_MBO_01","20/05/2024","03/06/2024","Glypsus_-21471",128,0.0568888888888889
"g","Bird Observatory","PUF_MBO_01","20/05/2024","03/06/2024","Aculodes_644138",120,0.0533333333333333
"g","Bird Observatory","PUF_MBO_01","20/05/2024","03/06/2024","Megaselia_36165",72,0.032
"g","Bird Observatory","PUF_MBO_01","20/05/2024","03/06/2024","Labidomera_131651",67,0.0297777777777778
"g","Bird Observatory","PUF_MBO_01","20/05/2024","03/06/2024","Aprionus_1819779",66,0.0293333333333333
"g","Bird Observatory","PUF_MBO_01","20/05/2024","03/06/2024","Aculus_644140",60,0.0266666666666667
"g","Bird Observatory","PUF_MBO_01","20/05/2024","03/06/2024","Bos_9903",45,0.02
"g","Bird Observatory","PUF_MBO_01","20/05/2024","03/06/2024","Liebstadia_229865",31,0.0137777777777778
"g","Bird Observatory","PUF_MBO_01","20/05/2024","03/06/2024","Erythroneura_38083",28,0.0124444444444444
"g","Bird Observatory","PUF_MBO_01","20/05/2024","03/06/2024","Pionidia_2613197",21,0.00933333333333333
"g","Bird Observatory","PUF_MBO_01","20/05/2024","03/06/2024","Homo_9605",14,0.00622222222222222
"g","Bird Observatory","PUF_MBO_02","03/06/2024","17/06/2024","Xestia_320016",8006,0.522550747340252
"g","Bird Observatory","PUF_MBO_02","03/06/2024","17/06/2024","Allothrombium_92077",7029,0.458782063833953
"g","Bird Observatory","PUF_MBO_02","03/06/2024","17/06/2024",NA,236,0.0154036942758306
"g","Bird Observatory","PUF_MBO_02","03/06/2024","17/06/2024","Glypsus_-21471",50,0.0032634945499641
"g","Bird Observatory","PUF_MBO_03","17/06/2024","01/07/2024","Glypsus_-21471",305,0.513468013468014
"g","Bird Observatory","PUF_MBO_03","17/06/2024","01/07/2024","Philodromus_336567",139,0.234006734006734
"g","Bird Observatory","PUF_MBO_03","17/06/2024","01/07/2024",NA,58,0.0976430976430976
"g","Bird Observatory","PUF_MBO_03","17/06/2024","01/07/2024","Typhlodromips_756256",47,0.0791245791245791
"g","Bird Observatory","PUF_MBO_03","17/06/2024","01/07/2024","Pionidia_2613197",27,0.0454545454545455
"g","Bird Observatory","PUF_MBO_03","17/06/2024","01/07/2024","Abacarus_644136",18,0.0303030303030303
"g","Bird Observatory","PUF_MBO_04","01/07/2024","15/07/2024","Glypsus_-21471",398,0.35695067264574
"g","Bird Observatory","PUF_MBO_04","01/07/2024","15/07/2024","Bos_9903",308,0.276233183856502
"g","Bird Observatory","PUF_MBO_04","01/07/2024","15/07/2024",NA,293,0.262780269058296
"g","Bird Observatory","PUF_MBO_04","01/07/2024","15/07/2024","Rhacognathus_1545358",116,0.104035874439462
"g","Bird Observatory","PUF_MBO_05","15/07/2024","29/07/2024","Choristoneura_7140",8556,0.931214627775359
"g","Bird Observatory","PUF_MBO_05","15/07/2024","29/07/2024","Glypsus_-21471",368,0.0400522420548542
"g","Bird Observatory","PUF_MBO_05","15/07/2024","29/07/2024",NA,112,0.0121898127993034
"g","Bird Observatory","PUF_MBO_05","15/07/2024","29/07/2024","Succinea_145426",55,0.00598606878537222
"g","Bird Observatory","PUF_MBO_05","15/07/2024","29/07/2024","Rhacognathus_1545358",51,0.00555071832825424
"g","Bird Observatory","PUF_MBO_05","15/07/2024","29/07/2024","Ochlerotatus_190765",26,0.00282977797126687
"g","Bird Observatory","PUF_MBO_05","15/07/2024","29/07/2024","Homo_9605",20,0.0021767522855899
"g","Bird Observatory","PUF_MBO_06","29/07/2024","12/08/2024","Glypsus_-21471",588,0.67741935483871
"g","Bird Observatory","PUF_MBO_06","29/07/2024","12/08/2024",NA,241,0.277649769585253
"g","Bird Observatory","PUF_MBO_06","29/07/2024","12/08/2024","Rhacognathus_1545358",25,0.0288018433179724
"g","Bird Observatory","PUF_MBO_06","29/07/2024","12/08/2024","Galapagocoris_-21292",14,0.0161290322580645
"g","Bird Observatory","PUF_MBO_07","12/08/2024","26/08/2024","Glypsus_-21471",1123,0.691076923076923
"g","Bird Observatory","PUF_MBO_07","12/08/2024","26/08/2024",NA,385,0.236923076923077
"g","Bird Observatory","PUF_MBO_07","12/08/2024","26/08/2024","Pionidia_2613197",55,0.0338461538461538
"g","Bird Observatory","PUF_MBO_07","12/08/2024","26/08/2024","Rhacognathus_1545358",44,0.0270769230769231
"g","Bird Observatory","PUF_MBO_07","12/08/2024","26/08/2024","Deuterosminthurus_1304590",18,0.0110769230769231
"g","Bird Observatory","PUF_MBO_08","26/08/2024","09/09/2024","Glypsus_-21471",1252,0.814044213263979
"g","Bird Observatory","PUF_MBO_08","26/08/2024","09/09/2024",NA,266,0.17295188556567
"g","Bird Observatory","PUF_MBO_08","26/08/2024","09/09/2024","Pionidia_2613197",20,0.0130039011703511
"g","Bird Observatory","PUF_MBO_09","09/09/2024","23/09/2024","Glypsus_-21471",1901,0.684059014033825
"g","Bird Observatory","PUF_MBO_09","09/09/2024","23/09/2024",NA,801,0.288233177401943
"g","Bird Observatory","PUF_MBO_09","09/09/2024","23/09/2024","Bos_9903",47,0.0169125584742713
"g","Bird Observatory","PUF_MBO_09","09/09/2024","23/09/2024","Pionidia_2613197",30,0.0107952500899604
"g","Bird Observatory","PUF_MBO_10","23/09/2024","07/10/2024","Glypsus_-21471",800,0.536193029490617
"g","Bird Observatory","PUF_MBO_10","23/09/2024","07/10/2024",NA,659,0.441689008042895
"g","Bird Observatory","PUF_MBO_10","23/09/2024","07/10/2024","Haimbachia_1511198",22,0.014745308310992
"g","Bird Observatory","PUF_MBO_10","23/09/2024","07/10/2024","Sminthurinus_187717",11,0.00737265415549598
"g","Botanical Garden","PUF_BOT_01","17/05/2024","31/05/2024",NA,495,0.621859296482412
"g","Botanical Garden","PUF_BOT_01","17/05/2024","31/05/2024","Pionidia_2613197",92,0.115577889447236
"g","Botanical Garden","PUF_BOT_01","17/05/2024","31/05/2024","Trisetacus_1227674",75,0.0942211055276382
"g","Botanical Garden","PUF_BOT_01","17/05/2024","31/05/2024","Eriosoma_133081",36,0.0452261306532663
"g","Botanical Garden","PUF_BOT_01","17/05/2024","31/05/2024","Homo_9605",31,0.0389447236180905
"g","Botanical Garden","PUF_BOT_01","17/05/2024","31/05/2024","Heleniella_611355",30,0.0376884422110553
"g","Botanical Garden","PUF_BOT_01","17/05/2024","31/05/2024","Cheumatopsyche_177865",25,0.0314070351758794
"g","Botanical Garden","PUF_BOT_01","17/05/2024","31/05/2024","Parakiefferiella_611371",12,0.0150753768844221
"g","Botanical Garden","PUF_BOT_02","31/05/2024","14/06/2024",NA,1973,0.828643427131457
"g","Botanical Garden","PUF_BOT_02","31/05/2024","14/06/2024","Glypsus_-21471",121,0.0508189836203276
"g","Botanical Garden","PUF_BOT_02","31/05/2024","14/06/2024","Xestia_320016",109,0.0457790844183116
"g","Botanical Garden","PUF_BOT_02","31/05/2024","14/06/2024","Tydeus_1670773",53,0.0222595548089038
"g","Botanical Garden","PUF_BOT_02","31/05/2024","14/06/2024","Aculus_644140",37,0.0155396892062159
"g","Botanical Garden","PUF_BOT_02","31/05/2024","14/06/2024","Phrurolithus_1226123",21,0.00881982360352793
"g","Botanical Garden","PUF_BOT_02","31/05/2024","14/06/2024","Pionidia_2613197",18,0.00755984880302394
"g","Botanical Garden","PUF_BOT_02","31/05/2024","14/06/2024","Homo_9605",17,0.00713985720285594
"g","Botanical Garden","PUF_BOT_02","31/05/2024","14/06/2024","Rhacognathus_1545358",12,0.00503989920201596
"g","Botanical Garden","PUF_BOT_02","31/05/2024","14/06/2024","Muscina_57892",8,0.00335993280134397
"g","Botanical Garden","PUF_BOT_02","31/05/2024","14/06/2024","Galapagocoris_-21292",7,0.00293994120117598
"g","Botanical Garden","PUF_BOT_02","31/05/2024","14/06/2024","Cricotopus_153373",5,0.00209995800083998
"g","Botanical Garden","PUF_BOT_03","24/06/2024","28/06/2024","Bos_9903",88,1
"g","Botanical Garden","PUF_BOT_04","28/06/2024","12/07/2024","Glypsus_-21471",524,0.572052401746725
"g","Botanical Garden","PUF_BOT_04","28/06/2024","12/07/2024",NA,199,0.217248908296943
"g","Botanical Garden","PUF_BOT_04","28/06/2024","12/07/2024","Asteia_305551",138,0.150655021834061
"g","Botanical Garden","PUF_BOT_04","28/06/2024","12/07/2024","Pionidia_2613197",41,0.0447598253275109
"g","Botanical Garden","PUF_BOT_04","28/06/2024","12/07/2024","Harmonia_115356",8,0.00873362445414847
"g","Botanical Garden","PUF_BOT_04","28/06/2024","12/07/2024","Cricotopus_153373",6,0.00655021834061135
"g","Botanical Garden","PUF_BOT_05","12/07/2024","26/07/2024","Glypsus_-21471",569,0.379333333333333
"g","Botanical Garden","PUF_BOT_05","12/07/2024","26/07/2024","Dasineura_240745",381,0.254
"g","Botanical Garden","PUF_BOT_05","12/07/2024","26/07/2024",NA,379,0.252666666666667
"g","Botanical Garden","PUF_BOT_05","12/07/2024","26/07/2024","Bos_9903",61,0.0406666666666667
"g","Botanical Garden","PUF_BOT_05","12/07/2024","26/07/2024","Pionidia_2613197",52,0.0346666666666667
"g","Botanical Garden","PUF_BOT_05","12/07/2024","26/07/2024","Shevtchenkella_1452708",31,0.0206666666666667
"g","Botanical Garden","PUF_BOT_05","12/07/2024","26/07/2024","Aceria_109362",18,0.012
"g","Botanical Garden","PUF_BOT_05","12/07/2024","26/07/2024","Triophytydeus_-3480",9,0.006
"g","Botanical Garden","PUF_BOT_06","26/07/2024","09/08/2024","Pyla_683885",17783,0.906694539336155
"g","Botanical Garden","PUF_BOT_06","26/07/2024","09/08/2024","Glypsus_-21471",800,0.0407892724213532
"g","Botanical Garden","PUF_BOT_06","26/07/2024","09/08/2024","Homo_9605",705,0.0359455463213175
"g","Botanical Garden","PUF_BOT_06","26/07/2024","09/08/2024","Galapagocoris_-21292",88,0.00448681996634885
"g","Botanical Garden","PUF_BOT_06","26/07/2024","09/08/2024","Bembidion_60800",86,0.00438484678529547
"g","Botanical Garden","PUF_BOT_06","26/07/2024","09/08/2024",NA,73,0.00372202110844848
"g","Botanical Garden","PUF_BOT_06","26/07/2024","09/08/2024","Tetramorium_30204",31,0.00158058430632744
"g","Botanical Garden","PUF_BOT_06","26/07/2024","09/08/2024","Harrisina_688409",24,0.0012236781726406
"g","Botanical Garden","PUF_BOT_06","26/07/2024","09/08/2024","Aethes_572702",23,0.0011726915821139
"g","Botanical Garden","PUF_BOT_07","09/08/2024","23/08/2024","Glypsus_-21471",1959,0.773086029992107
"g","Botanical Garden","PUF_BOT_07","09/08/2024","23/08/2024",NA,482,0.190213101815312
"g","Botanical Garden","PUF_BOT_07","09/08/2024","23/08/2024","Pionidia_2613197",43,0.0169692186266772
"g","Botanical Garden","PUF_BOT_07","09/08/2024","23/08/2024","Homo_9605",17,0.00670876085240726
"g","Botanical Garden","PUF_BOT_07","09/08/2024","23/08/2024","Tydeus_1670773",17,0.00670876085240726
"g","Botanical Garden","PUF_BOT_07","09/08/2024","23/08/2024","Rhacognathus_1545358",16,0.00631412786108919
"g","Botanical Garden","PUF_BOT_08","23/08/2024","06/09/2024","Glypsus_-21471",571,0.508007117437722
"g","Botanical Garden","PUF_BOT_08","23/08/2024","06/09/2024",NA,430,0.382562277580071
"g","Botanical Garden","PUF_BOT_08","23/08/2024","06/09/2024","Lasius_7482",41,0.0364768683274021
"g","Botanical Garden","PUF_BOT_08","23/08/2024","06/09/2024","Aceria_109362",38,0.0338078291814947
"g","Botanical Garden","PUF_BOT_08","23/08/2024","06/09/2024","Tydeus_1670773",32,0.0284697508896797
"g","Botanical Garden","PUF_BOT_08","23/08/2024","06/09/2024","Pionidia_2613197",12,0.0106761565836299
"g","Botanical Garden","PUF_BOT_09","06/09/2024","20/09/2024","Glypsus_-21471",1107,0.779028852920479
"g","Botanical Garden","PUF_BOT_09","06/09/2024","20/09/2024","Pionidia_2613197",155,0.109078114004222
"g","Botanical Garden","PUF_BOT_09","06/09/2024","20/09/2024",NA,148,0.104152005629838
"g","Botanical Garden","PUF_BOT_09","06/09/2024","20/09/2024","Homo_9605",11,0.00774102744546094
"g","Botanical Garden","PUF_BOT_10","20/09/2024","04/10/2024","Glypsus_-21471",2761,0.718075422626788
"g","Botanical Garden","PUF_BOT_10","20/09/2024","04/10/2024",NA,684,0.177893368010403
"g","Botanical Garden","PUF_BOT_10","20/09/2024","04/10/2024","Bos_9903",327,0.0850455136540962
"g","Botanical Garden","PUF_BOT_10","20/09/2024","04/10/2024","Pionidia_2613197",73,0.0189856957087126
"g","Boucherville","PUF_BOU_01","27/05/2024","10/06/2024",NA,243,0.964285714285714
"g","Boucherville","PUF_BOU_01","27/05/2024","10/06/2024","Corynoptera_1260849",3,0.0119047619047619
"g","Boucherville","PUF_BOU_01","27/05/2024","10/06/2024","Homo_9605",2,0.00793650793650794
"g","Boucherville","PUF_BOU_01","27/05/2024","10/06/2024","Pachypappa_330417",2,0.00793650793650794
"g","Boucherville","PUF_BOU_01","27/05/2024","10/06/2024","Rhacognathus_1545358",2,0.00793650793650794
"g","Boucherville","PUF_BOU_02","10/06/2024","24/06/2024",NA,513,0.490909090909091
"g","Boucherville","PUF_BOU_02","10/06/2024","24/06/2024","Deuterosminthurus_1304590",344,0.329186602870813
"g","Boucherville","PUF_BOU_02","10/06/2024","24/06/2024","Tyrophagus_41443",76,0.0727272727272727
"g","Boucherville","PUF_BOU_02","10/06/2024","24/06/2024","Homo_9605",34,0.0325358851674641
"g","Boucherville","PUF_BOU_02","10/06/2024","24/06/2024","Cantharis_41098",24,0.0229665071770335
"g","Boucherville","PUF_BOU_02","10/06/2024","24/06/2024","Pionidia_2613197",21,0.0200956937799043
"g","Boucherville","PUF_BOU_02","10/06/2024","24/06/2024","Glypsus_-21471",18,0.0172248803827751
"g","Boucherville","PUF_BOU_02","10/06/2024","24/06/2024","Rhacognathus_1545358",15,0.0143540669856459
"g","Boucherville","PUF_BOU_03","24/06/2024","08/07/2024",NA,328,0.514913657770801
"g","Boucherville","PUF_BOU_03","24/06/2024","08/07/2024","Glypsus_-21471",115,0.180533751962323
"g","Boucherville","PUF_BOU_03","24/06/2024","08/07/2024","Deuterosminthurus_1304590",82,0.1287284144427
"g","Boucherville","PUF_BOU_03","24/06/2024","08/07/2024","Bos_9903",57,0.0894819466248038
"g","Boucherville","PUF_BOU_03","24/06/2024","08/07/2024","Tydeus_1670773",21,0.032967032967033
"g","Boucherville","PUF_BOU_03","24/06/2024","08/07/2024","Pionidia_2613197",15,0.0235478806907378
"g","Boucherville","PUF_BOU_03","24/06/2024","08/07/2024","Rhacognathus_1545358",12,0.0188383045525903
"g","Boucherville","PUF_BOU_03","24/06/2024","08/07/2024","Melanoplus_30252",7,0.010989010989011
"g","Boucherville","PUF_BOU_04","08/07/2024","22/07/2024","Glypsus_-21471",276,0.477508650519031
"g","Boucherville","PUF_BOU_04","08/07/2024","22/07/2024",NA,204,0.352941176470588
"g","Boucherville","PUF_BOU_04","08/07/2024","22/07/2024","Melanoplus_30252",32,0.055363321799308
"g","Boucherville","PUF_BOU_04","08/07/2024","22/07/2024","Pionidia_2613197",24,0.041522491349481
"g","Boucherville","PUF_BOU_04","08/07/2024","22/07/2024","Cricotopus_153373",18,0.0311418685121107
"g","Boucherville","PUF_BOU_04","08/07/2024","22/07/2024","Tanytarsus_288802",8,0.013840830449827
"g","Boucherville","PUF_BOU_04","08/07/2024","22/07/2024","Bembidion_60800",7,0.0121107266435986
"g","Boucherville","PUF_BOU_04","08/07/2024","22/07/2024","Rhacognathus_1545358",5,0.00865051903114187
"g","Boucherville","PUF_BOU_04","08/07/2024","22/07/2024","Homo_9605",4,0.0069204152249135
"g","Boucherville","PUF_BOU_05","22/07/2024","05/08/2024","Glypsus_-21471",1825,0.779581375480564
"g","Boucherville","PUF_BOU_05","22/07/2024","05/08/2024",NA,162,0.0692011960700555
"g","Boucherville","PUF_BOU_05","22/07/2024","05/08/2024","Aphis_80764",153,0.0653566851772747
"g","Boucherville","PUF_BOU_05","22/07/2024","05/08/2024","Swammerdamella_3120128",37,0.0158052114480991
"g","Boucherville","PUF_BOU_05","22/07/2024","05/08/2024","Corynoptera_1260849",34,0.0145237078171721
"g","Boucherville","PUF_BOU_05","22/07/2024","05/08/2024","Ornithonyssus_224535",34,0.0145237078171721
"g","Boucherville","PUF_BOU_05","22/07/2024","05/08/2024","Mycodiplosis_996607",25,0.0106791969243913
"g","Boucherville","PUF_BOU_05","22/07/2024","05/08/2024","Cantharis_41098",19,0.00811618966253738
"g","Boucherville","PUF_BOU_05","22/07/2024","05/08/2024","Tydeus_1670773",19,0.00811618966253738
"g","Boucherville","PUF_BOU_05","22/07/2024","05/08/2024","Pionidia_2613197",17,0.00726185390858607
"g","Boucherville","PUF_BOU_05","22/07/2024","05/08/2024","Rhacognathus_1545358",16,0.00683468603161042
"g","Boucherville","PUF_BOU_06","05/08/2024","19/08/2024","Glypsus_-21471",563,0.673444976076555
"g","Boucherville","PUF_BOU_06","05/08/2024","19/08/2024",NA,173,0.206937799043062
"g","Boucherville","PUF_BOU_06","05/08/2024","19/08/2024","Pionidia_2613197",35,0.041866028708134
"g","Boucherville","PUF_BOU_06","05/08/2024","19/08/2024","Artemia_6660",30,0.0358851674641148
"g","Boucherville","PUF_BOU_06","05/08/2024","19/08/2024","Ischnura_79456",18,0.0215311004784689
"g","Boucherville","PUF_BOU_06","05/08/2024","19/08/2024","Tetra_1310384",12,0.0143540669856459
"g","Boucherville","PUF_BOU_06","05/08/2024","19/08/2024","Deuterosminthurus_1304590",5,0.00598086124401914
"g","Boucherville","PUF_BOU_07","19/08/2024","02/09/2024",NA,119,0.367283950617284
"g","Boucherville","PUF_BOU_07","19/08/2024","02/09/2024","Glypsus_-21471",92,0.283950617283951
"g","Boucherville","PUF_BOU_07","19/08/2024","02/09/2024","Bos_9903",60,0.185185185185185
"g","Boucherville","PUF_BOU_07","19/08/2024","02/09/2024","Deuterosminthurus_1304590",53,0.16358024691358
"g","Boucherville","PUF_BOU_08","02/09/2024","16/09/2024","Glypsus_-21471",1701,0.792268281322776
"g","Boucherville","PUF_BOU_08","02/09/2024","16/09/2024",NA,394,0.183511877037727
"g","Boucherville","PUF_BOU_08","02/09/2024","16/09/2024","Pionidia_2613197",22,0.0102468560782487
"g","Boucherville","PUF_BOU_08","02/09/2024","16/09/2024","Cricotopus_153373",17,0.00791802515137401
"g","Boucherville","PUF_BOU_08","02/09/2024","16/09/2024","Psychoda_7201",13,0.00605496040987424
"g","Boucherville","PUF_BOU_09","16/09/2024","30/09/2024","Glypsus_-21471",1259,0.723979298447384
"g","Boucherville","PUF_BOU_09","16/09/2024","30/09/2024",NA,396,0.227717078780909
"g","Boucherville","PUF_BOU_09","16/09/2024","30/09/2024","Homo_9605",65,0.0373778033352501
"g","Boucherville","PUF_BOU_09","16/09/2024","30/09/2024","Bembidion_60800",19,0.0109258194364577
"g","IPEX","PUF_IPEX_01","15/05/2024","29/05/2024","Glypsus_-21471",48,0.428571428571429
"g","IPEX","PUF_IPEX_01","15/05/2024","29/05/2024",NA,32,0.285714285714286
"g","IPEX","PUF_IPEX_01","15/05/2024","29/05/2024","Bos_9903",21,0.1875
"g","IPEX","PUF_IPEX_01","15/05/2024","29/05/2024","Homo_9605",7,0.0625
"g","IPEX","PUF_IPEX_01","15/05/2024","29/05/2024","Rhyncaphytoptus_1452700",3,0.0267857142857143
"g","IPEX","PUF_IPEX_01","15/05/2024","29/05/2024","Pionidia_2613197",1,0.00892857142857143
"g","IPEX","PUF_IPEX_02","29/05/2024","12/06/2024",NA,1309,0.751004016064257
"g","IPEX","PUF_IPEX_02","29/05/2024","12/06/2024","Abacarus_644136",125,0.0717154331612163
"g","IPEX","PUF_IPEX_02","29/05/2024","12/06/2024","Glypsus_-21471",90,0.0516351118760757
"g","IPEX","PUF_IPEX_02","29/05/2024","12/06/2024","Rhacognathus_1545358",52,0.029833620195066
"g","IPEX","PUF_IPEX_02","29/05/2024","12/06/2024","Tanytarsus_288802",47,0.0269650028686173
"g","IPEX","PUF_IPEX_02","29/05/2024","12/06/2024","Tetra_1310384",21,0.0120481927710843
"g","IPEX","PUF_IPEX_02","29/05/2024","12/06/2024","Triophytydeus_-3480",18,0.0103270223752151
"g","IPEX","PUF_IPEX_02","29/05/2024","12/06/2024","Cinara_97051",17,0.00975329890992542
"g","IPEX","PUF_IPEX_02","29/05/2024","12/06/2024","Hippodamia_64693",14,0.00803212851405622
"g","IPEX","PUF_IPEX_02","29/05/2024","12/06/2024","Pionidia_2613197",14,0.00803212851405622
"g","IPEX","PUF_IPEX_02","29/05/2024","12/06/2024","Corynoneura_611344",10,0.0057372346528973
"g","IPEX","PUF_IPEX_02","29/05/2024","12/06/2024","Dasineura_240745",10,0.0057372346528973
"g","IPEX","PUF_IPEX_02","29/05/2024","12/06/2024","Cantharis_41098",9,0.00516351118760757
"g","IPEX","PUF_IPEX_02","29/05/2024","12/06/2024","Homo_9605",7,0.00401606425702811
"g","IPEX","PUF_IPEX_03","12/06/2024","26/06/2024","Larinioides_280405",9871,0.886802623304285
"g","IPEX","PUF_IPEX_03","12/06/2024","26/06/2024",NA,961,0.0863354595274459
"g","IPEX","PUF_IPEX_03","12/06/2024","26/06/2024","Glypsus_-21471",174,0.0156320186865511
"g","IPEX","PUF_IPEX_03","12/06/2024","26/06/2024","Pionidia_2613197",73,0.00655826071332315
"g","IPEX","PUF_IPEX_03","12/06/2024","26/06/2024","Bos_9903",52,0.00467163776839457
"g","IPEX","PUF_IPEX_04","26/06/2024","10/07/2024","Glypsus_-21471",888,0.464435146443515
"g","IPEX","PUF_IPEX_04","26/06/2024","10/07/2024",NA,559,0.292364016736402
"g","IPEX","PUF_IPEX_04","26/06/2024","10/07/2024","Tydeus_1670773",116,0.0606694560669456
"g","IPEX","PUF_IPEX_04","26/06/2024","10/07/2024","Rhacognathus_1545358",105,0.0549163179916318
"g","IPEX","PUF_IPEX_04","26/06/2024","10/07/2024","Petrophila_655076",66,0.0345188284518828
"g","IPEX","PUF_IPEX_04","26/06/2024","10/07/2024","Pionidia_2613197",58,0.0303347280334728
"g","IPEX","PUF_IPEX_04","26/06/2024","10/07/2024","Bos_9903",48,0.0251046025104603
"g","IPEX","PUF_IPEX_04","26/06/2024","10/07/2024","Abacarus_644136",28,0.0146443514644351
"g","IPEX","PUF_IPEX_04","26/06/2024","10/07/2024","Tyrophagus_41443",27,0.0141213389121339
"g","IPEX","PUF_IPEX_04","26/06/2024","10/07/2024","Rynchobanchus_1905500",17,0.00889121338912134
"g","IPEX","PUF_IPEX_05","10/07/2024","24/07/2024","Glypsus_-21471",3773,0.690899102728438
"g","IPEX","PUF_IPEX_05","10/07/2024","24/07/2024",NA,1373,0.251419154001099
"g","IPEX","PUF_IPEX_05","10/07/2024","24/07/2024","Deuterosminthurus_1304590",121,0.02215711408167
"g","IPEX","PUF_IPEX_05","10/07/2024","24/07/2024","Rhacognathus_1545358",58,0.0106207654275774
"g","IPEX","PUF_IPEX_05","10/07/2024","24/07/2024","Homo_9605",49,0.00897271561984984
"g","IPEX","PUF_IPEX_05","10/07/2024","24/07/2024","Aculus_644140",37,0.00677531587621315
"g","IPEX","PUF_IPEX_05","10/07/2024","24/07/2024","Ceraclea_177832",27,0.00494414942318257
"g","IPEX","PUF_IPEX_05","10/07/2024","24/07/2024","Galapagocoris_-21292",23,0.00421168284197034
"g","IPEX","PUF_IPEX_06","24/07/2024","07/08/2024","Glypsus_-21471",812,0.844953173777315
"g","IPEX","PUF_IPEX_06","24/07/2024","07/08/2024",NA,131,0.136316337148803
"g","IPEX","PUF_IPEX_06","24/07/2024","07/08/2024","Pionidia_2613197",18,0.0187304890738814
"g","IPEX","PUF_IPEX_07","07/08/2024","21/08/2024","Glypsus_-21471",1045,0.635258358662614
"g","IPEX","PUF_IPEX_07","07/08/2024","21/08/2024",NA,498,0.30273556231003
"g","IPEX","PUF_IPEX_07","07/08/2024","21/08/2024","Pionidia_2613197",53,0.0322188449848024
"g","IPEX","PUF_IPEX_07","07/08/2024","21/08/2024","Rhacognathus_1545358",27,0.0164133738601824
"g","IPEX","PUF_IPEX_07","07/08/2024","21/08/2024","Rynchobanchus_1905500",13,0.00790273556231003
"g","IPEX","PUF_IPEX_07","07/08/2024","21/08/2024","Scatella_305595",9,0.00547112462006079
"g","IPEX","PUF_IPEX_08","21/08/2024","04/09/2024","Glypsus_-21471",1466,0.646669607410675
"g","IPEX","PUF_IPEX_08","21/08/2024","04/09/2024",NA,665,0.29333921482135
"g","IPEX","PUF_IPEX_08","21/08/2024","04/09/2024","Bos_9903",70,0.0308778120864579
"g","IPEX","PUF_IPEX_08","21/08/2024","04/09/2024","Mycodiplosis_996607",39,0.0172033524481694
"g","IPEX","PUF_IPEX_08","21/08/2024","04/09/2024","Rhacognathus_1545358",27,0.011910013233348
"g","IPEX","PUF_IPEX_09","04/09/2024","18/09/2024","Glypsus_-21471",962,0.889916743755782
"g","IPEX","PUF_IPEX_09","04/09/2024","18/09/2024",NA,88,0.0814061054579093
"g","IPEX","PUF_IPEX_09","04/09/2024","18/09/2024","Pionidia_2613197",31,0.028677150786309
"g","IPEX","PUF_IPEX_10","18/09/2024","02/10/2024","Glypsus_-21471",2651,0.663081540770385
"g","IPEX","PUF_IPEX_10","18/09/2024","02/10/2024","Liposcelis_160150",574,0.143571785892946
"g","IPEX","PUF_IPEX_10","18/09/2024","02/10/2024",NA,455,0.113806903451726
"g","IPEX","PUF_IPEX_10","18/09/2024","02/10/2024","Pionidia_2613197",161,0.0402701350675338
"g","IPEX","PUF_IPEX_10","18/09/2024","02/10/2024","Bryophaenocladius_611339",83,0.020760380190095
"g","IPEX","PUF_IPEX_10","18/09/2024","02/10/2024","Rhacognathus_1545358",31,0.00775387693846923
"g","IPEX","PUF_IPEX_10","18/09/2024","02/10/2024","Agrotis_47766",23,0.00575287643821911
"g","IPEX","PUF_IPEX_10","18/09/2024","02/10/2024","Tetramorium_30204",20,0.00500250125062531
"g","Insectarium","Insectarium_Cocoon","10/11/2025","24/11/2025","Tyrophagus_41443",123,0.45724907063197
"g","Insectarium","Insectarium_Cocoon","10/11/2025","24/11/2025","Bos_9903",73,0.271375464684015
"g","Insectarium","Insectarium_Cocoon","10/11/2025","24/11/2025","Artemia_6660",36,0.133828996282528
"g","Insectarium","Insectarium_Cocoon","10/11/2025","24/11/2025","Homo_9605",36,0.133828996282528
"g","Insectarium","Insectarium_Cocoon","10/11/2025","24/11/2025","Cylindroiulus_47131",1,0.00371747211895911
"g","Insectarium","Insectarium_Door","10/11/2025","24/11/2025","Bos_9903",48,0.979591836734694
"g","Insectarium","Insectarium_Door","10/11/2025","24/11/2025","Heliconius_33416",1,0.0204081632653061
"g","Insectarium","Insectarium_Up","10/11/2025","24/11/2025","Tyrophagus_41443",1884,1
"g","Jean-Drapeau","PUF_JD_01","22/05/2024","05/06/2024","Hypena_95218",6071,0.684596301308074
"g","Jean-Drapeau","PUF_JD_01","22/05/2024","05/06/2024","Anystis_66557",1435,0.161817771763645
"g","Jean-Drapeau","PUF_JD_01","22/05/2024","05/06/2024",NA,844,0.0951736580965268
"g","Jean-Drapeau","PUF_JD_01","22/05/2024","05/06/2024","Lasioseius_296243",114,0.0128552097428958
"g","Jean-Drapeau","PUF_JD_01","22/05/2024","05/06/2024","Tetragnatha_27395",76,0.0085701398285972
"g","Jean-Drapeau","PUF_JD_01","22/05/2024","05/06/2024","Cricotopus_153373",62,0.0069914298601714
"g","Jean-Drapeau","PUF_JD_01","22/05/2024","05/06/2024","Glypsus_-21471",46,0.0051871898962562
"g","Jean-Drapeau","PUF_JD_01","22/05/2024","05/06/2024","Parakiefferiella_611371",43,0.0048488949030221
"g","Jean-Drapeau","PUF_JD_01","22/05/2024","05/06/2024","Tetramorium_30204",34,0.0038340099233198
"g","Jean-Drapeau","PUF_JD_01","22/05/2024","05/06/2024","Tydeus_1670773",32,0.0036084799278304
"g","Jean-Drapeau","PUF_JD_01","22/05/2024","05/06/2024","Pionidia_2613197",24,0.0027063599458728
"g","Jean-Drapeau","PUF_JD_01","22/05/2024","05/06/2024","Abacarus_644136",23,0.0025935949481281
"g","Jean-Drapeau","PUF_JD_01","22/05/2024","05/06/2024","Aphis_80764",16,0.0018042399639152
"g","Jean-Drapeau","PUF_JD_01","22/05/2024","05/06/2024","Homo_9605",13,0.0014659449706811
"g","Jean-Drapeau","PUF_JD_01","22/05/2024","05/06/2024","Stenacron_248190",13,0.0014659449706811
"g","Jean-Drapeau","PUF_JD_01","22/05/2024","05/06/2024","Plagiognathus_236934",11,0.0012404149751917
"g","Jean-Drapeau","PUF_JD_01","22/05/2024","05/06/2024","Rhacognathus_1545358",11,0.0012404149751917
"g","Jean-Drapeau","PUF_JD_02","05/06/2024","19/06/2024","Pigritia_347817",13484,0.956312056737589
"g","Jean-Drapeau","PUF_JD_02","05/06/2024","19/06/2024",NA,256,0.0181560283687943
"g","Jean-Drapeau","PUF_JD_02","05/06/2024","19/06/2024","Xestia_320016",183,0.0129787234042553
"g","Jean-Drapeau","PUF_JD_02","05/06/2024","19/06/2024","Hydroptila_599788",94,0.00666666666666667
"g","Jean-Drapeau","PUF_JD_02","05/06/2024","19/06/2024","Hydropsyche_50443",37,0.00262411347517731
"g","Jean-Drapeau","PUF_JD_02","05/06/2024","19/06/2024","Tetragnatha_27395",28,0.00198581560283688
"g","Jean-Drapeau","PUF_JD_02","05/06/2024","19/06/2024","Pionidia_2613197",18,0.00127659574468085
"g","Jean-Drapeau","PUF_JD_03","19/06/2024","03/07/2024",NA,254,0.271367521367521
"g","Jean-Drapeau","PUF_JD_03","19/06/2024","03/07/2024","Plagiognathus_236934",163,0.174145299145299
"g","Jean-Drapeau","PUF_JD_03","19/06/2024","03/07/2024","Glypsus_-21471",160,0.170940170940171
"g","Jean-Drapeau","PUF_JD_03","19/06/2024","03/07/2024","Homo_9605",94,0.10042735042735
"g","Jean-Drapeau","PUF_JD_03","19/06/2024","03/07/2024","Thaumatomyia_333800",93,0.0993589743589744
"g","Jean-Drapeau","PUF_JD_03","19/06/2024","03/07/2024","Pionidia_2613197",55,0.0587606837606838
"g","Jean-Drapeau","PUF_JD_03","19/06/2024","03/07/2024","Chrysoperla_7521",31,0.0331196581196581
"g","Jean-Drapeau","PUF_JD_03","19/06/2024","03/07/2024","Oidaematophorus_688446",24,0.0256410256410256
"g","Jean-Drapeau","PUF_JD_03","19/06/2024","03/07/2024","Kosswigianella_984418",18,0.0192307692307692
"g","Jean-Drapeau","PUF_JD_03","19/06/2024","03/07/2024","Tanytarsus_288802",13,0.0138888888888889
"g","Jean-Drapeau","PUF_JD_03","19/06/2024","03/07/2024","Abacarus_644136",12,0.0128205128205128
"g","Jean-Drapeau","PUF_JD_03","19/06/2024","03/07/2024","Lasius_7482",11,0.0117521367521368
"g","Jean-Drapeau","PUF_JD_03","19/06/2024","03/07/2024","Lycoriella_170626",8,0.00854700854700855
"g","Jean-Drapeau","PUF_JD_04","03/07/2024","17/07/2024","Glypsus_-21471",996,0.613300492610837
"g","Jean-Drapeau","PUF_JD_04","03/07/2024","17/07/2024","Bos_9903",217,0.133620689655172
"g","Jean-Drapeau","PUF_JD_04","03/07/2024","17/07/2024","Tetragnatha_27395",153,0.0942118226600985
"g","Jean-Drapeau","PUF_JD_04","03/07/2024","17/07/2024","Pionidia_2613197",149,0.0917487684729064
"g","Jean-Drapeau","PUF_JD_04","03/07/2024","17/07/2024",NA,109,0.0671182266009852
"g","Jean-Drapeau","PUF_JD_05","17/07/2024","31/07/2024","Tetragnatha_27395",1700,0.410330678252474
"g","Jean-Drapeau","PUF_JD_05","17/07/2024","31/07/2024","Glypsus_-21471",609,0.146994931209269
"g","Jean-Drapeau","PUF_JD_05","17/07/2024","31/07/2024",NA,521,0.125754284335023
"g","Jean-Drapeau","PUF_JD_05","17/07/2024","31/07/2024","Pemphigus_13192",429,0.103548153511948
"g","Jean-Drapeau","PUF_JD_05","17/07/2024","31/07/2024","Pionidia_2613197",297,0.0716871832005793
"g","Jean-Drapeau","PUF_JD_05","17/07/2024","31/07/2024","Cricotopus_153373",243,0.0586531498913831
"g","Jean-Drapeau","PUF_JD_05","17/07/2024","31/07/2024","Euschistus_437492",55,0.0132754042964036
"g","Jean-Drapeau","PUF_JD_05","17/07/2024","31/07/2024","Tetra_1310384",50,0.0120685493603669
"g","Jean-Drapeau","PUF_JD_05","17/07/2024","31/07/2024","Bos_9903",45,0.0108616944243302
"g","Jean-Drapeau","PUF_JD_05","17/07/2024","31/07/2024","Aphis_80764",42,0.0101375814627082
"g","Jean-Drapeau","PUF_JD_05","17/07/2024","31/07/2024","Artemia_6660",39,0.00941346850108617
"g","Jean-Drapeau","PUF_JD_05","17/07/2024","31/07/2024","Endria_30119",37,0.00893072652667149
"g","Jean-Drapeau","PUF_JD_05","17/07/2024","31/07/2024","Melanophthalma_433122",30,0.00724112961622013
"g","Jean-Drapeau","PUF_JD_05","17/07/2024","31/07/2024","Polypedilum_54968",15,0.00362056480811007
"g","Jean-Drapeau","PUF_JD_05","17/07/2024","31/07/2024","Homo_9605",11,0.00265508085928071
"g","Jean-Drapeau","PUF_JD_05","17/07/2024","31/07/2024","Rhacognathus_1545358",11,0.00265508085928071
"g","Jean-Drapeau","PUF_JD_05","17/07/2024","31/07/2024","Dasyhelea_41822",9,0.00217233888486604
"g","Jean-Drapeau","PUF_JD_06","31/07/2024","14/08/2024","Glypsus_-21471",3494,0.908712613784135
"g","Jean-Drapeau","PUF_JD_06","31/07/2024","14/08/2024",NA,179,0.046553966189857
"g","Jean-Drapeau","PUF_JD_06","31/07/2024","14/08/2024","Tetragnatha_27395",119,0.0309492847854356
"g","Jean-Drapeau","PUF_JD_06","31/07/2024","14/08/2024","Pionidia_2613197",38,0.00988296488946684
"g","Jean-Drapeau","PUF_JD_06","31/07/2024","14/08/2024","Cricotopus_153373",15,0.00390117035110533
"g","Jean-Drapeau","PUF_JD_07","14/08/2024","28/08/2024","Glypsus_-21471",2271,0.509649910233393
"g","Jean-Drapeau","PUF_JD_07","14/08/2024","28/08/2024","Harmonia_115356",867,0.194569120287253
"g","Jean-Drapeau","PUF_JD_07","14/08/2024","28/08/2024","Hydropsyche_50443",592,0.132854578096948
"g","Jean-Drapeau","PUF_JD_07","14/08/2024","28/08/2024",NA,398,0.0893177737881508
"g","Jean-Drapeau","PUF_JD_07","14/08/2024","28/08/2024","Aceria_109362",95,0.0213195691202873
"g","Jean-Drapeau","PUF_JD_07","14/08/2024","28/08/2024","Lygus_30084",79,0.0177289048473968
"g","Jean-Drapeau","PUF_JD_07","14/08/2024","28/08/2024","Larinioides_280405",53,0.0118940754039497
"g","Jean-Drapeau","PUF_JD_07","14/08/2024","28/08/2024","Pionidia_2613197",53,0.0118940754039497
"g","Jean-Drapeau","PUF_JD_07","14/08/2024","28/08/2024","Brachymyrmex_46650",25,0.00561041292639138
"g","Jean-Drapeau","PUF_JD_07","14/08/2024","28/08/2024","Deuterosminthurus_1304590",23,0.00516157989228007
"g","Jean-Drapeau","PUF_JD_08","28/08/2024","11/09/2024","Tetragnatha_27395",8581,0.986775528978841
"g","Jean-Drapeau","PUF_JD_08","28/08/2024","11/09/2024","Glypsus_-21471",95,0.0109245630174793
"g","Jean-Drapeau","PUF_JD_08","28/08/2024","11/09/2024","Maiestas_1401779",20,0.00229990800367985
"g","Jean-Drapeau","PUF_JD_09","11/09/2024","25/09/2024","Glypsus_-21471",670,0.557404326123128
"g","Jean-Drapeau","PUF_JD_09","11/09/2024","25/09/2024","Pionidia_2613197",227,0.188851913477537
"g","Jean-Drapeau","PUF_JD_09","11/09/2024","25/09/2024",NA,197,0.163893510815308
"g","Jean-Drapeau","PUF_JD_09","11/09/2024","25/09/2024","Obus_279488",69,0.0574043261231281
"g","Jean-Drapeau","PUF_JD_09","11/09/2024","25/09/2024","Tetragnatha_27395",20,0.0166389351081531
"g","Jean-Drapeau","PUF_JD_09","11/09/2024","25/09/2024","Sarcophaga_7384",10,0.00831946755407654
"g","Jean-Drapeau","PUF_JD_09","11/09/2024","25/09/2024","Sus_9822",9,0.00748752079866889
"g","Jean-Drapeau","PUF_JD_10","25/09/2024","09/10/2024","Capitophorus_527611",6147,0.729181494661922
"g","Jean-Drapeau","PUF_JD_10","25/09/2024","09/10/2024","Glypsus_-21471",1552,0.184104389086595
"g","Jean-Drapeau","PUF_JD_10","25/09/2024","09/10/2024","Cricotopus_153373",243,0.0288256227758007
"g","Jean-Drapeau","PUF_JD_10","25/09/2024","09/10/2024","Tetragnatha_27395",215,0.0255041518386714
"g","Jean-Drapeau","PUF_JD_10","25/09/2024","09/10/2024","Pionidia_2613197",72,0.00854092526690392
"g","Jean-Drapeau","PUF_JD_10","25/09/2024","09/10/2024","Bos_9903",67,0.00794780545670225
"g","Jean-Drapeau","PUF_JD_10","25/09/2024","09/10/2024",NA,54,0.00640569395017794
"g","Jean-Drapeau","PUF_JD_10","25/09/2024","09/10/2024","Larinioides_280405",46,0.00545670225385528
"g","Jean-Drapeau","PUF_JD_10","25/09/2024","09/10/2024","Hydropsyche_50443",34,0.00403321470937129
"g","Mont_Tremblant","Mont_Tremblant","30/08/2025","31/08/2025",NA,801,0.819018404907976
"g","Mont_Tremblant","Mont_Tremblant","30/08/2025","31/08/2025","Bos_9903",82,0.0838445807770961
"g","Mont_Tremblant","Mont_Tremblant","30/08/2025","31/08/2025","Glypsus_-21471",44,0.0449897750511247
"g","Mont_Tremblant","Mont_Tremblant","30/08/2025","31/08/2025","Homo_9605",33,0.0337423312883436
"g","Mont_Tremblant","Mont_Tremblant","30/08/2025","31/08/2025","Bembidion_60800",18,0.0184049079754601
"g",NA,NA,NA,NA,"Cethosia_127316",15388,0.511467127567639
"g",NA,NA,NA,NA,"Heliconius_33416",10768,0.357907332314033
"g",NA,NA,NA,NA,"Caligo_127325",2721,0.0904407365552084
"g",NA,NA,NA,NA,"Willowsia_181624",340,0.011300937313036
"g",NA,NA,NA,NA,"Papilio_7145",294,0.00977198697068404
"g",NA,NA,NA,NA,"Parthenos_191422",284,0.0094396064614771
"g",NA,NA,NA,NA,NA,86,0.00285847237917968
"g",NA,NA,NA,NA,"Hymenopus_267204",76,0.00252609186997274
"g",NA,NA,NA,NA,"Tyrophagus_41443",62,0.00206075915708303
"g",NA,NA,NA,NA,"Siproeta_64447",51,0.00169514059695539
"g",NA,NA,NA,NA,"Doleschallia_311082",16,0.000531808814731104
"s","Bird Observatory","PUF_MBO_01","20/05/2024","03/06/2024",NA,1602,0.712
"s","Bird Observatory","PUF_MBO_01","20/05/2024","03/06/2024","Glypsus_conspicuus_-21472",128,0.0568888888888889
"s","Bird Observatory","PUF_MBO_01","20/05/2024","03/06/2024","Aculodes_mckenziei_644532",120,0.0533333333333333
"s","Bird Observatory","PUF_MBO_01","20/05/2024","03/06/2024","Abacarus_plumiger_2316514",84,0.0373333333333333
"s","Bird Observatory","PUF_MBO_01","20/05/2024","03/06/2024","Megaselia_hirticrus_1987627",72,0.032
"s","Bird Observatory","PUF_MBO_01","20/05/2024","03/06/2024","Labidomera_clivicollis_131652",67,0.0297777777777778
"s","Bird Observatory","PUF_MBO_01","20/05/2024","03/06/2024","Aculus_schlechtendali_2813516",60,0.0266666666666667
"s","Bird Observatory","PUF_MBO_01","20/05/2024","03/06/2024","Abacarus_hystrix_644148",58,0.0257777777777778
"s","Bird Observatory","PUF_MBO_01","20/05/2024","03/06/2024","Bos_taurus_9913",45,0.02
"s","Bird Observatory","PUF_MBO_01","20/05/2024","03/06/2024","Homo_sapiens_9606",14,0.00622222222222222
"s","Bird Observatory","PUF_MBO_02","03/06/2024","17/06/2024","Xestia_c-nigrum_987431",8006,0.522550747340252
"s","Bird Observatory","PUF_MBO_02","03/06/2024","17/06/2024",NA,7265,0.474185758109784
"s","Bird Observatory","PUF_MBO_02","03/06/2024","17/06/2024","Glypsus_conspicuus_-21472",50,0.0032634945499641
"s","Bird Observatory","PUF_MBO_03","17/06/2024","01/07/2024","Glypsus_conspicuus_-21472",305,0.513468013468014
"s","Bird Observatory","PUF_MBO_03","17/06/2024","01/07/2024","Philodromus_rufus_336570",139,0.234006734006734
"s","Bird Observatory","PUF_MBO_03","17/06/2024","01/07/2024",NA,132,0.222222222222222
"s","Bird Observatory","PUF_MBO_03","17/06/2024","01/07/2024","Abacarus_hystrix_644148",18,0.0303030303030303
"s","Bird Observatory","PUF_MBO_04","01/07/2024","15/07/2024","Glypsus_conspicuus_-21472",398,0.35695067264574
"s","Bird Observatory","PUF_MBO_04","01/07/2024","15/07/2024","Bos_taurus_9913",308,0.276233183856502
"s","Bird Observatory","PUF_MBO_04","01/07/2024","15/07/2024",NA,293,0.262780269058296
"s","Bird Observatory","PUF_MBO_04","01/07/2024","15/07/2024","Rhacognathus_americanus_-21479",116,0.104035874439462
"s","Bird Observatory","PUF_MBO_05","15/07/2024","29/07/2024","Choristoneura_rosaceana_27543",8556,0.931214627775359
"s","Bird Observatory","PUF_MBO_05","15/07/2024","29/07/2024","Glypsus_conspicuus_-21472",368,0.0400522420548542
"s","Bird Observatory","PUF_MBO_05","15/07/2024","29/07/2024",NA,112,0.0121898127993034
"s","Bird Observatory","PUF_MBO_05","15/07/2024","29/07/2024","Succinea_putris_145427",55,0.00598606878537222
"s","Bird Observatory","PUF_MBO_05","15/07/2024","29/07/2024","Rhacognathus_americanus_-21479",51,0.00555071832825424
"s","Bird Observatory","PUF_MBO_05","15/07/2024","29/07/2024","Ochlerotatus_trivittatus_228918",26,0.00282977797126687
"s","Bird Observatory","PUF_MBO_05","15/07/2024","29/07/2024","Homo_sapiens_9606",20,0.0021767522855899
"s","Bird Observatory","PUF_MBO_06","29/07/2024","12/08/2024","Glypsus_conspicuus_-21472",588,0.67741935483871
"s","Bird Observatory","PUF_MBO_06","29/07/2024","12/08/2024",NA,241,0.277649769585253
"s","Bird Observatory","PUF_MBO_06","29/07/2024","12/08/2024","Rhacognathus_americanus_-21479",25,0.0288018433179724
"s","Bird Observatory","PUF_MBO_06","29/07/2024","12/08/2024","Galapagocoris_crockeri_-21293",14,0.0161290322580645
"s","Bird Observatory","PUF_MBO_07","12/08/2024","26/08/2024","Glypsus_conspicuus_-21472",1123,0.691076923076923
"s","Bird Observatory","PUF_MBO_07","12/08/2024","26/08/2024",NA,440,0.270769230769231
"s","Bird Observatory","PUF_MBO_07","12/08/2024","26/08/2024","Rhacognathus_americanus_-21479",44,0.0270769230769231
"s","Bird Observatory","PUF_MBO_07","12/08/2024","26/08/2024","Deuterosminthurus_bicinctus_2041938",18,0.0110769230769231
"s","Bird Observatory","PUF_MBO_08","26/08/2024","09/09/2024","Glypsus_conspicuus_-21472",1252,0.814044213263979
"s","Bird Observatory","PUF_MBO_08","26/08/2024","09/09/2024",NA,286,0.185955786736021
"s","Bird Observatory","PUF_MBO_09","09/09/2024","23/09/2024","Glypsus_conspicuus_-21472",1901,0.684059014033825
"s","Bird Observatory","PUF_MBO_09","09/09/2024","23/09/2024",NA,831,0.299028427491904
"s","Bird Observatory","PUF_MBO_09","09/09/2024","23/09/2024","Bos_taurus_9913",47,0.0169125584742713
"s","Bird Observatory","PUF_MBO_10","23/09/2024","07/10/2024","Glypsus_conspicuus_-21472",800,0.536193029490617
"s","Bird Observatory","PUF_MBO_10","23/09/2024","07/10/2024",NA,659,0.441689008042895
"s","Bird Observatory","PUF_MBO_10","23/09/2024","07/10/2024","Haimbachia_arizonensis_-32734",22,0.014745308310992
"s","Bird Observatory","PUF_MBO_10","23/09/2024","07/10/2024","Sminthurinus_reticulatus_1725403",11,0.00737265415549598
"s","Botanical Garden","PUF_BOT_01","17/05/2024","31/05/2024",NA,629,0.790201005025126
"s","Botanical Garden","PUF_BOT_01","17/05/2024","31/05/2024","Trisetacus_thujae_2695370",75,0.0942211055276382
"s","Botanical Garden","PUF_BOT_01","17/05/2024","31/05/2024","Eriosoma_americanum_527649",36,0.0452261306532663
"s","Botanical Garden","PUF_BOT_01","17/05/2024","31/05/2024","Homo_sapiens_9606",31,0.0389447236180905
"s","Botanical Garden","PUF_BOT_01","17/05/2024","31/05/2024","Cheumatopsyche_campyla_692082",25,0.0314070351758794
"s","Botanical Garden","PUF_BOT_02","31/05/2024","14/06/2024",NA,2049,0.860562788744225
"s","Botanical Garden","PUF_BOT_02","31/05/2024","14/06/2024","Glypsus_conspicuus_-21472",121,0.0508189836203276
"s","Botanical Garden","PUF_BOT_02","31/05/2024","14/06/2024","Xestia_c-nigrum_987431",109,0.0457790844183116
"s","Botanical Garden","PUF_BOT_02","31/05/2024","14/06/2024","Aculus_populi_2920999",37,0.0155396892062159
"s","Botanical Garden","PUF_BOT_02","31/05/2024","14/06/2024","Phrurolithus_goodnighti_-1975",21,0.00881982360352793
"s","Botanical Garden","PUF_BOT_02","31/05/2024","14/06/2024","Homo_sapiens_9606",17,0.00713985720285594
"s","Botanical Garden","PUF_BOT_02","31/05/2024","14/06/2024","Rhacognathus_americanus_-21479",12,0.00503989920201596
"s","Botanical Garden","PUF_BOT_02","31/05/2024","14/06/2024","Muscina_levida_559660",8,0.00335993280134397
"s","Botanical Garden","PUF_BOT_02","31/05/2024","14/06/2024","Galapagocoris_crockeri_-21293",7,0.00293994120117598
"s","Botanical Garden","PUF_BOT_03","24/06/2024","28/06/2024","Bos_taurus_9913",88,1
"s","Botanical Garden","PUF_BOT_04","28/06/2024","12/07/2024","Glypsus_conspicuus_-21472",524,0.572052401746725
"s","Botanical Garden","PUF_BOT_04","28/06/2024","12/07/2024",NA,246,0.268558951965066
"s","Botanical Garden","PUF_BOT_04","28/06/2024","12/07/2024","Asteia_amoena_716597",138,0.150655021834061
"s","Botanical Garden","PUF_BOT_04","28/06/2024","12/07/2024","Harmonia_axyridis_115357",8,0.00873362445414847
"s","Botanical Garden","PUF_BOT_05","12/07/2024","26/07/2024",NA,821,0.547333333333333
"s","Botanical Garden","PUF_BOT_05","12/07/2024","26/07/2024","Glypsus_conspicuus_-21472",569,0.379333333333333
"s","Botanical Garden","PUF_BOT_05","12/07/2024","26/07/2024","Bos_taurus_9913",61,0.0406666666666667
"s","Botanical Garden","PUF_BOT_05","12/07/2024","26/07/2024","Shevtchenkella_serrata_2883626",31,0.0206666666666667
"s","Botanical Garden","PUF_BOT_05","12/07/2024","26/07/2024","Aceria_tosichella_561515",18,0.012
"s","Botanical Garden","PUF_BOT_06","26/07/2024","09/08/2024","Pyla_fusca_683886",17783,0.906694539336155
"s","Botanical Garden","PUF_BOT_06","26/07/2024","09/08/2024","Glypsus_conspicuus_-21472",800,0.0407892724213532
"s","Botanical Garden","PUF_BOT_06","26/07/2024","09/08/2024","Homo_sapiens_9606",705,0.0359455463213175
"s","Botanical Garden","PUF_BOT_06","26/07/2024","09/08/2024","Galapagocoris_crockeri_-21293",88,0.00448681996634885
"s","Botanical Garden","PUF_BOT_06","26/07/2024","09/08/2024","Bembidion_flebile_-5823",86,0.00438484678529547
"s","Botanical Garden","PUF_BOT_06","26/07/2024","09/08/2024",NA,73,0.00372202110844848
"s","Botanical Garden","PUF_BOT_06","26/07/2024","09/08/2024","Tetramorium_immigrans_2164160",31,0.00158058430632744
"s","Botanical Garden","PUF_BOT_06","26/07/2024","09/08/2024","Harrisina_americana_688410",24,0.0012236781726406
"s","Botanical Garden","PUF_BOT_06","26/07/2024","09/08/2024","Aethes_atomocella_-63317",23,0.0011726915821139
"s","Botanical Garden","PUF_BOT_07","09/08/2024","23/08/2024","Glypsus_conspicuus_-21472",1959,0.773086029992107
"s","Botanical Garden","PUF_BOT_07","09/08/2024","23/08/2024",NA,542,0.213891081294396
"s","Botanical Garden","PUF_BOT_07","09/08/2024","23/08/2024","Homo_sapiens_9606",17,0.00670876085240726
"s","Botanical Garden","PUF_BOT_07","09/08/2024","23/08/2024","Rhacognathus_americanus_-21479",16,0.00631412786108919
"s","Botanical Garden","PUF_BOT_08","23/08/2024","06/09/2024","Glypsus_conspicuus_-21472",571,0.508007117437722
"s","Botanical Garden","PUF_BOT_08","23/08/2024","06/09/2024",NA,474,0.421708185053381
"s","Botanical Garden","PUF_BOT_08","23/08/2024","06/09/2024","Lasius_nearcticus_488575",41,0.0364768683274021
"s","Botanical Garden","PUF_BOT_08","23/08/2024","06/09/2024","Aceria_fraxiniflora_2837636",38,0.0338078291814947
"s","Botanical Garden","PUF_BOT_09","06/09/2024","20/09/2024","Glypsus_conspicuus_-21472",1107,0.779028852920479
"s","Botanical Garden","PUF_BOT_09","06/09/2024","20/09/2024",NA,303,0.213230119634061
"s","Botanical Garden","PUF_BOT_09","06/09/2024","20/09/2024","Homo_sapiens_9606",11,0.00774102744546094
"s","Botanical Garden","PUF_BOT_10","20/09/2024","04/10/2024","Glypsus_conspicuus_-21472",2761,0.718075422626788
"s","Botanical Garden","PUF_BOT_10","20/09/2024","04/10/2024",NA,757,0.196879063719116
"s","Botanical Garden","PUF_BOT_10","20/09/2024","04/10/2024","Bos_taurus_9913",327,0.0850455136540962
"s","Boucherville","PUF_BOU_01","27/05/2024","10/06/2024",NA,243,0.964285714285714
"s","Boucherville","PUF_BOU_01","27/05/2024","10/06/2024","Corynoptera_cursor_1887982",3,0.0119047619047619
"s","Boucherville","PUF_BOU_01","27/05/2024","10/06/2024","Homo_sapiens_9606",2,0.00793650793650794
"s","Boucherville","PUF_BOU_01","27/05/2024","10/06/2024","Pachypappa_pseudobyrsa_527812",2,0.00793650793650794
"s","Boucherville","PUF_BOU_01","27/05/2024","10/06/2024","Rhacognathus_americanus_-21479",2,0.00793650793650794
"s","Boucherville","PUF_BOU_02","10/06/2024","24/06/2024",NA,534,0.511004784688995
"s","Boucherville","PUF_BOU_02","10/06/2024","24/06/2024","Deuterosminthurus_bicinctus_2041938",344,0.329186602870813
"s","Boucherville","PUF_BOU_02","10/06/2024","24/06/2024","Tyrophagus_putrescentiae_59818",76,0.0727272727272727
"s","Boucherville","PUF_BOU_02","10/06/2024","24/06/2024","Homo_sapiens_9606",34,0.0325358851674641
"s","Boucherville","PUF_BOU_02","10/06/2024","24/06/2024","Cantharis_versicolor_-4961",24,0.0229665071770335
"s","Boucherville","PUF_BOU_02","10/06/2024","24/06/2024","Glypsus_conspicuus_-21472",18,0.0172248803827751
"s","Boucherville","PUF_BOU_02","10/06/2024","24/06/2024","Rhacognathus_americanus_-21479",15,0.0143540669856459
"s","Boucherville","PUF_BOU_03","24/06/2024","08/07/2024",NA,364,0.571428571428571
"s","Boucherville","PUF_BOU_03","24/06/2024","08/07/2024","Glypsus_conspicuus_-21472",115,0.180533751962323
"s","Boucherville","PUF_BOU_03","24/06/2024","08/07/2024","Deuterosminthurus_bicinctus_2041938",82,0.1287284144427
"s","Boucherville","PUF_BOU_03","24/06/2024","08/07/2024","Bos_taurus_9913",57,0.0894819466248038
"s","Boucherville","PUF_BOU_03","24/06/2024","08/07/2024","Rhacognathus_americanus_-21479",12,0.0188383045525903
"s","Boucherville","PUF_BOU_03","24/06/2024","08/07/2024","Melanoplus_washingtonius_-64865",7,0.010989010989011
"s","Boucherville","PUF_BOU_04","08/07/2024","22/07/2024","Glypsus_conspicuus_-21472",276,0.477508650519031
"s","Boucherville","PUF_BOU_04","08/07/2024","22/07/2024",NA,254,0.439446366782007
"s","Boucherville","PUF_BOU_04","08/07/2024","22/07/2024","Melanoplus_femurrubrum_103640",32,0.055363321799308
"s","Boucherville","PUF_BOU_04","08/07/2024","22/07/2024","Bembidion_flebile_-5823",7,0.0121107266435986
"s","Boucherville","PUF_BOU_04","08/07/2024","22/07/2024","Rhacognathus_americanus_-21479",5,0.00865051903114187
"s","Boucherville","PUF_BOU_04","08/07/2024","22/07/2024","Homo_sapiens_9606",4,0.0069204152249135
"s","Boucherville","PUF_BOU_05","22/07/2024","05/08/2024","Glypsus_conspicuus_-21472",1825,0.779581375480564
"s","Boucherville","PUF_BOU_05","22/07/2024","05/08/2024",NA,273,0.116616830414353
"s","Boucherville","PUF_BOU_05","22/07/2024","05/08/2024","Aphis_glycines_307491",140,0.0598035027765912
"s","Boucherville","PUF_BOU_05","22/07/2024","05/08/2024","Corynoptera_bicuspidata_1720649",34,0.0145237078171721
"s","Boucherville","PUF_BOU_05","22/07/2024","05/08/2024","Ornithonyssus_sylviarum_224536",34,0.0145237078171721
"s","Boucherville","PUF_BOU_05","22/07/2024","05/08/2024","Cantharis_versicolor_-4961",19,0.00811618966253738
"s","Boucherville","PUF_BOU_05","22/07/2024","05/08/2024","Rhacognathus_americanus_-21479",16,0.00683468603161042
"s","Boucherville","PUF_BOU_06","05/08/2024","19/08/2024","Glypsus_conspicuus_-21472",563,0.673444976076555
"s","Boucherville","PUF_BOU_06","05/08/2024","19/08/2024",NA,208,0.248803827751196
"s","Boucherville","PUF_BOU_06","05/08/2024","19/08/2024","Artemia_sorgeloosi_3034414",30,0.0358851674641148
"s","Boucherville","PUF_BOU_06","05/08/2024","19/08/2024","Ischnura_verticalis_88053",18,0.0215311004784689
"s","Boucherville","PUF_BOU_06","05/08/2024","19/08/2024","Tetra_lobulifera_2837686",12,0.0143540669856459
"s","Boucherville","PUF_BOU_06","05/08/2024","19/08/2024","Deuterosminthurus_bicinctus_2041938",5,0.00598086124401914
"s","Boucherville","PUF_BOU_07","19/08/2024","02/09/2024",NA,119,0.367283950617284
"s","Boucherville","PUF_BOU_07","19/08/2024","02/09/2024","Glypsus_conspicuus_-21472",92,0.283950617283951
"s","Boucherville","PUF_BOU_07","19/08/2024","02/09/2024","Bos_taurus_9913",60,0.185185185185185
"s","Boucherville","PUF_BOU_07","19/08/2024","02/09/2024","Deuterosminthurus_bicinctus_2041938",53,0.16358024691358
"s","Boucherville","PUF_BOU_08","02/09/2024","16/09/2024","Glypsus_conspicuus_-21472",1701,0.792268281322776
"s","Boucherville","PUF_BOU_08","02/09/2024","16/09/2024",NA,433,0.20167675826735
"s","Boucherville","PUF_BOU_08","02/09/2024","16/09/2024","Psychoda_alternata_114594",13,0.00605496040987424
"s","Boucherville","PUF_BOU_09","16/09/2024","30/09/2024","Glypsus_conspicuus_-21472",1259,0.723979298447384
"s","Boucherville","PUF_BOU_09","16/09/2024","30/09/2024",NA,396,0.227717078780909
"s","Boucherville","PUF_BOU_09","16/09/2024","30/09/2024","Homo_sapiens_9606",65,0.0373778033352501
"s","Boucherville","PUF_BOU_09","16/09/2024","30/09/2024","Bembidion_flebile_-5823",19,0.0109258194364577
"s","IPEX","PUF_IPEX_01","15/05/2024","29/05/2024","Glypsus_conspicuus_-21472",48,0.428571428571429
"s","IPEX","PUF_IPEX_01","15/05/2024","29/05/2024",NA,33,0.294642857142857
"s","IPEX","PUF_IPEX_01","15/05/2024","29/05/2024","Bos_grunniens_30521",21,0.1875
"s","IPEX","PUF_IPEX_01","15/05/2024","29/05/2024","Homo_sapiens_9606",7,0.0625
"s","IPEX","PUF_IPEX_01","15/05/2024","29/05/2024","Rhyncaphytoptus_amplus_2837673",3,0.0267857142857143
"s","IPEX","PUF_IPEX_02","29/05/2024","12/06/2024",NA,1387,0.795754446356856
"s","IPEX","PUF_IPEX_02","29/05/2024","12/06/2024","Abacarus_hystrix_644148",125,0.0717154331612163
"s","IPEX","PUF_IPEX_02","29/05/2024","12/06/2024","Glypsus_conspicuus_-21472",90,0.0516351118760757
"s","IPEX","PUF_IPEX_02","29/05/2024","12/06/2024","Rhacognathus_americanus_-21479",52,0.029833620195066
"s","IPEX","PUF_IPEX_02","29/05/2024","12/06/2024","Tetra_lobulifera_2837686",21,0.0120481927710843
"s","IPEX","PUF_IPEX_02","29/05/2024","12/06/2024","Cinara_laricifex_527606",17,0.00975329890992542
"s","IPEX","PUF_IPEX_02","29/05/2024","12/06/2024","Hippodamia_variegata_703264",14,0.00803212851405622
"s","IPEX","PUF_IPEX_02","29/05/2024","12/06/2024","Tanytarsus_guerlus_994302",11,0.00631095811818703
"s","IPEX","PUF_IPEX_02","29/05/2024","12/06/2024","Corynoneura_scutellata_611450",10,0.0057372346528973
"s","IPEX","PUF_IPEX_02","29/05/2024","12/06/2024","Cantharis_versicolor_-4961",9,0.00516351118760757
"s","IPEX","PUF_IPEX_02","29/05/2024","12/06/2024","Homo_sapiens_9606",7,0.00401606425702811
"s","IPEX","PUF_IPEX_03","12/06/2024","26/06/2024","Larinioides_sclopetarius_280406",9576,0.860300062887432
"s","IPEX","PUF_IPEX_03","12/06/2024","26/06/2024",NA,1329,0.119396280657623
"s","IPEX","PUF_IPEX_03","12/06/2024","26/06/2024","Glypsus_conspicuus_-21472",174,0.0156320186865511
"s","IPEX","PUF_IPEX_03","12/06/2024","26/06/2024","Bos_taurus_9913",52,0.00467163776839457
"s","IPEX","PUF_IPEX_04","26/06/2024","10/07/2024","Glypsus_conspicuus_-21472",888,0.464435146443515
"s","IPEX","PUF_IPEX_04","26/06/2024","10/07/2024",NA,799,0.417887029288703
"s","IPEX","PUF_IPEX_04","26/06/2024","10/07/2024","Rhacognathus_americanus_-21479",105,0.0549163179916318
"s","IPEX","PUF_IPEX_04","26/06/2024","10/07/2024","Bos_taurus_9913",48,0.0251046025104603
"s","IPEX","PUF_IPEX_04","26/06/2024","10/07/2024","Abacarus_hystrix_644148",28,0.0146443514644351
"s","IPEX","PUF_IPEX_04","26/06/2024","10/07/2024","Tyrophagus_putrescentiae_59818",27,0.0141213389121339
"s","IPEX","PUF_IPEX_04","26/06/2024","10/07/2024","Rynchobanchus_minomensis_1905501",17,0.00889121338912134
"s","IPEX","PUF_IPEX_05","10/07/2024","24/07/2024","Glypsus_conspicuus_-21472",3773,0.690899102728438
"s","IPEX","PUF_IPEX_05","10/07/2024","24/07/2024",NA,1373,0.251419154001099
"s","IPEX","PUF_IPEX_05","10/07/2024","24/07/2024","Deuterosminthurus_bicinctus_2041938",121,0.02215711408167
"s","IPEX","PUF_IPEX_05","10/07/2024","24/07/2024","Rhacognathus_americanus_-21479",58,0.0106207654275774
"s","IPEX","PUF_IPEX_05","10/07/2024","24/07/2024","Homo_sapiens_9606",49,0.00897271561984984
"s","IPEX","PUF_IPEX_05","10/07/2024","24/07/2024","Aculus_populi_2920999",37,0.00677531587621315
"s","IPEX","PUF_IPEX_05","10/07/2024","24/07/2024","Ceraclea_cancellata_763285",27,0.00494414942318257
"s","IPEX","PUF_IPEX_05","10/07/2024","24/07/2024","Galapagocoris_crockeri_-21293",23,0.00421168284197034
"s","IPEX","PUF_IPEX_06","24/07/2024","07/08/2024","Glypsus_conspicuus_-21472",812,0.844953173777315
"s","IPEX","PUF_IPEX_06","24/07/2024","07/08/2024",NA,149,0.155046826222685
"s","IPEX","PUF_IPEX_07","07/08/2024","21/08/2024","Glypsus_conspicuus_-21472",1045,0.635258358662614
"s","IPEX","PUF_IPEX_07","07/08/2024","21/08/2024",NA,551,0.334954407294833
"s","IPEX","PUF_IPEX_07","07/08/2024","21/08/2024","Rhacognathus_americanus_-21479",27,0.0164133738601824
"s","IPEX","PUF_IPEX_07","07/08/2024","21/08/2024","Rynchobanchus_minomensis_1905501",13,0.00790273556231003
"s","IPEX","PUF_IPEX_07","07/08/2024","21/08/2024","Scatella_tenuicosta_1473685",9,0.00547112462006079
"s","IPEX","PUF_IPEX_08","21/08/2024","04/09/2024","Glypsus_conspicuus_-21472",1466,0.646669607410675
"s","IPEX","PUF_IPEX_08","21/08/2024","04/09/2024",NA,704,0.310542567269519
"s","IPEX","PUF_IPEX_08","21/08/2024","04/09/2024","Bos_taurus_9913",70,0.0308778120864579
"s","IPEX","PUF_IPEX_08","21/08/2024","04/09/2024","Rhacognathus_americanus_-21479",27,0.011910013233348
"s","IPEX","PUF_IPEX_09","04/09/2024","18/09/2024","Glypsus_conspicuus_-21472",962,0.889916743755782
"s","IPEX","PUF_IPEX_09","04/09/2024","18/09/2024",NA,119,0.110083256244218
"s","IPEX","PUF_IPEX_10","18/09/2024","02/10/2024","Glypsus_conspicuus_-21472",2651,0.663081540770385
"s","IPEX","PUF_IPEX_10","18/09/2024","02/10/2024",NA,616,0.15407703851926
"s","IPEX","PUF_IPEX_10","18/09/2024","02/10/2024","Liposcelis_paeta_209927",574,0.143571785892946
"s","IPEX","PUF_IPEX_10","18/09/2024","02/10/2024","Bryophaenocladius_terrestris_3042047",83,0.020760380190095
"s","IPEX","PUF_IPEX_10","18/09/2024","02/10/2024","Rhacognathus_americanus_-21479",31,0.00775387693846923
"s","IPEX","PUF_IPEX_10","18/09/2024","02/10/2024","Agrotis_venerabilis_689057",23,0.00575287643821911
"s","IPEX","PUF_IPEX_10","18/09/2024","02/10/2024","Tetramorium_immigrans_2164160",20,0.00500250125062531
"s","Insectarium","Insectarium_Cocoon","10/11/2025","24/11/2025","Tyrophagus_putrescentiae_59818",123,0.45724907063197
"s","Insectarium","Insectarium_Cocoon","10/11/2025","24/11/2025","Bos_taurus_9913",73,0.271375464684015
"s","Insectarium","Insectarium_Cocoon","10/11/2025","24/11/2025","Artemia_sorgeloosi_3034414",36,0.133828996282528
"s","Insectarium","Insectarium_Cocoon","10/11/2025","24/11/2025","Homo_sapiens_9606",36,0.133828996282528
"s","Insectarium","Insectarium_Cocoon","10/11/2025","24/11/2025","Cylindroiulus_caeruleocinctus_438504",1,0.00371747211895911
"s","Insectarium","Insectarium_Door","10/11/2025","24/11/2025","Bos_taurus_9913",48,0.979591836734694
"s","Insectarium","Insectarium_Door","10/11/2025","24/11/2025","Heliconius_doris_33455",1,0.0204081632653061
"s","Insectarium","Insectarium_Up","10/11/2025","24/11/2025","Tyrophagus_putrescentiae_59818",1884,1
"s","Jean-Drapeau","PUF_JD_01","22/05/2024","05/06/2024","Hypena_scabra_95219",6071,0.684596301308074
"s","Jean-Drapeau","PUF_JD_01","22/05/2024","05/06/2024","Anystis_baccarum_2250316",1435,0.161817771763645
"s","Jean-Drapeau","PUF_JD_01","22/05/2024","05/06/2024",NA,1142,0.128777627424447
"s","Jean-Drapeau","PUF_JD_01","22/05/2024","05/06/2024","Tetragnatha_shoshone_1659988",76,0.0085701398285972
"s","Jean-Drapeau","PUF_JD_01","22/05/2024","05/06/2024","Glypsus_conspicuus_-21472",46,0.0051871898962562
"s","Jean-Drapeau","PUF_JD_01","22/05/2024","05/06/2024","Tetramorium_immigrans_2164160",34,0.0038340099233198
"s","Jean-Drapeau","PUF_JD_01","22/05/2024","05/06/2024","Aphis_pomi_527582",16,0.0018042399639152
"s","Jean-Drapeau","PUF_JD_01","22/05/2024","05/06/2024","Homo_sapiens_9606",13,0.0014659449706811
"s","Jean-Drapeau","PUF_JD_01","22/05/2024","05/06/2024","Stenacron_gildersleevei_603688",13,0.0014659449706811
"s","Jean-Drapeau","PUF_JD_01","22/05/2024","05/06/2024","Plagiognathus_obscurus_881741",11,0.0012404149751917
"s","Jean-Drapeau","PUF_JD_01","22/05/2024","05/06/2024","Rhacognathus_americanus_-21479",11,0.0012404149751917
"s","Jean-Drapeau","PUF_JD_02","05/06/2024","19/06/2024","Pigritia_fidella_1473675",13484,0.956312056737589
"s","Jean-Drapeau","PUF_JD_02","05/06/2024","19/06/2024",NA,274,0.0194326241134752
"s","Jean-Drapeau","PUF_JD_02","05/06/2024","19/06/2024","Xestia_c-nigrum_987431",183,0.0129787234042553
"s","Jean-Drapeau","PUF_JD_02","05/06/2024","19/06/2024","Hydroptila_spatulata_692086",94,0.00666666666666667
"s","Jean-Drapeau","PUF_JD_02","05/06/2024","19/06/2024","Hydropsyche_alternans_3381222",37,0.00262411347517731
"s","Jean-Drapeau","PUF_JD_02","05/06/2024","19/06/2024","Tetragnatha_guatemalensis_336607",28,0.00198581560283688
"s","Jean-Drapeau","PUF_JD_03","19/06/2024","03/07/2024",NA,435,0.46474358974359
"s","Jean-Drapeau","PUF_JD_03","19/06/2024","03/07/2024","Plagiognathus_obscurus_881741",163,0.174145299145299
"s","Jean-Drapeau","PUF_JD_03","19/06/2024","03/07/2024","Glypsus_conspicuus_-21472",160,0.170940170940171
"s","Jean-Drapeau","PUF_JD_03","19/06/2024","03/07/2024","Homo_sapiens_9606",94,0.10042735042735
"s","Jean-Drapeau","PUF_JD_03","19/06/2024","03/07/2024","Chrysoperla_adamsi_76812",31,0.0331196581196581
"s","Jean-Drapeau","PUF_JD_03","19/06/2024","03/07/2024","Oidaematophorus_homodactylus_688447",24,0.0256410256410256
"s","Jean-Drapeau","PUF_JD_03","19/06/2024","03/07/2024","Kosswigianella_wasatchi_1863055",18,0.0192307692307692
"s","Jean-Drapeau","PUF_JD_03","19/06/2024","03/07/2024","Lasius_neoniger_611257",11,0.0117521367521368
"s","Jean-Drapeau","PUF_JD_04","03/07/2024","17/07/2024","Glypsus_conspicuus_-21472",996,0.613300492610837
"s","Jean-Drapeau","PUF_JD_04","03/07/2024","17/07/2024",NA,258,0.158866995073892
"s","Jean-Drapeau","PUF_JD_04","03/07/2024","17/07/2024","Bos_taurus_9913",217,0.133620689655172
"s","Jean-Drapeau","PUF_JD_04","03/07/2024","17/07/2024","Tetragnatha_guatemalensis_336607",153,0.0942118226600985
"s","Jean-Drapeau","PUF_JD_05","17/07/2024","31/07/2024","Tetragnatha_guatemalensis_336607",1700,0.410330678252474
"s","Jean-Drapeau","PUF_JD_05","17/07/2024","31/07/2024",NA,1112,0.268404537774559
"s","Jean-Drapeau","PUF_JD_05","17/07/2024","31/07/2024","Glypsus_conspicuus_-21472",609,0.146994931209269
"s","Jean-Drapeau","PUF_JD_05","17/07/2024","31/07/2024","Pemphigus_populitransversus_220090",429,0.103548153511948
"s","Jean-Drapeau","PUF_JD_05","17/07/2024","31/07/2024","Euschistus_servus_756488",55,0.0132754042964036
"s","Jean-Drapeau","PUF_JD_05","17/07/2024","31/07/2024","Tetra_lobulifera_2837686",50,0.0120685493603669
"s","Jean-Drapeau","PUF_JD_05","17/07/2024","31/07/2024","Bos_taurus_9913",45,0.0108616944243302
"s","Jean-Drapeau","PUF_JD_05","17/07/2024","31/07/2024","Aphis_glycines_307491",42,0.0101375814627082
"s","Jean-Drapeau","PUF_JD_05","17/07/2024","31/07/2024","Endria_inimicus_-19763",37,0.00893072652667149
"s","Jean-Drapeau","PUF_JD_05","17/07/2024","31/07/2024","Melanophthalma_pumila_2083628",30,0.00724112961622013
"s","Jean-Drapeau","PUF_JD_05","17/07/2024","31/07/2024","Artemia_tibetiana_351233",12,0.00289645184648805
"s","Jean-Drapeau","PUF_JD_05","17/07/2024","31/07/2024","Homo_sapiens_9606",11,0.00265508085928071
"s","Jean-Drapeau","PUF_JD_05","17/07/2024","31/07/2024","Rhacognathus_americanus_-21479",11,0.00265508085928071
"s","Jean-Drapeau","PUF_JD_06","31/07/2024","14/08/2024","Glypsus_conspicuus_-21472",3494,0.908712613784135
"s","Jean-Drapeau","PUF_JD_06","31/07/2024","14/08/2024",NA,217,0.0564369310793238
"s","Jean-Drapeau","PUF_JD_06","31/07/2024","14/08/2024","Tetragnatha_guatemalensis_336607",119,0.0309492847854356
"s","Jean-Drapeau","PUF_JD_06","31/07/2024","14/08/2024","Cricotopus_trifascia_401643",15,0.00390117035110533
"s","Jean-Drapeau","PUF_JD_07","14/08/2024","28/08/2024","Glypsus_conspicuus_-21472",2271,0.509649910233393
"s","Jean-Drapeau","PUF_JD_07","14/08/2024","28/08/2024","Harmonia_axyridis_115357",867,0.194569120287253
"s","Jean-Drapeau","PUF_JD_07","14/08/2024","28/08/2024","Hydropsyche_alternans_3381222",592,0.132854578096948
"s","Jean-Drapeau","PUF_JD_07","14/08/2024","28/08/2024",NA,451,0.101211849192101
"s","Jean-Drapeau","PUF_JD_07","14/08/2024","28/08/2024","Aceria_fraxiniflora_2837636",95,0.0213195691202873
"s","Jean-Drapeau","PUF_JD_07","14/08/2024","28/08/2024","Lygus_lineolaris_50650",79,0.0177289048473968
"s","Jean-Drapeau","PUF_JD_07","14/08/2024","28/08/2024","Larinioides_sclopetarius_280406",53,0.0118940754039497
"s","Jean-Drapeau","PUF_JD_07","14/08/2024","28/08/2024","Brachymyrmex_depilis_354278",25,0.00561041292639138
"s","Jean-Drapeau","PUF_JD_07","14/08/2024","28/08/2024","Deuterosminthurus_bicinctus_2041938",23,0.00516157989228007
"s","Jean-Drapeau","PUF_JD_08","28/08/2024","11/09/2024","Tetragnatha_guatemalensis_336607",8581,0.986775528978841
"s","Jean-Drapeau","PUF_JD_08","28/08/2024","11/09/2024","Glypsus_conspicuus_-21472",95,0.0109245630174793
"s","Jean-Drapeau","PUF_JD_08","28/08/2024","11/09/2024","Maiestas_rostriformis_2771410",20,0.00229990800367985
"s","Jean-Drapeau","PUF_JD_09","11/09/2024","25/09/2024","Glypsus_conspicuus_-21472",670,0.557404326123128
"s","Jean-Drapeau","PUF_JD_09","11/09/2024","25/09/2024",NA,493,0.410149750415973
"s","Jean-Drapeau","PUF_JD_09","11/09/2024","25/09/2024","Tetragnatha_guatemalensis_336607",20,0.0166389351081531
"s","Jean-Drapeau","PUF_JD_09","11/09/2024","25/09/2024","Sarcophaga_sinuata_2795684",10,0.00831946755407654
"s","Jean-Drapeau","PUF_JD_09","11/09/2024","25/09/2024","Sus_scrofa_9823",9,0.00748752079866889
"s","Jean-Drapeau","PUF_JD_10","25/09/2024","09/10/2024","Capitophorus_elaeagni_527612",6147,0.729181494661922
"s","Jean-Drapeau","PUF_JD_10","25/09/2024","09/10/2024","Glypsus_conspicuus_-21472",1552,0.184104389086595
"s","Jean-Drapeau","PUF_JD_10","25/09/2024","09/10/2024","Cricotopus_trifascia_401643",243,0.0288256227758007
"s","Jean-Drapeau","PUF_JD_10","25/09/2024","09/10/2024","Tetragnatha_shoshone_1659988",215,0.0255041518386714
"s","Jean-Drapeau","PUF_JD_10","25/09/2024","09/10/2024",NA,126,0.0149466192170819
"s","Jean-Drapeau","PUF_JD_10","25/09/2024","09/10/2024","Bos_taurus_9913",67,0.00794780545670225
"s","Jean-Drapeau","PUF_JD_10","25/09/2024","09/10/2024","Larinioides_patagiatus_336592",46,0.00545670225385528
"s","Jean-Drapeau","PUF_JD_10","25/09/2024","09/10/2024","Hydropsyche_alternans_3381222",34,0.00403321470937129
"s","Mont_Tremblant","Mont_Tremblant","30/08/2025","31/08/2025",NA,801,0.819018404907976
"s","Mont_Tremblant","Mont_Tremblant","30/08/2025","31/08/2025","Bos_taurus_9913",82,0.0838445807770961
"s","Mont_Tremblant","Mont_Tremblant","30/08/2025","31/08/2025","Glypsus_conspicuus_-21472",44,0.0449897750511247
"s","Mont_Tremblant","Mont_Tremblant","30/08/2025","31/08/2025","Homo_sapiens_9606",33,0.0337423312883436
"s","Mont_Tremblant","Mont_Tremblant","30/08/2025","31/08/2025","Bembidion_flebile_-5823",18,0.0184049079754601
"s",NA,NA,NA,NA,"Cethosia_biblis_876379",15388,0.511467127567639
"s",NA,NA,NA,NA,"Heliconius_doris_33455",10768,0.357907332314033
"s",NA,NA,NA,NA,"Caligo_brasiliensis_1005066",2710,0.0900751179950808
"s",NA,NA,NA,NA,"Willowsia_buskii_1458441",340,0.011300937313036
"s",NA,NA,NA,NA,"Parthenos_sylvia_3150745",284,0.0094396064614771
"s",NA,NA,NA,NA,"Papilio_rumanzovia_262663",226,0.00751179950807685
"s",NA,NA,NA,NA,NA,97,0.00322409093930732
"s",NA,NA,NA,NA,"Hymenopus_coronatus_267205",76,0.00252609186997274
"s",NA,NA,NA,NA,"Tyrophagus_putrescentiae_59818",62,0.00206075915708303
"s",NA,NA,NA,NA,"Siproeta_epaphus_311052",51,0.00169514059695539
"s",NA,NA,NA,NA,"Papilio_demoleus_76202",50,0.0016619025460347
"s",NA,NA,NA,NA,"Papilio_memnon_76198",18,0.000598284916572492
"s",NA,NA,NA,NA,"Doleschallia_bisaltide_311083",16,0.000531808814731104
