"Level","site","ID_order","from","to","Taxon","Reads","Fx"
"k","Bird Observatory","PUF_MBO_01","20/05/2024","03/06/2024","Metazoa_33208",2098,1
"k","Bird Observatory","PUF_MBO_02","03/06/2024","17/06/2024","Metazoa_33208",15272,1
"k","Bird Observatory","PUF_MBO_03","17/06/2024","01/07/2024","Metazoa_33208",491,1
"k","Bird Observatory","PUF_MBO_04","01/07/2024","15/07/2024","Metazoa_33208",1066,1
"k","Bird Observatory","PUF_MBO_05","15/07/2024","29/07/2024","Metazoa_33208",9097,1
"k","Bird Observatory","PUF_MBO_06","29/07/2024","12/08/2024","Metazoa_33208",702,1
"k","Bird Observatory","PUF_MBO_07","12/08/2024","26/08/2024","Metazoa_33208",1397,1
"k","Bird Observatory","PUF_MBO_08","26/08/2024","09/09/2024","Metazoa_33208",1439,1
"k","Bird Observatory","PUF_MBO_09","09/09/2024","23/09/2024","Metazoa_33208",2521,1
"k","Bird Observatory","PUF_MBO_10","23/09/2024","07/10/2024","Metazoa_33208",1247,1
"k","Botanical Garden","PUF_BOT_01","17/05/2024","31/05/2024","Metazoa_33208",742,1
"k","Botanical Garden","PUF_BOT_02","31/05/2024","14/06/2024","Metazoa_33208",2289,1
"k","Botanical Garden","PUF_BOT_03","24/06/2024","28/06/2024","Metazoa_33208",88,1
"k","Botanical Garden","PUF_BOT_04","28/06/2024","12/07/2024","Metazoa_33208",826,1
"k","Botanical Garden","PUF_BOT_05","12/07/2024","26/07/2024","Metazoa_33208",1432,1
"k","Botanical Garden","PUF_BOT_06","26/07/2024","09/08/2024","Metazoa_33208",19436,1
"k","Botanical Garden","PUF_BOT_07","09/08/2024","23/08/2024","Metazoa_33208",2255,1
"k","Botanical Garden","PUF_BOT_08","23/08/2024","06/09/2024","Metazoa_33208",1036,1
"k","Botanical Garden","PUF_BOT_09","06/09/2024","20/09/2024","Metazoa_33208",1317,1
"k","Botanical Garden","PUF_BOT_10","20/09/2024","04/10/2024","Metazoa_33208",3808,1
"k","Boucherville","PUF_BOU_01","27/05/2024","10/06/2024","Metazoa_33208",241,1
"k","Boucherville","PUF_BOU_02","10/06/2024","24/06/2024","Metazoa_33208",1012,1
"k","Boucherville","PUF_BOU_03","24/06/2024","08/07/2024","Metazoa_33208",604,1
"k","Boucherville","PUF_BOU_04","08/07/2024","22/07/2024","Metazoa_33208",519,1
"k","Boucherville","PUF_BOU_05","22/07/2024","05/08/2024","Metazoa_33208",2161,1
"k","Boucherville","PUF_BOU_06","05/08/2024","19/08/2024","Metazoa_33208",778,1
"k","Boucherville","PUF_BOU_07","19/08/2024","02/09/2024","Metazoa_33208",324,1
"k","Boucherville","PUF_BOU_08","02/09/2024","16/09/2024","Metazoa_33208",1936,1
"k","Boucherville","PUF_BOU_09","16/09/2024","30/09/2024","Metazoa_33208",1683,1
"k","IPEX","PUF_IPEX_01","15/05/2024","29/05/2024","Metazoa_33208",112,1
"k","IPEX","PUF_IPEX_02","29/05/2024","12/06/2024","Metazoa_33208",1582,1
"k","IPEX","PUF_IPEX_03","12/06/2024","26/06/2024","Metazoa_33208",10786,1
"k","IPEX","PUF_IPEX_04","26/06/2024","10/07/2024","Metazoa_33208",1599,1
"k","IPEX","PUF_IPEX_05","10/07/2024","24/07/2024","Metazoa_33208",5228,1
"k","IPEX","PUF_IPEX_06","24/07/2024","07/08/2024","Metazoa_33208",932,1
"k","IPEX","PUF_IPEX_07","07/08/2024","21/08/2024","Metazoa_33208",1474,1
"k","IPEX","PUF_IPEX_08","21/08/2024","04/09/2024","Metazoa_33208",2029,1
"k","IPEX","PUF_IPEX_09","04/09/2024","18/09/2024","Metazoa_33208",962,1
"k","IPEX","PUF_IPEX_10","18/09/2024","02/10/2024","Metazoa_33208",3593,1
"k","Jean-Drapeau","PUF_JD_01","22/05/2024","05/06/2024","Metazoa_33208",8727,1
"k","Jean-Drapeau","PUF_JD_02","05/06/2024","19/06/2024","Metazoa_33208",13992,1
"k","Jean-Drapeau","PUF_JD_03","19/06/2024","03/07/2024","Metazoa_33208",774,1
"k","Jean-Drapeau","PUF_JD_04","03/07/2024","17/07/2024","Metazoa_33208",1586,1
"k","Jean-Drapeau","PUF_JD_05","17/07/2024","31/07/2024","Metazoa_33208",3986,1
"k","Jean-Drapeau","PUF_JD_06","31/07/2024","14/08/2024","Metazoa_33208",3751,1
"k","Jean-Drapeau","PUF_JD_07","14/08/2024","28/08/2024","Metazoa_33208",4192,1
"k","Jean-Drapeau","PUF_JD_08","28/08/2024","11/09/2024","Metazoa_33208",8676,1
"k","Jean-Drapeau","PUF_JD_09","11/09/2024","25/09/2024","Metazoa_33208",1138,1
"k","Jean-Drapeau","PUF_JD_10","25/09/2024","09/10/2024","Metazoa_33208",8157,1
"k",NA,NA,NA,NA,"Metazoa_33208",29895,1
"p","Bird Observatory","PUF_MBO_01","20/05/2024","03/06/2024","Arthropoda_6656",2053,0.978551000953289
"p","Bird Observatory","PUF_MBO_01","20/05/2024","03/06/2024","Chordata_7711",45,0.0214489990467112
"p","Bird Observatory","PUF_MBO_02","03/06/2024","17/06/2024","Arthropoda_6656",15272,1
"p","Bird Observatory","PUF_MBO_03","17/06/2024","01/07/2024","Arthropoda_6656",491,1
"p","Bird Observatory","PUF_MBO_04","01/07/2024","15/07/2024","Arthropoda_6656",758,0.711069418386492
"p","Bird Observatory","PUF_MBO_04","01/07/2024","15/07/2024","Chordata_7711",308,0.288930581613508
"p","Bird Observatory","PUF_MBO_05","15/07/2024","29/07/2024","Arthropoda_6656",9042,0.993954050785973
"p","Bird Observatory","PUF_MBO_05","15/07/2024","29/07/2024","Mollusca_6447",55,0.0060459492140266
"p","Bird Observatory","PUF_MBO_06","29/07/2024","12/08/2024","Arthropoda_6656",702,1
"p","Bird Observatory","PUF_MBO_07","12/08/2024","26/08/2024","Arthropoda_6656",1317,0.942734430923407
"p","Bird Observatory","PUF_MBO_07","12/08/2024","26/08/2024","Cnidaria_6073",80,0.0572655690765927
"p","Bird Observatory","PUF_MBO_08","26/08/2024","09/09/2024","Arthropoda_6656",1399,0.972202918693537
"p","Bird Observatory","PUF_MBO_08","26/08/2024","09/09/2024","Cnidaria_6073",40,0.0277970813064628
"p","Bird Observatory","PUF_MBO_09","09/09/2024","23/09/2024","Arthropoda_6656",2326,0.922649742165807
"p","Bird Observatory","PUF_MBO_09","09/09/2024","23/09/2024","Mollusca_6447",94,0.0372867909559699
"p","Bird Observatory","PUF_MBO_09","09/09/2024","23/09/2024","Cnidaria_6073",54,0.021420071400238
"p","Bird Observatory","PUF_MBO_09","09/09/2024","23/09/2024","Chordata_7711",47,0.0186433954779849
"p","Bird Observatory","PUF_MBO_10","23/09/2024","07/10/2024","Arthropoda_6656",1174,0.941459502806736
"p","Bird Observatory","PUF_MBO_10","23/09/2024","07/10/2024","Cnidaria_6073",73,0.0585404971932638
"p","Botanical Garden","PUF_BOT_01","17/05/2024","31/05/2024","Arthropoda_6656",677,0.912398921832884
"p","Botanical Garden","PUF_BOT_01","17/05/2024","31/05/2024","Cnidaria_6073",34,0.045822102425876
"p","Botanical Garden","PUF_BOT_01","17/05/2024","31/05/2024","Chordata_7711",31,0.0417789757412399
"p","Botanical Garden","PUF_BOT_02","31/05/2024","14/06/2024","Arthropoda_6656",2252,0.983835736129314
"p","Botanical Garden","PUF_BOT_02","31/05/2024","14/06/2024","Chordata_7711",37,0.0161642638706859
"p","Botanical Garden","PUF_BOT_03","24/06/2024","28/06/2024","Chordata_7711",88,1
"p","Botanical Garden","PUF_BOT_04","28/06/2024","12/07/2024","Arthropoda_6656",811,0.981840193704601
"p","Botanical Garden","PUF_BOT_04","28/06/2024","12/07/2024","Cnidaria_6073",15,0.0181598062953995
"p","Botanical Garden","PUF_BOT_05","12/07/2024","26/07/2024","Arthropoda_6656",1307,0.912709497206704
"p","Botanical Garden","PUF_BOT_05","12/07/2024","26/07/2024","Chordata_7711",61,0.0425977653631285
"p","Botanical Garden","PUF_BOT_05","12/07/2024","26/07/2024","Mollusca_6447",37,0.0258379888268156
"p","Botanical Garden","PUF_BOT_05","12/07/2024","26/07/2024","Cnidaria_6073",27,0.018854748603352
"p","Botanical Garden","PUF_BOT_06","26/07/2024","09/08/2024","Arthropoda_6656",18731,0.963727104342457
"p","Botanical Garden","PUF_BOT_06","26/07/2024","09/08/2024","Chordata_7711",705,0.0362728956575427
"p","Botanical Garden","PUF_BOT_07","09/08/2024","23/08/2024","Arthropoda_6656",2255,1
"p","Botanical Garden","PUF_BOT_08","23/08/2024","06/09/2024","Arthropoda_6656",1000,0.965250965250965
"p","Botanical Garden","PUF_BOT_08","23/08/2024","06/09/2024","Cnidaria_6073",36,0.0347490347490347
"p","Botanical Garden","PUF_BOT_09","06/09/2024","20/09/2024","Arthropoda_6656",1317,1
"p","Botanical Garden","PUF_BOT_10","20/09/2024","04/10/2024","Arthropoda_6656",3481,0.914128151260504
"p","Botanical Garden","PUF_BOT_10","20/09/2024","04/10/2024","Chordata_7711",327,0.0858718487394958
"p","Boucherville","PUF_BOU_01","27/05/2024","10/06/2024","Arthropoda_6656",239,0.991701244813278
"p","Boucherville","PUF_BOU_01","27/05/2024","10/06/2024","Chordata_7711",2,0.00829875518672199
"p","Boucherville","PUF_BOU_02","10/06/2024","24/06/2024","Arthropoda_6656",958,0.946640316205534
"p","Boucherville","PUF_BOU_02","10/06/2024","24/06/2024","Chordata_7711",34,0.033596837944664
"p","Boucherville","PUF_BOU_02","10/06/2024","24/06/2024","Cnidaria_6073",20,0.0197628458498024
"p","Boucherville","PUF_BOU_03","24/06/2024","08/07/2024","Arthropoda_6656",506,0.837748344370861
"p","Boucherville","PUF_BOU_03","24/06/2024","08/07/2024","Chordata_7711",57,0.0943708609271523
"p","Boucherville","PUF_BOU_03","24/06/2024","08/07/2024","Cnidaria_6073",41,0.0678807947019868
"p","Boucherville","PUF_BOU_04","08/07/2024","22/07/2024","Arthropoda_6656",519,1
"p","Boucherville","PUF_BOU_05","22/07/2024","05/08/2024","Arthropoda_6656",2101,0.97223507635354
"p","Boucherville","PUF_BOU_05","22/07/2024","05/08/2024","Cnidaria_6073",60,0.02776492364646
"p","Boucherville","PUF_BOU_06","05/08/2024","19/08/2024","Arthropoda_6656",736,0.946015424164524
"p","Boucherville","PUF_BOU_06","05/08/2024","19/08/2024","Cnidaria_6073",21,0.0269922879177378
"p","Boucherville","PUF_BOU_06","05/08/2024","19/08/2024","Mollusca_6447",21,0.0269922879177378
"p","Boucherville","PUF_BOU_07","19/08/2024","02/09/2024","Arthropoda_6656",218,0.672839506172839
"p","Boucherville","PUF_BOU_07","19/08/2024","02/09/2024","Chordata_7711",60,0.185185185185185
"p","Boucherville","PUF_BOU_07","19/08/2024","02/09/2024","Mollusca_6447",24,0.0740740740740741
"p","Boucherville","PUF_BOU_07","19/08/2024","02/09/2024","Cnidaria_6073",22,0.0679012345679012
"p","Boucherville","PUF_BOU_08","02/09/2024","16/09/2024","Arthropoda_6656",1904,0.983471074380165
"p","Boucherville","PUF_BOU_08","02/09/2024","16/09/2024","Chordata_7711",32,0.0165289256198347
"p","Boucherville","PUF_BOU_09","16/09/2024","30/09/2024","Arthropoda_6656",1618,0.961378490790256
"p","Boucherville","PUF_BOU_09","16/09/2024","30/09/2024","Chordata_7711",65,0.0386215092097445
"p","IPEX","PUF_IPEX_01","15/05/2024","29/05/2024","Arthropoda_6656",84,0.75
"p","IPEX","PUF_IPEX_01","15/05/2024","29/05/2024","Chordata_7711",28,0.25
"p","IPEX","PUF_IPEX_02","29/05/2024","12/06/2024","Arthropoda_6656",1515,0.957648546144121
"p","IPEX","PUF_IPEX_02","29/05/2024","12/06/2024","Cnidaria_6073",67,0.0423514538558786
"p","IPEX","PUF_IPEX_03","12/06/2024","26/06/2024","Arthropoda_6656",10734,0.995178935657334
"p","IPEX","PUF_IPEX_03","12/06/2024","26/06/2024","Chordata_7711",52,0.00482106434266642
"p","IPEX","PUF_IPEX_04","26/06/2024","10/07/2024","Arthropoda_6656",1455,0.909943714821764
"p","IPEX","PUF_IPEX_04","26/06/2024","10/07/2024","Cnidaria_6073",96,0.0600375234521576
"p","IPEX","PUF_IPEX_04","26/06/2024","10/07/2024","Chordata_7711",48,0.0300187617260788
"p","IPEX","PUF_IPEX_05","10/07/2024","24/07/2024","Arthropoda_6656",5007,0.957727620504973
"p","IPEX","PUF_IPEX_05","10/07/2024","24/07/2024","Cnidaria_6073",221,0.0422723794950268
"p","IPEX","PUF_IPEX_06","24/07/2024","07/08/2024","Arthropoda_6656",901,0.966738197424893
"p","IPEX","PUF_IPEX_06","24/07/2024","07/08/2024","Cnidaria_6073",31,0.0332618025751073
"p","IPEX","PUF_IPEX_07","07/08/2024","21/08/2024","Arthropoda_6656",1335,0.905698778833107
"p","IPEX","PUF_IPEX_07","07/08/2024","21/08/2024","Cnidaria_6073",139,0.0943012211668928
"p","IPEX","PUF_IPEX_08","21/08/2024","04/09/2024","Arthropoda_6656",1817,0.895515032035485
"p","IPEX","PUF_IPEX_08","21/08/2024","04/09/2024","Cnidaria_6073",142,0.0699852143913258
"p","IPEX","PUF_IPEX_08","21/08/2024","04/09/2024","Chordata_7711",70,0.0344997535731888
"p","IPEX","PUF_IPEX_09","04/09/2024","18/09/2024","Arthropoda_6656",962,1
"p","IPEX","PUF_IPEX_10","18/09/2024","02/10/2024","Arthropoda_6656",3527,0.981630949067631
"p","IPEX","PUF_IPEX_10","18/09/2024","02/10/2024","Cnidaria_6073",66,0.0183690509323685
"p","Jean-Drapeau","PUF_JD_01","22/05/2024","05/06/2024","Arthropoda_6656",8727,1
"p","Jean-Drapeau","PUF_JD_02","05/06/2024","19/06/2024","Arthropoda_6656",13992,1
"p","Jean-Drapeau","PUF_JD_03","19/06/2024","03/07/2024","Arthropoda_6656",680,0.878552971576227
"p","Jean-Drapeau","PUF_JD_03","19/06/2024","03/07/2024","Chordata_7711",94,0.121447028423773
"p","Jean-Drapeau","PUF_JD_04","03/07/2024","17/07/2024","Arthropoda_6656",1369,0.863177805800757
"p","Jean-Drapeau","PUF_JD_04","03/07/2024","17/07/2024","Chordata_7711",217,0.136822194199243
"p","Jean-Drapeau","PUF_JD_05","17/07/2024","31/07/2024","Arthropoda_6656",3891,0.976166583040642
"p","Jean-Drapeau","PUF_JD_05","17/07/2024","31/07/2024","Cnidaria_6073",50,0.0125439036628199
"p","Jean-Drapeau","PUF_JD_05","17/07/2024","31/07/2024","Chordata_7711",45,0.0112895132965379
"p","Jean-Drapeau","PUF_JD_06","31/07/2024","14/08/2024","Arthropoda_6656",3751,1
"p","Jean-Drapeau","PUF_JD_07","14/08/2024","28/08/2024","Arthropoda_6656",4010,0.956583969465649
"p","Jean-Drapeau","PUF_JD_07","14/08/2024","28/08/2024","Cnidaria_6073",182,0.0434160305343511
"p","Jean-Drapeau","PUF_JD_08","28/08/2024","11/09/2024","Arthropoda_6656",8676,1
"p","Jean-Drapeau","PUF_JD_09","11/09/2024","25/09/2024","Arthropoda_6656",1075,0.944639718804921
"p","Jean-Drapeau","PUF_JD_09","11/09/2024","25/09/2024","Cnidaria_6073",63,0.0553602811950791
"p","Jean-Drapeau","PUF_JD_10","25/09/2024","09/10/2024","Arthropoda_6656",8157,1
"p",NA,NA,NA,NA,"Arthropoda_6656",29895,1
"c","Bird Observatory","PUF_MBO_01","20/05/2024","03/06/2024","Arachnida_6854",1304,0.621544327931363
"c","Bird Observatory","PUF_MBO_01","20/05/2024","03/06/2024","Insecta_50557",662,0.315538608198284
"c","Bird Observatory","PUF_MBO_01","20/05/2024","03/06/2024",NA,87,0.0414680648236416
"c","Bird Observatory","PUF_MBO_01","20/05/2024","03/06/2024","Mammalia_40674",45,0.0214489990467112
"c","Bird Observatory","PUF_MBO_02","03/06/2024","17/06/2024","Insecta_50557",8056,0.527501309586171
"c","Bird Observatory","PUF_MBO_02","03/06/2024","17/06/2024","Arachnida_6854",7216,0.472498690413829
"c","Bird Observatory","PUF_MBO_03","17/06/2024","01/07/2024","Insecta_50557",305,0.621181262729124
"c","Bird Observatory","PUF_MBO_03","17/06/2024","01/07/2024","Arachnida_6854",186,0.378818737270876
"c","Bird Observatory","PUF_MBO_04","01/07/2024","15/07/2024","Insecta_50557",514,0.482176360225141
"c","Bird Observatory","PUF_MBO_04","01/07/2024","15/07/2024","Mammalia_40674",308,0.288930581613508
"c","Bird Observatory","PUF_MBO_04","01/07/2024","15/07/2024","Arachnida_6854",244,0.228893058161351
"c","Bird Observatory","PUF_MBO_05","15/07/2024","29/07/2024","Insecta_50557",8975,0.986588985379796
"c","Bird Observatory","PUF_MBO_05","15/07/2024","29/07/2024","Arachnida_6854",67,0.00736506540617786
"c","Bird Observatory","PUF_MBO_05","15/07/2024","29/07/2024","Gastropoda_6448",55,0.0060459492140266
"c","Bird Observatory","PUF_MBO_06","29/07/2024","12/08/2024","Insecta_50557",617,0.878917378917379
"c","Bird Observatory","PUF_MBO_06","29/07/2024","12/08/2024","Arachnida_6854",85,0.121082621082621
"c","Bird Observatory","PUF_MBO_07","12/08/2024","26/08/2024","Insecta_50557",1178,0.843235504652827
"c","Bird Observatory","PUF_MBO_07","12/08/2024","26/08/2024","Arachnida_6854",139,0.0994989262705798
"c","Bird Observatory","PUF_MBO_07","12/08/2024","26/08/2024",NA,80,0.0572655690765927
"c","Bird Observatory","PUF_MBO_08","26/08/2024","09/09/2024","Insecta_50557",1252,0.870048644892286
"c","Bird Observatory","PUF_MBO_08","26/08/2024","09/09/2024","Arachnida_6854",147,0.102154273801251
"c","Bird Observatory","PUF_MBO_08","26/08/2024","09/09/2024",NA,40,0.0277970813064628
"c","Bird Observatory","PUF_MBO_09","09/09/2024","23/09/2024","Insecta_50557",1962,0.778262594208647
"c","Bird Observatory","PUF_MBO_09","09/09/2024","23/09/2024","Arachnida_6854",364,0.14438714795716
"c","Bird Observatory","PUF_MBO_09","09/09/2024","23/09/2024","Gastropoda_6448",94,0.0372867909559699
"c","Bird Observatory","PUF_MBO_09","09/09/2024","23/09/2024",NA,54,0.021420071400238
"c","Bird Observatory","PUF_MBO_09","09/09/2024","23/09/2024","Mammalia_40674",47,0.0186433954779849
"c","Bird Observatory","PUF_MBO_10","23/09/2024","07/10/2024","Insecta_50557",870,0.697674418604651
"c","Bird Observatory","PUF_MBO_10","23/09/2024","07/10/2024","Arachnida_6854",278,0.222935044105854
"c","Bird Observatory","PUF_MBO_10","23/09/2024","07/10/2024",NA,99,0.0793905372894948
"c","Botanical Garden","PUF_BOT_01","17/05/2024","31/05/2024","Arachnida_6854",361,0.486522911051213
"c","Botanical Garden","PUF_BOT_01","17/05/2024","31/05/2024","Insecta_50557",277,0.373315363881402
"c","Botanical Garden","PUF_BOT_01","17/05/2024","31/05/2024",NA,73,0.0983827493261455
"c","Botanical Garden","PUF_BOT_01","17/05/2024","31/05/2024","Mammalia_40674",31,0.0417789757412399
"c","Botanical Garden","PUF_BOT_02","31/05/2024","14/06/2024","Arachnida_6854",1903,0.831367409349061
"c","Botanical Garden","PUF_BOT_02","31/05/2024","14/06/2024","Insecta_50557",287,0.125382262996942
"c","Botanical Garden","PUF_BOT_02","31/05/2024","14/06/2024","Mammalia_40674",37,0.0161642638706859
"c","Botanical Garden","PUF_BOT_02","31/05/2024","14/06/2024","Collembola_30001",32,0.0139799038881608
"c","Botanical Garden","PUF_BOT_02","31/05/2024","14/06/2024",NA,30,0.0131061598951507
"c","Botanical Garden","PUF_BOT_03","24/06/2024","28/06/2024","Mammalia_40674",88,1
"c","Botanical Garden","PUF_BOT_04","28/06/2024","12/07/2024","Insecta_50557",715,0.865617433414044
"c","Botanical Garden","PUF_BOT_04","28/06/2024","12/07/2024","Arachnida_6854",75,0.0907990314769976
"c","Botanical Garden","PUF_BOT_04","28/06/2024","12/07/2024",NA,36,0.0435835351089588
"c","Botanical Garden","PUF_BOT_05","12/07/2024","26/07/2024","Insecta_50557",1028,0.717877094972067
"c","Botanical Garden","PUF_BOT_05","12/07/2024","26/07/2024","Arachnida_6854",279,0.194832402234637
"c","Botanical Garden","PUF_BOT_05","12/07/2024","26/07/2024","Mammalia_40674",61,0.0425977653631285
"c","Botanical Garden","PUF_BOT_05","12/07/2024","26/07/2024","Gastropoda_6448",37,0.0258379888268156
"c","Botanical Garden","PUF_BOT_05","12/07/2024","26/07/2024",NA,27,0.018854748603352
"c","Botanical Garden","PUF_BOT_06","26/07/2024","09/08/2024","Insecta_50557",18731,0.963727104342457
"c","Botanical Garden","PUF_BOT_06","26/07/2024","09/08/2024","Mammalia_40674",705,0.0362728956575427
"c","Botanical Garden","PUF_BOT_07","09/08/2024","23/08/2024","Insecta_50557",2073,0.919290465631929
"c","Botanical Garden","PUF_BOT_07","09/08/2024","23/08/2024","Arachnida_6854",182,0.0807095343680709
"c","Botanical Garden","PUF_BOT_08","23/08/2024","06/09/2024","Insecta_50557",636,0.613899613899614
"c","Botanical Garden","PUF_BOT_08","23/08/2024","06/09/2024","Arachnida_6854",345,0.333011583011583
"c","Botanical Garden","PUF_BOT_08","23/08/2024","06/09/2024",NA,55,0.0530888030888031
"c","Botanical Garden","PUF_BOT_09","06/09/2024","20/09/2024","Insecta_50557",1262,0.958238420652999
"c","Botanical Garden","PUF_BOT_09","06/09/2024","20/09/2024","Arachnida_6854",55,0.0417615793470008
"c","Botanical Garden","PUF_BOT_10","20/09/2024","04/10/2024","Insecta_50557",2834,0.74422268907563
"c","Botanical Garden","PUF_BOT_10","20/09/2024","04/10/2024","Arachnida_6854",647,0.169905462184874
"c","Botanical Garden","PUF_BOT_10","20/09/2024","04/10/2024","Mammalia_40674",327,0.0858718487394958
"c","Boucherville","PUF_BOU_01","27/05/2024","10/06/2024","Arachnida_6854",211,0.87551867219917
"c","Boucherville","PUF_BOU_01","27/05/2024","10/06/2024","Insecta_50557",28,0.116182572614108
"c","Boucherville","PUF_BOU_01","27/05/2024","10/06/2024","Mammalia_40674",2,0.00829875518672199
"c","Boucherville","PUF_BOU_02","10/06/2024","24/06/2024","Collembola_30001",401,0.396245059288538
"c","Boucherville","PUF_BOU_02","10/06/2024","24/06/2024","Insecta_50557",332,0.328063241106719
"c","Boucherville","PUF_BOU_02","10/06/2024","24/06/2024","Arachnida_6854",210,0.207509881422925
"c","Boucherville","PUF_BOU_02","10/06/2024","24/06/2024",NA,35,0.0345849802371542
"c","Boucherville","PUF_BOU_02","10/06/2024","24/06/2024","Mammalia_40674",34,0.033596837944664
"c","Boucherville","PUF_BOU_03","24/06/2024","08/07/2024","Collembola_30001",275,0.455298013245033
"c","Boucherville","PUF_BOU_03","24/06/2024","08/07/2024","Insecta_50557",179,0.29635761589404
"c","Boucherville","PUF_BOU_03","24/06/2024","08/07/2024","Mammalia_40674",57,0.0943708609271523
"c","Boucherville","PUF_BOU_03","24/06/2024","08/07/2024","Arachnida_6854",52,0.0860927152317881
"c","Boucherville","PUF_BOU_03","24/06/2024","08/07/2024",NA,41,0.0678807947019868
"c","Boucherville","PUF_BOU_04","08/07/2024","22/07/2024","Insecta_50557",442,0.851637764932563
"c","Boucherville","PUF_BOU_04","08/07/2024","22/07/2024","Arachnida_6854",77,0.148362235067437
"c","Boucherville","PUF_BOU_05","22/07/2024","05/08/2024","Insecta_50557",2036,0.942156409069875
"c","Boucherville","PUF_BOU_05","22/07/2024","05/08/2024","Arachnida_6854",65,0.030078667283665
"c","Boucherville","PUF_BOU_05","22/07/2024","05/08/2024",NA,60,0.02776492364646
"c","Boucherville","PUF_BOU_06","05/08/2024","19/08/2024","Insecta_50557",629,0.808483290488432
"c","Boucherville","PUF_BOU_06","05/08/2024","19/08/2024","Arachnida_6854",77,0.0989717223650386
"c","Boucherville","PUF_BOU_06","05/08/2024","19/08/2024","Branchiopoda_6658",30,0.038560411311054
"c","Boucherville","PUF_BOU_06","05/08/2024","19/08/2024","Gastropoda_6448",21,0.0269922879177378
"c","Boucherville","PUF_BOU_06","05/08/2024","19/08/2024",NA,21,0.0269922879177378
"c","Boucherville","PUF_BOU_07","19/08/2024","02/09/2024","Insecta_50557",100,0.308641975308642
"c","Boucherville","PUF_BOU_07","19/08/2024","02/09/2024","Arachnida_6854",65,0.200617283950617
"c","Boucherville","PUF_BOU_07","19/08/2024","02/09/2024","Mammalia_40674",60,0.185185185185185
"c","Boucherville","PUF_BOU_07","19/08/2024","02/09/2024","Collembola_30001",53,0.16358024691358
"c","Boucherville","PUF_BOU_07","19/08/2024","02/09/2024","Gastropoda_6448",24,0.0740740740740741
"c","Boucherville","PUF_BOU_07","19/08/2024","02/09/2024",NA,22,0.0679012345679012
"c","Boucherville","PUF_BOU_08","02/09/2024","16/09/2024","Insecta_50557",1733,0.895144628099174
"c","Boucherville","PUF_BOU_08","02/09/2024","16/09/2024","Arachnida_6854",171,0.0883264462809917
"c","Boucherville","PUF_BOU_08","02/09/2024","16/09/2024","Mammalia_40674",32,0.0165289256198347
"c","Boucherville","PUF_BOU_09","16/09/2024","30/09/2024","Insecta_50557",1259,0.748068924539513
"c","Boucherville","PUF_BOU_09","16/09/2024","30/09/2024","Arachnida_6854",359,0.213309566250743
"c","Boucherville","PUF_BOU_09","16/09/2024","30/09/2024","Mammalia_40674",65,0.0386215092097445
"c","IPEX","PUF_IPEX_01","15/05/2024","29/05/2024","Insecta_50557",49,0.4375
"c","IPEX","PUF_IPEX_01","15/05/2024","29/05/2024","Arachnida_6854",35,0.3125
"c","IPEX","PUF_IPEX_01","15/05/2024","29/05/2024","Mammalia_40674",28,0.25
"c","IPEX","PUF_IPEX_02","29/05/2024","12/06/2024","Arachnida_6854",1123,0.709860935524652
"c","IPEX","PUF_IPEX_02","29/05/2024","12/06/2024","Insecta_50557",320,0.202275600505689
"c","IPEX","PUF_IPEX_02","29/05/2024","12/06/2024",NA,139,0.0878634639696587
"c","IPEX","PUF_IPEX_03","12/06/2024","26/06/2024","Arachnida_6854",10180,0.943816057852772
"c","IPEX","PUF_IPEX_03","12/06/2024","26/06/2024","Insecta_50557",351,0.0325421843129983
"c","IPEX","PUF_IPEX_03","12/06/2024","26/06/2024",NA,130,0.012052660856666
"c","IPEX","PUF_IPEX_03","12/06/2024","26/06/2024","Collembola_30001",73,0.00676803263489709
"c","IPEX","PUF_IPEX_03","12/06/2024","26/06/2024","Mammalia_40674",52,0.00482106434266642
"c","IPEX","PUF_IPEX_04","26/06/2024","10/07/2024","Insecta_50557",1117,0.698561601000625
"c","IPEX","PUF_IPEX_04","26/06/2024","10/07/2024","Arachnida_6854",293,0.183239524702939
"c","IPEX","PUF_IPEX_04","26/06/2024","10/07/2024",NA,141,0.0881801125703565
"c","IPEX","PUF_IPEX_04","26/06/2024","10/07/2024","Mammalia_40674",48,0.0300187617260788
"c","IPEX","PUF_IPEX_05","10/07/2024","24/07/2024","Insecta_50557",3831,0.732785003825555
"c","IPEX","PUF_IPEX_05","10/07/2024","24/07/2024","Arachnida_6854",1055,0.201798010711553
"c","IPEX","PUF_IPEX_05","10/07/2024","24/07/2024",NA,221,0.0422723794950268
"c","IPEX","PUF_IPEX_05","10/07/2024","24/07/2024","Collembola_30001",121,0.0231446059678653
"c","IPEX","PUF_IPEX_06","24/07/2024","07/08/2024","Insecta_50557",812,0.871244635193133
"c","IPEX","PUF_IPEX_06","24/07/2024","07/08/2024","Arachnida_6854",89,0.0954935622317597
"c","IPEX","PUF_IPEX_06","24/07/2024","07/08/2024",NA,31,0.0332618025751073
"c","IPEX","PUF_IPEX_07","07/08/2024","21/08/2024","Insecta_50557",1186,0.804613297150611
"c","IPEX","PUF_IPEX_07","07/08/2024","21/08/2024",NA,188,0.127544097693351
"c","IPEX","PUF_IPEX_07","07/08/2024","21/08/2024","Arachnida_6854",100,0.067842605156038
"c","IPEX","PUF_IPEX_08","21/08/2024","04/09/2024","Insecta_50557",1466,0.722523410547067
"c","IPEX","PUF_IPEX_08","21/08/2024","04/09/2024","Arachnida_6854",351,0.172991621488418
"c","IPEX","PUF_IPEX_08","21/08/2024","04/09/2024",NA,142,0.0699852143913258
"c","IPEX","PUF_IPEX_08","21/08/2024","04/09/2024","Mammalia_40674",70,0.0344997535731888
"c","IPEX","PUF_IPEX_09","04/09/2024","18/09/2024","Insecta_50557",962,1
"c","IPEX","PUF_IPEX_10","18/09/2024","02/10/2024","Insecta_50557",3469,0.965488449763429
"c","IPEX","PUF_IPEX_10","18/09/2024","02/10/2024",NA,124,0.0345115502365711
"c","Jean-Drapeau","PUF_JD_01","22/05/2024","05/06/2024","Insecta_50557",6256,0.716855735075054
"c","Jean-Drapeau","PUF_JD_01","22/05/2024","05/06/2024","Arachnida_6854",2471,0.283144264924946
"c","Jean-Drapeau","PUF_JD_02","05/06/2024","19/06/2024","Insecta_50557",13761,0.983490566037736
"c","Jean-Drapeau","PUF_JD_02","05/06/2024","19/06/2024","Arachnida_6854",231,0.0165094339622642
"c","Jean-Drapeau","PUF_JD_03","19/06/2024","03/07/2024","Insecta_50557",625,0.80749354005168
"c","Jean-Drapeau","PUF_JD_03","19/06/2024","03/07/2024","Mammalia_40674",94,0.121447028423773
"c","Jean-Drapeau","PUF_JD_03","19/06/2024","03/07/2024","Arachnida_6854",55,0.0710594315245478
"c","Jean-Drapeau","PUF_JD_04","03/07/2024","17/07/2024","Insecta_50557",1145,0.721941992433796
"c","Jean-Drapeau","PUF_JD_04","03/07/2024","17/07/2024","Arachnida_6854",224,0.141235813366961
"c","Jean-Drapeau","PUF_JD_04","03/07/2024","17/07/2024","Mammalia_40674",217,0.136822194199243
"c","Jean-Drapeau","PUF_JD_05","17/07/2024","31/07/2024","Insecta_50557",2037,0.511038635223282
"c","Jean-Drapeau","PUF_JD_05","17/07/2024","31/07/2024","Arachnida_6854",1854,0.465127947817361
"c","Jean-Drapeau","PUF_JD_05","17/07/2024","31/07/2024",NA,50,0.0125439036628199
"c","Jean-Drapeau","PUF_JD_05","17/07/2024","31/07/2024","Mammalia_40674",45,0.0112895132965379
"c","Jean-Drapeau","PUF_JD_06","31/07/2024","14/08/2024","Insecta_50557",3632,0.968275126632898
"c","Jean-Drapeau","PUF_JD_06","31/07/2024","14/08/2024","Arachnida_6854",119,0.0317248733671021
"c","Jean-Drapeau","PUF_JD_07","14/08/2024","28/08/2024","Insecta_50557",3862,0.921278625954199
"c","Jean-Drapeau","PUF_JD_07","14/08/2024","28/08/2024",NA,182,0.0434160305343511
"c","Jean-Drapeau","PUF_JD_07","14/08/2024","28/08/2024","Arachnida_6854",148,0.0353053435114504
"c","Jean-Drapeau","PUF_JD_08","28/08/2024","11/09/2024","Arachnida_6854",8581,0.989050253573075
"c","Jean-Drapeau","PUF_JD_08","28/08/2024","11/09/2024","Insecta_50557",95,0.0109497464269248
"c","Jean-Drapeau","PUF_JD_09","11/09/2024","25/09/2024","Insecta_50557",1055,0.927065026362039
"c","Jean-Drapeau","PUF_JD_09","11/09/2024","25/09/2024",NA,63,0.0553602811950791
"c","Jean-Drapeau","PUF_JD_09","11/09/2024","25/09/2024","Arachnida_6854",20,0.0175746924428823
"c","Jean-Drapeau","PUF_JD_10","25/09/2024","09/10/2024","Insecta_50557",7942,0.973642270442565
"c","Jean-Drapeau","PUF_JD_10","25/09/2024","09/10/2024","Arachnida_6854",215,0.0263577295574353
"c",NA,NA,NA,NA,"Insecta_50557",29518,0.987389195517645
"c",NA,NA,NA,NA,"Collembola_30001",340,0.0113731393209567
"c",NA,NA,NA,NA,"Arachnida_6854",37,0.00123766516139823
"o","Bird Observatory","PUF_MBO_01","20/05/2024","03/06/2024","Trombidiformes_83136",1000,0.476644423260248
"o","Bird Observatory","PUF_MBO_01","20/05/2024","03/06/2024","Diptera_7147",390,0.185891325071497
"o","Bird Observatory","PUF_MBO_01","20/05/2024","03/06/2024",NA,360,0.171591992373689
"o","Bird Observatory","PUF_MBO_01","20/05/2024","03/06/2024","Hemiptera_7524",205,0.0977121067683508
"o","Bird Observatory","PUF_MBO_01","20/05/2024","03/06/2024","Coleoptera_7041",67,0.0319351763584366
"o","Bird Observatory","PUF_MBO_01","20/05/2024","03/06/2024","Artiodactyla_91561",45,0.0214489990467112
"o","Bird Observatory","PUF_MBO_01","20/05/2024","03/06/2024","Sarcoptiformes_83137",31,0.0147759771210677
"o","Bird Observatory","PUF_MBO_02","03/06/2024","17/06/2024","Lepidoptera_7088",8006,0.524227344159246
"o","Bird Observatory","PUF_MBO_02","03/06/2024","17/06/2024","Trombidiformes_83136",7029,0.460254059717129
"o","Bird Observatory","PUF_MBO_02","03/06/2024","17/06/2024",NA,187,0.0122446306966998
"o","Bird Observatory","PUF_MBO_02","03/06/2024","17/06/2024","Hemiptera_7524",50,0.00327396542692509
"o","Bird Observatory","PUF_MBO_03","17/06/2024","01/07/2024","Hemiptera_7524",305,0.621181262729124
"o","Bird Observatory","PUF_MBO_03","17/06/2024","01/07/2024","Araneae_6893",139,0.283095723014257
"o","Bird Observatory","PUF_MBO_03","17/06/2024","01/07/2024","Mesostigmata_34634",47,0.0957230142566191
"o","Bird Observatory","PUF_MBO_04","01/07/2024","15/07/2024","Hemiptera_7524",514,0.482176360225141
"o","Bird Observatory","PUF_MBO_04","01/07/2024","15/07/2024","Artiodactyla_91561",308,0.288930581613508
"o","Bird Observatory","PUF_MBO_04","01/07/2024","15/07/2024",NA,244,0.228893058161351
"o","Bird Observatory","PUF_MBO_05","15/07/2024","29/07/2024","Lepidoptera_7088",8556,0.940529845003847
"o","Bird Observatory","PUF_MBO_05","15/07/2024","29/07/2024","Hemiptera_7524",419,0.0460591403759481
"o","Bird Observatory","PUF_MBO_05","15/07/2024","29/07/2024",NA,67,0.00736506540617786
"o","Bird Observatory","PUF_MBO_05","15/07/2024","29/07/2024","Stylommatophora_6527",55,0.0060459492140266
"o","Bird Observatory","PUF_MBO_06","29/07/2024","12/08/2024","Hemiptera_7524",588,0.837606837606838
"o","Bird Observatory","PUF_MBO_06","29/07/2024","12/08/2024",NA,85,0.121082621082621
"o","Bird Observatory","PUF_MBO_06","29/07/2024","12/08/2024","Hymenoptera_7399",29,0.0413105413105413
"o","Bird Observatory","PUF_MBO_07","12/08/2024","26/08/2024","Hemiptera_7524",1123,0.80386542591267
"o","Bird Observatory","PUF_MBO_07","12/08/2024","26/08/2024",NA,219,0.156764495347173
"o","Bird Observatory","PUF_MBO_07","12/08/2024","26/08/2024","Lepidoptera_7088",55,0.0393700787401575
"o","Bird Observatory","PUF_MBO_08","26/08/2024","09/09/2024","Hemiptera_7524",1252,0.870048644892286
"o","Bird Observatory","PUF_MBO_08","26/08/2024","09/09/2024",NA,187,0.129951355107714
"o","Bird Observatory","PUF_MBO_09","09/09/2024","23/09/2024","Hemiptera_7524",1962,0.778262594208647
"o","Bird Observatory","PUF_MBO_09","09/09/2024","23/09/2024",NA,512,0.203094010313368
"o","Bird Observatory","PUF_MBO_09","09/09/2024","23/09/2024","Artiodactyla_91561",47,0.0186433954779849
"o","Bird Observatory","PUF_MBO_10","23/09/2024","07/10/2024","Hemiptera_7524",870,0.697674418604651
"o","Bird Observatory","PUF_MBO_10","23/09/2024","07/10/2024",NA,377,0.302325581395349
"o","Botanical Garden","PUF_BOT_01","17/05/2024","31/05/2024",NA,359,0.483827493261456
"o","Botanical Garden","PUF_BOT_01","17/05/2024","31/05/2024","Lepidoptera_7088",92,0.123989218328841
"o","Botanical Garden","PUF_BOT_01","17/05/2024","31/05/2024","Hemiptera_7524",85,0.11455525606469
"o","Botanical Garden","PUF_BOT_01","17/05/2024","31/05/2024","Trombidiformes_83136",75,0.101078167115903
"o","Botanical Garden","PUF_BOT_01","17/05/2024","31/05/2024","Hymenoptera_7399",45,0.0606469002695418
"o","Botanical Garden","PUF_BOT_01","17/05/2024","31/05/2024","Primates_9443",31,0.0417789757412399
"o","Botanical Garden","PUF_BOT_01","17/05/2024","31/05/2024","Diptera_7147",30,0.0404312668463612
"o","Botanical Garden","PUF_BOT_01","17/05/2024","31/05/2024","Trichoptera_30263",25,0.0336927223719677
"o","Botanical Garden","PUF_BOT_02","31/05/2024","14/06/2024",NA,1822,0.795980777632154
"o","Botanical Garden","PUF_BOT_02","31/05/2024","14/06/2024","Lepidoptera_7088",127,0.0554827435561381
"o","Botanical Garden","PUF_BOT_02","31/05/2024","14/06/2024","Hemiptera_7524",121,0.0528615115771079
"o","Botanical Garden","PUF_BOT_02","31/05/2024","14/06/2024","Trombidiformes_83136",90,0.0393184796854522
"o","Botanical Garden","PUF_BOT_02","31/05/2024","14/06/2024","Hymenoptera_7399",39,0.0170380078636959
"o","Botanical Garden","PUF_BOT_02","31/05/2024","14/06/2024","Symphypleona_79705",32,0.0139799038881608
"o","Botanical Garden","PUF_BOT_02","31/05/2024","14/06/2024","Araneae_6893",21,0.00917431192660551
"o","Botanical Garden","PUF_BOT_02","31/05/2024","14/06/2024","Rodentia_9989",20,0.00873743993010048
"o","Botanical Garden","PUF_BOT_02","31/05/2024","14/06/2024","Primates_9443",17,0.00742682394058541
"o","Botanical Garden","PUF_BOT_03","24/06/2024","28/06/2024","Artiodactyla_91561",88,1
"o","Botanical Garden","PUF_BOT_04","28/06/2024","12/07/2024","Hemiptera_7524",544,0.658595641646489
"o","Botanical Garden","PUF_BOT_04","28/06/2024","12/07/2024","Diptera_7147",138,0.167070217917676
"o","Botanical Garden","PUF_BOT_04","28/06/2024","12/07/2024",NA,111,0.134382566585956
"o","Botanical Garden","PUF_BOT_04","28/06/2024","12/07/2024","Lepidoptera_7088",33,0.0399515738498789
"o","Botanical Garden","PUF_BOT_05","12/07/2024","26/07/2024","Hemiptera_7524",595,0.415502793296089
"o","Botanical Garden","PUF_BOT_05","12/07/2024","26/07/2024","Diptera_7147",381,0.266061452513966
"o","Botanical Garden","PUF_BOT_05","12/07/2024","26/07/2024",NA,294,0.205307262569832
"o","Botanical Garden","PUF_BOT_05","12/07/2024","26/07/2024","Artiodactyla_91561",61,0.0425977653631285
"o","Botanical Garden","PUF_BOT_05","12/07/2024","26/07/2024","Lepidoptera_7088",52,0.0363128491620112
"o","Botanical Garden","PUF_BOT_05","12/07/2024","26/07/2024","Trombidiformes_83136",49,0.0342178770949721
"o","Botanical Garden","PUF_BOT_06","26/07/2024","09/08/2024","Lepidoptera_7088",17783,0.914951636139123
"o","Botanical Garden","PUF_BOT_06","26/07/2024","09/08/2024","Hemiptera_7524",888,0.0456884132537559
"o","Botanical Garden","PUF_BOT_06","26/07/2024","09/08/2024","Primates_9443",705,0.0362728956575427
"o","Botanical Garden","PUF_BOT_06","26/07/2024","09/08/2024","Coleoptera_7041",60,0.0030870549495781
"o","Botanical Garden","PUF_BOT_07","09/08/2024","23/08/2024","Hemiptera_7524",2030,0.900221729490022
"o","Botanical Garden","PUF_BOT_07","09/08/2024","23/08/2024","Trombidiformes_83136",96,0.0425720620842572
"o","Botanical Garden","PUF_BOT_07","09/08/2024","23/08/2024",NA,86,0.0381374722838137
"o","Botanical Garden","PUF_BOT_07","09/08/2024","23/08/2024","Lepidoptera_7088",43,0.0190687361419069
"o","Botanical Garden","PUF_BOT_08","23/08/2024","06/09/2024","Hemiptera_7524",571,0.551158301158301
"o","Botanical Garden","PUF_BOT_08","23/08/2024","06/09/2024",NA,272,0.262548262548263
"o","Botanical Garden","PUF_BOT_08","23/08/2024","06/09/2024","Trombidiformes_83136",128,0.123552123552124
"o","Botanical Garden","PUF_BOT_08","23/08/2024","06/09/2024","Hymenoptera_7399",41,0.0395752895752896
"o","Botanical Garden","PUF_BOT_08","23/08/2024","06/09/2024","Diptera_7147",24,0.0231660231660232
"o","Botanical Garden","PUF_BOT_09","06/09/2024","20/09/2024","Hemiptera_7524",1107,0.840546697038724
"o","Botanical Garden","PUF_BOT_09","06/09/2024","20/09/2024","Lepidoptera_7088",155,0.117691723614275
"o","Botanical Garden","PUF_BOT_09","06/09/2024","20/09/2024",NA,55,0.0417615793470008
"o","Botanical Garden","PUF_BOT_10","20/09/2024","04/10/2024","Hemiptera_7524",2761,0.725052521008403
"o","Botanical Garden","PUF_BOT_10","20/09/2024","04/10/2024",NA,647,0.169905462184874
"o","Botanical Garden","PUF_BOT_10","20/09/2024","04/10/2024","Artiodactyla_91561",327,0.0858718487394958
"o","Botanical Garden","PUF_BOT_10","20/09/2024","04/10/2024","Lepidoptera_7088",73,0.0191701680672269
"o","Boucherville","PUF_BOU_01","27/05/2024","10/06/2024",NA,211,0.87551867219917
"o","Boucherville","PUF_BOU_01","27/05/2024","10/06/2024","Hemiptera_7524",19,0.0788381742738589
"o","Boucherville","PUF_BOU_01","27/05/2024","10/06/2024","Diptera_7147",9,0.037344398340249
"o","Boucherville","PUF_BOU_01","27/05/2024","10/06/2024","Primates_9443",2,0.00829875518672199
"o","Boucherville","PUF_BOU_02","10/06/2024","24/06/2024","Symphypleona_79705",401,0.396245059288538
"o","Boucherville","PUF_BOU_02","10/06/2024","24/06/2024","Diptera_7147",238,0.235177865612648
"o","Boucherville","PUF_BOU_02","10/06/2024","24/06/2024",NA,169,0.16699604743083
"o","Boucherville","PUF_BOU_02","10/06/2024","24/06/2024","Sarcoptiformes_83137",76,0.075098814229249
"o","Boucherville","PUF_BOU_02","10/06/2024","24/06/2024","Hemiptera_7524",49,0.0484189723320158
"o","Boucherville","PUF_BOU_02","10/06/2024","24/06/2024","Primates_9443",34,0.033596837944664
"o","Boucherville","PUF_BOU_02","10/06/2024","24/06/2024","Coleoptera_7041",24,0.0237154150197628
"o","Boucherville","PUF_BOU_02","10/06/2024","24/06/2024","Lepidoptera_7088",21,0.0207509881422925
"o","Boucherville","PUF_BOU_03","24/06/2024","08/07/2024","Symphypleona_79705",275,0.455298013245033
"o","Boucherville","PUF_BOU_03","24/06/2024","08/07/2024","Hemiptera_7524",164,0.271523178807947
"o","Boucherville","PUF_BOU_03","24/06/2024","08/07/2024",NA,72,0.119205298013245
"o","Boucherville","PUF_BOU_03","24/06/2024","08/07/2024","Artiodactyla_91561",57,0.0943708609271523
"o","Boucherville","PUF_BOU_03","24/06/2024","08/07/2024","Trombidiformes_83136",21,0.0347682119205298
"o","Boucherville","PUF_BOU_03","24/06/2024","08/07/2024","Lepidoptera_7088",15,0.0248344370860927
"o","Boucherville","PUF_BOU_04","08/07/2024","22/07/2024","Hemiptera_7524",329,0.633911368015414
"o","Boucherville","PUF_BOU_04","08/07/2024","22/07/2024",NA,77,0.148362235067437
"o","Boucherville","PUF_BOU_04","08/07/2024","22/07/2024","Diptera_7147",37,0.0712909441233141
"o","Boucherville","PUF_BOU_04","08/07/2024","22/07/2024","Orthoptera_6993",32,0.0616570327552987
"o","Boucherville","PUF_BOU_04","08/07/2024","22/07/2024","Hymenoptera_7399",24,0.046242774566474
"o","Boucherville","PUF_BOU_04","08/07/2024","22/07/2024","Lepidoptera_7088",20,0.0385356454720617
"o","Boucherville","PUF_BOU_05","22/07/2024","05/08/2024","Hemiptera_7524",1965,0.909301249421564
"o","Boucherville","PUF_BOU_05","22/07/2024","05/08/2024",NA,91,0.042110134197131
"o","Boucherville","PUF_BOU_05","22/07/2024","05/08/2024","Diptera_7147",71,0.032855159648311
"o","Boucherville","PUF_BOU_05","22/07/2024","05/08/2024","Mesostigmata_34634",34,0.015733456732994
"o","Boucherville","PUF_BOU_06","05/08/2024","19/08/2024","Hemiptera_7524",563,0.723650385604113
"o","Boucherville","PUF_BOU_06","05/08/2024","19/08/2024",NA,107,0.137532133676093
"o","Boucherville","PUF_BOU_06","05/08/2024","19/08/2024","Lepidoptera_7088",35,0.044987146529563
"o","Boucherville","PUF_BOU_06","05/08/2024","19/08/2024","Anostraca_6659",30,0.038560411311054
"o","Boucherville","PUF_BOU_06","05/08/2024","19/08/2024","Odonata_6961",18,0.0231362467866324
"o","Boucherville","PUF_BOU_06","05/08/2024","19/08/2024","Hymenoptera_7399",13,0.0167095115681234
"o","Boucherville","PUF_BOU_06","05/08/2024","19/08/2024","Trombidiformes_83136",12,0.0154241645244216
"o","Boucherville","PUF_BOU_07","19/08/2024","02/09/2024",NA,111,0.342592592592593
"o","Boucherville","PUF_BOU_07","19/08/2024","02/09/2024","Hemiptera_7524",100,0.308641975308642
"o","Boucherville","PUF_BOU_07","19/08/2024","02/09/2024","Artiodactyla_91561",60,0.185185185185185
"o","Boucherville","PUF_BOU_07","19/08/2024","02/09/2024","Symphypleona_79705",53,0.16358024691358
"o","Boucherville","PUF_BOU_08","02/09/2024","16/09/2024","Hemiptera_7524",1733,0.895144628099174
"o","Boucherville","PUF_BOU_08","02/09/2024","16/09/2024",NA,171,0.0883264462809917
"o","Boucherville","PUF_BOU_08","02/09/2024","16/09/2024","Rodentia_9989",32,0.0165289256198347
"o","Boucherville","PUF_BOU_09","16/09/2024","30/09/2024","Hemiptera_7524",1259,0.748068924539513
"o","Boucherville","PUF_BOU_09","16/09/2024","30/09/2024",NA,260,0.154486036838978
"o","Boucherville","PUF_BOU_09","16/09/2024","30/09/2024","Trombidiformes_83136",99,0.0588235294117647
"o","Boucherville","PUF_BOU_09","16/09/2024","30/09/2024","Primates_9443",65,0.0386215092097445
"o","IPEX","PUF_IPEX_01","15/05/2024","29/05/2024","Hemiptera_7524",48,0.428571428571429
"o","IPEX","PUF_IPEX_01","15/05/2024","29/05/2024",NA,32,0.285714285714286
"o","IPEX","PUF_IPEX_01","15/05/2024","29/05/2024","Artiodactyla_91561",21,0.1875
"o","IPEX","PUF_IPEX_01","15/05/2024","29/05/2024","Primates_9443",7,0.0625
"o","IPEX","PUF_IPEX_01","15/05/2024","29/05/2024","Trombidiformes_83136",3,0.0267857142857143
"o","IPEX","PUF_IPEX_01","15/05/2024","29/05/2024","Lepidoptera_7088",1,0.00892857142857143
"o","IPEX","PUF_IPEX_02","29/05/2024","12/06/2024",NA,1098,0.694058154235145
"o","IPEX","PUF_IPEX_02","29/05/2024","12/06/2024","Trombidiformes_83136",164,0.103666245259166
"o","IPEX","PUF_IPEX_02","29/05/2024","12/06/2024","Hemiptera_7524",159,0.100505689001264
"o","IPEX","PUF_IPEX_02","29/05/2024","12/06/2024","Diptera_7147",102,0.0644753476611884
"o","IPEX","PUF_IPEX_02","29/05/2024","12/06/2024","Hymenoptera_7399",59,0.0372945638432364
"o","IPEX","PUF_IPEX_03","12/06/2024","26/06/2024","Araneae_6893",9846,0.912849990728722
"o","IPEX","PUF_IPEX_03","12/06/2024","26/06/2024",NA,368,0.034118301501947
"o","IPEX","PUF_IPEX_03","12/06/2024","26/06/2024","Hemiptera_7524",301,0.0279065455219729
"o","IPEX","PUF_IPEX_03","12/06/2024","26/06/2024","Trombidiformes_83136",96,0.00890042647876877
"o","IPEX","PUF_IPEX_03","12/06/2024","26/06/2024","Symphypleona_79705",73,0.00676803263489709
"o","IPEX","PUF_IPEX_03","12/06/2024","26/06/2024","Artiodactyla_91561",52,0.00482106434266642
"o","IPEX","PUF_IPEX_03","12/06/2024","26/06/2024","Lepidoptera_7088",50,0.0046356387910254
"o","IPEX","PUF_IPEX_04","26/06/2024","10/07/2024","Hemiptera_7524",993,0.621013133208255
"o","IPEX","PUF_IPEX_04","26/06/2024","10/07/2024","Trombidiformes_83136",230,0.143839899937461
"o","IPEX","PUF_IPEX_04","26/06/2024","10/07/2024",NA,204,0.127579737335835
"o","IPEX","PUF_IPEX_04","26/06/2024","10/07/2024","Lepidoptera_7088",124,0.0775484677923702
"o","IPEX","PUF_IPEX_04","26/06/2024","10/07/2024","Artiodactyla_91561",48,0.0300187617260788
"o","IPEX","PUF_IPEX_05","10/07/2024","24/07/2024","Hemiptera_7524",3831,0.732785003825555
"o","IPEX","PUF_IPEX_05","10/07/2024","24/07/2024","Trombidiformes_83136",996,0.190512624330528
"o","IPEX","PUF_IPEX_05","10/07/2024","24/07/2024",NA,280,0.053557765876052
"o","IPEX","PUF_IPEX_05","10/07/2024","24/07/2024","Symphypleona_79705",121,0.0231446059678653
"o","IPEX","PUF_IPEX_06","24/07/2024","07/08/2024","Hemiptera_7524",812,0.871244635193133
"o","IPEX","PUF_IPEX_06","24/07/2024","07/08/2024",NA,120,0.128755364806867
"o","IPEX","PUF_IPEX_07","07/08/2024","21/08/2024","Hemiptera_7524",1097,0.744233378561737
"o","IPEX","PUF_IPEX_07","07/08/2024","21/08/2024",NA,288,0.195386702849389
"o","IPEX","PUF_IPEX_07","07/08/2024","21/08/2024","Hymenoptera_7399",52,0.0352781546811398
"o","IPEX","PUF_IPEX_07","07/08/2024","21/08/2024","Lepidoptera_7088",37,0.0251017639077341
"o","IPEX","PUF_IPEX_08","21/08/2024","04/09/2024","Hemiptera_7524",1466,0.722523410547067
"o","IPEX","PUF_IPEX_08","21/08/2024","04/09/2024",NA,493,0.242976835879744
"o","IPEX","PUF_IPEX_08","21/08/2024","04/09/2024","Artiodactyla_91561",70,0.0344997535731888
"o","IPEX","PUF_IPEX_09","04/09/2024","18/09/2024","Hemiptera_7524",962,1
"o","IPEX","PUF_IPEX_10","18/09/2024","02/10/2024","Hemiptera_7524",2651,0.737823545783468
"o","IPEX","PUF_IPEX_10","18/09/2024","02/10/2024","Psocoptera_30259",574,0.159755079320902
"o","IPEX","PUF_IPEX_10","18/09/2024","02/10/2024","Lepidoptera_7088",161,0.0448093515168383
"o","IPEX","PUF_IPEX_10","18/09/2024","02/10/2024",NA,124,0.0345115502365711
"o","IPEX","PUF_IPEX_10","18/09/2024","02/10/2024","Diptera_7147",83,0.023100473142221
"o","Jean-Drapeau","PUF_JD_01","22/05/2024","05/06/2024","Lepidoptera_7088",6071,0.69565715595279
"o","Jean-Drapeau","PUF_JD_01","22/05/2024","05/06/2024","Trombidiformes_83136",1467,0.168099003093847
"o","Jean-Drapeau","PUF_JD_01","22/05/2024","05/06/2024",NA,814,0.0932737481379626
"o","Jean-Drapeau","PUF_JD_01","22/05/2024","05/06/2024","Mesostigmata_34634",114,0.0130629082158817
"o","Jean-Drapeau","PUF_JD_01","22/05/2024","05/06/2024","Diptera_7147",105,0.0120316259883121
"o","Jean-Drapeau","PUF_JD_01","22/05/2024","05/06/2024","Araneae_6893",76,0.0087086054772545
"o","Jean-Drapeau","PUF_JD_01","22/05/2024","05/06/2024","Hemiptera_7524",46,0.00527099805202246
"o","Jean-Drapeau","PUF_JD_01","22/05/2024","05/06/2024","Hymenoptera_7399",34,0.00389595508192964
"o","Jean-Drapeau","PUF_JD_02","05/06/2024","19/06/2024","Lepidoptera_7088",13667,0.976772441395083
"o","Jean-Drapeau","PUF_JD_02","05/06/2024","19/06/2024",NA,231,0.0165094339622642
"o","Jean-Drapeau","PUF_JD_02","05/06/2024","19/06/2024","Trichoptera_30263",94,0.00671812464265294
"o","Jean-Drapeau","PUF_JD_03","19/06/2024","03/07/2024","Hemiptera_7524",422,0.545219638242894
"o","Jean-Drapeau","PUF_JD_03","19/06/2024","03/07/2024","Primates_9443",94,0.121447028423773
"o","Jean-Drapeau","PUF_JD_03","19/06/2024","03/07/2024","Diptera_7147",93,0.12015503875969
"o","Jean-Drapeau","PUF_JD_03","19/06/2024","03/07/2024","Lepidoptera_7088",79,0.102067183462532
"o","Jean-Drapeau","PUF_JD_03","19/06/2024","03/07/2024",NA,55,0.0710594315245478
"o","Jean-Drapeau","PUF_JD_03","19/06/2024","03/07/2024","Neuroptera_7516",31,0.0400516795865633
"o","Jean-Drapeau","PUF_JD_04","03/07/2024","17/07/2024","Hemiptera_7524",996,0.627994955863808
"o","Jean-Drapeau","PUF_JD_04","03/07/2024","17/07/2024","Artiodactyla_91561",217,0.136822194199243
"o","Jean-Drapeau","PUF_JD_04","03/07/2024","17/07/2024","Araneae_6893",153,0.096469104665826
"o","Jean-Drapeau","PUF_JD_04","03/07/2024","17/07/2024","Lepidoptera_7088",149,0.0939470365699874
"o","Jean-Drapeau","PUF_JD_04","03/07/2024","17/07/2024",NA,71,0.0447667087011349
"o","Jean-Drapeau","PUF_JD_05","17/07/2024","31/07/2024","Araneae_6893",1700,0.426492724535876
"o","Jean-Drapeau","PUF_JD_05","17/07/2024","31/07/2024","Hemiptera_7524",1445,0.362518815855494
"o","Jean-Drapeau","PUF_JD_05","17/07/2024","31/07/2024","Lepidoptera_7088",297,0.07451078775715
"o","Jean-Drapeau","PUF_JD_05","17/07/2024","31/07/2024","Diptera_7147",243,0.0609633718013046
"o","Jean-Drapeau","PUF_JD_05","17/07/2024","31/07/2024","Trombidiformes_83136",129,0.0323632714500753
"o","Jean-Drapeau","PUF_JD_05","17/07/2024","31/07/2024",NA,75,0.0188158554942298
"o","Jean-Drapeau","PUF_JD_05","17/07/2024","31/07/2024","Artiodactyla_91561",45,0.0112895132965379
"o","Jean-Drapeau","PUF_JD_05","17/07/2024","31/07/2024","Coleoptera_7041",30,0.00752634219769192
"o","Jean-Drapeau","PUF_JD_05","17/07/2024","31/07/2024","Hymenoptera_7399",22,0.00551931761164074
"o","Jean-Drapeau","PUF_JD_06","31/07/2024","14/08/2024","Hemiptera_7524",3494,0.93148493735004
"o","Jean-Drapeau","PUF_JD_06","31/07/2024","14/08/2024","Araneae_6893",119,0.0317248733671021
"o","Jean-Drapeau","PUF_JD_06","31/07/2024","14/08/2024","Diptera_7147",63,0.0167955211943482
"o","Jean-Drapeau","PUF_JD_06","31/07/2024","14/08/2024","Lepidoptera_7088",38,0.0101306318315116
"o","Jean-Drapeau","PUF_JD_06","31/07/2024","14/08/2024","Hymenoptera_7399",37,0.00986403625699813
"o","Jean-Drapeau","PUF_JD_07","14/08/2024","28/08/2024","Hemiptera_7524",2350,0.560591603053435
"o","Jean-Drapeau","PUF_JD_07","14/08/2024","28/08/2024","Coleoptera_7041",867,0.206822519083969
"o","Jean-Drapeau","PUF_JD_07","14/08/2024","28/08/2024","Trichoptera_30263",592,0.141221374045802
"o","Jean-Drapeau","PUF_JD_07","14/08/2024","28/08/2024",NA,182,0.0434160305343511
"o","Jean-Drapeau","PUF_JD_07","14/08/2024","28/08/2024","Trombidiformes_83136",95,0.022662213740458
"o","Jean-Drapeau","PUF_JD_07","14/08/2024","28/08/2024","Araneae_6893",53,0.0126431297709924
"o","Jean-Drapeau","PUF_JD_07","14/08/2024","28/08/2024","Lepidoptera_7088",53,0.0126431297709924
"o","Jean-Drapeau","PUF_JD_08","28/08/2024","11/09/2024","Araneae_6893",8581,0.989050253573075
"o","Jean-Drapeau","PUF_JD_08","28/08/2024","11/09/2024","Hemiptera_7524",95,0.0109497464269248
"o","Jean-Drapeau","PUF_JD_09","11/09/2024","25/09/2024","Hemiptera_7524",735,0.645869947275923
"o","Jean-Drapeau","PUF_JD_09","11/09/2024","25/09/2024","Lepidoptera_7088",227,0.199472759226714
"o","Jean-Drapeau","PUF_JD_09","11/09/2024","25/09/2024","Neuroptera_7516",69,0.0606326889279438
"o","Jean-Drapeau","PUF_JD_09","11/09/2024","25/09/2024",NA,63,0.0553602811950791
"o","Jean-Drapeau","PUF_JD_09","11/09/2024","25/09/2024","Diptera_7147",24,0.0210896309314587
"o","Jean-Drapeau","PUF_JD_09","11/09/2024","25/09/2024","Araneae_6893",20,0.0175746924428823
"o","Jean-Drapeau","PUF_JD_10","25/09/2024","09/10/2024","Hemiptera_7524",7699,0.943851906338115
"o","Jean-Drapeau","PUF_JD_10","25/09/2024","09/10/2024","Diptera_7147",243,0.0297903641044502
"o","Jean-Drapeau","PUF_JD_10","25/09/2024","09/10/2024","Araneae_6893",215,0.0263577295574353
"o",NA,NA,NA,NA,"Lepidoptera_7088",29455,0.985281819702291
"o",NA,NA,NA,NA,"Entomobryomorpha_730330",340,0.0113731393209567
"o",NA,NA,NA,NA,"Mantodea_7504",63,0.00210737581535374
"o",NA,NA,NA,NA,"Sarcoptiformes_83137",37,0.00123766516139823
"f","Bird Observatory","PUF_MBO_01","20/05/2024","03/06/2024","Tydeidae_708320",621,0.295996186844614
"f","Bird Observatory","PUF_MBO_01","20/05/2024","03/06/2024",NA,409,0.194947569113441
"f","Bird Observatory","PUF_MBO_01","20/05/2024","03/06/2024","Eriophyidae_70320",379,0.180648236415634
"f","Bird Observatory","PUF_MBO_01","20/05/2024","03/06/2024","Chironomidae_7149",223,0.106291706387035
"f","Bird Observatory","PUF_MBO_01","20/05/2024","03/06/2024","Pentatomidae_160513",128,0.0610104861773117
"f","Bird Observatory","PUF_MBO_01","20/05/2024","03/06/2024","Cecidomyiidae_33406",95,0.0452812202097235
"f","Bird Observatory","PUF_MBO_01","20/05/2024","03/06/2024","Phoridae_36164",72,0.0343183984747378
"f","Bird Observatory","PUF_MBO_01","20/05/2024","03/06/2024","Chrysomelidae_27439",67,0.0319351763584366
"f","Bird Observatory","PUF_MBO_01","20/05/2024","03/06/2024","Bovidae_9895",45,0.0214489990467112
"f","Bird Observatory","PUF_MBO_01","20/05/2024","03/06/2024","Liebstadiidae_1427579",31,0.0147759771210677
"f","Bird Observatory","PUF_MBO_01","20/05/2024","03/06/2024","Cicadellidae_30102",28,0.0133460438512869
"f","Bird Observatory","PUF_MBO_02","03/06/2024","17/06/2024","Noctuidae_7100",8006,0.524227344159246
"f","Bird Observatory","PUF_MBO_02","03/06/2024","17/06/2024","Trombidiidae_83144",7029,0.460254059717129
"f","Bird Observatory","PUF_MBO_02","03/06/2024","17/06/2024",NA,187,0.0122446306966998
"f","Bird Observatory","PUF_MBO_02","03/06/2024","17/06/2024","Pentatomidae_160513",50,0.00327396542692509
"f","Bird Observatory","PUF_MBO_03","17/06/2024","01/07/2024","Pentatomidae_160513",305,0.621181262729124
"f","Bird Observatory","PUF_MBO_03","17/06/2024","01/07/2024","Philodromidae_243501",139,0.283095723014257
"f","Bird Observatory","PUF_MBO_03","17/06/2024","01/07/2024","Phytoseiidae_34636",47,0.0957230142566191
"f","Bird Observatory","PUF_MBO_04","01/07/2024","15/07/2024","Pentatomidae_160513",514,0.482176360225141
"f","Bird Observatory","PUF_MBO_04","01/07/2024","15/07/2024","Bovidae_9895",308,0.288930581613508
"f","Bird Observatory","PUF_MBO_04","01/07/2024","15/07/2024",NA,244,0.228893058161351
"f","Bird Observatory","PUF_MBO_05","15/07/2024","29/07/2024","Tortricidae_7139",8556,0.940529845003847
"f","Bird Observatory","PUF_MBO_05","15/07/2024","29/07/2024","Pentatomidae_160513",419,0.0460591403759481
"f","Bird Observatory","PUF_MBO_05","15/07/2024","29/07/2024",NA,67,0.00736506540617786
"f","Bird Observatory","PUF_MBO_05","15/07/2024","29/07/2024","Succineidae_73114",55,0.0060459492140266
"f","Bird Observatory","PUF_MBO_06","29/07/2024","12/08/2024","Pentatomidae_160513",588,0.837606837606838
"f","Bird Observatory","PUF_MBO_06","29/07/2024","12/08/2024",NA,114,0.162393162393162
"f","Bird Observatory","PUF_MBO_07","12/08/2024","26/08/2024","Pentatomidae_160513",1123,0.80386542591267
"f","Bird Observatory","PUF_MBO_07","12/08/2024","26/08/2024",NA,219,0.156764495347173
"f","Bird Observatory","PUF_MBO_07","12/08/2024","26/08/2024","Pyralidae_7135",55,0.0393700787401575
"f","Bird Observatory","PUF_MBO_08","26/08/2024","09/09/2024","Pentatomidae_160513",1252,0.870048644892286
"f","Bird Observatory","PUF_MBO_08","26/08/2024","09/09/2024",NA,187,0.129951355107714
"f","Bird Observatory","PUF_MBO_09","09/09/2024","23/09/2024","Pentatomidae_160513",1901,0.754065846886156
"f","Bird Observatory","PUF_MBO_09","09/09/2024","23/09/2024",NA,573,0.227290757635859
"f","Bird Observatory","PUF_MBO_09","09/09/2024","23/09/2024","Bovidae_9895",47,0.0186433954779849
"f","Bird Observatory","PUF_MBO_10","23/09/2024","07/10/2024","Pentatomidae_160513",800,0.641539695268645
"f","Bird Observatory","PUF_MBO_10","23/09/2024","07/10/2024",NA,447,0.358460304731355
"f","Botanical Garden","PUF_BOT_01","17/05/2024","31/05/2024",NA,453,0.610512129380054
"f","Botanical Garden","PUF_BOT_01","17/05/2024","31/05/2024","Pyralidae_7135",92,0.123989218328841
"f","Botanical Garden","PUF_BOT_01","17/05/2024","31/05/2024","Phytoptidae_1221082",75,0.101078167115903
"f","Botanical Garden","PUF_BOT_01","17/05/2024","31/05/2024","Aphididae_27482",36,0.0485175202156334
"f","Botanical Garden","PUF_BOT_01","17/05/2024","31/05/2024","Hominidae_9604",31,0.0417789757412399
"f","Botanical Garden","PUF_BOT_01","17/05/2024","31/05/2024","Chironomidae_7149",30,0.0404312668463612
"f","Botanical Garden","PUF_BOT_01","17/05/2024","31/05/2024","Hydropsychidae_41030",25,0.0336927223719677
"f","Botanical Garden","PUF_BOT_02","31/05/2024","14/06/2024",NA,1861,0.81301878549585
"f","Botanical Garden","PUF_BOT_02","31/05/2024","14/06/2024","Pentatomidae_160513",121,0.0528615115771079
"f","Botanical Garden","PUF_BOT_02","31/05/2024","14/06/2024","Noctuidae_7100",109,0.0476190476190476
"f","Botanical Garden","PUF_BOT_02","31/05/2024","14/06/2024","Tydeidae_708320",53,0.0231542158147663
"f","Botanical Garden","PUF_BOT_02","31/05/2024","14/06/2024","Eriophyidae_70320",37,0.0161642638706859
"f","Botanical Garden","PUF_BOT_02","31/05/2024","14/06/2024","Corinnidae_243491",21,0.00917431192660551
"f","Botanical Garden","PUF_BOT_02","31/05/2024","14/06/2024","Dipodidae_30648",20,0.00873743993010048
"f","Botanical Garden","PUF_BOT_02","31/05/2024","14/06/2024","Bourletiellidae_187607",19,0.00830056793359546
"f","Botanical Garden","PUF_BOT_02","31/05/2024","14/06/2024","Pyralidae_7135",18,0.00786369593709043
"f","Botanical Garden","PUF_BOT_02","31/05/2024","14/06/2024","Hominidae_9604",17,0.00742682394058541
"f","Botanical Garden","PUF_BOT_02","31/05/2024","14/06/2024","Sminthurididae_187696",13,0.00567933595456531
"f","Botanical Garden","PUF_BOT_03","24/06/2024","28/06/2024","Bovidae_9895",88,1
"f","Botanical Garden","PUF_BOT_04","28/06/2024","12/07/2024","Pentatomidae_160513",524,0.634382566585956
"f","Botanical Garden","PUF_BOT_04","28/06/2024","12/07/2024","Asteiidae_286485",138,0.167070217917676
"f","Botanical Garden","PUF_BOT_04","28/06/2024","12/07/2024",NA,131,0.158595641646489
"f","Botanical Garden","PUF_BOT_04","28/06/2024","12/07/2024","Pyralidae_7135",33,0.0399515738498789
"f","Botanical Garden","PUF_BOT_05","12/07/2024","26/07/2024","Pentatomidae_160513",569,0.397346368715084
"f","Botanical Garden","PUF_BOT_05","12/07/2024","26/07/2024","Cecidomyiidae_33406",381,0.266061452513966
"f","Botanical Garden","PUF_BOT_05","12/07/2024","26/07/2024",NA,320,0.223463687150838
"f","Botanical Garden","PUF_BOT_05","12/07/2024","26/07/2024","Bovidae_9895",61,0.0425977653631285
"f","Botanical Garden","PUF_BOT_05","12/07/2024","26/07/2024","Pyralidae_7135",52,0.0363128491620112
"f","Botanical Garden","PUF_BOT_05","12/07/2024","26/07/2024","Eriophyidae_70320",49,0.0342178770949721
"f","Botanical Garden","PUF_BOT_06","26/07/2024","09/08/2024","Pyralidae_7135",17783,0.914951636139123
"f","Botanical Garden","PUF_BOT_06","26/07/2024","09/08/2024","Pentatomidae_160513",800,0.0411607326610414
"f","Botanical Garden","PUF_BOT_06","26/07/2024","09/08/2024","Hominidae_9604",705,0.0362728956575427
"f","Botanical Garden","PUF_BOT_06","26/07/2024","09/08/2024","Miridae_30083",88,0.00452768059271455
"f","Botanical Garden","PUF_BOT_06","26/07/2024","09/08/2024","Carabidae_41073",60,0.0030870549495781
"f","Botanical Garden","PUF_BOT_07","09/08/2024","23/08/2024","Pentatomidae_160513",1959,0.868736141906874
"f","Botanical Garden","PUF_BOT_07","09/08/2024","23/08/2024",NA,157,0.0696230598669623
"f","Botanical Garden","PUF_BOT_07","09/08/2024","23/08/2024","Tarsonemidae_133229",96,0.0425720620842572
"f","Botanical Garden","PUF_BOT_07","09/08/2024","23/08/2024","Pyralidae_7135",43,0.0190687361419069
"f","Botanical Garden","PUF_BOT_08","23/08/2024","06/09/2024","Pentatomidae_160513",571,0.551158301158301
"f","Botanical Garden","PUF_BOT_08","23/08/2024","06/09/2024",NA,304,0.293436293436293
"f","Botanical Garden","PUF_BOT_08","23/08/2024","06/09/2024","Eriophyidae_70320",64,0.0617760617760618
"f","Botanical Garden","PUF_BOT_08","23/08/2024","06/09/2024","Formicidae_36668",41,0.0395752895752896
"f","Botanical Garden","PUF_BOT_08","23/08/2024","06/09/2024","Tydeidae_708320",32,0.0308880308880309
"f","Botanical Garden","PUF_BOT_08","23/08/2024","06/09/2024","Cecidomyiidae_33406",24,0.0231660231660232
"f","Botanical Garden","PUF_BOT_09","06/09/2024","20/09/2024","Pentatomidae_160513",1107,0.840546697038724
"f","Botanical Garden","PUF_BOT_09","06/09/2024","20/09/2024","Pyralidae_7135",155,0.117691723614275
"f","Botanical Garden","PUF_BOT_09","06/09/2024","20/09/2024",NA,55,0.0417615793470008
"f","Botanical Garden","PUF_BOT_10","20/09/2024","04/10/2024","Pentatomidae_160513",2761,0.725052521008403
"f","Botanical Garden","PUF_BOT_10","20/09/2024","04/10/2024",NA,647,0.169905462184874
"f","Botanical Garden","PUF_BOT_10","20/09/2024","04/10/2024","Bovidae_9895",327,0.0858718487394958
"f","Botanical Garden","PUF_BOT_10","20/09/2024","04/10/2024","Pyralidae_7135",73,0.0191701680672269
"f","Boucherville","PUF_BOU_01","27/05/2024","10/06/2024",NA,230,0.954356846473029
"f","Boucherville","PUF_BOU_01","27/05/2024","10/06/2024","Chironomidae_7149",6,0.024896265560166
"f","Boucherville","PUF_BOU_01","27/05/2024","10/06/2024","Sciaridae_7184",3,0.012448132780083
"f","Boucherville","PUF_BOU_01","27/05/2024","10/06/2024","Hominidae_9604",2,0.00829875518672199
"f","Boucherville","PUF_BOU_02","10/06/2024","24/06/2024","Bourletiellidae_187607",344,0.339920948616601
"f","Boucherville","PUF_BOU_02","10/06/2024","24/06/2024",NA,242,0.239130434782609
"f","Boucherville","PUF_BOU_02","10/06/2024","24/06/2024","Tipulidae_41042",238,0.235177865612648
"f","Boucherville","PUF_BOU_02","10/06/2024","24/06/2024","Acaridae_41442",76,0.075098814229249
"f","Boucherville","PUF_BOU_02","10/06/2024","24/06/2024","Hominidae_9604",34,0.033596837944664
"f","Boucherville","PUF_BOU_02","10/06/2024","24/06/2024","Pentatomidae_160513",33,0.0326086956521739
"f","Boucherville","PUF_BOU_02","10/06/2024","24/06/2024","Cantharidae_41097",24,0.0237154150197628
"f","Boucherville","PUF_BOU_02","10/06/2024","24/06/2024","Pyralidae_7135",21,0.0207509881422925
"f","Boucherville","PUF_BOU_03","24/06/2024","08/07/2024",NA,302,0.5
"f","Boucherville","PUF_BOU_03","24/06/2024","08/07/2024","Pentatomidae_160513",127,0.210264900662252
"f","Boucherville","PUF_BOU_03","24/06/2024","08/07/2024","Bourletiellidae_187607",82,0.135761589403974
"f","Boucherville","PUF_BOU_03","24/06/2024","08/07/2024","Bovidae_9895",57,0.0943708609271523
"f","Boucherville","PUF_BOU_03","24/06/2024","08/07/2024","Tydeidae_708320",21,0.0347682119205298
"f","Boucherville","PUF_BOU_03","24/06/2024","08/07/2024","Pyralidae_7135",15,0.0248344370860927
"f","Boucherville","PUF_BOU_04","08/07/2024","22/07/2024","Pentatomidae_160513",276,0.531791907514451
"f","Boucherville","PUF_BOU_04","08/07/2024","22/07/2024",NA,154,0.296724470134875
"f","Boucherville","PUF_BOU_04","08/07/2024","22/07/2024","Chironomidae_7149",37,0.0712909441233141
"f","Boucherville","PUF_BOU_04","08/07/2024","22/07/2024","Acrididae_7002",32,0.0616570327552987
"f","Boucherville","PUF_BOU_04","08/07/2024","22/07/2024","Pyralidae_7135",20,0.0385356454720617
"f","Boucherville","PUF_BOU_05","22/07/2024","05/08/2024","Pentatomidae_160513",1825,0.844516427579824
"f","Boucherville","PUF_BOU_05","22/07/2024","05/08/2024","Aphididae_27482",140,0.0647848218417399
"f","Boucherville","PUF_BOU_05","22/07/2024","05/08/2024",NA,91,0.042110134197131
"f","Boucherville","PUF_BOU_05","22/07/2024","05/08/2024","Scatopsidae_52749",37,0.017121702915317
"f","Boucherville","PUF_BOU_05","22/07/2024","05/08/2024","Macronyssidae_224534",34,0.015733456732994
"f","Boucherville","PUF_BOU_05","22/07/2024","05/08/2024","Sciaridae_7184",34,0.015733456732994
"f","Boucherville","PUF_BOU_06","05/08/2024","19/08/2024","Pentatomidae_160513",563,0.723650385604113
"f","Boucherville","PUF_BOU_06","05/08/2024","19/08/2024",NA,120,0.154241645244216
"f","Boucherville","PUF_BOU_06","05/08/2024","19/08/2024","Pyralidae_7135",35,0.044987146529563
"f","Boucherville","PUF_BOU_06","05/08/2024","19/08/2024","Artemiidae_38009",30,0.038560411311054
"f","Boucherville","PUF_BOU_06","05/08/2024","19/08/2024","Coenagrionidae_70895",18,0.0231362467866324
"f","Boucherville","PUF_BOU_06","05/08/2024","19/08/2024","Eriophyidae_70320",12,0.0154241645244216
"f","Boucherville","PUF_BOU_07","19/08/2024","02/09/2024",NA,119,0.367283950617284
"f","Boucherville","PUF_BOU_07","19/08/2024","02/09/2024","Pentatomidae_160513",92,0.283950617283951
"f","Boucherville","PUF_BOU_07","19/08/2024","02/09/2024","Bovidae_9895",60,0.185185185185185
"f","Boucherville","PUF_BOU_07","19/08/2024","02/09/2024","Bourletiellidae_187607",53,0.16358024691358
"f","Boucherville","PUF_BOU_08","02/09/2024","16/09/2024","Pentatomidae_160513",1701,0.878615702479339
"f","Boucherville","PUF_BOU_08","02/09/2024","16/09/2024",NA,203,0.104855371900826
"f","Boucherville","PUF_BOU_08","02/09/2024","16/09/2024","Dipodidae_30648",32,0.0165289256198347
"f","Boucherville","PUF_BOU_09","16/09/2024","30/09/2024","Pentatomidae_160513",1259,0.748068924539513
"f","Boucherville","PUF_BOU_09","16/09/2024","30/09/2024",NA,260,0.154486036838978
"f","Boucherville","PUF_BOU_09","16/09/2024","30/09/2024","Eriophyidae_70320",99,0.0588235294117647
"f","Boucherville","PUF_BOU_09","16/09/2024","30/09/2024","Hominidae_9604",65,0.0386215092097445
"f","IPEX","PUF_IPEX_01","15/05/2024","29/05/2024","Pentatomidae_160513",48,0.428571428571429
"f","IPEX","PUF_IPEX_01","15/05/2024","29/05/2024",NA,32,0.285714285714286
"f","IPEX","PUF_IPEX_01","15/05/2024","29/05/2024","Bovidae_9895",21,0.1875
"f","IPEX","PUF_IPEX_01","15/05/2024","29/05/2024","Hominidae_9604",7,0.0625
"f","IPEX","PUF_IPEX_01","15/05/2024","29/05/2024","Diptilomiopidae_1336387",3,0.0267857142857143
"f","IPEX","PUF_IPEX_01","15/05/2024","29/05/2024","Pyralidae_7135",1,0.00892857142857143
"f","IPEX","PUF_IPEX_02","29/05/2024","12/06/2024",NA,1157,0.731352718078382
"f","IPEX","PUF_IPEX_02","29/05/2024","12/06/2024","Eriophyidae_70320",146,0.0922882427307206
"f","IPEX","PUF_IPEX_02","29/05/2024","12/06/2024","Pentatomidae_160513",142,0.0897597977243995
"f","IPEX","PUF_IPEX_02","29/05/2024","12/06/2024","Cecidomyiidae_33406",66,0.0417193426042984
"f","IPEX","PUF_IPEX_02","29/05/2024","12/06/2024","Chironomidae_7149",36,0.02275600505689
"f","IPEX","PUF_IPEX_02","29/05/2024","12/06/2024","Triophtydeidae_2461247",18,0.011378002528445
"f","IPEX","PUF_IPEX_02","29/05/2024","12/06/2024","Aphididae_27482",17,0.0107458912768647
"f","IPEX","PUF_IPEX_03","12/06/2024","26/06/2024","Araneidae_6913",9846,0.912849990728722
"f","IPEX","PUF_IPEX_03","12/06/2024","26/06/2024",NA,618,0.057296495457074
"f","IPEX","PUF_IPEX_03","12/06/2024","26/06/2024","Pentatomidae_160513",174,0.0161320229927684
"f","IPEX","PUF_IPEX_03","12/06/2024","26/06/2024","Bovidae_9895",52,0.00482106434266642
"f","IPEX","PUF_IPEX_03","12/06/2024","26/06/2024","Pyralidae_7135",50,0.0046356387910254
"f","IPEX","PUF_IPEX_03","12/06/2024","26/06/2024","Eriophyidae_70320",46,0.00426478768774337
"f","IPEX","PUF_IPEX_04","26/06/2024","10/07/2024","Pentatomidae_160513",993,0.621013133208255
"f","IPEX","PUF_IPEX_04","26/06/2024","10/07/2024",NA,204,0.127579737335835
"f","IPEX","PUF_IPEX_04","26/06/2024","10/07/2024","Tydeidae_708320",116,0.0725453408380238
"f","IPEX","PUF_IPEX_04","26/06/2024","10/07/2024","Eriophyidae_70320",114,0.0712945590994371
"f","IPEX","PUF_IPEX_04","26/06/2024","10/07/2024","Crambidae_268499",66,0.0412757973733583
"f","IPEX","PUF_IPEX_04","26/06/2024","10/07/2024","Pyralidae_7135",58,0.0362726704190119
"f","IPEX","PUF_IPEX_04","26/06/2024","10/07/2024","Bovidae_9895",48,0.0300187617260788
"f","IPEX","PUF_IPEX_05","10/07/2024","24/07/2024","Pentatomidae_160513",3831,0.732785003825555
"f","IPEX","PUF_IPEX_05","10/07/2024","24/07/2024","Pygmephoridae_1253854",996,0.190512624330528
"f","IPEX","PUF_IPEX_05","10/07/2024","24/07/2024",NA,280,0.053557765876052
"f","IPEX","PUF_IPEX_05","10/07/2024","24/07/2024","Bourletiellidae_187607",121,0.0231446059678653
"f","IPEX","PUF_IPEX_06","24/07/2024","07/08/2024","Pentatomidae_160513",812,0.871244635193133
"f","IPEX","PUF_IPEX_06","24/07/2024","07/08/2024",NA,120,0.128755364806867
"f","IPEX","PUF_IPEX_07","07/08/2024","21/08/2024","Pentatomidae_160513",1072,0.727272727272727
"f","IPEX","PUF_IPEX_07","07/08/2024","21/08/2024",NA,365,0.247625508819539
"f","IPEX","PUF_IPEX_07","07/08/2024","21/08/2024","Pyralidae_7135",37,0.0251017639077341
"f","IPEX","PUF_IPEX_08","21/08/2024","04/09/2024","Pentatomidae_160513",1466,0.722523410547067
"f","IPEX","PUF_IPEX_08","21/08/2024","04/09/2024",NA,493,0.242976835879744
"f","IPEX","PUF_IPEX_08","21/08/2024","04/09/2024","Bovidae_9895",70,0.0344997535731888
"f","IPEX","PUF_IPEX_09","04/09/2024","18/09/2024","Pentatomidae_160513",962,1
"f","IPEX","PUF_IPEX_10","18/09/2024","02/10/2024","Pentatomidae_160513",2651,0.737823545783468
"f","IPEX","PUF_IPEX_10","18/09/2024","02/10/2024","Liposcelididae_2545764",574,0.159755079320902
"f","IPEX","PUF_IPEX_10","18/09/2024","02/10/2024","Pyralidae_7135",161,0.0448093515168383
"f","IPEX","PUF_IPEX_10","18/09/2024","02/10/2024",NA,124,0.0345115502365711
"f","IPEX","PUF_IPEX_10","18/09/2024","02/10/2024","Chironomidae_7149",83,0.023100473142221
"f","Jean-Drapeau","PUF_JD_01","22/05/2024","05/06/2024","Erebidae_695564",6071,0.69565715595279
"f","Jean-Drapeau","PUF_JD_01","22/05/2024","05/06/2024","Anystidae_92248",1435,0.164432221840266
"f","Jean-Drapeau","PUF_JD_01","22/05/2024","05/06/2024",NA,814,0.0932737481379626
"f","Jean-Drapeau","PUF_JD_01","22/05/2024","05/06/2024","Blattisociidae_1251892",114,0.0130629082158817
"f","Jean-Drapeau","PUF_JD_01","22/05/2024","05/06/2024","Chironomidae_7149",105,0.0120316259883121
"f","Jean-Drapeau","PUF_JD_01","22/05/2024","05/06/2024","Tetragnathidae_27394",76,0.0087086054772545
"f","Jean-Drapeau","PUF_JD_01","22/05/2024","05/06/2024","Pentatomidae_160513",46,0.00527099805202246
"f","Jean-Drapeau","PUF_JD_01","22/05/2024","05/06/2024","Formicidae_36668",34,0.00389595508192964
"f","Jean-Drapeau","PUF_JD_01","22/05/2024","05/06/2024","Tydeidae_708320",32,0.00366678125358084
"f","Jean-Drapeau","PUF_JD_02","05/06/2024","19/06/2024","Blastobasidae_173649",13484,0.963693539165237
"f","Jean-Drapeau","PUF_JD_02","05/06/2024","19/06/2024",NA,231,0.0165094339622642
"f","Jean-Drapeau","PUF_JD_02","05/06/2024","19/06/2024","Noctuidae_7100",183,0.0130789022298456
"f","Jean-Drapeau","PUF_JD_02","05/06/2024","19/06/2024","Hydroptilidae_57995",94,0.00671812464265294
"f","Jean-Drapeau","PUF_JD_03","19/06/2024","03/07/2024","Miridae_30083",163,0.210594315245478
"f","Jean-Drapeau","PUF_JD_03","19/06/2024","03/07/2024","Pentatomidae_160513",160,0.20671834625323
"f","Jean-Drapeau","PUF_JD_03","19/06/2024","03/07/2024",NA,136,0.175710594315245
"f","Jean-Drapeau","PUF_JD_03","19/06/2024","03/07/2024","Hominidae_9604",94,0.121447028423773
"f","Jean-Drapeau","PUF_JD_03","19/06/2024","03/07/2024","Chloropidae_29032",93,0.12015503875969
"f","Jean-Drapeau","PUF_JD_03","19/06/2024","03/07/2024","Pyralidae_7135",55,0.0710594315245478
"f","Jean-Drapeau","PUF_JD_03","19/06/2024","03/07/2024","Chrysopidae_7520",31,0.0400516795865633
"f","Jean-Drapeau","PUF_JD_03","19/06/2024","03/07/2024","Pterophoridae_186111",24,0.0310077519379845
"f","Jean-Drapeau","PUF_JD_03","19/06/2024","03/07/2024","Delphacidae_33362",18,0.0232558139534884
"f","Jean-Drapeau","PUF_JD_04","03/07/2024","17/07/2024","Pentatomidae_160513",996,0.627994955863808
"f","Jean-Drapeau","PUF_JD_04","03/07/2024","17/07/2024","Bovidae_9895",217,0.136822194199243
"f","Jean-Drapeau","PUF_JD_04","03/07/2024","17/07/2024","Tetragnathidae_27394",153,0.096469104665826
"f","Jean-Drapeau","PUF_JD_04","03/07/2024","17/07/2024","Pyralidae_7135",149,0.0939470365699874
"f","Jean-Drapeau","PUF_JD_04","03/07/2024","17/07/2024",NA,71,0.0447667087011349
"f","Jean-Drapeau","PUF_JD_05","17/07/2024","31/07/2024","Tetragnathidae_27394",1700,0.426492724535876
"f","Jean-Drapeau","PUF_JD_05","17/07/2024","31/07/2024","Pentatomidae_160513",664,0.166583040642248
"f","Jean-Drapeau","PUF_JD_05","17/07/2024","31/07/2024","Aphididae_27482",471,0.118163572503763
"f","Jean-Drapeau","PUF_JD_05","17/07/2024","31/07/2024",NA,370,0.092824887104867
"f","Jean-Drapeau","PUF_JD_05","17/07/2024","31/07/2024","Pyralidae_7135",297,0.07451078775715
"f","Jean-Drapeau","PUF_JD_05","17/07/2024","31/07/2024","Chironomidae_7149",243,0.0609633718013046
"f","Jean-Drapeau","PUF_JD_05","17/07/2024","31/07/2024","Eriophyidae_70320",129,0.0323632714500753
"f","Jean-Drapeau","PUF_JD_05","17/07/2024","31/07/2024","Bovidae_9895",45,0.0112895132965379
"f","Jean-Drapeau","PUF_JD_05","17/07/2024","31/07/2024","Cicadellidae_30102",37,0.0092824887104867
"f","Jean-Drapeau","PUF_JD_05","17/07/2024","31/07/2024","Latridiidae_196999",30,0.00752634219769192
"f","Jean-Drapeau","PUF_JD_06","31/07/2024","14/08/2024","Pentatomidae_160513",3494,0.93148493735004
"f","Jean-Drapeau","PUF_JD_06","31/07/2024","14/08/2024","Tetragnathidae_27394",119,0.0317248733671021
"f","Jean-Drapeau","PUF_JD_06","31/07/2024","14/08/2024","Chironomidae_7149",63,0.0167955211943482
"f","Jean-Drapeau","PUF_JD_06","31/07/2024","14/08/2024","Pyralidae_7135",38,0.0101306318315116
"f","Jean-Drapeau","PUF_JD_06","31/07/2024","14/08/2024",NA,37,0.00986403625699813
"f","Jean-Drapeau","PUF_JD_07","14/08/2024","28/08/2024","Pentatomidae_160513",2271,0.541746183206107
"f","Jean-Drapeau","PUF_JD_07","14/08/2024","28/08/2024","Coccinellidae_7080",867,0.206822519083969
"f","Jean-Drapeau","PUF_JD_07","14/08/2024","28/08/2024","Hydropsychidae_41030",592,0.141221374045802
"f","Jean-Drapeau","PUF_JD_07","14/08/2024","28/08/2024",NA,182,0.0434160305343511
"f","Jean-Drapeau","PUF_JD_07","14/08/2024","28/08/2024","Eriophyidae_70320",95,0.022662213740458
"f","Jean-Drapeau","PUF_JD_07","14/08/2024","28/08/2024","Miridae_30083",79,0.0188454198473282
"f","Jean-Drapeau","PUF_JD_07","14/08/2024","28/08/2024","Araneidae_6913",53,0.0126431297709924
"f","Jean-Drapeau","PUF_JD_07","14/08/2024","28/08/2024","Pyralidae_7135",53,0.0126431297709924
"f","Jean-Drapeau","PUF_JD_08","28/08/2024","11/09/2024","Tetragnathidae_27394",8581,0.989050253573075
"f","Jean-Drapeau","PUF_JD_08","28/08/2024","11/09/2024","Pentatomidae_160513",95,0.0109497464269248
"f","Jean-Drapeau","PUF_JD_09","11/09/2024","25/09/2024","Pentatomidae_160513",670,0.588752196836555
"f","Jean-Drapeau","PUF_JD_09","11/09/2024","25/09/2024","Pyralidae_7135",227,0.199472759226714
"f","Jean-Drapeau","PUF_JD_09","11/09/2024","25/09/2024",NA,128,0.112478031634446
"f","Jean-Drapeau","PUF_JD_09","11/09/2024","25/09/2024","Myrmeleontidae_27427",69,0.0606326889279438
"f","Jean-Drapeau","PUF_JD_09","11/09/2024","25/09/2024","Sciaridae_7184",24,0.0210896309314587
"f","Jean-Drapeau","PUF_JD_09","11/09/2024","25/09/2024","Tetragnathidae_27394",20,0.0175746924428823
"f","Jean-Drapeau","PUF_JD_10","25/09/2024","09/10/2024","Aphididae_27482",6147,0.753585877160721
"f","Jean-Drapeau","PUF_JD_10","25/09/2024","09/10/2024","Pentatomidae_160513",1552,0.190266029177394
"f","Jean-Drapeau","PUF_JD_10","25/09/2024","09/10/2024","Chironomidae_7149",243,0.0297903641044502
"f","Jean-Drapeau","PUF_JD_10","25/09/2024","09/10/2024","Tetragnathidae_27394",215,0.0263577295574353
"f",NA,NA,NA,NA,"Nymphalidae_33415",29201,0.976785415621341
"f",NA,NA,NA,NA,"Entomobryidae_48704",340,0.0113731393209567
"f",NA,NA,NA,NA,"Papilionidae_7143",254,0.00849640408094999
"f",NA,NA,NA,NA,"Hymenopodidae_119670",63,0.00210737581535374
"f",NA,NA,NA,NA,"Acaridae_41442",37,0.00123766516139823
"g","Bird Observatory","PUF_MBO_01","20/05/2024","03/06/2024",NA,925,0.440896091515729
"g","Bird Observatory","PUF_MBO_01","20/05/2024","03/06/2024","Tydeus_1670773",216,0.102955195424214
"g","Bird Observatory","PUF_MBO_01","20/05/2024","03/06/2024","Abacarus_644136",199,0.0948522402287893
"g","Bird Observatory","PUF_MBO_01","20/05/2024","03/06/2024","Limnophyes_190098",141,0.0672068636796949
"g","Bird Observatory","PUF_MBO_01","20/05/2024","03/06/2024","Glypsus_-21471",128,0.0610104861773117
"g","Bird Observatory","PUF_MBO_01","20/05/2024","03/06/2024","Aculodes_644138",120,0.0571973307912297
"g","Bird Observatory","PUF_MBO_01","20/05/2024","03/06/2024","Megaselia_36165",72,0.0343183984747378
"g","Bird Observatory","PUF_MBO_01","20/05/2024","03/06/2024","Labidomera_131651",67,0.0319351763584366
"g","Bird Observatory","PUF_MBO_01","20/05/2024","03/06/2024","Aprionus_1819779",66,0.0314585319351764
"g","Bird Observatory","PUF_MBO_01","20/05/2024","03/06/2024","Aculus_644140",60,0.0285986653956149
"g","Bird Observatory","PUF_MBO_01","20/05/2024","03/06/2024","Bos_9903",45,0.0214489990467112
"g","Bird Observatory","PUF_MBO_01","20/05/2024","03/06/2024","Liebstadia_229865",31,0.0147759771210677
"g","Bird Observatory","PUF_MBO_01","20/05/2024","03/06/2024","Erythroneura_38083",28,0.0133460438512869
"g","Bird Observatory","PUF_MBO_02","03/06/2024","17/06/2024","Xestia_320016",8006,0.524227344159246
"g","Bird Observatory","PUF_MBO_02","03/06/2024","17/06/2024","Allothrombium_92077",7029,0.460254059717129
"g","Bird Observatory","PUF_MBO_02","03/06/2024","17/06/2024",NA,187,0.0122446306966998
"g","Bird Observatory","PUF_MBO_02","03/06/2024","17/06/2024","Glypsus_-21471",50,0.00327396542692509
"g","Bird Observatory","PUF_MBO_03","17/06/2024","01/07/2024","Glypsus_-21471",305,0.621181262729124
"g","Bird Observatory","PUF_MBO_03","17/06/2024","01/07/2024","Philodromus_336567",139,0.283095723014257
"g","Bird Observatory","PUF_MBO_03","17/06/2024","01/07/2024","Typhlodromips_756256",47,0.0957230142566191
"g","Bird Observatory","PUF_MBO_04","01/07/2024","15/07/2024","Glypsus_-21471",398,0.373358348968105
"g","Bird Observatory","PUF_MBO_04","01/07/2024","15/07/2024","Bos_9903",308,0.288930581613508
"g","Bird Observatory","PUF_MBO_04","01/07/2024","15/07/2024",NA,244,0.228893058161351
"g","Bird Observatory","PUF_MBO_04","01/07/2024","15/07/2024","Rhacognathus_1545358",116,0.108818011257036
"g","Bird Observatory","PUF_MBO_05","15/07/2024","29/07/2024","Choristoneura_7140",8556,0.940529845003847
"g","Bird Observatory","PUF_MBO_05","15/07/2024","29/07/2024","Glypsus_-21471",368,0.0404528965593053
"g","Bird Observatory","PUF_MBO_05","15/07/2024","29/07/2024",NA,67,0.00736506540617786
"g","Bird Observatory","PUF_MBO_05","15/07/2024","29/07/2024","Succinea_145426",55,0.0060459492140266
"g","Bird Observatory","PUF_MBO_05","15/07/2024","29/07/2024","Rhacognathus_1545358",51,0.00560624381664285
"g","Bird Observatory","PUF_MBO_06","29/07/2024","12/08/2024","Glypsus_-21471",588,0.837606837606838
"g","Bird Observatory","PUF_MBO_06","29/07/2024","12/08/2024",NA,114,0.162393162393162
"g","Bird Observatory","PUF_MBO_07","12/08/2024","26/08/2024","Glypsus_-21471",1123,0.80386542591267
"g","Bird Observatory","PUF_MBO_07","12/08/2024","26/08/2024",NA,219,0.156764495347173
"g","Bird Observatory","PUF_MBO_07","12/08/2024","26/08/2024","Pionidia_2613197",55,0.0393700787401575
"g","Bird Observatory","PUF_MBO_08","26/08/2024","09/09/2024","Glypsus_-21471",1252,0.870048644892286
"g","Bird Observatory","PUF_MBO_08","26/08/2024","09/09/2024",NA,187,0.129951355107714
"g","Bird Observatory","PUF_MBO_09","09/09/2024","23/09/2024","Glypsus_-21471",1901,0.754065846886156
"g","Bird Observatory","PUF_MBO_09","09/09/2024","23/09/2024",NA,573,0.227290757635859
"g","Bird Observatory","PUF_MBO_09","09/09/2024","23/09/2024","Bos_9903",47,0.0186433954779849
"g","Bird Observatory","PUF_MBO_10","23/09/2024","07/10/2024","Glypsus_-21471",800,0.641539695268645
"g","Bird Observatory","PUF_MBO_10","23/09/2024","07/10/2024",NA,447,0.358460304731355
"g","Botanical Garden","PUF_BOT_01","17/05/2024","31/05/2024",NA,453,0.610512129380054
"g","Botanical Garden","PUF_BOT_01","17/05/2024","31/05/2024","Pionidia_2613197",92,0.123989218328841
"g","Botanical Garden","PUF_BOT_01","17/05/2024","31/05/2024","Trisetacus_1227674",75,0.101078167115903
"g","Botanical Garden","PUF_BOT_01","17/05/2024","31/05/2024","Eriosoma_133081",36,0.0485175202156334
"g","Botanical Garden","PUF_BOT_01","17/05/2024","31/05/2024","Homo_9605",31,0.0417789757412399
"g","Botanical Garden","PUF_BOT_01","17/05/2024","31/05/2024","Heleniella_611355",30,0.0404312668463612
"g","Botanical Garden","PUF_BOT_01","17/05/2024","31/05/2024","Cheumatopsyche_177865",25,0.0336927223719677
"g","Botanical Garden","PUF_BOT_02","31/05/2024","14/06/2024",NA,1913,0.835736129314111
"g","Botanical Garden","PUF_BOT_02","31/05/2024","14/06/2024","Glypsus_-21471",121,0.0528615115771079
"g","Botanical Garden","PUF_BOT_02","31/05/2024","14/06/2024","Xestia_320016",109,0.0476190476190476
"g","Botanical Garden","PUF_BOT_02","31/05/2024","14/06/2024","Tydeus_1670773",53,0.0231542158147663
"g","Botanical Garden","PUF_BOT_02","31/05/2024","14/06/2024","Aculus_644140",37,0.0161642638706859
"g","Botanical Garden","PUF_BOT_02","31/05/2024","14/06/2024","Phrurolithus_1226123",21,0.00917431192660551
"g","Botanical Garden","PUF_BOT_02","31/05/2024","14/06/2024","Pionidia_2613197",18,0.00786369593709043
"g","Botanical Garden","PUF_BOT_02","31/05/2024","14/06/2024","Homo_9605",17,0.00742682394058541
"g","Botanical Garden","PUF_BOT_03","24/06/2024","28/06/2024","Bos_9903",88,1
"g","Botanical Garden","PUF_BOT_04","28/06/2024","12/07/2024","Glypsus_-21471",524,0.634382566585956
"g","Botanical Garden","PUF_BOT_04","28/06/2024","12/07/2024","Asteia_305551",138,0.167070217917676
"g","Botanical Garden","PUF_BOT_04","28/06/2024","12/07/2024",NA,131,0.158595641646489
"g","Botanical Garden","PUF_BOT_04","28/06/2024","12/07/2024","Pionidia_2613197",33,0.0399515738498789
"g","Botanical Garden","PUF_BOT_05","12/07/2024","26/07/2024","Glypsus_-21471",569,0.397346368715084
"g","Botanical Garden","PUF_BOT_05","12/07/2024","26/07/2024","Dasineura_240745",381,0.266061452513966
"g","Botanical Garden","PUF_BOT_05","12/07/2024","26/07/2024",NA,320,0.223463687150838
"g","Botanical Garden","PUF_BOT_05","12/07/2024","26/07/2024","Bos_9903",61,0.0425977653631285
"g","Botanical Garden","PUF_BOT_05","12/07/2024","26/07/2024","Pionidia_2613197",52,0.0363128491620112
"g","Botanical Garden","PUF_BOT_05","12/07/2024","26/07/2024","Shevtchenkella_1452708",31,0.0216480446927374
"g","Botanical Garden","PUF_BOT_05","12/07/2024","26/07/2024","Aceria_109362",18,0.0125698324022346
"g","Botanical Garden","PUF_BOT_06","26/07/2024","09/08/2024","Pyla_683885",17783,0.914951636139123
"g","Botanical Garden","PUF_BOT_06","26/07/2024","09/08/2024","Glypsus_-21471",800,0.0411607326610414
"g","Botanical Garden","PUF_BOT_06","26/07/2024","09/08/2024","Homo_9605",705,0.0362728956575427
"g","Botanical Garden","PUF_BOT_06","26/07/2024","09/08/2024","Galapagocoris_-21292",88,0.00452768059271455
"g","Botanical Garden","PUF_BOT_06","26/07/2024","09/08/2024","Bembidion_60800",60,0.0030870549495781
"g","Botanical Garden","PUF_BOT_07","09/08/2024","23/08/2024","Glypsus_-21471",1959,0.868736141906874
"g","Botanical Garden","PUF_BOT_07","09/08/2024","23/08/2024",NA,253,0.11219512195122
"g","Botanical Garden","PUF_BOT_07","09/08/2024","23/08/2024","Pionidia_2613197",43,0.0190687361419069
"g","Botanical Garden","PUF_BOT_08","23/08/2024","06/09/2024","Glypsus_-21471",571,0.551158301158301
"g","Botanical Garden","PUF_BOT_08","23/08/2024","06/09/2024",NA,354,0.341698841698842
"g","Botanical Garden","PUF_BOT_08","23/08/2024","06/09/2024","Lasius_7482",41,0.0395752895752896
"g","Botanical Garden","PUF_BOT_08","23/08/2024","06/09/2024","Aceria_109362",38,0.0366795366795367
"g","Botanical Garden","PUF_BOT_08","23/08/2024","06/09/2024","Tydeus_1670773",32,0.0308880308880309
"g","Botanical Garden","PUF_BOT_09","06/09/2024","20/09/2024","Glypsus_-21471",1107,0.840546697038724
"g","Botanical Garden","PUF_BOT_09","06/09/2024","20/09/2024","Pionidia_2613197",155,0.117691723614275
"g","Botanical Garden","PUF_BOT_09","06/09/2024","20/09/2024",NA,55,0.0417615793470008
"g","Botanical Garden","PUF_BOT_10","20/09/2024","04/10/2024","Glypsus_-21471",2761,0.725052521008403
"g","Botanical Garden","PUF_BOT_10","20/09/2024","04/10/2024",NA,647,0.169905462184874
"g","Botanical Garden","PUF_BOT_10","20/09/2024","04/10/2024","Bos_9903",327,0.0858718487394958
"g","Botanical Garden","PUF_BOT_10","20/09/2024","04/10/2024","Pionidia_2613197",73,0.0191701680672269
"g","Boucherville","PUF_BOU_01","27/05/2024","10/06/2024",NA,236,0.979253112033195
"g","Boucherville","PUF_BOU_01","27/05/2024","10/06/2024","Corynoptera_1260849",3,0.012448132780083
"g","Boucherville","PUF_BOU_01","27/05/2024","10/06/2024","Homo_9605",2,0.00829875518672199
"g","Boucherville","PUF_BOU_02","10/06/2024","24/06/2024",NA,480,0.474308300395257
"g","Boucherville","PUF_BOU_02","10/06/2024","24/06/2024","Deuterosminthurus_1304590",344,0.339920948616601
"g","Boucherville","PUF_BOU_02","10/06/2024","24/06/2024","Tyrophagus_41443",76,0.075098814229249
"g","Boucherville","PUF_BOU_02","10/06/2024","24/06/2024","Homo_9605",34,0.033596837944664
"g","Boucherville","PUF_BOU_02","10/06/2024","24/06/2024","Cantharis_41098",24,0.0237154150197628
"g","Boucherville","PUF_BOU_02","10/06/2024","24/06/2024","Pionidia_2613197",21,0.0207509881422925
"g","Boucherville","PUF_BOU_02","10/06/2024","24/06/2024","Glypsus_-21471",18,0.0177865612648221
"g","Boucherville","PUF_BOU_02","10/06/2024","24/06/2024","Rhacognathus_1545358",15,0.0148221343873518
"g","Boucherville","PUF_BOU_03","24/06/2024","08/07/2024",NA,302,0.5
"g","Boucherville","PUF_BOU_03","24/06/2024","08/07/2024","Glypsus_-21471",115,0.190397350993377
"g","Boucherville","PUF_BOU_03","24/06/2024","08/07/2024","Deuterosminthurus_1304590",82,0.135761589403974
"g","Boucherville","PUF_BOU_03","24/06/2024","08/07/2024","Bos_9903",57,0.0943708609271523
"g","Boucherville","PUF_BOU_03","24/06/2024","08/07/2024","Tydeus_1670773",21,0.0347682119205298
"g","Boucherville","PUF_BOU_03","24/06/2024","08/07/2024","Pionidia_2613197",15,0.0248344370860927
"g","Boucherville","PUF_BOU_03","24/06/2024","08/07/2024","Rhacognathus_1545358",12,0.0198675496688742
"g","Boucherville","PUF_BOU_04","08/07/2024","22/07/2024","Glypsus_-21471",276,0.531791907514451
"g","Boucherville","PUF_BOU_04","08/07/2024","22/07/2024",NA,173,0.333333333333333
"g","Boucherville","PUF_BOU_04","08/07/2024","22/07/2024","Melanoplus_30252",32,0.0616570327552987
"g","Boucherville","PUF_BOU_04","08/07/2024","22/07/2024","Pionidia_2613197",20,0.0385356454720617
"g","Boucherville","PUF_BOU_04","08/07/2024","22/07/2024","Cricotopus_153373",18,0.0346820809248555
"g","Boucherville","PUF_BOU_05","22/07/2024","05/08/2024","Glypsus_-21471",1825,0.844516427579824
"g","Boucherville","PUF_BOU_05","22/07/2024","05/08/2024","Aphis_80764",140,0.0647848218417399
"g","Boucherville","PUF_BOU_05","22/07/2024","05/08/2024",NA,91,0.042110134197131
"g","Boucherville","PUF_BOU_05","22/07/2024","05/08/2024","Swammerdamella_3120128",37,0.017121702915317
"g","Boucherville","PUF_BOU_05","22/07/2024","05/08/2024","Corynoptera_1260849",34,0.015733456732994
"g","Boucherville","PUF_BOU_05","22/07/2024","05/08/2024","Ornithonyssus_224535",34,0.015733456732994
"g","Boucherville","PUF_BOU_06","05/08/2024","19/08/2024","Glypsus_-21471",563,0.723650385604113
"g","Boucherville","PUF_BOU_06","05/08/2024","19/08/2024",NA,120,0.154241645244216
"g","Boucherville","PUF_BOU_06","05/08/2024","19/08/2024","Pionidia_2613197",35,0.044987146529563
"g","Boucherville","PUF_BOU_06","05/08/2024","19/08/2024","Artemia_6660",30,0.038560411311054
"g","Boucherville","PUF_BOU_06","05/08/2024","19/08/2024","Ischnura_79456",18,0.0231362467866324
"g","Boucherville","PUF_BOU_06","05/08/2024","19/08/2024","Tetra_1310384",12,0.0154241645244216
"g","Boucherville","PUF_BOU_07","19/08/2024","02/09/2024",NA,119,0.367283950617284
"g","Boucherville","PUF_BOU_07","19/08/2024","02/09/2024","Glypsus_-21471",92,0.283950617283951
"g","Boucherville","PUF_BOU_07","19/08/2024","02/09/2024","Bos_9903",60,0.185185185185185
"g","Boucherville","PUF_BOU_07","19/08/2024","02/09/2024","Deuterosminthurus_1304590",53,0.16358024691358
"g","Boucherville","PUF_BOU_08","02/09/2024","16/09/2024","Glypsus_-21471",1701,0.878615702479339
"g","Boucherville","PUF_BOU_08","02/09/2024","16/09/2024",NA,235,0.121384297520661
"g","Boucherville","PUF_BOU_09","16/09/2024","30/09/2024","Glypsus_-21471",1259,0.748068924539513
"g","Boucherville","PUF_BOU_09","16/09/2024","30/09/2024",NA,359,0.213309566250743
"g","Boucherville","PUF_BOU_09","16/09/2024","30/09/2024","Homo_9605",65,0.0386215092097445
"g","IPEX","PUF_IPEX_01","15/05/2024","29/05/2024","Glypsus_-21471",48,0.428571428571429
"g","IPEX","PUF_IPEX_01","15/05/2024","29/05/2024",NA,32,0.285714285714286
"g","IPEX","PUF_IPEX_01","15/05/2024","29/05/2024","Bos_9903",21,0.1875
"g","IPEX","PUF_IPEX_01","15/05/2024","29/05/2024","Homo_9605",7,0.0625
"g","IPEX","PUF_IPEX_01","15/05/2024","29/05/2024","Rhyncaphytoptus_1452700",3,0.0267857142857143
"g","IPEX","PUF_IPEX_01","15/05/2024","29/05/2024","Pionidia_2613197",1,0.00892857142857143
"g","IPEX","PUF_IPEX_02","29/05/2024","12/06/2024",NA,1223,0.77307206068268
"g","IPEX","PUF_IPEX_02","29/05/2024","12/06/2024","Abacarus_644136",125,0.0790139064475348
"g","IPEX","PUF_IPEX_02","29/05/2024","12/06/2024","Glypsus_-21471",90,0.056890012642225
"g","IPEX","PUF_IPEX_02","29/05/2024","12/06/2024","Rhacognathus_1545358",52,0.0328697850821745
"g","IPEX","PUF_IPEX_02","29/05/2024","12/06/2024","Tanytarsus_288802",36,0.02275600505689
"g","IPEX","PUF_IPEX_02","29/05/2024","12/06/2024","Tetra_1310384",21,0.0132743362831858
"g","IPEX","PUF_IPEX_02","29/05/2024","12/06/2024","Triophytydeus_-3480",18,0.011378002528445
"g","IPEX","PUF_IPEX_02","29/05/2024","12/06/2024","Cinara_97051",17,0.0107458912768647
"g","IPEX","PUF_IPEX_03","12/06/2024","26/06/2024","Larinioides_280405",9846,0.912849990728722
"g","IPEX","PUF_IPEX_03","12/06/2024","26/06/2024",NA,664,0.0615612831448174
"g","IPEX","PUF_IPEX_03","12/06/2024","26/06/2024","Glypsus_-21471",174,0.0161320229927684
"g","IPEX","PUF_IPEX_03","12/06/2024","26/06/2024","Bos_9903",52,0.00482106434266642
"g","IPEX","PUF_IPEX_03","12/06/2024","26/06/2024","Pionidia_2613197",50,0.0046356387910254
"g","IPEX","PUF_IPEX_04","26/06/2024","10/07/2024","Glypsus_-21471",888,0.555347091932458
"g","IPEX","PUF_IPEX_04","26/06/2024","10/07/2024",NA,318,0.198874296435272
"g","IPEX","PUF_IPEX_04","26/06/2024","10/07/2024","Tydeus_1670773",116,0.0725453408380238
"g","IPEX","PUF_IPEX_04","26/06/2024","10/07/2024","Rhacognathus_1545358",105,0.0656660412757974
"g","IPEX","PUF_IPEX_04","26/06/2024","10/07/2024","Petrophila_655076",66,0.0412757973733583
"g","IPEX","PUF_IPEX_04","26/06/2024","10/07/2024","Pionidia_2613197",58,0.0362726704190119
"g","IPEX","PUF_IPEX_04","26/06/2024","10/07/2024","Bos_9903",48,0.0300187617260788
"g","IPEX","PUF_IPEX_05","10/07/2024","24/07/2024","Glypsus_-21471",3773,0.721690895179801
"g","IPEX","PUF_IPEX_05","10/07/2024","24/07/2024",NA,1276,0.24407039020658
"g","IPEX","PUF_IPEX_05","10/07/2024","24/07/2024","Deuterosminthurus_1304590",121,0.0231446059678653
"g","IPEX","PUF_IPEX_05","10/07/2024","24/07/2024","Rhacognathus_1545358",58,0.0110941086457536
"g","IPEX","PUF_IPEX_06","24/07/2024","07/08/2024","Glypsus_-21471",812,0.871244635193133
"g","IPEX","PUF_IPEX_06","24/07/2024","07/08/2024",NA,120,0.128755364806867
"g","IPEX","PUF_IPEX_07","07/08/2024","21/08/2024","Glypsus_-21471",1045,0.708955223880597
"g","IPEX","PUF_IPEX_07","07/08/2024","21/08/2024",NA,365,0.247625508819539
"g","IPEX","PUF_IPEX_07","07/08/2024","21/08/2024","Pionidia_2613197",37,0.0251017639077341
"g","IPEX","PUF_IPEX_07","07/08/2024","21/08/2024","Rhacognathus_1545358",27,0.0183175033921303
"g","IPEX","PUF_IPEX_08","21/08/2024","04/09/2024","Glypsus_-21471",1466,0.722523410547067
"g","IPEX","PUF_IPEX_08","21/08/2024","04/09/2024",NA,493,0.242976835879744
"g","IPEX","PUF_IPEX_08","21/08/2024","04/09/2024","Bos_9903",70,0.0344997535731888
"g","IPEX","PUF_IPEX_09","04/09/2024","18/09/2024","Glypsus_-21471",962,1
"g","IPEX","PUF_IPEX_10","18/09/2024","02/10/2024","Glypsus_-21471",2651,0.737823545783468
"g","IPEX","PUF_IPEX_10","18/09/2024","02/10/2024","Liposcelis_160150",574,0.159755079320902
"g","IPEX","PUF_IPEX_10","18/09/2024","02/10/2024","Pionidia_2613197",161,0.0448093515168383
"g","IPEX","PUF_IPEX_10","18/09/2024","02/10/2024",NA,124,0.0345115502365711
"g","IPEX","PUF_IPEX_10","18/09/2024","02/10/2024","Bryophaenocladius_611339",83,0.023100473142221
"g","Jean-Drapeau","PUF_JD_01","22/05/2024","05/06/2024","Hypena_95218",6071,0.69565715595279
"g","Jean-Drapeau","PUF_JD_01","22/05/2024","05/06/2024","Anystis_66557",1435,0.164432221840266
"g","Jean-Drapeau","PUF_JD_01","22/05/2024","05/06/2024",NA,814,0.0932737481379626
"g","Jean-Drapeau","PUF_JD_01","22/05/2024","05/06/2024","Lasioseius_296243",114,0.0130629082158817
"g","Jean-Drapeau","PUF_JD_01","22/05/2024","05/06/2024","Tetragnatha_27395",76,0.0087086054772545
"g","Jean-Drapeau","PUF_JD_01","22/05/2024","05/06/2024","Cricotopus_153373",62,0.00710438867881288
"g","Jean-Drapeau","PUF_JD_01","22/05/2024","05/06/2024","Glypsus_-21471",46,0.00527099805202246
"g","Jean-Drapeau","PUF_JD_01","22/05/2024","05/06/2024","Parakiefferiella_611371",43,0.00492723730949926
"g","Jean-Drapeau","PUF_JD_01","22/05/2024","05/06/2024","Tetramorium_30204",34,0.00389595508192964
"g","Jean-Drapeau","PUF_JD_01","22/05/2024","05/06/2024","Tydeus_1670773",32,0.00366678125358084
"g","Jean-Drapeau","PUF_JD_02","05/06/2024","19/06/2024","Pigritia_347817",13484,0.963693539165237
"g","Jean-Drapeau","PUF_JD_02","05/06/2024","19/06/2024",NA,231,0.0165094339622642
"g","Jean-Drapeau","PUF_JD_02","05/06/2024","19/06/2024","Xestia_320016",183,0.0130789022298456
"g","Jean-Drapeau","PUF_JD_02","05/06/2024","19/06/2024","Hydroptila_599788",94,0.00671812464265294
"g","Jean-Drapeau","PUF_JD_03","19/06/2024","03/07/2024","Plagiognathus_236934",163,0.210594315245478
"g","Jean-Drapeau","PUF_JD_03","19/06/2024","03/07/2024","Glypsus_-21471",160,0.20671834625323
"g","Jean-Drapeau","PUF_JD_03","19/06/2024","03/07/2024",NA,136,0.175710594315245
"g","Jean-Drapeau","PUF_JD_03","19/06/2024","03/07/2024","Homo_9605",94,0.121447028423773
"g","Jean-Drapeau","PUF_JD_03","19/06/2024","03/07/2024","Thaumatomyia_333800",93,0.12015503875969
"g","Jean-Drapeau","PUF_JD_03","19/06/2024","03/07/2024","Pionidia_2613197",55,0.0710594315245478
"g","Jean-Drapeau","PUF_JD_03","19/06/2024","03/07/2024","Chrysoperla_7521",31,0.0400516795865633
"g","Jean-Drapeau","PUF_JD_03","19/06/2024","03/07/2024","Oidaematophorus_688446",24,0.0310077519379845
"g","Jean-Drapeau","PUF_JD_03","19/06/2024","03/07/2024","Kosswigianella_984418",18,0.0232558139534884
"g","Jean-Drapeau","PUF_JD_04","03/07/2024","17/07/2024","Glypsus_-21471",996,0.627994955863808
"g","Jean-Drapeau","PUF_JD_04","03/07/2024","17/07/2024","Bos_9903",217,0.136822194199243
"g","Jean-Drapeau","PUF_JD_04","03/07/2024","17/07/2024","Tetragnatha_27395",153,0.096469104665826
"g","Jean-Drapeau","PUF_JD_04","03/07/2024","17/07/2024","Pionidia_2613197",149,0.0939470365699874
"g","Jean-Drapeau","PUF_JD_04","03/07/2024","17/07/2024",NA,71,0.0447667087011349
"g","Jean-Drapeau","PUF_JD_05","17/07/2024","31/07/2024","Tetragnatha_27395",1700,0.426492724535876
"g","Jean-Drapeau","PUF_JD_05","17/07/2024","31/07/2024","Glypsus_-21471",609,0.152784746613146
"g","Jean-Drapeau","PUF_JD_05","17/07/2024","31/07/2024",NA,449,0.112644254892122
"g","Jean-Drapeau","PUF_JD_05","17/07/2024","31/07/2024","Pemphigus_13192",429,0.107626693426994
"g","Jean-Drapeau","PUF_JD_05","17/07/2024","31/07/2024","Pionidia_2613197",297,0.07451078775715
"g","Jean-Drapeau","PUF_JD_05","17/07/2024","31/07/2024","Cricotopus_153373",243,0.0609633718013046
"g","Jean-Drapeau","PUF_JD_05","17/07/2024","31/07/2024","Euschistus_437492",55,0.0137982940291019
"g","Jean-Drapeau","PUF_JD_05","17/07/2024","31/07/2024","Tetra_1310384",50,0.0125439036628199
"g","Jean-Drapeau","PUF_JD_05","17/07/2024","31/07/2024","Bos_9903",45,0.0112895132965379
"g","Jean-Drapeau","PUF_JD_05","17/07/2024","31/07/2024","Aphis_80764",42,0.0105368790767687
"g","Jean-Drapeau","PUF_JD_05","17/07/2024","31/07/2024","Endria_30119",37,0.0092824887104867
"g","Jean-Drapeau","PUF_JD_05","17/07/2024","31/07/2024","Melanophthalma_433122",30,0.00752634219769192
"g","Jean-Drapeau","PUF_JD_06","31/07/2024","14/08/2024","Glypsus_-21471",3494,0.93148493735004
"g","Jean-Drapeau","PUF_JD_06","31/07/2024","14/08/2024","Tetragnatha_27395",119,0.0317248733671021
"g","Jean-Drapeau","PUF_JD_06","31/07/2024","14/08/2024",NA,100,0.0266595574513463
"g","Jean-Drapeau","PUF_JD_06","31/07/2024","14/08/2024","Pionidia_2613197",38,0.0101306318315116
"g","Jean-Drapeau","PUF_JD_07","14/08/2024","28/08/2024","Glypsus_-21471",2271,0.541746183206107
"g","Jean-Drapeau","PUF_JD_07","14/08/2024","28/08/2024","Harmonia_115356",867,0.206822519083969
"g","Jean-Drapeau","PUF_JD_07","14/08/2024","28/08/2024","Hydropsyche_50443",592,0.141221374045802
"g","Jean-Drapeau","PUF_JD_07","14/08/2024","28/08/2024",NA,182,0.0434160305343511
"g","Jean-Drapeau","PUF_JD_07","14/08/2024","28/08/2024","Aceria_109362",95,0.022662213740458
"g","Jean-Drapeau","PUF_JD_07","14/08/2024","28/08/2024","Lygus_30084",79,0.0188454198473282
"g","Jean-Drapeau","PUF_JD_07","14/08/2024","28/08/2024","Larinioides_280405",53,0.0126431297709924
"g","Jean-Drapeau","PUF_JD_07","14/08/2024","28/08/2024","Pionidia_2613197",53,0.0126431297709924
"g","Jean-Drapeau","PUF_JD_08","28/08/2024","11/09/2024","Tetragnatha_27395",8581,0.989050253573075
"g","Jean-Drapeau","PUF_JD_08","28/08/2024","11/09/2024","Glypsus_-21471",95,0.0109497464269248
"g","Jean-Drapeau","PUF_JD_09","11/09/2024","25/09/2024","Glypsus_-21471",670,0.588752196836555
"g","Jean-Drapeau","PUF_JD_09","11/09/2024","25/09/2024","Pionidia_2613197",227,0.199472759226714
"g","Jean-Drapeau","PUF_JD_09","11/09/2024","25/09/2024",NA,152,0.133567662565905
"g","Jean-Drapeau","PUF_JD_09","11/09/2024","25/09/2024","Obus_279488",69,0.0606326889279438
"g","Jean-Drapeau","PUF_JD_09","11/09/2024","25/09/2024","Tetragnatha_27395",20,0.0175746924428823
"g","Jean-Drapeau","PUF_JD_10","25/09/2024","09/10/2024","Capitophorus_527611",6147,0.753585877160721
"g","Jean-Drapeau","PUF_JD_10","25/09/2024","09/10/2024","Glypsus_-21471",1552,0.190266029177394
"g","Jean-Drapeau","PUF_JD_10","25/09/2024","09/10/2024","Cricotopus_153373",243,0.0297903641044502
"g","Jean-Drapeau","PUF_JD_10","25/09/2024","09/10/2024","Tetragnatha_27395",215,0.0263577295574353
"g",NA,NA,NA,NA,"Cethosia_127316",15388,0.514734905502592
"g",NA,NA,NA,NA,"Heliconius_33416",10768,0.360194012376652
"g",NA,NA,NA,NA,"Caligo_127325",2710,0.0906506104699783
"g",NA,NA,NA,NA,"Willowsia_181624",340,0.0113731393209567
"g",NA,NA,NA,NA,"Parthenos_191422",284,0.00949991637397558
"g",NA,NA,NA,NA,"Papilio_7145",254,0.00849640408094999
"g",NA,NA,NA,NA,"Hymenopus_267204",63,0.00210737581535374
"g",NA,NA,NA,NA,"Siproeta_64447",51,0.0017059708981435
"g",NA,NA,NA,NA,"Tyrophagus_41443",37,0.00123766516139823
"s","Bird Observatory","PUF_MBO_01","20/05/2024","03/06/2024",NA,1464,0.697807435653003
"s","Bird Observatory","PUF_MBO_01","20/05/2024","03/06/2024","Glypsus_conspicuus_-21472",128,0.0610104861773117
"s","Bird Observatory","PUF_MBO_01","20/05/2024","03/06/2024","Aculodes_mckenziei_644532",120,0.0571973307912297
"s","Bird Observatory","PUF_MBO_01","20/05/2024","03/06/2024","Abacarus_plumiger_2316514",84,0.0400381315538608
"s","Bird Observatory","PUF_MBO_01","20/05/2024","03/06/2024","Megaselia_hirticrus_1987627",72,0.0343183984747378
"s","Bird Observatory","PUF_MBO_01","20/05/2024","03/06/2024","Labidomera_clivicollis_131652",67,0.0319351763584366
"s","Bird Observatory","PUF_MBO_01","20/05/2024","03/06/2024","Aculus_schlechtendali_2813516",60,0.0285986653956149
"s","Bird Observatory","PUF_MBO_01","20/05/2024","03/06/2024","Abacarus_hystrix_644148",58,0.0276453765490944
"s","Bird Observatory","PUF_MBO_01","20/05/2024","03/06/2024","Bos_taurus_9913",45,0.0214489990467112
"s","Bird Observatory","PUF_MBO_02","03/06/2024","17/06/2024","Xestia_c-nigrum_987431",8006,0.524227344159246
"s","Bird Observatory","PUF_MBO_02","03/06/2024","17/06/2024",NA,7216,0.472498690413829
"s","Bird Observatory","PUF_MBO_02","03/06/2024","17/06/2024","Glypsus_conspicuus_-21472",50,0.00327396542692509
"s","Bird Observatory","PUF_MBO_03","17/06/2024","01/07/2024","Glypsus_conspicuus_-21472",305,0.621181262729124
"s","Bird Observatory","PUF_MBO_03","17/06/2024","01/07/2024","Philodromus_rufus_336570",139,0.283095723014257
"s","Bird Observatory","PUF_MBO_03","17/06/2024","01/07/2024",NA,47,0.0957230142566191
"s","Bird Observatory","PUF_MBO_04","01/07/2024","15/07/2024","Glypsus_conspicuus_-21472",398,0.373358348968105
"s","Bird Observatory","PUF_MBO_04","01/07/2024","15/07/2024","Bos_taurus_9913",308,0.288930581613508
"s","Bird Observatory","PUF_MBO_04","01/07/2024","15/07/2024",NA,244,0.228893058161351
"s","Bird Observatory","PUF_MBO_04","01/07/2024","15/07/2024","Rhacognathus_americanus_-21479",116,0.108818011257036
"s","Bird Observatory","PUF_MBO_05","15/07/2024","29/07/2024","Choristoneura_rosaceana_27543",8556,0.940529845003847
"s","Bird Observatory","PUF_MBO_05","15/07/2024","29/07/2024","Glypsus_conspicuus_-21472",368,0.0404528965593053
"s","Bird Observatory","PUF_MBO_05","15/07/2024","29/07/2024",NA,67,0.00736506540617786
"s","Bird Observatory","PUF_MBO_05","15/07/2024","29/07/2024","Succinea_putris_145427",55,0.0060459492140266
"s","Bird Observatory","PUF_MBO_05","15/07/2024","29/07/2024","Rhacognathus_americanus_-21479",51,0.00560624381664285
"s","Bird Observatory","PUF_MBO_06","29/07/2024","12/08/2024","Glypsus_conspicuus_-21472",588,0.837606837606838
"s","Bird Observatory","PUF_MBO_06","29/07/2024","12/08/2024",NA,114,0.162393162393162
"s","Bird Observatory","PUF_MBO_07","12/08/2024","26/08/2024","Glypsus_conspicuus_-21472",1123,0.80386542591267
"s","Bird Observatory","PUF_MBO_07","12/08/2024","26/08/2024",NA,274,0.19613457408733
"s","Bird Observatory","PUF_MBO_08","26/08/2024","09/09/2024","Glypsus_conspicuus_-21472",1252,0.870048644892286
"s","Bird Observatory","PUF_MBO_08","26/08/2024","09/09/2024",NA,187,0.129951355107714
"s","Bird Observatory","PUF_MBO_09","09/09/2024","23/09/2024","Glypsus_conspicuus_-21472",1901,0.754065846886156
"s","Bird Observatory","PUF_MBO_09","09/09/2024","23/09/2024",NA,573,0.227290757635859
"s","Bird Observatory","PUF_MBO_09","09/09/2024","23/09/2024","Bos_taurus_9913",47,0.0186433954779849
"s","Bird Observatory","PUF_MBO_10","23/09/2024","07/10/2024","Glypsus_conspicuus_-21472",800,0.641539695268645
"s","Bird Observatory","PUF_MBO_10","23/09/2024","07/10/2024",NA,447,0.358460304731355
"s","Botanical Garden","PUF_BOT_01","17/05/2024","31/05/2024",NA,575,0.774932614555256
"s","Botanical Garden","PUF_BOT_01","17/05/2024","31/05/2024","Trisetacus_thujae_2695370",75,0.101078167115903
"s","Botanical Garden","PUF_BOT_01","17/05/2024","31/05/2024","Eriosoma_americanum_527649",36,0.0485175202156334
"s","Botanical Garden","PUF_BOT_01","17/05/2024","31/05/2024","Homo_sapiens_9606",31,0.0417789757412399
"s","Botanical Garden","PUF_BOT_01","17/05/2024","31/05/2024","Cheumatopsyche_campyla_692082",25,0.0336927223719677
"s","Botanical Garden","PUF_BOT_02","31/05/2024","14/06/2024",NA,1984,0.866754041065968
"s","Botanical Garden","PUF_BOT_02","31/05/2024","14/06/2024","Glypsus_conspicuus_-21472",121,0.0528615115771079
"s","Botanical Garden","PUF_BOT_02","31/05/2024","14/06/2024","Xestia_c-nigrum_987431",109,0.0476190476190476
"s","Botanical Garden","PUF_BOT_02","31/05/2024","14/06/2024","Aculus_populi_2920999",37,0.0161642638706859
"s","Botanical Garden","PUF_BOT_02","31/05/2024","14/06/2024","Phrurolithus_goodnighti_-1975",21,0.00917431192660551
"s","Botanical Garden","PUF_BOT_02","31/05/2024","14/06/2024","Homo_sapiens_9606",17,0.00742682394058541
"s","Botanical Garden","PUF_BOT_03","24/06/2024","28/06/2024","Bos_taurus_9913",88,1
"s","Botanical Garden","PUF_BOT_04","28/06/2024","12/07/2024","Glypsus_conspicuus_-21472",524,0.634382566585956
"s","Botanical Garden","PUF_BOT_04","28/06/2024","12/07/2024",NA,164,0.198547215496368
"s","Botanical Garden","PUF_BOT_04","28/06/2024","12/07/2024","Asteia_amoena_716597",138,0.167070217917676
"s","Botanical Garden","PUF_BOT_05","12/07/2024","26/07/2024",NA,753,0.525837988826816
"s","Botanical Garden","PUF_BOT_05","12/07/2024","26/07/2024","Glypsus_conspicuus_-21472",569,0.397346368715084
"s","Botanical Garden","PUF_BOT_05","12/07/2024","26/07/2024","Bos_taurus_9913",61,0.0425977653631285
"s","Botanical Garden","PUF_BOT_05","12/07/2024","26/07/2024","Shevtchenkella_serrata_2883626",31,0.0216480446927374
"s","Botanical Garden","PUF_BOT_05","12/07/2024","26/07/2024","Aceria_tosichella_561515",18,0.0125698324022346
"s","Botanical Garden","PUF_BOT_06","26/07/2024","09/08/2024","Pyla_fusca_683886",17783,0.914951636139123
"s","Botanical Garden","PUF_BOT_06","26/07/2024","09/08/2024","Glypsus_conspicuus_-21472",800,0.0411607326610414
"s","Botanical Garden","PUF_BOT_06","26/07/2024","09/08/2024","Homo_sapiens_9606",705,0.0362728956575427
"s","Botanical Garden","PUF_BOT_06","26/07/2024","09/08/2024","Galapagocoris_crockeri_-21293",88,0.00452768059271455
"s","Botanical Garden","PUF_BOT_06","26/07/2024","09/08/2024","Bembidion_flebile_-5823",60,0.0030870549495781
"s","Botanical Garden","PUF_BOT_07","09/08/2024","23/08/2024","Glypsus_conspicuus_-21472",1959,0.868736141906874
"s","Botanical Garden","PUF_BOT_07","09/08/2024","23/08/2024",NA,296,0.131263858093126
"s","Botanical Garden","PUF_BOT_08","23/08/2024","06/09/2024","Glypsus_conspicuus_-21472",571,0.551158301158301
"s","Botanical Garden","PUF_BOT_08","23/08/2024","06/09/2024",NA,386,0.372586872586873
"s","Botanical Garden","PUF_BOT_08","23/08/2024","06/09/2024","Lasius_nearcticus_488575",41,0.0395752895752896
"s","Botanical Garden","PUF_BOT_08","23/08/2024","06/09/2024","Aceria_fraxiniflora_2837636",38,0.0366795366795367
"s","Botanical Garden","PUF_BOT_09","06/09/2024","20/09/2024","Glypsus_conspicuus_-21472",1107,0.840546697038724
"s","Botanical Garden","PUF_BOT_09","06/09/2024","20/09/2024",NA,210,0.159453302961276
"s","Botanical Garden","PUF_BOT_10","20/09/2024","04/10/2024","Glypsus_conspicuus_-21472",2761,0.725052521008403
"s","Botanical Garden","PUF_BOT_10","20/09/2024","04/10/2024",NA,720,0.189075630252101
"s","Botanical Garden","PUF_BOT_10","20/09/2024","04/10/2024","Bos_taurus_9913",327,0.0858718487394958
"s","Boucherville","PUF_BOU_01","27/05/2024","10/06/2024",NA,236,0.979253112033195
"s","Boucherville","PUF_BOU_01","27/05/2024","10/06/2024","Corynoptera_cursor_1887982",3,0.012448132780083
"s","Boucherville","PUF_BOU_01","27/05/2024","10/06/2024","Homo_sapiens_9606",2,0.00829875518672199
"s","Boucherville","PUF_BOU_02","10/06/2024","24/06/2024",NA,501,0.495059288537549
"s","Boucherville","PUF_BOU_02","10/06/2024","24/06/2024","Deuterosminthurus_bicinctus_2041938",344,0.339920948616601
"s","Boucherville","PUF_BOU_02","10/06/2024","24/06/2024","Tyrophagus_putrescentiae_59818",76,0.075098814229249
"s","Boucherville","PUF_BOU_02","10/06/2024","24/06/2024","Homo_sapiens_9606",34,0.033596837944664
"s","Boucherville","PUF_BOU_02","10/06/2024","24/06/2024","Cantharis_versicolor_-4961",24,0.0237154150197628
"s","Boucherville","PUF_BOU_02","10/06/2024","24/06/2024","Glypsus_conspicuus_-21472",18,0.0177865612648221
"s","Boucherville","PUF_BOU_02","10/06/2024","24/06/2024","Rhacognathus_americanus_-21479",15,0.0148221343873518
"s","Boucherville","PUF_BOU_03","24/06/2024","08/07/2024",NA,338,0.559602649006622
"s","Boucherville","PUF_BOU_03","24/06/2024","08/07/2024","Glypsus_conspicuus_-21472",115,0.190397350993377
"s","Boucherville","PUF_BOU_03","24/06/2024","08/07/2024","Deuterosminthurus_bicinctus_2041938",82,0.135761589403974
"s","Boucherville","PUF_BOU_03","24/06/2024","08/07/2024","Bos_taurus_9913",57,0.0943708609271523
"s","Boucherville","PUF_BOU_03","24/06/2024","08/07/2024","Rhacognathus_americanus_-21479",12,0.0198675496688742
"s","Boucherville","PUF_BOU_04","08/07/2024","22/07/2024","Glypsus_conspicuus_-21472",276,0.531791907514451
"s","Boucherville","PUF_BOU_04","08/07/2024","22/07/2024",NA,211,0.40655105973025
"s","Boucherville","PUF_BOU_04","08/07/2024","22/07/2024","Melanoplus_femurrubrum_103640",32,0.0616570327552987
"s","Boucherville","PUF_BOU_05","22/07/2024","05/08/2024","Glypsus_conspicuus_-21472",1825,0.844516427579824
"s","Boucherville","PUF_BOU_05","22/07/2024","05/08/2024","Aphis_glycines_307491",140,0.0647848218417399
"s","Boucherville","PUF_BOU_05","22/07/2024","05/08/2024",NA,128,0.0592318371124479
"s","Boucherville","PUF_BOU_05","22/07/2024","05/08/2024","Corynoptera_bicuspidata_1720649",34,0.015733456732994
"s","Boucherville","PUF_BOU_05","22/07/2024","05/08/2024","Ornithonyssus_sylviarum_224536",34,0.015733456732994
"s","Boucherville","PUF_BOU_06","05/08/2024","19/08/2024","Glypsus_conspicuus_-21472",563,0.723650385604113
"s","Boucherville","PUF_BOU_06","05/08/2024","19/08/2024",NA,155,0.199228791773779
"s","Boucherville","PUF_BOU_06","05/08/2024","19/08/2024","Artemia_sorgeloosi_3034414",30,0.038560411311054
"s","Boucherville","PUF_BOU_06","05/08/2024","19/08/2024","Ischnura_verticalis_88053",18,0.0231362467866324
"s","Boucherville","PUF_BOU_06","05/08/2024","19/08/2024","Tetra_lobulifera_2837686",12,0.0154241645244216
"s","Boucherville","PUF_BOU_07","19/08/2024","02/09/2024",NA,119,0.367283950617284
"s","Boucherville","PUF_BOU_07","19/08/2024","02/09/2024","Glypsus_conspicuus_-21472",92,0.283950617283951
"s","Boucherville","PUF_BOU_07","19/08/2024","02/09/2024","Bos_taurus_9913",60,0.185185185185185
"s","Boucherville","PUF_BOU_07","19/08/2024","02/09/2024","Deuterosminthurus_bicinctus_2041938",53,0.16358024691358
"s","Boucherville","PUF_BOU_08","02/09/2024","16/09/2024","Glypsus_conspicuus_-21472",1701,0.878615702479339
"s","Boucherville","PUF_BOU_08","02/09/2024","16/09/2024",NA,235,0.121384297520661
"s","Boucherville","PUF_BOU_09","16/09/2024","30/09/2024","Glypsus_conspicuus_-21472",1259,0.748068924539513
"s","Boucherville","PUF_BOU_09","16/09/2024","30/09/2024",NA,359,0.213309566250743
"s","Boucherville","PUF_BOU_09","16/09/2024","30/09/2024","Homo_sapiens_9606",65,0.0386215092097445
"s","IPEX","PUF_IPEX_01","15/05/2024","29/05/2024","Glypsus_conspicuus_-21472",48,0.428571428571429
"s","IPEX","PUF_IPEX_01","15/05/2024","29/05/2024",NA,33,0.294642857142857
"s","IPEX","PUF_IPEX_01","15/05/2024","29/05/2024","Bos_grunniens_30521",21,0.1875
"s","IPEX","PUF_IPEX_01","15/05/2024","29/05/2024","Homo_sapiens_9606",7,0.0625
"s","IPEX","PUF_IPEX_01","15/05/2024","29/05/2024","Rhyncaphytoptus_amplus_2837673",3,0.0267857142857143
"s","IPEX","PUF_IPEX_02","29/05/2024","12/06/2024",NA,1277,0.807206068268015
"s","IPEX","PUF_IPEX_02","29/05/2024","12/06/2024","Abacarus_hystrix_644148",125,0.0790139064475348
"s","IPEX","PUF_IPEX_02","29/05/2024","12/06/2024","Glypsus_conspicuus_-21472",90,0.056890012642225
"s","IPEX","PUF_IPEX_02","29/05/2024","12/06/2024","Rhacognathus_americanus_-21479",52,0.0328697850821745
"s","IPEX","PUF_IPEX_02","29/05/2024","12/06/2024","Tetra_lobulifera_2837686",21,0.0132743362831858
"s","IPEX","PUF_IPEX_02","29/05/2024","12/06/2024","Cinara_laricifex_527606",17,0.0107458912768647
"s","IPEX","PUF_IPEX_03","12/06/2024","26/06/2024","Larinioides_sclopetarius_280406",9576,0.887817541257185
"s","IPEX","PUF_IPEX_03","12/06/2024","26/06/2024",NA,984,0.0912293714073799
"s","IPEX","PUF_IPEX_03","12/06/2024","26/06/2024","Glypsus_conspicuus_-21472",174,0.0161320229927684
"s","IPEX","PUF_IPEX_03","12/06/2024","26/06/2024","Bos_taurus_9913",52,0.00482106434266642
"s","IPEX","PUF_IPEX_04","26/06/2024","10/07/2024","Glypsus_conspicuus_-21472",888,0.555347091932458
"s","IPEX","PUF_IPEX_04","26/06/2024","10/07/2024",NA,558,0.348968105065666
"s","IPEX","PUF_IPEX_04","26/06/2024","10/07/2024","Rhacognathus_americanus_-21479",105,0.0656660412757974
"s","IPEX","PUF_IPEX_04","26/06/2024","10/07/2024","Bos_taurus_9913",48,0.0300187617260788
"s","IPEX","PUF_IPEX_05","10/07/2024","24/07/2024","Glypsus_conspicuus_-21472",3773,0.721690895179801
"s","IPEX","PUF_IPEX_05","10/07/2024","24/07/2024",NA,1276,0.24407039020658
"s","IPEX","PUF_IPEX_05","10/07/2024","24/07/2024","Deuterosminthurus_bicinctus_2041938",121,0.0231446059678653
"s","IPEX","PUF_IPEX_05","10/07/2024","24/07/2024","Rhacognathus_americanus_-21479",58,0.0110941086457536
"s","IPEX","PUF_IPEX_06","24/07/2024","07/08/2024","Glypsus_conspicuus_-21472",812,0.871244635193133
"s","IPEX","PUF_IPEX_06","24/07/2024","07/08/2024",NA,120,0.128755364806867
"s","IPEX","PUF_IPEX_07","07/08/2024","21/08/2024","Glypsus_conspicuus_-21472",1045,0.708955223880597
"s","IPEX","PUF_IPEX_07","07/08/2024","21/08/2024",NA,402,0.272727272727273
"s","IPEX","PUF_IPEX_07","07/08/2024","21/08/2024","Rhacognathus_americanus_-21479",27,0.0183175033921303
"s","IPEX","PUF_IPEX_08","21/08/2024","04/09/2024","Glypsus_conspicuus_-21472",1466,0.722523410547067
"s","IPEX","PUF_IPEX_08","21/08/2024","04/09/2024",NA,493,0.242976835879744
"s","IPEX","PUF_IPEX_08","21/08/2024","04/09/2024","Bos_taurus_9913",70,0.0344997535731888
"s","IPEX","PUF_IPEX_09","04/09/2024","18/09/2024","Glypsus_conspicuus_-21472",962,1
"s","IPEX","PUF_IPEX_10","18/09/2024","02/10/2024","Glypsus_conspicuus_-21472",2651,0.737823545783468
"s","IPEX","PUF_IPEX_10","18/09/2024","02/10/2024","Liposcelis_paeta_209927",574,0.159755079320902
"s","IPEX","PUF_IPEX_10","18/09/2024","02/10/2024",NA,285,0.0793209017534094
"s","IPEX","PUF_IPEX_10","18/09/2024","02/10/2024","Bryophaenocladius_terrestris_3042047",83,0.023100473142221
"s","Jean-Drapeau","PUF_JD_01","22/05/2024","05/06/2024","Hypena_scabra_95219",6071,0.69565715595279
"s","Jean-Drapeau","PUF_JD_01","22/05/2024","05/06/2024","Anystis_baccarum_2250316",1435,0.164432221840266
"s","Jean-Drapeau","PUF_JD_01","22/05/2024","05/06/2024",NA,1065,0.122035063595737
"s","Jean-Drapeau","PUF_JD_01","22/05/2024","05/06/2024","Tetragnatha_shoshone_1659988",76,0.0087086054772545
"s","Jean-Drapeau","PUF_JD_01","22/05/2024","05/06/2024","Glypsus_conspicuus_-21472",46,0.00527099805202246
"s","Jean-Drapeau","PUF_JD_01","22/05/2024","05/06/2024","Tetramorium_immigrans_2164160",34,0.00389595508192964
"s","Jean-Drapeau","PUF_JD_02","05/06/2024","19/06/2024","Pigritia_fidella_1473675",13484,0.963693539165237
"s","Jean-Drapeau","PUF_JD_02","05/06/2024","19/06/2024",NA,231,0.0165094339622642
"s","Jean-Drapeau","PUF_JD_02","05/06/2024","19/06/2024","Xestia_c-nigrum_987431",183,0.0130789022298456
"s","Jean-Drapeau","PUF_JD_02","05/06/2024","19/06/2024","Hydroptila_spatulata_692086",94,0.00671812464265294
"s","Jean-Drapeau","PUF_JD_03","19/06/2024","03/07/2024",NA,284,0.366925064599483
"s","Jean-Drapeau","PUF_JD_03","19/06/2024","03/07/2024","Plagiognathus_obscurus_881741",163,0.210594315245478
"s","Jean-Drapeau","PUF_JD_03","19/06/2024","03/07/2024","Glypsus_conspicuus_-21472",160,0.20671834625323
"s","Jean-Drapeau","PUF_JD_03","19/06/2024","03/07/2024","Homo_sapiens_9606",94,0.121447028423773
"s","Jean-Drapeau","PUF_JD_03","19/06/2024","03/07/2024","Chrysoperla_adamsi_76812",31,0.0400516795865633
"s","Jean-Drapeau","PUF_JD_03","19/06/2024","03/07/2024","Oidaematophorus_homodactylus_688447",24,0.0310077519379845
"s","Jean-Drapeau","PUF_JD_03","19/06/2024","03/07/2024","Kosswigianella_wasatchi_1863055",18,0.0232558139534884
"s","Jean-Drapeau","PUF_JD_04","03/07/2024","17/07/2024","Glypsus_conspicuus_-21472",996,0.627994955863808
"s","Jean-Drapeau","PUF_JD_04","03/07/2024","17/07/2024",NA,220,0.138713745271122
"s","Jean-Drapeau","PUF_JD_04","03/07/2024","17/07/2024","Bos_taurus_9913",217,0.136822194199243
"s","Jean-Drapeau","PUF_JD_04","03/07/2024","17/07/2024","Tetragnatha_guatemalensis_336607",153,0.096469104665826
"s","Jean-Drapeau","PUF_JD_05","17/07/2024","31/07/2024","Tetragnatha_guatemalensis_336607",1700,0.426492724535876
"s","Jean-Drapeau","PUF_JD_05","17/07/2024","31/07/2024",NA,989,0.248118414450577
"s","Jean-Drapeau","PUF_JD_05","17/07/2024","31/07/2024","Glypsus_conspicuus_-21472",609,0.152784746613146
"s","Jean-Drapeau","PUF_JD_05","17/07/2024","31/07/2024","Pemphigus_populitransversus_220090",429,0.107626693426994
"s","Jean-Drapeau","PUF_JD_05","17/07/2024","31/07/2024","Euschistus_servus_756488",55,0.0137982940291019
"s","Jean-Drapeau","PUF_JD_05","17/07/2024","31/07/2024","Tetra_lobulifera_2837686",50,0.0125439036628199
"s","Jean-Drapeau","PUF_JD_05","17/07/2024","31/07/2024","Bos_taurus_9913",45,0.0112895132965379
"s","Jean-Drapeau","PUF_JD_05","17/07/2024","31/07/2024","Aphis_glycines_307491",42,0.0105368790767687
"s","Jean-Drapeau","PUF_JD_05","17/07/2024","31/07/2024","Endria_inimicus_-19763",37,0.0092824887104867
"s","Jean-Drapeau","PUF_JD_05","17/07/2024","31/07/2024","Melanophthalma_pumila_2083628",30,0.00752634219769192
"s","Jean-Drapeau","PUF_JD_06","31/07/2024","14/08/2024","Glypsus_conspicuus_-21472",3494,0.93148493735004
"s","Jean-Drapeau","PUF_JD_06","31/07/2024","14/08/2024",NA,138,0.0367901892828579
"s","Jean-Drapeau","PUF_JD_06","31/07/2024","14/08/2024","Tetragnatha_guatemalensis_336607",119,0.0317248733671021
"s","Jean-Drapeau","PUF_JD_07","14/08/2024","28/08/2024","Glypsus_conspicuus_-21472",2271,0.541746183206107
"s","Jean-Drapeau","PUF_JD_07","14/08/2024","28/08/2024","Harmonia_axyridis_115357",867,0.206822519083969
"s","Jean-Drapeau","PUF_JD_07","14/08/2024","28/08/2024","Hydropsyche_alternans_3381222",592,0.141221374045802
"s","Jean-Drapeau","PUF_JD_07","14/08/2024","28/08/2024",NA,235,0.0560591603053435
"s","Jean-Drapeau","PUF_JD_07","14/08/2024","28/08/2024","Aceria_fraxiniflora_2837636",95,0.022662213740458
"s","Jean-Drapeau","PUF_JD_07","14/08/2024","28/08/2024","Lygus_lineolaris_50650",79,0.0188454198473282
"s","Jean-Drapeau","PUF_JD_07","14/08/2024","28/08/2024","Larinioides_sclopetarius_280406",53,0.0126431297709924
"s","Jean-Drapeau","PUF_JD_08","28/08/2024","11/09/2024","Tetragnatha_guatemalensis_336607",8581,0.989050253573075
"s","Jean-Drapeau","PUF_JD_08","28/08/2024","11/09/2024","Glypsus_conspicuus_-21472",95,0.0109497464269248
"s","Jean-Drapeau","PUF_JD_09","11/09/2024","25/09/2024","Glypsus_conspicuus_-21472",670,0.588752196836555
"s","Jean-Drapeau","PUF_JD_09","11/09/2024","25/09/2024",NA,448,0.393673110720562
"s","Jean-Drapeau","PUF_JD_09","11/09/2024","25/09/2024","Tetragnatha_guatemalensis_336607",20,0.0175746924428823
"s","Jean-Drapeau","PUF_JD_10","25/09/2024","09/10/2024","Capitophorus_elaeagni_527612",6147,0.753585877160721
"s","Jean-Drapeau","PUF_JD_10","25/09/2024","09/10/2024","Glypsus_conspicuus_-21472",1552,0.190266029177394
"s","Jean-Drapeau","PUF_JD_10","25/09/2024","09/10/2024","Cricotopus_trifascia_401643",243,0.0297903641044502
"s","Jean-Drapeau","PUF_JD_10","25/09/2024","09/10/2024","Tetragnatha_shoshone_1659988",215,0.0263577295574353
"s",NA,NA,NA,NA,"Cethosia_biblis_876379",15388,0.514734905502592
"s",NA,NA,NA,NA,"Heliconius_doris_33455",10768,0.360194012376652
"s",NA,NA,NA,NA,"Caligo_brasiliensis_1005066",2710,0.0906506104699783
"s",NA,NA,NA,NA,"Willowsia_buskii_1458441",340,0.0113731393209567
"s",NA,NA,NA,NA,"Parthenos_sylvia_3150745",284,0.00949991637397558
"s",NA,NA,NA,NA,"Papilio_rumanzovia_262663",226,0.00755979260745944
"s",NA,NA,NA,NA,"Hymenopus_coronatus_267205",63,0.00210737581535374
"s",NA,NA,NA,NA,"Siproeta_epaphus_311052",51,0.0017059708981435
"s",NA,NA,NA,NA,"Tyrophagus_putrescentiae_59818",37,0.00123766516139823
"s",NA,NA,NA,NA,"Papilio_demoleus_76202",28,0.00093661147349055
