"Level","site","ID_order","from","to","Taxon","Reads","Fx"
"k","Bird Observatory","PUF_MBO_01","20/05/2024","03/06/2024","Metazoa_33208",2282,1
"k","Bird Observatory","PUF_MBO_02","03/06/2024","17/06/2024","Metazoa_33208",15353,1
"k","Bird Observatory","PUF_MBO_03","17/06/2024","01/07/2024","Metazoa_33208",628,1
"k","Bird Observatory","PUF_MBO_04","01/07/2024","15/07/2024","Metazoa_33208",1115,1
"k","Bird Observatory","PUF_MBO_05","15/07/2024","29/07/2024","Metazoa_33208",9251,1
"k","Bird Observatory","PUF_MBO_06","29/07/2024","12/08/2024","Metazoa_33208",907,1
"k","Bird Observatory","PUF_MBO_07","12/08/2024","26/08/2024","Metazoa_33208",1685,1
"k","Bird Observatory","PUF_MBO_08","26/08/2024","09/09/2024","Metazoa_33208",1611,1
"k","Bird Observatory","PUF_MBO_09","09/09/2024","23/09/2024","Metazoa_33208",2812,1
"k","Bird Observatory","PUF_MBO_10","23/09/2024","07/10/2024","Metazoa_33208",1581,1
"k","Botanical Garden","PUF_BOT_01","17/05/2024","31/05/2024","Metazoa_33208",811,1
"k","Botanical Garden","PUF_BOT_02","31/05/2024","14/06/2024","Metazoa_33208",2389,1
"k","Botanical Garden","PUF_BOT_03","24/06/2024","28/06/2024","Metazoa_33208",88,1
"k","Botanical Garden","PUF_BOT_04","28/06/2024","12/07/2024","Metazoa_33208",920,1
"k","Botanical Garden","PUF_BOT_05","12/07/2024","26/07/2024","Metazoa_33208",1517,1
"k","Botanical Garden","PUF_BOT_06","26/07/2024","09/08/2024","Metazoa_33208",19670,1
"k","Botanical Garden","PUF_BOT_07","09/08/2024","23/08/2024","Metazoa_33208",2614,1
"k","Botanical Garden","PUF_BOT_08","23/08/2024","06/09/2024","Metazoa_33208",1168,1
"k","Botanical Garden","PUF_BOT_09","06/09/2024","20/09/2024","Metazoa_33208",1427,1
"k","Botanical Garden","PUF_BOT_10","20/09/2024","04/10/2024","Metazoa_33208",3853,1
"k","Boucherville","PUF_BOU_01","27/05/2024","10/06/2024","Metazoa_33208",252,1
"k","Boucherville","PUF_BOU_02","10/06/2024","24/06/2024","Metazoa_33208",1048,1
"k","Boucherville","PUF_BOU_03","24/06/2024","08/07/2024","Metazoa_33208",640,1
"k","Boucherville","PUF_BOU_04","08/07/2024","22/07/2024","Metazoa_33208",584,1
"k","Boucherville","PUF_BOU_05","22/07/2024","05/08/2024","Metazoa_33208",2383,1
"k","Boucherville","PUF_BOU_06","05/08/2024","19/08/2024","Metazoa_33208",840,1
"k","Boucherville","PUF_BOU_07","19/08/2024","02/09/2024","Metazoa_33208",326,1
"k","Boucherville","PUF_BOU_08","02/09/2024","16/09/2024","Metazoa_33208",2202,1
"k","Boucherville","PUF_BOU_09","16/09/2024","30/09/2024","Metazoa_33208",1792,1
"k","IPEX","PUF_IPEX_01","15/05/2024","29/05/2024","Metazoa_33208",112,1
"k","IPEX","PUF_IPEX_02","29/05/2024","12/06/2024","Metazoa_33208",1765,1
"k","IPEX","PUF_IPEX_03","12/06/2024","26/06/2024","Metazoa_33208",11224,1
"k","IPEX","PUF_IPEX_04","26/06/2024","10/07/2024","Metazoa_33208",1950,1
"k","IPEX","PUF_IPEX_05","10/07/2024","24/07/2024","Metazoa_33208",5573,1
"k","IPEX","PUF_IPEX_06","24/07/2024","07/08/2024","Metazoa_33208",989,1
"k","IPEX","PUF_IPEX_07","07/08/2024","21/08/2024","Metazoa_33208",1682,1
"k","IPEX","PUF_IPEX_08","21/08/2024","04/09/2024","Metazoa_33208",2321,1
"k","IPEX","PUF_IPEX_09","04/09/2024","18/09/2024","Metazoa_33208",1104,1
"k","IPEX","PUF_IPEX_10","18/09/2024","02/10/2024","Metazoa_33208",4168,1
"k","Insectarium","Insectarium_Cocoon","10/11/2025","24/11/2025","Metazoa_33208",269,1
"k","Insectarium","Insectarium_Door","10/11/2025","24/11/2025","Metazoa_33208",49,1
"k","Insectarium","Insectarium_Up","10/11/2025","24/11/2025","Metazoa_33208",1884,1
"k","Jean-Drapeau","PUF_JD_01","22/05/2024","05/06/2024","Metazoa_33208",8887,1
"k","Jean-Drapeau","PUF_JD_02","05/06/2024","19/06/2024","Metazoa_33208",14113,1
"k","Jean-Drapeau","PUF_JD_03","19/06/2024","03/07/2024","Metazoa_33208",987,1
"k","Jean-Drapeau","PUF_JD_04","03/07/2024","17/07/2024","Metazoa_33208",1624,1
"k","Jean-Drapeau","PUF_JD_05","17/07/2024","31/07/2024","Metazoa_33208",4165,1
"k","Jean-Drapeau","PUF_JD_06","31/07/2024","14/08/2024","Metazoa_33208",3916,1
"k","Jean-Drapeau","PUF_JD_07","14/08/2024","28/08/2024","Metazoa_33208",4508,1
"k","Jean-Drapeau","PUF_JD_08","28/08/2024","11/09/2024","Metazoa_33208",8711,1
"k","Jean-Drapeau","PUF_JD_09","11/09/2024","25/09/2024","Metazoa_33208",1206,1
"k","Jean-Drapeau","PUF_JD_10","25/09/2024","09/10/2024","Metazoa_33208",8483,1
"k","Mont_Tremblant","Mont_Tremblant","30/08/2025","31/08/2025","Metazoa_33208",984,1
"k",NA,NA,NA,NA,"Metazoa_33208",30106,1
"p","Bird Observatory","PUF_MBO_01","20/05/2024","03/06/2024","Arthropoda_6656",2216,0.971078001752848
"p","Bird Observatory","PUF_MBO_01","20/05/2024","03/06/2024","Chordata_7711",59,0.0258545135845749
"p","Bird Observatory","PUF_MBO_01","20/05/2024","03/06/2024","Cnidaria_6073",7,0.00306748466257669
"p","Bird Observatory","PUF_MBO_02","03/06/2024","17/06/2024","Arthropoda_6656",15325,0.998176252198267
"p","Bird Observatory","PUF_MBO_02","03/06/2024","17/06/2024","Cnidaria_6073",28,0.00182374780173256
"p","Bird Observatory","PUF_MBO_03","17/06/2024","01/07/2024","Arthropoda_6656",596,0.949044585987261
"p","Bird Observatory","PUF_MBO_03","17/06/2024","01/07/2024","Cnidaria_6073",20,0.0318471337579618
"p","Bird Observatory","PUF_MBO_03","17/06/2024","01/07/2024","Chordata_7711",12,0.0191082802547771
"p","Bird Observatory","PUF_MBO_04","01/07/2024","15/07/2024","Arthropoda_6656",807,0.723766816143498
"p","Bird Observatory","PUF_MBO_04","01/07/2024","15/07/2024","Chordata_7711",308,0.276233183856502
"p","Bird Observatory","PUF_MBO_05","15/07/2024","29/07/2024","Arthropoda_6656",9142,0.988217490001081
"p","Bird Observatory","PUF_MBO_05","15/07/2024","29/07/2024","Mollusca_6447",72,0.00778294238460707
"p","Bird Observatory","PUF_MBO_05","15/07/2024","29/07/2024","Chordata_7711",20,0.00216192844016863
"p","Bird Observatory","PUF_MBO_05","15/07/2024","29/07/2024","Cnidaria_6073",17,0.00183763917414334
"p","Bird Observatory","PUF_MBO_06","29/07/2024","12/08/2024","Arthropoda_6656",864,0.952590959206174
"p","Bird Observatory","PUF_MBO_06","29/07/2024","12/08/2024","Mollusca_6447",24,0.0264608599779493
"p","Bird Observatory","PUF_MBO_06","29/07/2024","12/08/2024","Cnidaria_6073",19,0.0209481808158765
"p","Bird Observatory","PUF_MBO_07","12/08/2024","26/08/2024","Arthropoda_6656",1561,0.926409495548961
"p","Bird Observatory","PUF_MBO_07","12/08/2024","26/08/2024","Cnidaria_6073",124,0.0735905044510386
"p","Bird Observatory","PUF_MBO_08","26/08/2024","09/09/2024","Arthropoda_6656",1558,0.967101179391682
"p","Bird Observatory","PUF_MBO_08","26/08/2024","09/09/2024","Cnidaria_6073",53,0.0328988206083178
"p","Bird Observatory","PUF_MBO_09","09/09/2024","23/09/2024","Arthropoda_6656",2574,0.915362731152205
"p","Bird Observatory","PUF_MBO_09","09/09/2024","23/09/2024","Cnidaria_6073",97,0.0344950213371266
"p","Bird Observatory","PUF_MBO_09","09/09/2024","23/09/2024","Mollusca_6447",94,0.0334281650071124
"p","Bird Observatory","PUF_MBO_09","09/09/2024","23/09/2024","Chordata_7711",47,0.0167140825035562
"p","Bird Observatory","PUF_MBO_10","23/09/2024","07/10/2024","Arthropoda_6656",1478,0.934851359898798
"p","Bird Observatory","PUF_MBO_10","23/09/2024","07/10/2024","Cnidaria_6073",103,0.0651486401012018
"p","Botanical Garden","PUF_BOT_01","17/05/2024","31/05/2024","Arthropoda_6656",741,0.913686806411837
"p","Botanical Garden","PUF_BOT_01","17/05/2024","31/05/2024","Chordata_7711",36,0.0443896424167694
"p","Botanical Garden","PUF_BOT_01","17/05/2024","31/05/2024","Cnidaria_6073",34,0.0419235511713933
"p","Botanical Garden","PUF_BOT_02","31/05/2024","14/06/2024","Arthropoda_6656",2334,0.97697781498535
"p","Botanical Garden","PUF_BOT_02","31/05/2024","14/06/2024","Chordata_7711",37,0.0154876517371285
"p","Botanical Garden","PUF_BOT_02","31/05/2024","14/06/2024","Cnidaria_6073",18,0.00753453327752198
"p","Botanical Garden","PUF_BOT_03","24/06/2024","28/06/2024","Chordata_7711",88,1
"p","Botanical Garden","PUF_BOT_04","28/06/2024","12/07/2024","Arthropoda_6656",893,0.970652173913043
"p","Botanical Garden","PUF_BOT_04","28/06/2024","12/07/2024","Cnidaria_6073",27,0.0293478260869565
"p","Botanical Garden","PUF_BOT_05","12/07/2024","26/07/2024","Arthropoda_6656",1376,0.907053394858273
"p","Botanical Garden","PUF_BOT_05","12/07/2024","26/07/2024","Chordata_7711",61,0.040210942649967
"p","Botanical Garden","PUF_BOT_05","12/07/2024","26/07/2024","Mollusca_6447",47,0.030982201713909
"p","Botanical Garden","PUF_BOT_05","12/07/2024","26/07/2024","Cnidaria_6073",33,0.021753460777851
"p","Botanical Garden","PUF_BOT_06","26/07/2024","09/08/2024","Arthropoda_6656",18965,0.964158617183528
"p","Botanical Garden","PUF_BOT_06","26/07/2024","09/08/2024","Chordata_7711",705,0.0358413828164718
"p","Botanical Garden","PUF_BOT_07","09/08/2024","23/08/2024","Arthropoda_6656",2537,0.970543228768171
"p","Botanical Garden","PUF_BOT_07","09/08/2024","23/08/2024","Cnidaria_6073",60,0.0229533282325937
"p","Botanical Garden","PUF_BOT_07","09/08/2024","23/08/2024","Chordata_7711",17,0.00650344299923489
"p","Botanical Garden","PUF_BOT_08","23/08/2024","06/09/2024","Arthropoda_6656",1127,0.964897260273973
"p","Botanical Garden","PUF_BOT_08","23/08/2024","06/09/2024","Cnidaria_6073",41,0.0351027397260274
"p","Botanical Garden","PUF_BOT_09","06/09/2024","20/09/2024","Arthropoda_6656",1389,0.973370707778556
"p","Botanical Garden","PUF_BOT_09","06/09/2024","20/09/2024","Mollusca_6447",17,0.0119131044148563
"p","Botanical Garden","PUF_BOT_09","06/09/2024","20/09/2024","Chordata_7711",11,0.00770847932725999
"p","Botanical Garden","PUF_BOT_09","06/09/2024","20/09/2024","Cnidaria_6073",10,0.00700770847932726
"p","Botanical Garden","PUF_BOT_10","20/09/2024","04/10/2024","Arthropoda_6656",3526,0.915131066701272
"p","Botanical Garden","PUF_BOT_10","20/09/2024","04/10/2024","Chordata_7711",327,0.0848689332987283
"p","Boucherville","PUF_BOU_01","27/05/2024","10/06/2024","Arthropoda_6656",247,0.98015873015873
"p","Boucherville","PUF_BOU_01","27/05/2024","10/06/2024","Chordata_7711",2,0.00793650793650794
"p","Boucherville","PUF_BOU_01","27/05/2024","10/06/2024","Cnidaria_6073",2,0.00793650793650794
"p","Boucherville","PUF_BOU_01","27/05/2024","10/06/2024","Mollusca_6447",1,0.00396825396825397
"p","Boucherville","PUF_BOU_02","10/06/2024","24/06/2024","Arthropoda_6656",986,0.940839694656489
"p","Boucherville","PUF_BOU_02","10/06/2024","24/06/2024","Chordata_7711",42,0.0400763358778626
"p","Boucherville","PUF_BOU_02","10/06/2024","24/06/2024","Cnidaria_6073",20,0.0190839694656489
"p","Boucherville","PUF_BOU_03","24/06/2024","08/07/2024","Arthropoda_6656",542,0.846875
"p","Boucherville","PUF_BOU_03","24/06/2024","08/07/2024","Chordata_7711",57,0.0890625
"p","Boucherville","PUF_BOU_03","24/06/2024","08/07/2024","Cnidaria_6073",41,0.0640625
"p","Boucherville","PUF_BOU_04","08/07/2024","22/07/2024","Arthropoda_6656",577,0.988013698630137
"p","Boucherville","PUF_BOU_04","08/07/2024","22/07/2024","Chordata_7711",7,0.011986301369863
"p","Boucherville","PUF_BOU_05","22/07/2024","05/08/2024","Arthropoda_6656",2299,0.964750314729333
"p","Boucherville","PUF_BOU_05","22/07/2024","05/08/2024","Cnidaria_6073",73,0.0306336550566513
"p","Boucherville","PUF_BOU_05","22/07/2024","05/08/2024","Mollusca_6447",11,0.00461603021401595
"p","Boucherville","PUF_BOU_06","05/08/2024","19/08/2024","Arthropoda_6656",798,0.95
"p","Boucherville","PUF_BOU_06","05/08/2024","19/08/2024","Cnidaria_6073",21,0.025
"p","Boucherville","PUF_BOU_06","05/08/2024","19/08/2024","Mollusca_6447",21,0.025
"p","Boucherville","PUF_BOU_07","19/08/2024","02/09/2024","Arthropoda_6656",220,0.674846625766871
"p","Boucherville","PUF_BOU_07","19/08/2024","02/09/2024","Chordata_7711",60,0.184049079754601
"p","Boucherville","PUF_BOU_07","19/08/2024","02/09/2024","Mollusca_6447",24,0.0736196319018405
"p","Boucherville","PUF_BOU_07","19/08/2024","02/09/2024","Cnidaria_6073",22,0.0674846625766871
"p","Boucherville","PUF_BOU_08","02/09/2024","16/09/2024","Arthropoda_6656",2086,0.947320617620345
"p","Boucherville","PUF_BOU_08","02/09/2024","16/09/2024","Cnidaria_6073",54,0.0245231607629428
"p","Boucherville","PUF_BOU_08","02/09/2024","16/09/2024","Chordata_7711",32,0.0145322434150772
"p","Boucherville","PUF_BOU_08","02/09/2024","16/09/2024","Mollusca_6447",30,0.0136239782016349
"p","Boucherville","PUF_BOU_09","16/09/2024","30/09/2024","Arthropoda_6656",1686,0.940848214285714
"p","Boucherville","PUF_BOU_09","16/09/2024","30/09/2024","Chordata_7711",86,0.0479910714285714
"p","Boucherville","PUF_BOU_09","16/09/2024","30/09/2024","Cnidaria_6073",10,0.00558035714285714
"p","Boucherville","PUF_BOU_09","16/09/2024","30/09/2024","Mollusca_6447",10,0.00558035714285714
"p","IPEX","PUF_IPEX_01","15/05/2024","29/05/2024","Arthropoda_6656",84,0.75
"p","IPEX","PUF_IPEX_01","15/05/2024","29/05/2024","Chordata_7711",28,0.25
"p","IPEX","PUF_IPEX_02","29/05/2024","12/06/2024","Arthropoda_6656",1670,0.946175637393768
"p","IPEX","PUF_IPEX_02","29/05/2024","12/06/2024","Cnidaria_6073",88,0.0498583569405099
"p","IPEX","PUF_IPEX_02","29/05/2024","12/06/2024","Chordata_7711",7,0.00396600566572238
"p","IPEX","PUF_IPEX_03","12/06/2024","26/06/2024","Arthropoda_6656",11079,0.98708125445474
"p","IPEX","PUF_IPEX_03","12/06/2024","26/06/2024","Cnidaria_6073",93,0.00828581610833927
"p","IPEX","PUF_IPEX_03","12/06/2024","26/06/2024","Chordata_7711",52,0.00463292943692088
"p","IPEX","PUF_IPEX_04","26/06/2024","10/07/2024","Arthropoda_6656",1693,0.868205128205128
"p","IPEX","PUF_IPEX_04","26/06/2024","10/07/2024","Cnidaria_6073",187,0.0958974358974359
"p","IPEX","PUF_IPEX_04","26/06/2024","10/07/2024","Chordata_7711",70,0.0358974358974359
"p","IPEX","PUF_IPEX_05","10/07/2024","24/07/2024","Arthropoda_6656",5303,0.951552126323345
"p","IPEX","PUF_IPEX_05","10/07/2024","24/07/2024","Cnidaria_6073",221,0.0396554817871882
"p","IPEX","PUF_IPEX_05","10/07/2024","24/07/2024","Chordata_7711",49,0.00879239188946707
"p","IPEX","PUF_IPEX_06","24/07/2024","07/08/2024","Arthropoda_6656",958,0.968655207280081
"p","IPEX","PUF_IPEX_06","24/07/2024","07/08/2024","Cnidaria_6073",31,0.0313447927199191
"p","IPEX","PUF_IPEX_07","07/08/2024","21/08/2024","Arthropoda_6656",1507,0.895957193816885
"p","IPEX","PUF_IPEX_07","07/08/2024","21/08/2024","Cnidaria_6073",165,0.0980975029726516
"p","IPEX","PUF_IPEX_07","07/08/2024","21/08/2024","Chordata_7711",10,0.00594530321046373
"p","IPEX","PUF_IPEX_08","21/08/2024","04/09/2024","Arthropoda_6656",2065,0.889702714347264
"p","IPEX","PUF_IPEX_08","21/08/2024","04/09/2024","Cnidaria_6073",169,0.0728134424816889
"p","IPEX","PUF_IPEX_08","21/08/2024","04/09/2024","Chordata_7711",87,0.037483843171047
"p","IPEX","PUF_IPEX_09","04/09/2024","18/09/2024","Arthropoda_6656",1070,0.969202898550725
"p","IPEX","PUF_IPEX_09","04/09/2024","18/09/2024","Cnidaria_6073",34,0.0307971014492754
"p","IPEX","PUF_IPEX_10","18/09/2024","02/10/2024","Arthropoda_6656",4013,0.962811900191939
"p","IPEX","PUF_IPEX_10","18/09/2024","02/10/2024","Cnidaria_6073",155,0.0371880998080614
"p","Insectarium","Insectarium_Cocoon","10/11/2025","24/11/2025","Arthropoda_6656",160,0.594795539033457
"p","Insectarium","Insectarium_Cocoon","10/11/2025","24/11/2025","Chordata_7711",109,0.405204460966543
"p","Insectarium","Insectarium_Door","10/11/2025","24/11/2025","Chordata_7711",48,0.979591836734694
"p","Insectarium","Insectarium_Door","10/11/2025","24/11/2025","Arthropoda_6656",1,0.0204081632653061
"p","Insectarium","Insectarium_Up","10/11/2025","24/11/2025","Arthropoda_6656",1884,1
"p","Jean-Drapeau","PUF_JD_01","22/05/2024","05/06/2024","Arthropoda_6656",8874,0.998537189152695
"p","Jean-Drapeau","PUF_JD_01","22/05/2024","05/06/2024","Chordata_7711",13,0.00146281084730505
"p","Jean-Drapeau","PUF_JD_02","05/06/2024","19/06/2024","Arthropoda_6656",14113,1
"p","Jean-Drapeau","PUF_JD_03","19/06/2024","03/07/2024","Arthropoda_6656",857,0.868287740628166
"p","Jean-Drapeau","PUF_JD_03","19/06/2024","03/07/2024","Chordata_7711",100,0.101317122593718
"p","Jean-Drapeau","PUF_JD_03","19/06/2024","03/07/2024","Cnidaria_6073",30,0.0303951367781155
"p","Jean-Drapeau","PUF_JD_04","03/07/2024","17/07/2024","Arthropoda_6656",1407,0.866379310344828
"p","Jean-Drapeau","PUF_JD_04","03/07/2024","17/07/2024","Chordata_7711",217,0.133620689655172
"p","Jean-Drapeau","PUF_JD_05","17/07/2024","31/07/2024","Arthropoda_6656",4059,0.974549819927971
"p","Jean-Drapeau","PUF_JD_05","17/07/2024","31/07/2024","Chordata_7711",56,0.0134453781512605
"p","Jean-Drapeau","PUF_JD_05","17/07/2024","31/07/2024","Cnidaria_6073",50,0.0120048019207683
"p","Jean-Drapeau","PUF_JD_06","31/07/2024","14/08/2024","Arthropoda_6656",3878,0.990296220633299
"p","Jean-Drapeau","PUF_JD_06","31/07/2024","14/08/2024","Cnidaria_6073",38,0.00970377936670072
"p","Jean-Drapeau","PUF_JD_07","14/08/2024","28/08/2024","Arthropoda_6656",4301,0.954081632653061
"p","Jean-Drapeau","PUF_JD_07","14/08/2024","28/08/2024","Cnidaria_6073",207,0.0459183673469388
"p","Jean-Drapeau","PUF_JD_08","28/08/2024","11/09/2024","Arthropoda_6656",8703,0.999081620939043
"p","Jean-Drapeau","PUF_JD_08","28/08/2024","11/09/2024","Cnidaria_6073",8,0.00091837906095741
"p","Jean-Drapeau","PUF_JD_09","11/09/2024","25/09/2024","Arthropoda_6656",1134,0.940298507462687
"p","Jean-Drapeau","PUF_JD_09","11/09/2024","25/09/2024","Cnidaria_6073",63,0.0522388059701493
"p","Jean-Drapeau","PUF_JD_09","11/09/2024","25/09/2024","Chordata_7711",9,0.00746268656716418
"p","Jean-Drapeau","PUF_JD_10","25/09/2024","09/10/2024","Arthropoda_6656",8389,0.988919014499587
"p","Jean-Drapeau","PUF_JD_10","25/09/2024","09/10/2024","Chordata_7711",67,0.00789814923965578
"p","Jean-Drapeau","PUF_JD_10","25/09/2024","09/10/2024","Cnidaria_6073",27,0.00318283626075681
"p","Mont_Tremblant","Mont_Tremblant","30/08/2025","31/08/2025","Cnidaria_6073",441,0.448170731707317
"p","Mont_Tremblant","Mont_Tremblant","30/08/2025","31/08/2025","Arthropoda_6656",428,0.434959349593496
"p","Mont_Tremblant","Mont_Tremblant","30/08/2025","31/08/2025","Chordata_7711",115,0.116869918699187
"p",NA,NA,NA,NA,"Arthropoda_6656",30106,1
"c","Bird Observatory","PUF_MBO_01","20/05/2024","03/06/2024","Arachnida_6854",1407,0.616564417177914
"c","Bird Observatory","PUF_MBO_01","20/05/2024","03/06/2024","Insecta_50557",705,0.308939526730938
"c","Bird Observatory","PUF_MBO_01","20/05/2024","03/06/2024",NA,111,0.0486415425065732
"c","Bird Observatory","PUF_MBO_01","20/05/2024","03/06/2024","Mammalia_40674",59,0.0258545135845749
"c","Bird Observatory","PUF_MBO_02","03/06/2024","17/06/2024","Insecta_50557",8072,0.525760437699472
"c","Bird Observatory","PUF_MBO_02","03/06/2024","17/06/2024","Arachnida_6854",7253,0.472415814498795
"c","Bird Observatory","PUF_MBO_02","03/06/2024","17/06/2024",NA,28,0.00182374780173256
"c","Bird Observatory","PUF_MBO_03","17/06/2024","01/07/2024","Insecta_50557",344,0.547770700636943
"c","Bird Observatory","PUF_MBO_03","17/06/2024","01/07/2024","Arachnida_6854",252,0.401273885350318
"c","Bird Observatory","PUF_MBO_03","17/06/2024","01/07/2024",NA,20,0.0318471337579618
"c","Bird Observatory","PUF_MBO_03","17/06/2024","01/07/2024","Mammalia_40674",12,0.0191082802547771
"c","Bird Observatory","PUF_MBO_04","01/07/2024","15/07/2024","Insecta_50557",542,0.48609865470852
"c","Bird Observatory","PUF_MBO_04","01/07/2024","15/07/2024","Mammalia_40674",308,0.276233183856502
"c","Bird Observatory","PUF_MBO_04","01/07/2024","15/07/2024","Arachnida_6854",265,0.237668161434978
"c","Bird Observatory","PUF_MBO_05","15/07/2024","29/07/2024","Insecta_50557",9034,0.97654307642417
"c","Bird Observatory","PUF_MBO_05","15/07/2024","29/07/2024","Arachnida_6854",108,0.0116744135769106
"c","Bird Observatory","PUF_MBO_05","15/07/2024","29/07/2024","Gastropoda_6448",72,0.00778294238460707
"c","Bird Observatory","PUF_MBO_05","15/07/2024","29/07/2024","Mammalia_40674",20,0.00216192844016863
"c","Bird Observatory","PUF_MBO_05","15/07/2024","29/07/2024",NA,17,0.00183763917414334
"c","Bird Observatory","PUF_MBO_06","29/07/2024","12/08/2024","Insecta_50557",699,0.770672546857773
"c","Bird Observatory","PUF_MBO_06","29/07/2024","12/08/2024","Arachnida_6854",144,0.158765159867696
"c","Bird Observatory","PUF_MBO_06","29/07/2024","12/08/2024",NA,40,0.0441014332965821
"c","Bird Observatory","PUF_MBO_06","29/07/2024","12/08/2024","Gastropoda_6448",24,0.0264608599779493
"c","Bird Observatory","PUF_MBO_07","12/08/2024","26/08/2024","Insecta_50557",1320,0.783382789317507
"c","Bird Observatory","PUF_MBO_07","12/08/2024","26/08/2024","Arachnida_6854",223,0.132344213649852
"c","Bird Observatory","PUF_MBO_07","12/08/2024","26/08/2024",NA,124,0.0735905044510386
"c","Bird Observatory","PUF_MBO_07","12/08/2024","26/08/2024","Collembola_30001",18,0.0106824925816024
"c","Bird Observatory","PUF_MBO_08","26/08/2024","09/09/2024","Insecta_50557",1319,0.818746120422098
"c","Bird Observatory","PUF_MBO_08","26/08/2024","09/09/2024","Arachnida_6854",203,0.1260086902545
"c","Bird Observatory","PUF_MBO_08","26/08/2024","09/09/2024",NA,89,0.0552451893234016
"c","Bird Observatory","PUF_MBO_09","09/09/2024","23/09/2024","Insecta_50557",1992,0.708392603129445
"c","Bird Observatory","PUF_MBO_09","09/09/2024","23/09/2024","Arachnida_6854",550,0.195590327169275
"c","Bird Observatory","PUF_MBO_09","09/09/2024","23/09/2024",NA,129,0.0458748221906117
"c","Bird Observatory","PUF_MBO_09","09/09/2024","23/09/2024","Gastropoda_6448",94,0.0334281650071124
"c","Bird Observatory","PUF_MBO_09","09/09/2024","23/09/2024","Mammalia_40674",47,0.0167140825035562
"c","Bird Observatory","PUF_MBO_10","23/09/2024","07/10/2024","Insecta_50557",921,0.582542694497154
"c","Bird Observatory","PUF_MBO_10","23/09/2024","07/10/2024","Arachnida_6854",436,0.275774826059456
"c","Bird Observatory","PUF_MBO_10","23/09/2024","07/10/2024",NA,213,0.134724857685009
"c","Bird Observatory","PUF_MBO_10","23/09/2024","07/10/2024","Collembola_30001",11,0.00695762175838077
"c","Botanical Garden","PUF_BOT_01","17/05/2024","31/05/2024","Arachnida_6854",404,0.498150431565968
"c","Botanical Garden","PUF_BOT_01","17/05/2024","31/05/2024","Insecta_50557",298,0.367447595561036
"c","Botanical Garden","PUF_BOT_01","17/05/2024","31/05/2024",NA,73,0.0900123304562269
"c","Botanical Garden","PUF_BOT_01","17/05/2024","31/05/2024","Mammalia_40674",36,0.0443896424167694
"c","Botanical Garden","PUF_BOT_02","31/05/2024","14/06/2024","Arachnida_6854",1942,0.812892423608204
"c","Botanical Garden","PUF_BOT_02","31/05/2024","14/06/2024","Insecta_50557",325,0.13604018417748
"c","Botanical Garden","PUF_BOT_02","31/05/2024","14/06/2024",NA,48,0.0200920887400586
"c","Botanical Garden","PUF_BOT_02","31/05/2024","14/06/2024","Collembola_30001",37,0.0154876517371285
"c","Botanical Garden","PUF_BOT_02","31/05/2024","14/06/2024","Mammalia_40674",37,0.0154876517371285
"c","Botanical Garden","PUF_BOT_03","24/06/2024","28/06/2024","Mammalia_40674",88,1
"c","Botanical Garden","PUF_BOT_04","28/06/2024","12/07/2024","Insecta_50557",745,0.809782608695652
"c","Botanical Garden","PUF_BOT_04","28/06/2024","12/07/2024","Arachnida_6854",117,0.127173913043478
"c","Botanical Garden","PUF_BOT_04","28/06/2024","12/07/2024",NA,58,0.0630434782608696
"c","Botanical Garden","PUF_BOT_05","12/07/2024","26/07/2024","Insecta_50557",1035,0.682267633487146
"c","Botanical Garden","PUF_BOT_05","12/07/2024","26/07/2024","Arachnida_6854",332,0.218852999340804
"c","Botanical Garden","PUF_BOT_05","12/07/2024","26/07/2024","Mammalia_40674",61,0.040210942649967
"c","Botanical Garden","PUF_BOT_05","12/07/2024","26/07/2024","Gastropoda_6448",47,0.030982201713909
"c","Botanical Garden","PUF_BOT_05","12/07/2024","26/07/2024",NA,42,0.027686222808174
"c","Botanical Garden","PUF_BOT_06","26/07/2024","09/08/2024","Insecta_50557",18853,0.958464667005592
"c","Botanical Garden","PUF_BOT_06","26/07/2024","09/08/2024","Mammalia_40674",705,0.0358413828164718
"c","Botanical Garden","PUF_BOT_06","26/07/2024","09/08/2024","Arachnida_6854",112,0.00569395017793594
"c","Botanical Garden","PUF_BOT_07","09/08/2024","23/08/2024","Insecta_50557",2136,0.817138485080337
"c","Botanical Garden","PUF_BOT_07","09/08/2024","23/08/2024","Arachnida_6854",361,0.138102524866106
"c","Botanical Garden","PUF_BOT_07","09/08/2024","23/08/2024",NA,100,0.0382555470543229
"c","Botanical Garden","PUF_BOT_07","09/08/2024","23/08/2024","Mammalia_40674",17,0.00650344299923489
"c","Botanical Garden","PUF_BOT_08","23/08/2024","06/09/2024","Insecta_50557",679,0.581335616438356
"c","Botanical Garden","PUF_BOT_08","23/08/2024","06/09/2024","Arachnida_6854",397,0.339897260273973
"c","Botanical Garden","PUF_BOT_08","23/08/2024","06/09/2024",NA,92,0.0787671232876712
"c","Botanical Garden","PUF_BOT_09","06/09/2024","20/09/2024","Insecta_50557",1279,0.896285914505957
"c","Botanical Garden","PUF_BOT_09","06/09/2024","20/09/2024","Arachnida_6854",110,0.0770847932725999
"c","Botanical Garden","PUF_BOT_09","06/09/2024","20/09/2024","Gastropoda_6448",17,0.0119131044148563
"c","Botanical Garden","PUF_BOT_09","06/09/2024","20/09/2024","Mammalia_40674",11,0.00770847932725999
"c","Botanical Garden","PUF_BOT_09","06/09/2024","20/09/2024",NA,10,0.00700770847932726
"c","Botanical Garden","PUF_BOT_10","20/09/2024","04/10/2024","Insecta_50557",2860,0.742278743835972
"c","Botanical Garden","PUF_BOT_10","20/09/2024","04/10/2024","Arachnida_6854",647,0.167921100441215
"c","Botanical Garden","PUF_BOT_10","20/09/2024","04/10/2024","Mammalia_40674",327,0.0848689332987283
"c","Botanical Garden","PUF_BOT_10","20/09/2024","04/10/2024",NA,19,0.00493122242408513
"c","Boucherville","PUF_BOU_01","27/05/2024","10/06/2024","Arachnida_6854",214,0.849206349206349
"c","Boucherville","PUF_BOU_01","27/05/2024","10/06/2024","Insecta_50557",32,0.126984126984127
"c","Boucherville","PUF_BOU_01","27/05/2024","10/06/2024",NA,3,0.0119047619047619
"c","Boucherville","PUF_BOU_01","27/05/2024","10/06/2024","Mammalia_40674",2,0.00793650793650794
"c","Boucherville","PUF_BOU_01","27/05/2024","10/06/2024","Gastropoda_6448",1,0.00396825396825397
"c","Boucherville","PUF_BOU_02","10/06/2024","24/06/2024","Collembola_30001",401,0.38263358778626
"c","Boucherville","PUF_BOU_02","10/06/2024","24/06/2024","Insecta_50557",332,0.316793893129771
"c","Boucherville","PUF_BOU_02","10/06/2024","24/06/2024","Arachnida_6854",238,0.227099236641221
"c","Boucherville","PUF_BOU_02","10/06/2024","24/06/2024","Mammalia_40674",42,0.0400763358778626
"c","Boucherville","PUF_BOU_02","10/06/2024","24/06/2024",NA,35,0.0333969465648855
"c","Boucherville","PUF_BOU_03","24/06/2024","08/07/2024","Collembola_30001",275,0.4296875
"c","Boucherville","PUF_BOU_03","24/06/2024","08/07/2024","Insecta_50557",197,0.3078125
"c","Boucherville","PUF_BOU_03","24/06/2024","08/07/2024","Arachnida_6854",70,0.109375
"c","Boucherville","PUF_BOU_03","24/06/2024","08/07/2024","Mammalia_40674",57,0.0890625
"c","Boucherville","PUF_BOU_03","24/06/2024","08/07/2024",NA,41,0.0640625
"c","Boucherville","PUF_BOU_04","08/07/2024","22/07/2024","Insecta_50557",482,0.825342465753425
"c","Boucherville","PUF_BOU_04","08/07/2024","22/07/2024","Arachnida_6854",92,0.157534246575342
"c","Boucherville","PUF_BOU_04","08/07/2024","22/07/2024","Mammalia_40674",7,0.011986301369863
"c","Boucherville","PUF_BOU_04","08/07/2024","22/07/2024","Collembola_30001",3,0.00513698630136986
"c","Boucherville","PUF_BOU_05","22/07/2024","05/08/2024","Insecta_50557",2156,0.904741921947125
"c","Boucherville","PUF_BOU_05","22/07/2024","05/08/2024","Arachnida_6854",132,0.0553923625681914
"c","Boucherville","PUF_BOU_05","22/07/2024","05/08/2024",NA,84,0.0352496852706672
"c","Boucherville","PUF_BOU_05","22/07/2024","05/08/2024","Gastropoda_6448",11,0.00461603021401595
"c","Boucherville","PUF_BOU_06","05/08/2024","19/08/2024","Insecta_50557",637,0.758333333333333
"c","Boucherville","PUF_BOU_06","05/08/2024","19/08/2024","Arachnida_6854",105,0.125
"c","Boucherville","PUF_BOU_06","05/08/2024","19/08/2024",NA,42,0.05
"c","Boucherville","PUF_BOU_06","05/08/2024","19/08/2024","Branchiopoda_6658",30,0.0357142857142857
"c","Boucherville","PUF_BOU_06","05/08/2024","19/08/2024","Gastropoda_6448",21,0.025
"c","Boucherville","PUF_BOU_06","05/08/2024","19/08/2024","Collembola_30001",5,0.00595238095238095
"c","Boucherville","PUF_BOU_07","19/08/2024","02/09/2024","Insecta_50557",101,0.309815950920245
"c","Boucherville","PUF_BOU_07","19/08/2024","02/09/2024","Arachnida_6854",66,0.202453987730061
"c","Boucherville","PUF_BOU_07","19/08/2024","02/09/2024","Mammalia_40674",60,0.184049079754601
"c","Boucherville","PUF_BOU_07","19/08/2024","02/09/2024","Collembola_30001",53,0.162576687116564
"c","Boucherville","PUF_BOU_07","19/08/2024","02/09/2024","Gastropoda_6448",24,0.0736196319018405
"c","Boucherville","PUF_BOU_07","19/08/2024","02/09/2024",NA,22,0.0674846625766871
"c","Boucherville","PUF_BOU_08","02/09/2024","16/09/2024","Insecta_50557",1815,0.82425068119891
"c","Boucherville","PUF_BOU_08","02/09/2024","16/09/2024","Arachnida_6854",252,0.114441416893733
"c","Boucherville","PUF_BOU_08","02/09/2024","16/09/2024",NA,73,0.0331516802906449
"c","Boucherville","PUF_BOU_08","02/09/2024","16/09/2024","Mammalia_40674",32,0.0145322434150772
"c","Boucherville","PUF_BOU_08","02/09/2024","16/09/2024","Gastropoda_6448",30,0.0136239782016349
"c","Boucherville","PUF_BOU_09","16/09/2024","30/09/2024","Insecta_50557",1295,0.72265625
"c","Boucherville","PUF_BOU_09","16/09/2024","30/09/2024","Arachnida_6854",383,0.213727678571429
"c","Boucherville","PUF_BOU_09","16/09/2024","30/09/2024","Mammalia_40674",86,0.0479910714285714
"c","Boucherville","PUF_BOU_09","16/09/2024","30/09/2024",NA,18,0.0100446428571429
"c","Boucherville","PUF_BOU_09","16/09/2024","30/09/2024","Gastropoda_6448",10,0.00558035714285714
"c","IPEX","PUF_IPEX_01","15/05/2024","29/05/2024","Insecta_50557",49,0.4375
"c","IPEX","PUF_IPEX_01","15/05/2024","29/05/2024","Arachnida_6854",35,0.3125
"c","IPEX","PUF_IPEX_01","15/05/2024","29/05/2024","Mammalia_40674",28,0.25
"c","IPEX","PUF_IPEX_02","29/05/2024","12/06/2024","Arachnida_6854",1175,0.665722379603399
"c","IPEX","PUF_IPEX_02","29/05/2024","12/06/2024","Insecta_50557",416,0.235694050991501
"c","IPEX","PUF_IPEX_02","29/05/2024","12/06/2024",NA,160,0.0906515580736544
"c","IPEX","PUF_IPEX_02","29/05/2024","12/06/2024","Collembola_30001",7,0.00396600566572238
"c","IPEX","PUF_IPEX_02","29/05/2024","12/06/2024","Mammalia_40674",7,0.00396600566572238
"c","IPEX","PUF_IPEX_03","12/06/2024","26/06/2024","Arachnida_6854",10360,0.923022095509622
"c","IPEX","PUF_IPEX_03","12/06/2024","26/06/2024","Insecta_50557",443,0.0394689950106914
"c","IPEX","PUF_IPEX_03","12/06/2024","26/06/2024",NA,242,0.0215609408410549
"c","IPEX","PUF_IPEX_03","12/06/2024","26/06/2024","Collembola_30001",73,0.00650392017106201
"c","IPEX","PUF_IPEX_03","12/06/2024","26/06/2024","Mammalia_40674",52,0.00463292943692088
"c","IPEX","PUF_IPEX_03","12/06/2024","26/06/2024","Hydrozoa_6074",42,0.00374198146828225
"c","IPEX","PUF_IPEX_03","12/06/2024","26/06/2024","Branchiopoda_6658",12,0.00106913756236636
"c","IPEX","PUF_IPEX_04","26/06/2024","10/07/2024","Insecta_50557",1207,0.618974358974359
"c","IPEX","PUF_IPEX_04","26/06/2024","10/07/2024","Arachnida_6854",420,0.215384615384615
"c","IPEX","PUF_IPEX_04","26/06/2024","10/07/2024",NA,253,0.12974358974359
"c","IPEX","PUF_IPEX_04","26/06/2024","10/07/2024","Mammalia_40674",70,0.0358974358974359
"c","IPEX","PUF_IPEX_05","10/07/2024","24/07/2024","Insecta_50557",3940,0.706980082540822
"c","IPEX","PUF_IPEX_05","10/07/2024","24/07/2024","Arachnida_6854",1222,0.219271487529158
"c","IPEX","PUF_IPEX_05","10/07/2024","24/07/2024",NA,241,0.0432442131706442
"c","IPEX","PUF_IPEX_05","10/07/2024","24/07/2024","Collembola_30001",121,0.0217118248699085
"c","IPEX","PUF_IPEX_05","10/07/2024","24/07/2024","Mammalia_40674",49,0.00879239188946707
"c","IPEX","PUF_IPEX_06","24/07/2024","07/08/2024","Insecta_50557",830,0.839231547017189
"c","IPEX","PUF_IPEX_06","24/07/2024","07/08/2024","Arachnida_6854",119,0.120323559150657
"c","IPEX","PUF_IPEX_06","24/07/2024","07/08/2024",NA,40,0.0404448938321537
"c","IPEX","PUF_IPEX_07","07/08/2024","21/08/2024","Insecta_50557",1268,0.753864447086801
"c","IPEX","PUF_IPEX_07","07/08/2024","21/08/2024",NA,259,0.153983353151011
"c","IPEX","PUF_IPEX_07","07/08/2024","21/08/2024","Arachnida_6854",145,0.0862068965517241
"c","IPEX","PUF_IPEX_07","07/08/2024","21/08/2024","Mammalia_40674",10,0.00594530321046373
"c","IPEX","PUF_IPEX_08","21/08/2024","04/09/2024","Insecta_50557",1551,0.66824644549763
"c","IPEX","PUF_IPEX_08","21/08/2024","04/09/2024","Arachnida_6854",394,0.169754416199914
"c","IPEX","PUF_IPEX_08","21/08/2024","04/09/2024",NA,289,0.124515295131409
"c","IPEX","PUF_IPEX_08","21/08/2024","04/09/2024","Mammalia_40674",87,0.037483843171047
"c","IPEX","PUF_IPEX_09","04/09/2024","18/09/2024","Insecta_50557",1016,0.920289855072464
"c","IPEX","PUF_IPEX_09","04/09/2024","18/09/2024","Arachnida_6854",54,0.0489130434782609
"c","IPEX","PUF_IPEX_09","04/09/2024","18/09/2024",NA,34,0.0307971014492754
"c","IPEX","PUF_IPEX_10","18/09/2024","02/10/2024","Insecta_50557",3603,0.864443378119002
"c","IPEX","PUF_IPEX_10","18/09/2024","02/10/2024","Arachnida_6854",280,0.0671785028790787
"c","IPEX","PUF_IPEX_10","18/09/2024","02/10/2024",NA,268,0.064299424184261
"c","IPEX","PUF_IPEX_10","18/09/2024","02/10/2024","Diplopoda_7553",17,0.00407869481765835
"c","Insectarium","Insectarium_Cocoon","10/11/2025","24/11/2025","Arachnida_6854",123,0.45724907063197
"c","Insectarium","Insectarium_Cocoon","10/11/2025","24/11/2025","Mammalia_40674",109,0.405204460966543
"c","Insectarium","Insectarium_Cocoon","10/11/2025","24/11/2025","Branchiopoda_6658",36,0.133828996282528
"c","Insectarium","Insectarium_Cocoon","10/11/2025","24/11/2025","Diplopoda_7553",1,0.00371747211895911
"c","Insectarium","Insectarium_Door","10/11/2025","24/11/2025","Mammalia_40674",48,0.979591836734694
"c","Insectarium","Insectarium_Door","10/11/2025","24/11/2025","Insecta_50557",1,0.0204081632653061
"c","Insectarium","Insectarium_Up","10/11/2025","24/11/2025","Arachnida_6854",1884,1
"c","Jean-Drapeau","PUF_JD_01","22/05/2024","05/06/2024","Insecta_50557",6331,0.712388882637561
"c","Jean-Drapeau","PUF_JD_01","22/05/2024","05/06/2024","Arachnida_6854",2543,0.286148306515134
"c","Jean-Drapeau","PUF_JD_01","22/05/2024","05/06/2024","Mammalia_40674",13,0.00146281084730505
"c","Jean-Drapeau","PUF_JD_02","05/06/2024","19/06/2024","Insecta_50557",13816,0.978955572876072
"c","Jean-Drapeau","PUF_JD_02","05/06/2024","19/06/2024","Arachnida_6854",297,0.0210444271239283
"c","Jean-Drapeau","PUF_JD_03","19/06/2024","03/07/2024","Insecta_50557",704,0.713272543059777
"c","Jean-Drapeau","PUF_JD_03","19/06/2024","03/07/2024","Arachnida_6854",134,0.135764944275583
"c","Jean-Drapeau","PUF_JD_03","19/06/2024","03/07/2024","Mammalia_40674",100,0.101317122593718
"c","Jean-Drapeau","PUF_JD_03","19/06/2024","03/07/2024",NA,49,0.049645390070922
"c","Jean-Drapeau","PUF_JD_04","03/07/2024","17/07/2024","Insecta_50557",1161,0.714901477832512
"c","Jean-Drapeau","PUF_JD_04","03/07/2024","17/07/2024","Arachnida_6854",246,0.151477832512315
"c","Jean-Drapeau","PUF_JD_04","03/07/2024","17/07/2024","Mammalia_40674",217,0.133620689655172
"c","Jean-Drapeau","PUF_JD_05","17/07/2024","31/07/2024","Insecta_50557",2103,0.504921968787515
"c","Jean-Drapeau","PUF_JD_05","17/07/2024","31/07/2024","Arachnida_6854",1917,0.460264105642257
"c","Jean-Drapeau","PUF_JD_05","17/07/2024","31/07/2024","Mammalia_40674",56,0.0134453781512605
"c","Jean-Drapeau","PUF_JD_05","17/07/2024","31/07/2024",NA,50,0.0120048019207683
"c","Jean-Drapeau","PUF_JD_05","17/07/2024","31/07/2024","Branchiopoda_6658",39,0.00936374549819928
"c","Jean-Drapeau","PUF_JD_06","31/07/2024","14/08/2024","Insecta_50557",3714,0.948416751787538
"c","Jean-Drapeau","PUF_JD_06","31/07/2024","14/08/2024","Arachnida_6854",164,0.041879468845761
"c","Jean-Drapeau","PUF_JD_06","31/07/2024","14/08/2024",NA,38,0.00970377936670072
"c","Jean-Drapeau","PUF_JD_07","14/08/2024","28/08/2024","Insecta_50557",4011,0.889751552795031
"c","Jean-Drapeau","PUF_JD_07","14/08/2024","28/08/2024",NA,241,0.0534605146406389
"c","Jean-Drapeau","PUF_JD_07","14/08/2024","28/08/2024","Arachnida_6854",233,0.0516858917480036
"c","Jean-Drapeau","PUF_JD_07","14/08/2024","28/08/2024","Collembola_30001",23,0.00510204081632653
"c","Jean-Drapeau","PUF_JD_08","28/08/2024","11/09/2024","Arachnida_6854",8588,0.98587992193778
"c","Jean-Drapeau","PUF_JD_08","28/08/2024","11/09/2024","Insecta_50557",115,0.0132016990012628
"c","Jean-Drapeau","PUF_JD_08","28/08/2024","11/09/2024",NA,8,0.00091837906095741
"c","Jean-Drapeau","PUF_JD_09","11/09/2024","25/09/2024","Insecta_50557",1076,0.892205638474295
"c","Jean-Drapeau","PUF_JD_09","11/09/2024","25/09/2024",NA,63,0.0522388059701493
"c","Jean-Drapeau","PUF_JD_09","11/09/2024","25/09/2024","Arachnida_6854",58,0.0480928689883914
"c","Jean-Drapeau","PUF_JD_09","11/09/2024","25/09/2024","Mammalia_40674",9,0.00746268656716418
"c","Jean-Drapeau","PUF_JD_10","25/09/2024","09/10/2024","Insecta_50557",8048,0.948720971354474
"c","Jean-Drapeau","PUF_JD_10","25/09/2024","09/10/2024","Arachnida_6854",341,0.0401980431451138
"c","Jean-Drapeau","PUF_JD_10","25/09/2024","09/10/2024","Mammalia_40674",67,0.00789814923965578
"c","Jean-Drapeau","PUF_JD_10","25/09/2024","09/10/2024",NA,27,0.00318283626075681
"c","Mont_Tremblant","Mont_Tremblant","30/08/2025","31/08/2025",NA,563,0.572154471544715
"c","Mont_Tremblant","Mont_Tremblant","30/08/2025","31/08/2025","Arachnida_6854",187,0.190040650406504
"c","Mont_Tremblant","Mont_Tremblant","30/08/2025","31/08/2025","Mammalia_40674",115,0.116869918699187
"c","Mont_Tremblant","Mont_Tremblant","30/08/2025","31/08/2025","Insecta_50557",102,0.103658536585366
"c","Mont_Tremblant","Mont_Tremblant","30/08/2025","31/08/2025","Collembola_30001",17,0.0172764227642276
"c",NA,NA,NA,NA,"Insecta_50557",29618,0.983790606523617
"c",NA,NA,NA,NA,"Collembola_30001",356,0.0118248854049027
"c",NA,NA,NA,NA,"Arachnida_6854",132,0.00438450807148077
"o","Bird Observatory","PUF_MBO_01","20/05/2024","03/06/2024","Trombidiformes_83136",1000,0.438212094653812
"o","Bird Observatory","PUF_MBO_01","20/05/2024","03/06/2024",NA,487,0.213409290096407
"o","Bird Observatory","PUF_MBO_01","20/05/2024","03/06/2024","Diptera_7147",405,0.177475898334794
"o","Bird Observatory","PUF_MBO_01","20/05/2024","03/06/2024","Hemiptera_7524",205,0.0898334794040316
"o","Bird Observatory","PUF_MBO_01","20/05/2024","03/06/2024","Coleoptera_7041",67,0.0293602103418054
"o","Bird Observatory","PUF_MBO_01","20/05/2024","03/06/2024","Artiodactyla_91561",45,0.0197195442594216
"o","Bird Observatory","PUF_MBO_01","20/05/2024","03/06/2024","Sarcoptiformes_83137",31,0.0135845749342682
"o","Bird Observatory","PUF_MBO_01","20/05/2024","03/06/2024","Lepidoptera_7088",21,0.00920245398773006
"o","Bird Observatory","PUF_MBO_01","20/05/2024","03/06/2024","Primates_9443",14,0.00613496932515337
"o","Bird Observatory","PUF_MBO_01","20/05/2024","03/06/2024","Trichoptera_30263",7,0.00306748466257669
"o","Bird Observatory","PUF_MBO_02","03/06/2024","17/06/2024","Lepidoptera_7088",8006,0.521461603595389
"o","Bird Observatory","PUF_MBO_02","03/06/2024","17/06/2024","Trombidiformes_83136",7029,0.457825832084935
"o","Bird Observatory","PUF_MBO_02","03/06/2024","17/06/2024",NA,252,0.016413730215593
"o","Bird Observatory","PUF_MBO_02","03/06/2024","17/06/2024","Hemiptera_7524",50,0.00325669250309386
"o","Bird Observatory","PUF_MBO_02","03/06/2024","17/06/2024","Diptera_7147",16,0.00104214160099003
"o","Bird Observatory","PUF_MBO_03","17/06/2024","01/07/2024","Hemiptera_7524",317,0.504777070063694
"o","Bird Observatory","PUF_MBO_03","17/06/2024","01/07/2024","Araneae_6893",139,0.221337579617834
"o","Bird Observatory","PUF_MBO_03","17/06/2024","01/07/2024",NA,68,0.10828025477707
"o","Bird Observatory","PUF_MBO_03","17/06/2024","01/07/2024","Mesostigmata_34634",47,0.0748407643312102
"o","Bird Observatory","PUF_MBO_03","17/06/2024","01/07/2024","Lepidoptera_7088",27,0.0429936305732484
"o","Bird Observatory","PUF_MBO_03","17/06/2024","01/07/2024","Trombidiformes_83136",18,0.0286624203821656
"o","Bird Observatory","PUF_MBO_03","17/06/2024","01/07/2024","Primates_9443",12,0.0191082802547771
"o","Bird Observatory","PUF_MBO_04","01/07/2024","15/07/2024","Hemiptera_7524",542,0.48609865470852
"o","Bird Observatory","PUF_MBO_04","01/07/2024","15/07/2024","Artiodactyla_91561",308,0.276233183856502
"o","Bird Observatory","PUF_MBO_04","01/07/2024","15/07/2024",NA,265,0.237668161434978
"o","Bird Observatory","PUF_MBO_05","15/07/2024","29/07/2024","Lepidoptera_7088",8556,0.92487298670414
"o","Bird Observatory","PUF_MBO_05","15/07/2024","29/07/2024","Hemiptera_7524",452,0.048859582747811
"o","Bird Observatory","PUF_MBO_05","15/07/2024","29/07/2024",NA,142,0.0153496919251973
"o","Bird Observatory","PUF_MBO_05","15/07/2024","29/07/2024","Stylommatophora_6527",55,0.00594530321046373
"o","Bird Observatory","PUF_MBO_05","15/07/2024","29/07/2024","Diptera_7147",26,0.00281050697221922
"o","Bird Observatory","PUF_MBO_05","15/07/2024","29/07/2024","Primates_9443",20,0.00216192844016863
"o","Bird Observatory","PUF_MBO_06","29/07/2024","12/08/2024","Hemiptera_7524",659,0.726571113561191
"o","Bird Observatory","PUF_MBO_06","29/07/2024","12/08/2024",NA,208,0.229327453142227
"o","Bird Observatory","PUF_MBO_06","29/07/2024","12/08/2024","Hymenoptera_7399",40,0.0441014332965821
"o","Bird Observatory","PUF_MBO_07","12/08/2024","26/08/2024","Hemiptera_7524",1221,0.724629080118694
"o","Bird Observatory","PUF_MBO_07","12/08/2024","26/08/2024",NA,347,0.20593471810089
"o","Bird Observatory","PUF_MBO_07","12/08/2024","26/08/2024","Lepidoptera_7088",67,0.0397626112759644
"o","Bird Observatory","PUF_MBO_07","12/08/2024","26/08/2024","Hymenoptera_7399",32,0.0189910979228487
"o","Bird Observatory","PUF_MBO_07","12/08/2024","26/08/2024","Symphypleona_79705",18,0.0106824925816024
"o","Bird Observatory","PUF_MBO_08","26/08/2024","09/09/2024","Hemiptera_7524",1299,0.80633147113594
"o","Bird Observatory","PUF_MBO_08","26/08/2024","09/09/2024",NA,279,0.173184357541899
"o","Bird Observatory","PUF_MBO_08","26/08/2024","09/09/2024","Lepidoptera_7088",20,0.0124146492861577
"o","Bird Observatory","PUF_MBO_08","26/08/2024","09/09/2024","Trombidiformes_83136",13,0.00806952203600248
"o","Bird Observatory","PUF_MBO_09","09/09/2024","23/09/2024","Hemiptera_7524",1962,0.697724039829303
"o","Bird Observatory","PUF_MBO_09","09/09/2024","23/09/2024",NA,773,0.274893314366999
"o","Bird Observatory","PUF_MBO_09","09/09/2024","23/09/2024","Artiodactyla_91561",47,0.0167140825035562
"o","Bird Observatory","PUF_MBO_09","09/09/2024","23/09/2024","Lepidoptera_7088",30,0.0106685633001422
"o","Bird Observatory","PUF_MBO_10","23/09/2024","07/10/2024","Hemiptera_7524",890,0.562934851359899
"o","Bird Observatory","PUF_MBO_10","23/09/2024","07/10/2024",NA,649,0.410499683744466
"o","Bird Observatory","PUF_MBO_10","23/09/2024","07/10/2024","Lepidoptera_7088",22,0.0139152435167615
"o","Bird Observatory","PUF_MBO_10","23/09/2024","07/10/2024","Symphypleona_79705",11,0.00695762175838077
"o","Bird Observatory","PUF_MBO_10","23/09/2024","07/10/2024","Hymenoptera_7399",9,0.00569259962049336
"o","Botanical Garden","PUF_BOT_01","17/05/2024","31/05/2024",NA,397,0.489519112207152
"o","Botanical Garden","PUF_BOT_01","17/05/2024","31/05/2024","Hemiptera_7524",94,0.115906288532676
"o","Botanical Garden","PUF_BOT_01","17/05/2024","31/05/2024","Lepidoptera_7088",92,0.1134401972873
"o","Botanical Garden","PUF_BOT_01","17/05/2024","31/05/2024","Trombidiformes_83136",75,0.092478421701603
"o","Botanical Garden","PUF_BOT_01","17/05/2024","31/05/2024","Hymenoptera_7399",45,0.0554870530209618
"o","Botanical Garden","PUF_BOT_01","17/05/2024","31/05/2024","Diptera_7147",42,0.0517879161528977
"o","Botanical Garden","PUF_BOT_01","17/05/2024","31/05/2024","Primates_9443",36,0.0443896424167694
"o","Botanical Garden","PUF_BOT_01","17/05/2024","31/05/2024","Trichoptera_30263",25,0.030826140567201
"o","Botanical Garden","PUF_BOT_01","17/05/2024","31/05/2024","Araneae_6893",5,0.0061652281134402
"o","Botanical Garden","PUF_BOT_02","31/05/2024","14/06/2024",NA,1875,0.784847216408539
"o","Botanical Garden","PUF_BOT_02","31/05/2024","14/06/2024","Hemiptera_7524",146,0.0611134365843449
"o","Botanical Garden","PUF_BOT_02","31/05/2024","14/06/2024","Lepidoptera_7088",127,0.0531603181247384
"o","Botanical Garden","PUF_BOT_02","31/05/2024","14/06/2024","Trombidiformes_83136",94,0.0393470071159481
"o","Botanical Garden","PUF_BOT_02","31/05/2024","14/06/2024","Hymenoptera_7399",39,0.0163248221012976
"o","Botanical Garden","PUF_BOT_02","31/05/2024","14/06/2024","Symphypleona_79705",37,0.0154876517371285
"o","Botanical Garden","PUF_BOT_02","31/05/2024","14/06/2024","Araneae_6893",21,0.00879028882377564
"o","Botanical Garden","PUF_BOT_02","31/05/2024","14/06/2024","Rodentia_9989",20,0.00837170364169108
"o","Botanical Garden","PUF_BOT_02","31/05/2024","14/06/2024","Primates_9443",17,0.00711594809543742
"o","Botanical Garden","PUF_BOT_02","31/05/2024","14/06/2024","Diptera_7147",13,0.0054416073670992
"o","Botanical Garden","PUF_BOT_03","24/06/2024","28/06/2024","Artiodactyla_91561",88,1
"o","Botanical Garden","PUF_BOT_04","28/06/2024","12/07/2024","Hemiptera_7524",544,0.591304347826087
"o","Botanical Garden","PUF_BOT_04","28/06/2024","12/07/2024",NA,175,0.190217391304348
"o","Botanical Garden","PUF_BOT_04","28/06/2024","12/07/2024","Diptera_7147",144,0.156521739130435
"o","Botanical Garden","PUF_BOT_04","28/06/2024","12/07/2024","Lepidoptera_7088",41,0.0445652173913043
"o","Botanical Garden","PUF_BOT_04","28/06/2024","12/07/2024","Coleoptera_7041",8,0.00869565217391304
"o","Botanical Garden","PUF_BOT_04","28/06/2024","12/07/2024","Hymenoptera_7399",8,0.00869565217391304
"o","Botanical Garden","PUF_BOT_05","12/07/2024","26/07/2024","Hemiptera_7524",595,0.392221489782465
"o","Botanical Garden","PUF_BOT_05","12/07/2024","26/07/2024","Diptera_7147",381,0.251153592617007
"o","Botanical Garden","PUF_BOT_05","12/07/2024","26/07/2024",NA,363,0.239288068556361
"o","Botanical Garden","PUF_BOT_05","12/07/2024","26/07/2024","Artiodactyla_91561",61,0.040210942649967
"o","Botanical Garden","PUF_BOT_05","12/07/2024","26/07/2024","Trombidiformes_83136",58,0.038233355306526
"o","Botanical Garden","PUF_BOT_05","12/07/2024","26/07/2024","Lepidoptera_7088",52,0.034278180619644
"o","Botanical Garden","PUF_BOT_05","12/07/2024","26/07/2024","Hymenoptera_7399",7,0.004614370468029
"o","Botanical Garden","PUF_BOT_06","26/07/2024","09/08/2024","Lepidoptera_7088",17830,0.906456532791052
"o","Botanical Garden","PUF_BOT_06","26/07/2024","09/08/2024","Hemiptera_7524",906,0.0460599898322318
"o","Botanical Garden","PUF_BOT_06","26/07/2024","09/08/2024","Primates_9443",705,0.0358413828164718
"o","Botanical Garden","PUF_BOT_06","26/07/2024","09/08/2024",NA,112,0.00569395017793594
"o","Botanical Garden","PUF_BOT_06","26/07/2024","09/08/2024","Coleoptera_7041",86,0.00437214031520081
"o","Botanical Garden","PUF_BOT_06","26/07/2024","09/08/2024","Hymenoptera_7399",31,0.00157600406710727
"o","Botanical Garden","PUF_BOT_07","09/08/2024","23/08/2024","Hemiptera_7524",2083,0.796863045141545
"o","Botanical Garden","PUF_BOT_07","09/08/2024","23/08/2024",NA,348,0.133129303749044
"o","Botanical Garden","PUF_BOT_07","09/08/2024","23/08/2024","Trombidiformes_83136",113,0.0432287681713849
"o","Botanical Garden","PUF_BOT_07","09/08/2024","23/08/2024","Lepidoptera_7088",43,0.0164498852333588
"o","Botanical Garden","PUF_BOT_07","09/08/2024","23/08/2024","Primates_9443",17,0.00650344299923489
"o","Botanical Garden","PUF_BOT_07","09/08/2024","23/08/2024","Hymenoptera_7399",10,0.00382555470543229
"o","Botanical Garden","PUF_BOT_08","23/08/2024","06/09/2024","Hemiptera_7524",590,0.50513698630137
"o","Botanical Garden","PUF_BOT_08","23/08/2024","06/09/2024",NA,361,0.309075342465753
"o","Botanical Garden","PUF_BOT_08","23/08/2024","06/09/2024","Trombidiformes_83136",128,0.10958904109589
"o","Botanical Garden","PUF_BOT_08","23/08/2024","06/09/2024","Hymenoptera_7399",41,0.0351027397260274
"o","Botanical Garden","PUF_BOT_08","23/08/2024","06/09/2024","Diptera_7147",36,0.0308219178082192
"o","Botanical Garden","PUF_BOT_08","23/08/2024","06/09/2024","Lepidoptera_7088",12,0.0102739726027397
"o","Botanical Garden","PUF_BOT_09","06/09/2024","20/09/2024","Hemiptera_7524",1124,0.787666433076384
"o","Botanical Garden","PUF_BOT_09","06/09/2024","20/09/2024","Lepidoptera_7088",155,0.108619481429573
"o","Botanical Garden","PUF_BOT_09","06/09/2024","20/09/2024",NA,137,0.0960056061667835
"o","Botanical Garden","PUF_BOT_09","06/09/2024","20/09/2024","Primates_9443",11,0.00770847932725999
"o","Botanical Garden","PUF_BOT_10","20/09/2024","04/10/2024","Hemiptera_7524",2761,0.716584479626265
"o","Botanical Garden","PUF_BOT_10","20/09/2024","04/10/2024",NA,666,0.1728523228653
"o","Botanical Garden","PUF_BOT_10","20/09/2024","04/10/2024","Artiodactyla_91561",327,0.0848689332987283
"o","Botanical Garden","PUF_BOT_10","20/09/2024","04/10/2024","Lepidoptera_7088",81,0.0210225798079419
"o","Botanical Garden","PUF_BOT_10","20/09/2024","04/10/2024","Hymenoptera_7399",18,0.00467168440176486
"o","Boucherville","PUF_BOU_01","27/05/2024","10/06/2024",NA,218,0.865079365079365
"o","Boucherville","PUF_BOU_01","27/05/2024","10/06/2024","Hemiptera_7524",23,0.0912698412698413
"o","Boucherville","PUF_BOU_01","27/05/2024","10/06/2024","Diptera_7147",9,0.0357142857142857
"o","Boucherville","PUF_BOU_01","27/05/2024","10/06/2024","Primates_9443",2,0.00793650793650794
"o","Boucherville","PUF_BOU_02","10/06/2024","24/06/2024","Symphypleona_79705",401,0.38263358778626
"o","Boucherville","PUF_BOU_02","10/06/2024","24/06/2024","Diptera_7147",238,0.227099236641221
"o","Boucherville","PUF_BOU_02","10/06/2024","24/06/2024",NA,188,0.179389312977099
"o","Boucherville","PUF_BOU_02","10/06/2024","24/06/2024","Sarcoptiformes_83137",76,0.0725190839694656
"o","Boucherville","PUF_BOU_02","10/06/2024","24/06/2024","Hemiptera_7524",49,0.0467557251908397
"o","Boucherville","PUF_BOU_02","10/06/2024","24/06/2024","Primates_9443",34,0.0324427480916031
"o","Boucherville","PUF_BOU_02","10/06/2024","24/06/2024","Coleoptera_7041",24,0.0229007633587786
"o","Boucherville","PUF_BOU_02","10/06/2024","24/06/2024","Lepidoptera_7088",21,0.0200381679389313
"o","Boucherville","PUF_BOU_02","10/06/2024","24/06/2024","Trombidiformes_83136",9,0.00858778625954199
"o","Boucherville","PUF_BOU_02","10/06/2024","24/06/2024","Rodentia_9989",8,0.00763358778625954
"o","Boucherville","PUF_BOU_03","24/06/2024","08/07/2024","Symphypleona_79705",275,0.4296875
"o","Boucherville","PUF_BOU_03","24/06/2024","08/07/2024","Hemiptera_7524",175,0.2734375
"o","Boucherville","PUF_BOU_03","24/06/2024","08/07/2024",NA,79,0.1234375
"o","Boucherville","PUF_BOU_03","24/06/2024","08/07/2024","Artiodactyla_91561",57,0.0890625
"o","Boucherville","PUF_BOU_03","24/06/2024","08/07/2024","Trombidiformes_83136",32,0.05
"o","Boucherville","PUF_BOU_03","24/06/2024","08/07/2024","Lepidoptera_7088",15,0.0234375
"o","Boucherville","PUF_BOU_03","24/06/2024","08/07/2024","Orthoptera_6993",7,0.0109375
"o","Boucherville","PUF_BOU_04","08/07/2024","22/07/2024","Hemiptera_7524",341,0.583904109589041
"o","Boucherville","PUF_BOU_04","08/07/2024","22/07/2024",NA,92,0.157534246575342
"o","Boucherville","PUF_BOU_04","08/07/2024","22/07/2024","Diptera_7147",45,0.0770547945205479
"o","Boucherville","PUF_BOU_04","08/07/2024","22/07/2024","Hymenoptera_7399",33,0.0565068493150685
"o","Boucherville","PUF_BOU_04","08/07/2024","22/07/2024","Orthoptera_6993",32,0.0547945205479452
"o","Boucherville","PUF_BOU_04","08/07/2024","22/07/2024","Lepidoptera_7088",24,0.0410958904109589
"o","Boucherville","PUF_BOU_04","08/07/2024","22/07/2024","Coleoptera_7041",7,0.011986301369863
"o","Boucherville","PUF_BOU_04","08/07/2024","22/07/2024","Primates_9443",4,0.00684931506849315
"o","Boucherville","PUF_BOU_04","08/07/2024","22/07/2024","Artiodactyla_91561",3,0.00513698630136986
"o","Boucherville","PUF_BOU_04","08/07/2024","22/07/2024","Symphypleona_79705",3,0.00513698630136986
"o","Boucherville","PUF_BOU_05","22/07/2024","05/08/2024","Hemiptera_7524",2011,0.843894250944188
"o","Boucherville","PUF_BOU_05","22/07/2024","05/08/2024",NA,174,0.073017205203525
"o","Boucherville","PUF_BOU_05","22/07/2024","05/08/2024","Diptera_7147",96,0.0402853545950483
"o","Boucherville","PUF_BOU_05","22/07/2024","05/08/2024","Mesostigmata_34634",34,0.0142677297524129
"o","Boucherville","PUF_BOU_05","22/07/2024","05/08/2024","Coleoptera_7041",19,0.00797314309693663
"o","Boucherville","PUF_BOU_05","22/07/2024","05/08/2024","Trombidiformes_83136",19,0.00797314309693663
"o","Boucherville","PUF_BOU_05","22/07/2024","05/08/2024","Lepidoptera_7088",17,0.00713386487620646
"o","Boucherville","PUF_BOU_05","22/07/2024","05/08/2024","Hymenoptera_7399",13,0.00545530843474612
"o","Boucherville","PUF_BOU_06","05/08/2024","19/08/2024","Hemiptera_7524",563,0.670238095238095
"o","Boucherville","PUF_BOU_06","05/08/2024","19/08/2024",NA,156,0.185714285714286
"o","Boucherville","PUF_BOU_06","05/08/2024","19/08/2024","Lepidoptera_7088",35,0.0416666666666667
"o","Boucherville","PUF_BOU_06","05/08/2024","19/08/2024","Anostraca_6659",30,0.0357142857142857
"o","Boucherville","PUF_BOU_06","05/08/2024","19/08/2024","Odonata_6961",18,0.0214285714285714
"o","Boucherville","PUF_BOU_06","05/08/2024","19/08/2024","Hymenoptera_7399",13,0.0154761904761905
"o","Boucherville","PUF_BOU_06","05/08/2024","19/08/2024","Trombidiformes_83136",12,0.0142857142857143
"o","Boucherville","PUF_BOU_06","05/08/2024","19/08/2024","Diptera_7147",8,0.00952380952380952
"o","Boucherville","PUF_BOU_06","05/08/2024","19/08/2024","Symphypleona_79705",5,0.00595238095238095
"o","Boucherville","PUF_BOU_07","19/08/2024","02/09/2024",NA,112,0.343558282208589
"o","Boucherville","PUF_BOU_07","19/08/2024","02/09/2024","Hemiptera_7524",101,0.309815950920245
"o","Boucherville","PUF_BOU_07","19/08/2024","02/09/2024","Artiodactyla_91561",60,0.184049079754601
"o","Boucherville","PUF_BOU_07","19/08/2024","02/09/2024","Symphypleona_79705",53,0.162576687116564
"o","Boucherville","PUF_BOU_08","02/09/2024","16/09/2024","Hemiptera_7524",1733,0.787011807447775
"o","Boucherville","PUF_BOU_08","02/09/2024","16/09/2024",NA,355,0.161217075386013
"o","Boucherville","PUF_BOU_08","02/09/2024","16/09/2024","Rodentia_9989",32,0.0145322434150772
"o","Boucherville","PUF_BOU_08","02/09/2024","16/09/2024","Diptera_7147",30,0.0136239782016349
"o","Boucherville","PUF_BOU_08","02/09/2024","16/09/2024","Hymenoptera_7399",30,0.0136239782016349
"o","Boucherville","PUF_BOU_08","02/09/2024","16/09/2024","Lepidoptera_7088",22,0.00999091734786558
"o","Boucherville","PUF_BOU_09","16/09/2024","30/09/2024","Hemiptera_7524",1259,0.702566964285714
"o","Boucherville","PUF_BOU_09","16/09/2024","30/09/2024",NA,286,0.159598214285714
"o","Boucherville","PUF_BOU_09","16/09/2024","30/09/2024","Trombidiformes_83136",115,0.0641741071428571
"o","Boucherville","PUF_BOU_09","16/09/2024","30/09/2024","Primates_9443",65,0.0362723214285714
"o","Boucherville","PUF_BOU_09","16/09/2024","30/09/2024","Rodentia_9989",21,0.01171875
"o","Boucherville","PUF_BOU_09","16/09/2024","30/09/2024","Coleoptera_7041",19,0.0106026785714286
"o","Boucherville","PUF_BOU_09","16/09/2024","30/09/2024","Lepidoptera_7088",17,0.00948660714285714
"o","Boucherville","PUF_BOU_09","16/09/2024","30/09/2024","Stylommatophora_6527",10,0.00558035714285714
"o","IPEX","PUF_IPEX_01","15/05/2024","29/05/2024","Hemiptera_7524",48,0.428571428571429
"o","IPEX","PUF_IPEX_01","15/05/2024","29/05/2024",NA,32,0.285714285714286
"o","IPEX","PUF_IPEX_01","15/05/2024","29/05/2024","Artiodactyla_91561",21,0.1875
"o","IPEX","PUF_IPEX_01","15/05/2024","29/05/2024","Primates_9443",7,0.0625
"o","IPEX","PUF_IPEX_01","15/05/2024","29/05/2024","Trombidiformes_83136",3,0.0267857142857143
"o","IPEX","PUF_IPEX_01","15/05/2024","29/05/2024","Lepidoptera_7088",1,0.00892857142857143
"o","IPEX","PUF_IPEX_02","29/05/2024","12/06/2024",NA,1171,0.663456090651558
"o","IPEX","PUF_IPEX_02","29/05/2024","12/06/2024","Hemiptera_7524",177,0.10028328611898
"o","IPEX","PUF_IPEX_02","29/05/2024","12/06/2024","Trombidiformes_83136",164,0.0929178470254958
"o","IPEX","PUF_IPEX_02","29/05/2024","12/06/2024","Diptera_7147",143,0.0810198300283286
"o","IPEX","PUF_IPEX_02","29/05/2024","12/06/2024","Hymenoptera_7399",59,0.0334277620396601
"o","IPEX","PUF_IPEX_02","29/05/2024","12/06/2024","Coleoptera_7041",23,0.0130311614730878
"o","IPEX","PUF_IPEX_02","29/05/2024","12/06/2024","Lepidoptera_7088",14,0.00793201133144476
"o","IPEX","PUF_IPEX_02","29/05/2024","12/06/2024","Primates_9443",7,0.00396600566572238
"o","IPEX","PUF_IPEX_02","29/05/2024","12/06/2024","Symphypleona_79705",7,0.00396600566572238
"o","IPEX","PUF_IPEX_03","12/06/2024","26/06/2024","Araneae_6893",9871,0.879454739843193
"o","IPEX","PUF_IPEX_03","12/06/2024","26/06/2024",NA,660,0.0588025659301497
"o","IPEX","PUF_IPEX_03","12/06/2024","26/06/2024","Hemiptera_7524",357,0.0318068424803991
"o","IPEX","PUF_IPEX_03","12/06/2024","26/06/2024","Trombidiformes_83136",96,0.00855310049893086
"o","IPEX","PUF_IPEX_03","12/06/2024","26/06/2024","Lepidoptera_7088",73,0.00650392017106201
"o","IPEX","PUF_IPEX_03","12/06/2024","26/06/2024","Symphypleona_79705",73,0.00650392017106201
"o","IPEX","PUF_IPEX_03","12/06/2024","26/06/2024","Artiodactyla_91561",52,0.00463292943692088
"o","IPEX","PUF_IPEX_03","12/06/2024","26/06/2024","Mesostigmata_34634",17,0.00151461154668567
"o","IPEX","PUF_IPEX_03","12/06/2024","26/06/2024","Coleoptera_7041",13,0.00115823235923022
"o","IPEX","PUF_IPEX_03","12/06/2024","26/06/2024","Diplostraca_84337",12,0.00106913756236636
"o","IPEX","PUF_IPEX_04","26/06/2024","10/07/2024","Hemiptera_7524",1052,0.53948717948718
"o","IPEX","PUF_IPEX_04","26/06/2024","10/07/2024",NA,388,0.198974358974359
"o","IPEX","PUF_IPEX_04","26/06/2024","10/07/2024","Trombidiformes_83136",258,0.132307692307692
"o","IPEX","PUF_IPEX_04","26/06/2024","10/07/2024","Lepidoptera_7088",138,0.0707692307692308
"o","IPEX","PUF_IPEX_04","26/06/2024","10/07/2024","Artiodactyla_91561",48,0.0246153846153846
"o","IPEX","PUF_IPEX_04","26/06/2024","10/07/2024","Sarcoptiformes_83137",27,0.0138461538461538
"o","IPEX","PUF_IPEX_04","26/06/2024","10/07/2024","Rodentia_9989",22,0.0112820512820513
"o","IPEX","PUF_IPEX_04","26/06/2024","10/07/2024","Hymenoptera_7399",17,0.00871794871794872
"o","IPEX","PUF_IPEX_05","10/07/2024","24/07/2024","Hemiptera_7524",3897,0.699264310066392
"o","IPEX","PUF_IPEX_05","10/07/2024","24/07/2024","Trombidiformes_83136",1059,0.190023326753992
"o","IPEX","PUF_IPEX_05","10/07/2024","24/07/2024",NA,404,0.0724923739458102
"o","IPEX","PUF_IPEX_05","10/07/2024","24/07/2024","Symphypleona_79705",121,0.0217118248699085
"o","IPEX","PUF_IPEX_05","10/07/2024","24/07/2024","Primates_9443",49,0.00879239188946707
"o","IPEX","PUF_IPEX_05","10/07/2024","24/07/2024","Trichoptera_30263",27,0.00484478736766553
"o","IPEX","PUF_IPEX_05","10/07/2024","24/07/2024","Hymenoptera_7399",16,0.00287098510676476
"o","IPEX","PUF_IPEX_06","24/07/2024","07/08/2024","Hemiptera_7524",812,0.82103134479272
"o","IPEX","PUF_IPEX_06","24/07/2024","07/08/2024",NA,159,0.160768452982811
"o","IPEX","PUF_IPEX_06","24/07/2024","07/08/2024","Lepidoptera_7088",18,0.0182002022244692
"o","IPEX","PUF_IPEX_07","07/08/2024","21/08/2024","Hemiptera_7524",1123,0.667657550535077
"o","IPEX","PUF_IPEX_07","07/08/2024","21/08/2024",NA,404,0.240190249702735
"o","IPEX","PUF_IPEX_07","07/08/2024","21/08/2024","Hymenoptera_7399",83,0.049346016646849
"o","IPEX","PUF_IPEX_07","07/08/2024","21/08/2024","Lepidoptera_7088",53,0.0315101070154578
"o","IPEX","PUF_IPEX_07","07/08/2024","21/08/2024","Rodentia_9989",10,0.00594530321046373
"o","IPEX","PUF_IPEX_07","07/08/2024","21/08/2024","Diptera_7147",9,0.00535077288941736
"o","IPEX","PUF_IPEX_08","21/08/2024","04/09/2024","Hemiptera_7524",1493,0.643257216716932
"o","IPEX","PUF_IPEX_08","21/08/2024","04/09/2024",NA,683,0.294269711331323
"o","IPEX","PUF_IPEX_08","21/08/2024","04/09/2024","Artiodactyla_91561",70,0.03015941404567
"o","IPEX","PUF_IPEX_08","21/08/2024","04/09/2024","Diptera_7147",58,0.024989228780698
"o","IPEX","PUF_IPEX_08","21/08/2024","04/09/2024","Primates_9443",17,0.00732442912537699
"o","IPEX","PUF_IPEX_09","04/09/2024","18/09/2024","Hemiptera_7524",985,0.892210144927536
"o","IPEX","PUF_IPEX_09","04/09/2024","18/09/2024",NA,88,0.0797101449275362
"o","IPEX","PUF_IPEX_09","04/09/2024","18/09/2024","Lepidoptera_7088",31,0.0280797101449275
"o","IPEX","PUF_IPEX_10","18/09/2024","02/10/2024","Hemiptera_7524",2725,0.653790786948177
"o","IPEX","PUF_IPEX_10","18/09/2024","02/10/2024","Psocoptera_30259",574,0.137715930902111
"o","IPEX","PUF_IPEX_10","18/09/2024","02/10/2024",NA,548,0.13147792706334
"o","IPEX","PUF_IPEX_10","18/09/2024","02/10/2024","Lepidoptera_7088",184,0.0441458733205374
"o","IPEX","PUF_IPEX_10","18/09/2024","02/10/2024","Diptera_7147",83,0.0199136276391555
"o","IPEX","PUF_IPEX_10","18/09/2024","02/10/2024","Hymenoptera_7399",37,0.00887715930902111
"o","IPEX","PUF_IPEX_10","18/09/2024","02/10/2024","Julida_41448",17,0.00407869481765835
"o","Insectarium","Insectarium_Cocoon","10/11/2025","24/11/2025","Sarcoptiformes_83137",123,0.45724907063197
"o","Insectarium","Insectarium_Cocoon","10/11/2025","24/11/2025","Artiodactyla_91561",73,0.271375464684015
"o","Insectarium","Insectarium_Cocoon","10/11/2025","24/11/2025","Anostraca_6659",36,0.133828996282528
"o","Insectarium","Insectarium_Cocoon","10/11/2025","24/11/2025","Primates_9443",36,0.133828996282528
"o","Insectarium","Insectarium_Cocoon","10/11/2025","24/11/2025","Julida_41448",1,0.00371747211895911
"o","Insectarium","Insectarium_Door","10/11/2025","24/11/2025","Artiodactyla_91561",48,0.979591836734694
"o","Insectarium","Insectarium_Door","10/11/2025","24/11/2025","Lepidoptera_7088",1,0.0204081632653061
"o","Insectarium","Insectarium_Up","10/11/2025","24/11/2025","Sarcoptiformes_83137",1884,1
"o","Jean-Drapeau","PUF_JD_01","22/05/2024","05/06/2024","Lepidoptera_7088",6095,0.685833239563407
"o","Jean-Drapeau","PUF_JD_01","22/05/2024","05/06/2024","Trombidiformes_83136",1509,0.169798582198717
"o","Jean-Drapeau","PUF_JD_01","22/05/2024","05/06/2024",NA,844,0.0949701811634972
"o","Jean-Drapeau","PUF_JD_01","22/05/2024","05/06/2024","Mesostigmata_34634",114,0.012827725891752
"o","Jean-Drapeau","PUF_JD_01","22/05/2024","05/06/2024","Diptera_7147",105,0.0118150106897716
"o","Jean-Drapeau","PUF_JD_01","22/05/2024","05/06/2024","Hemiptera_7524",84,0.00945200855181726
"o","Jean-Drapeau","PUF_JD_01","22/05/2024","05/06/2024","Araneae_6893",76,0.008551817261168
"o","Jean-Drapeau","PUF_JD_01","22/05/2024","05/06/2024","Hymenoptera_7399",34,0.00382581298525937
"o","Jean-Drapeau","PUF_JD_01","22/05/2024","05/06/2024","Ephemeroptera_30073",13,0.00146281084730505
"o","Jean-Drapeau","PUF_JD_01","22/05/2024","05/06/2024","Primates_9443",13,0.00146281084730505
"o","Jean-Drapeau","PUF_JD_02","05/06/2024","19/06/2024","Lepidoptera_7088",13685,0.969673350811309
"o","Jean-Drapeau","PUF_JD_02","05/06/2024","19/06/2024",NA,256,0.0181393041876284
"o","Jean-Drapeau","PUF_JD_02","05/06/2024","19/06/2024","Trichoptera_30263",131,0.00928222206476298
"o","Jean-Drapeau","PUF_JD_02","05/06/2024","19/06/2024","Araneae_6893",41,0.00290512293629987
"o","Jean-Drapeau","PUF_JD_03","19/06/2024","03/07/2024","Hemiptera_7524",448,0.453900709219858
"o","Jean-Drapeau","PUF_JD_03","19/06/2024","03/07/2024",NA,147,0.148936170212766
"o","Jean-Drapeau","PUF_JD_03","19/06/2024","03/07/2024","Diptera_7147",124,0.125633232016211
"o","Jean-Drapeau","PUF_JD_03","19/06/2024","03/07/2024","Primates_9443",100,0.101317122593718
"o","Jean-Drapeau","PUF_JD_03","19/06/2024","03/07/2024","Lepidoptera_7088",84,0.0851063829787234
"o","Jean-Drapeau","PUF_JD_03","19/06/2024","03/07/2024","Trombidiformes_83136",36,0.0364741641337386
"o","Jean-Drapeau","PUF_JD_03","19/06/2024","03/07/2024","Neuroptera_7516",31,0.0314083080040527
"o","Jean-Drapeau","PUF_JD_03","19/06/2024","03/07/2024","Hymenoptera_7399",17,0.0172239108409321
"o","Jean-Drapeau","PUF_JD_04","03/07/2024","17/07/2024","Hemiptera_7524",996,0.613300492610837
"o","Jean-Drapeau","PUF_JD_04","03/07/2024","17/07/2024","Artiodactyla_91561",217,0.133620689655172
"o","Jean-Drapeau","PUF_JD_04","03/07/2024","17/07/2024","Araneae_6893",153,0.0942118226600985
"o","Jean-Drapeau","PUF_JD_04","03/07/2024","17/07/2024","Lepidoptera_7088",149,0.0917487684729064
"o","Jean-Drapeau","PUF_JD_04","03/07/2024","17/07/2024",NA,93,0.0572660098522167
"o","Jean-Drapeau","PUF_JD_04","03/07/2024","17/07/2024","Hymenoptera_7399",16,0.00985221674876847
"o","Jean-Drapeau","PUF_JD_05","17/07/2024","31/07/2024","Araneae_6893",1707,0.40984393757503
"o","Jean-Drapeau","PUF_JD_05","17/07/2024","31/07/2024","Hemiptera_7524",1469,0.352701080432173
"o","Jean-Drapeau","PUF_JD_05","17/07/2024","31/07/2024","Lepidoptera_7088",297,0.0713085234093637
"o","Jean-Drapeau","PUF_JD_05","17/07/2024","31/07/2024","Diptera_7147",267,0.0641056422569028
"o","Jean-Drapeau","PUF_JD_05","17/07/2024","31/07/2024",NA,131,0.031452581032413
"o","Jean-Drapeau","PUF_JD_05","17/07/2024","31/07/2024","Trombidiformes_83136",129,0.0309723889555822
"o","Jean-Drapeau","PUF_JD_05","17/07/2024","31/07/2024","Artiodactyla_91561",45,0.0108043217286915
"o","Jean-Drapeau","PUF_JD_05","17/07/2024","31/07/2024","Anostraca_6659",39,0.00936374549819928
"o","Jean-Drapeau","PUF_JD_05","17/07/2024","31/07/2024","Coleoptera_7041",38,0.00912364945978391
"o","Jean-Drapeau","PUF_JD_05","17/07/2024","31/07/2024","Hymenoptera_7399",32,0.00768307322929172
"o","Jean-Drapeau","PUF_JD_05","17/07/2024","31/07/2024","Primates_9443",11,0.00264105642256903
"o","Jean-Drapeau","PUF_JD_06","31/07/2024","14/08/2024","Hemiptera_7524",3551,0.90679264555669
"o","Jean-Drapeau","PUF_JD_06","31/07/2024","14/08/2024","Araneae_6893",119,0.030388151174668
"o","Jean-Drapeau","PUF_JD_06","31/07/2024","14/08/2024","Diptera_7147",78,0.0199182839632278
"o","Jean-Drapeau","PUF_JD_06","31/07/2024","14/08/2024",NA,72,0.0183861082737487
"o","Jean-Drapeau","PUF_JD_06","31/07/2024","14/08/2024","Hymenoptera_7399",47,0.0120020429009193
"o","Jean-Drapeau","PUF_JD_06","31/07/2024","14/08/2024","Lepidoptera_7088",38,0.00970377936670072
"o","Jean-Drapeau","PUF_JD_06","31/07/2024","14/08/2024","Trombidiformes_83136",11,0.00280898876404494
"o","Jean-Drapeau","PUF_JD_07","14/08/2024","28/08/2024","Hemiptera_7524",2445,0.542369121561668
"o","Jean-Drapeau","PUF_JD_07","14/08/2024","28/08/2024","Coleoptera_7041",867,0.192324755989352
"o","Jean-Drapeau","PUF_JD_07","14/08/2024","28/08/2024","Trichoptera_30263",592,0.131322094055013
"o","Jean-Drapeau","PUF_JD_07","14/08/2024","28/08/2024",NA,326,0.0723158828748891
"o","Jean-Drapeau","PUF_JD_07","14/08/2024","28/08/2024","Trombidiformes_83136",95,0.0210736468500444
"o","Jean-Drapeau","PUF_JD_07","14/08/2024","28/08/2024","Hymenoptera_7399",54,0.0119787045252884
"o","Jean-Drapeau","PUF_JD_07","14/08/2024","28/08/2024","Araneae_6893",53,0.011756876663709
"o","Jean-Drapeau","PUF_JD_07","14/08/2024","28/08/2024","Lepidoptera_7088",53,0.011756876663709
"o","Jean-Drapeau","PUF_JD_07","14/08/2024","28/08/2024","Symphypleona_79705",23,0.00510204081632653
"o","Jean-Drapeau","PUF_JD_08","28/08/2024","11/09/2024","Araneae_6893",8581,0.985076340259442
"o","Jean-Drapeau","PUF_JD_08","28/08/2024","11/09/2024","Hemiptera_7524",115,0.0132016990012628
"o","Jean-Drapeau","PUF_JD_08","28/08/2024","11/09/2024",NA,15,0.00172196073929514
"o","Jean-Drapeau","PUF_JD_09","11/09/2024","25/09/2024","Hemiptera_7524",746,0.618573797678275
"o","Jean-Drapeau","PUF_JD_09","11/09/2024","25/09/2024","Lepidoptera_7088",227,0.188225538971808
"o","Jean-Drapeau","PUF_JD_09","11/09/2024","25/09/2024",NA,101,0.0837479270315091
"o","Jean-Drapeau","PUF_JD_09","11/09/2024","25/09/2024","Neuroptera_7516",69,0.0572139303482587
"o","Jean-Drapeau","PUF_JD_09","11/09/2024","25/09/2024","Diptera_7147",34,0.0281923714759536
"o","Jean-Drapeau","PUF_JD_09","11/09/2024","25/09/2024","Araneae_6893",20,0.0165837479270315
"o","Jean-Drapeau","PUF_JD_09","11/09/2024","25/09/2024","Artiodactyla_91561",9,0.00746268656716418
"o","Jean-Drapeau","PUF_JD_10","25/09/2024","09/10/2024","Hemiptera_7524",7699,0.90757986561358
"o","Jean-Drapeau","PUF_JD_10","25/09/2024","09/10/2024","Araneae_6893",261,0.0307674171873158
"o","Jean-Drapeau","PUF_JD_10","25/09/2024","09/10/2024","Diptera_7147",243,0.0286455263468113
"o","Jean-Drapeau","PUF_JD_10","25/09/2024","09/10/2024",NA,107,0.0126134622185548
"o","Jean-Drapeau","PUF_JD_10","25/09/2024","09/10/2024","Lepidoptera_7088",72,0.00848756336201815
"o","Jean-Drapeau","PUF_JD_10","25/09/2024","09/10/2024","Artiodactyla_91561",67,0.00789814923965578
"o","Jean-Drapeau","PUF_JD_10","25/09/2024","09/10/2024","Trichoptera_30263",34,0.00400801603206413
"o","Mont_Tremblant","Mont_Tremblant","30/08/2025","31/08/2025",NA,695,0.70630081300813
"o","Mont_Tremblant","Mont_Tremblant","30/08/2025","31/08/2025","Artiodactyla_91561",82,0.0833333333333333
"o","Mont_Tremblant","Mont_Tremblant","30/08/2025","31/08/2025","Hemiptera_7524",76,0.0772357723577236
"o","Mont_Tremblant","Mont_Tremblant","30/08/2025","31/08/2025","Trombidiformes_83136",55,0.0558943089430894
"o","Mont_Tremblant","Mont_Tremblant","30/08/2025","31/08/2025","Primates_9443",33,0.0335365853658537
"o","Mont_Tremblant","Mont_Tremblant","30/08/2025","31/08/2025","Coleoptera_7041",18,0.0182926829268293
"o","Mont_Tremblant","Mont_Tremblant","30/08/2025","31/08/2025","Symphypleona_79705",17,0.0172764227642276
"o","Mont_Tremblant","Mont_Tremblant","30/08/2025","31/08/2025","Hymenoptera_7399",8,0.00813008130081301
"o",NA,NA,NA,NA,"Lepidoptera_7088",29542,0.981266192785491
"o",NA,NA,NA,NA,"Entomobryomorpha_730330",356,0.0118248854049027
"o",NA,NA,NA,NA,"Mantodea_7504",76,0.00252441373812529
"o",NA,NA,NA,NA,"Sarcoptiformes_83137",62,0.00205939015478642
"o",NA,NA,NA,NA,"Trombidiformes_83136",48,0.00159436657144755
"o",NA,NA,NA,NA,NA,22,0.000730751345246795
"f","Bird Observatory","PUF_MBO_01","20/05/2024","03/06/2024","Tydeidae_708320",621,0.272129710780018
"f","Bird Observatory","PUF_MBO_01","20/05/2024","03/06/2024",NA,536,0.234881682734443
"f","Bird Observatory","PUF_MBO_01","20/05/2024","03/06/2024","Eriophyidae_70320",379,0.166082383873795
"f","Bird Observatory","PUF_MBO_01","20/05/2024","03/06/2024","Chironomidae_7149",223,0.0977212971078002
"f","Bird Observatory","PUF_MBO_01","20/05/2024","03/06/2024","Pentatomidae_160513",128,0.056091148115688
"f","Bird Observatory","PUF_MBO_01","20/05/2024","03/06/2024","Cecidomyiidae_33406",110,0.0482033304119194
"f","Bird Observatory","PUF_MBO_01","20/05/2024","03/06/2024","Phoridae_36164",72,0.0315512708150745
"f","Bird Observatory","PUF_MBO_01","20/05/2024","03/06/2024","Chrysomelidae_27439",67,0.0293602103418054
"f","Bird Observatory","PUF_MBO_01","20/05/2024","03/06/2024","Bovidae_9895",45,0.0197195442594216
"f","Bird Observatory","PUF_MBO_01","20/05/2024","03/06/2024","Liebstadiidae_1427579",31,0.0135845749342682
"f","Bird Observatory","PUF_MBO_01","20/05/2024","03/06/2024","Cicadellidae_30102",28,0.0122699386503067
"f","Bird Observatory","PUF_MBO_01","20/05/2024","03/06/2024","Pyralidae_7135",21,0.00920245398773006
"f","Bird Observatory","PUF_MBO_01","20/05/2024","03/06/2024","Hominidae_9604",14,0.00613496932515337
"f","Bird Observatory","PUF_MBO_01","20/05/2024","03/06/2024","Hydropsychidae_41030",7,0.00306748466257669
"f","Bird Observatory","PUF_MBO_02","03/06/2024","17/06/2024","Noctuidae_7100",8006,0.521461603595389
"f","Bird Observatory","PUF_MBO_02","03/06/2024","17/06/2024","Trombidiidae_83144",7029,0.457825832084935
"f","Bird Observatory","PUF_MBO_02","03/06/2024","17/06/2024",NA,252,0.016413730215593
"f","Bird Observatory","PUF_MBO_02","03/06/2024","17/06/2024","Pentatomidae_160513",50,0.00325669250309386
"f","Bird Observatory","PUF_MBO_02","03/06/2024","17/06/2024","Chironomidae_7149",16,0.00104214160099003
"f","Bird Observatory","PUF_MBO_03","17/06/2024","01/07/2024","Pentatomidae_160513",305,0.485668789808917
"f","Bird Observatory","PUF_MBO_03","17/06/2024","01/07/2024","Philodromidae_243501",139,0.221337579617834
"f","Bird Observatory","PUF_MBO_03","17/06/2024","01/07/2024",NA,80,0.127388535031847
"f","Bird Observatory","PUF_MBO_03","17/06/2024","01/07/2024","Phytoseiidae_34636",47,0.0748407643312102
"f","Bird Observatory","PUF_MBO_03","17/06/2024","01/07/2024","Pyralidae_7135",27,0.0429936305732484
"f","Bird Observatory","PUF_MBO_03","17/06/2024","01/07/2024","Eriophyidae_70320",18,0.0286624203821656
"f","Bird Observatory","PUF_MBO_03","17/06/2024","01/07/2024","Hominidae_9604",12,0.0191082802547771
"f","Bird Observatory","PUF_MBO_04","01/07/2024","15/07/2024","Pentatomidae_160513",514,0.460986547085202
"f","Bird Observatory","PUF_MBO_04","01/07/2024","15/07/2024","Bovidae_9895",308,0.276233183856502
"f","Bird Observatory","PUF_MBO_04","01/07/2024","15/07/2024",NA,293,0.262780269058296
"f","Bird Observatory","PUF_MBO_05","15/07/2024","29/07/2024","Tortricidae_7139",8556,0.92487298670414
"f","Bird Observatory","PUF_MBO_05","15/07/2024","29/07/2024","Pentatomidae_160513",419,0.0452924008215328
"f","Bird Observatory","PUF_MBO_05","15/07/2024","29/07/2024",NA,161,0.0174035239433575
"f","Bird Observatory","PUF_MBO_05","15/07/2024","29/07/2024","Succineidae_73114",55,0.00594530321046373
"f","Bird Observatory","PUF_MBO_05","15/07/2024","29/07/2024","Culicidae_7157",26,0.00281050697221922
"f","Bird Observatory","PUF_MBO_05","15/07/2024","29/07/2024","Hominidae_9604",20,0.00216192844016863
"f","Bird Observatory","PUF_MBO_05","15/07/2024","29/07/2024","Miridae_30083",14,0.00151334990811804
"f","Bird Observatory","PUF_MBO_06","29/07/2024","12/08/2024","Pentatomidae_160513",613,0.675854465270121
"f","Bird Observatory","PUF_MBO_06","29/07/2024","12/08/2024",NA,280,0.308710033076075
"f","Bird Observatory","PUF_MBO_06","29/07/2024","12/08/2024","Miridae_30083",14,0.0154355016538037
"f","Bird Observatory","PUF_MBO_07","12/08/2024","26/08/2024","Pentatomidae_160513",1167,0.692581602373887
"f","Bird Observatory","PUF_MBO_07","12/08/2024","26/08/2024",NA,433,0.256973293768546
"f","Bird Observatory","PUF_MBO_07","12/08/2024","26/08/2024","Pyralidae_7135",55,0.0326409495548961
"f","Bird Observatory","PUF_MBO_07","12/08/2024","26/08/2024","Bourletiellidae_187607",18,0.0106824925816024
"f","Bird Observatory","PUF_MBO_07","12/08/2024","26/08/2024","Zygaenidae_115354",12,0.00712166172106825
"f","Bird Observatory","PUF_MBO_08","26/08/2024","09/09/2024","Pentatomidae_160513",1252,0.77715704531347
"f","Bird Observatory","PUF_MBO_08","26/08/2024","09/09/2024",NA,339,0.210428305400372
"f","Bird Observatory","PUF_MBO_08","26/08/2024","09/09/2024","Pyralidae_7135",20,0.0124146492861577
"f","Bird Observatory","PUF_MBO_09","09/09/2024","23/09/2024","Pentatomidae_160513",1901,0.676031294452347
"f","Bird Observatory","PUF_MBO_09","09/09/2024","23/09/2024",NA,834,0.296586059743954
"f","Bird Observatory","PUF_MBO_09","09/09/2024","23/09/2024","Bovidae_9895",47,0.0167140825035562
"f","Bird Observatory","PUF_MBO_09","09/09/2024","23/09/2024","Pyralidae_7135",30,0.0106685633001422
"f","Bird Observatory","PUF_MBO_10","23/09/2024","07/10/2024","Pentatomidae_160513",810,0.512333965844402
"f","Bird Observatory","PUF_MBO_10","23/09/2024","07/10/2024",NA,738,0.466793168880455
"f","Bird Observatory","PUF_MBO_10","23/09/2024","07/10/2024","Crambidae_268499",22,0.0139152435167615
"f","Bird Observatory","PUF_MBO_10","23/09/2024","07/10/2024","Katiannidae_187603",11,0.00695762175838077
"f","Botanical Garden","PUF_BOT_01","17/05/2024","31/05/2024",NA,500,0.61652281134402
"f","Botanical Garden","PUF_BOT_01","17/05/2024","31/05/2024","Pyralidae_7135",92,0.1134401972873
"f","Botanical Garden","PUF_BOT_01","17/05/2024","31/05/2024","Phytoptidae_1221082",75,0.092478421701603
"f","Botanical Garden","PUF_BOT_01","17/05/2024","31/05/2024","Chironomidae_7149",42,0.0517879161528977
"f","Botanical Garden","PUF_BOT_01","17/05/2024","31/05/2024","Aphididae_27482",36,0.0443896424167694
"f","Botanical Garden","PUF_BOT_01","17/05/2024","31/05/2024","Hominidae_9604",36,0.0443896424167694
"f","Botanical Garden","PUF_BOT_01","17/05/2024","31/05/2024","Hydropsychidae_41030",25,0.030826140567201
"f","Botanical Garden","PUF_BOT_01","17/05/2024","31/05/2024","Corinnidae_243491",5,0.0061652281134402
"f","Botanical Garden","PUF_BOT_02","31/05/2024","14/06/2024",NA,1920,0.803683549602344
"f","Botanical Garden","PUF_BOT_02","31/05/2024","14/06/2024","Pentatomidae_160513",133,0.0556718292172457
"f","Botanical Garden","PUF_BOT_02","31/05/2024","14/06/2024","Noctuidae_7100",109,0.0456257848472164
"f","Botanical Garden","PUF_BOT_02","31/05/2024","14/06/2024","Tydeidae_708320",53,0.0221850146504814
"f","Botanical Garden","PUF_BOT_02","31/05/2024","14/06/2024","Eriophyidae_70320",41,0.0171619924654667
"f","Botanical Garden","PUF_BOT_02","31/05/2024","14/06/2024","Corinnidae_243491",21,0.00879028882377564
"f","Botanical Garden","PUF_BOT_02","31/05/2024","14/06/2024","Dipodidae_30648",20,0.00837170364169108
"f","Botanical Garden","PUF_BOT_02","31/05/2024","14/06/2024","Bourletiellidae_187607",19,0.00795311845960653
"f","Botanical Garden","PUF_BOT_02","31/05/2024","14/06/2024","Pyralidae_7135",18,0.00753453327752198
"f","Botanical Garden","PUF_BOT_02","31/05/2024","14/06/2024","Sminthurididae_187696",18,0.00753453327752198
"f","Botanical Garden","PUF_BOT_02","31/05/2024","14/06/2024","Hominidae_9604",17,0.00711594809543742
"f","Botanical Garden","PUF_BOT_02","31/05/2024","14/06/2024","Muscidae_7366",8,0.00334868145667643
"f","Botanical Garden","PUF_BOT_02","31/05/2024","14/06/2024","Miridae_30083",7,0.00293009627459188
"f","Botanical Garden","PUF_BOT_02","31/05/2024","14/06/2024","Chironomidae_7149",5,0.00209292591042277
"f","Botanical Garden","PUF_BOT_03","24/06/2024","28/06/2024","Bovidae_9895",88,1
"f","Botanical Garden","PUF_BOT_04","28/06/2024","12/07/2024","Pentatomidae_160513",524,0.569565217391304
"f","Botanical Garden","PUF_BOT_04","28/06/2024","12/07/2024",NA,203,0.220652173913043
"f","Botanical Garden","PUF_BOT_04","28/06/2024","12/07/2024","Asteiidae_286485",138,0.15
"f","Botanical Garden","PUF_BOT_04","28/06/2024","12/07/2024","Pyralidae_7135",41,0.0445652173913043
"f","Botanical Garden","PUF_BOT_04","28/06/2024","12/07/2024","Coccinellidae_7080",8,0.00869565217391304
"f","Botanical Garden","PUF_BOT_04","28/06/2024","12/07/2024","Chironomidae_7149",6,0.00652173913043478
"f","Botanical Garden","PUF_BOT_05","12/07/2024","26/07/2024","Pentatomidae_160513",569,0.375082399472643
"f","Botanical Garden","PUF_BOT_05","12/07/2024","26/07/2024",NA,396,0.261041529334212
"f","Botanical Garden","PUF_BOT_05","12/07/2024","26/07/2024","Cecidomyiidae_33406",381,0.251153592617007
"f","Botanical Garden","PUF_BOT_05","12/07/2024","26/07/2024","Bovidae_9895",61,0.040210942649967
"f","Botanical Garden","PUF_BOT_05","12/07/2024","26/07/2024","Pyralidae_7135",52,0.034278180619644
"f","Botanical Garden","PUF_BOT_05","12/07/2024","26/07/2024","Eriophyidae_70320",49,0.032300593276203
"f","Botanical Garden","PUF_BOT_05","12/07/2024","26/07/2024","Triophtydeidae_2461247",9,0.00593276203032301
"f","Botanical Garden","PUF_BOT_06","26/07/2024","09/08/2024","Pyralidae_7135",17783,0.904067107269954
"f","Botanical Garden","PUF_BOT_06","26/07/2024","09/08/2024","Pentatomidae_160513",800,0.0406710726995424
"f","Botanical Garden","PUF_BOT_06","26/07/2024","09/08/2024","Hominidae_9604",705,0.0358413828164718
"f","Botanical Garden","PUF_BOT_06","26/07/2024","09/08/2024",NA,112,0.00569395017793594
"f","Botanical Garden","PUF_BOT_06","26/07/2024","09/08/2024","Miridae_30083",88,0.00447381799694967
"f","Botanical Garden","PUF_BOT_06","26/07/2024","09/08/2024","Carabidae_41073",86,0.00437214031520081
"f","Botanical Garden","PUF_BOT_06","26/07/2024","09/08/2024","Formicidae_36668",31,0.00157600406710727
"f","Botanical Garden","PUF_BOT_06","26/07/2024","09/08/2024","Zygaenidae_115354",24,0.00122013218098627
"f","Botanical Garden","PUF_BOT_06","26/07/2024","09/08/2024","Tortricidae_7139",23,0.00116929334011185
"f","Botanical Garden","PUF_BOT_06","26/07/2024","09/08/2024","Aphididae_27482",18,0.000915099135739705
"f","Botanical Garden","PUF_BOT_07","09/08/2024","23/08/2024","Pentatomidae_160513",1975,0.755547054322877
"f","Botanical Garden","PUF_BOT_07","09/08/2024","23/08/2024",NA,466,0.178270849273145
"f","Botanical Garden","PUF_BOT_07","09/08/2024","23/08/2024","Tarsonemidae_133229",96,0.03672532517215
"f","Botanical Garden","PUF_BOT_07","09/08/2024","23/08/2024","Pyralidae_7135",43,0.0164498852333588
"f","Botanical Garden","PUF_BOT_07","09/08/2024","23/08/2024","Hominidae_9604",17,0.00650344299923489
"f","Botanical Garden","PUF_BOT_07","09/08/2024","23/08/2024","Tydeidae_708320",17,0.00650344299923489
"f","Botanical Garden","PUF_BOT_08","23/08/2024","06/09/2024","Pentatomidae_160513",571,0.488869863013699
"f","Botanical Garden","PUF_BOT_08","23/08/2024","06/09/2024",NA,412,0.352739726027397
"f","Botanical Garden","PUF_BOT_08","23/08/2024","06/09/2024","Eriophyidae_70320",64,0.0547945205479452
"f","Botanical Garden","PUF_BOT_08","23/08/2024","06/09/2024","Formicidae_36668",41,0.0351027397260274
"f","Botanical Garden","PUF_BOT_08","23/08/2024","06/09/2024","Tydeidae_708320",32,0.0273972602739726
"f","Botanical Garden","PUF_BOT_08","23/08/2024","06/09/2024","Cecidomyiidae_33406",29,0.0248287671232877
"f","Botanical Garden","PUF_BOT_08","23/08/2024","06/09/2024","Pyralidae_7135",12,0.0102739726027397
"f","Botanical Garden","PUF_BOT_08","23/08/2024","06/09/2024","Ulidiidae_43848",7,0.00599315068493151
"f","Botanical Garden","PUF_BOT_09","06/09/2024","20/09/2024","Pentatomidae_160513",1113,0.779957953749124
"f","Botanical Garden","PUF_BOT_09","06/09/2024","20/09/2024","Pyralidae_7135",155,0.108619481429573
"f","Botanical Garden","PUF_BOT_09","06/09/2024","20/09/2024",NA,148,0.103714085494043
"f","Botanical Garden","PUF_BOT_09","06/09/2024","20/09/2024","Hominidae_9604",11,0.00770847932725999
"f","Botanical Garden","PUF_BOT_10","20/09/2024","04/10/2024","Pentatomidae_160513",2761,0.716584479626265
"f","Botanical Garden","PUF_BOT_10","20/09/2024","04/10/2024",NA,684,0.177524007267065
"f","Botanical Garden","PUF_BOT_10","20/09/2024","04/10/2024","Bovidae_9895",327,0.0848689332987283
"f","Botanical Garden","PUF_BOT_10","20/09/2024","04/10/2024","Pyralidae_7135",81,0.0210225798079419
"f","Boucherville","PUF_BOU_01","27/05/2024","10/06/2024",NA,237,0.94047619047619
"f","Boucherville","PUF_BOU_01","27/05/2024","10/06/2024","Chironomidae_7149",6,0.0238095238095238
"f","Boucherville","PUF_BOU_01","27/05/2024","10/06/2024","Sciaridae_7184",3,0.0119047619047619
"f","Boucherville","PUF_BOU_01","27/05/2024","10/06/2024","Aphididae_27482",2,0.00793650793650794
"f","Boucherville","PUF_BOU_01","27/05/2024","10/06/2024","Hominidae_9604",2,0.00793650793650794
"f","Boucherville","PUF_BOU_01","27/05/2024","10/06/2024","Pentatomidae_160513",2,0.00793650793650794
"f","Boucherville","PUF_BOU_02","10/06/2024","24/06/2024","Bourletiellidae_187607",344,0.32824427480916
"f","Boucherville","PUF_BOU_02","10/06/2024","24/06/2024",NA,261,0.249045801526718
"f","Boucherville","PUF_BOU_02","10/06/2024","24/06/2024","Tipulidae_41042",238,0.227099236641221
"f","Boucherville","PUF_BOU_02","10/06/2024","24/06/2024","Acaridae_41442",76,0.0725190839694656
"f","Boucherville","PUF_BOU_02","10/06/2024","24/06/2024","Hominidae_9604",34,0.0324427480916031
"f","Boucherville","PUF_BOU_02","10/06/2024","24/06/2024","Pentatomidae_160513",33,0.0314885496183206
"f","Boucherville","PUF_BOU_02","10/06/2024","24/06/2024","Cantharidae_41097",24,0.0229007633587786
"f","Boucherville","PUF_BOU_02","10/06/2024","24/06/2024","Pyralidae_7135",21,0.0200381679389313
"f","Boucherville","PUF_BOU_02","10/06/2024","24/06/2024","Eriophyidae_70320",9,0.00858778625954199
"f","Boucherville","PUF_BOU_02","10/06/2024","24/06/2024","Dipodidae_30648",8,0.00763358778625954
"f","Boucherville","PUF_BOU_03","24/06/2024","08/07/2024",NA,320,0.5
"f","Boucherville","PUF_BOU_03","24/06/2024","08/07/2024","Pentatomidae_160513",127,0.1984375
"f","Boucherville","PUF_BOU_03","24/06/2024","08/07/2024","Bourletiellidae_187607",82,0.128125
"f","Boucherville","PUF_BOU_03","24/06/2024","08/07/2024","Bovidae_9895",57,0.0890625
"f","Boucherville","PUF_BOU_03","24/06/2024","08/07/2024","Tydeidae_708320",21,0.0328125
"f","Boucherville","PUF_BOU_03","24/06/2024","08/07/2024","Pyralidae_7135",15,0.0234375
"f","Boucherville","PUF_BOU_03","24/06/2024","08/07/2024","Eriophyidae_70320",11,0.0171875
"f","Boucherville","PUF_BOU_03","24/06/2024","08/07/2024","Acrididae_7002",7,0.0109375
"f","Boucherville","PUF_BOU_04","08/07/2024","22/07/2024","Pentatomidae_160513",281,0.481164383561644
"f","Boucherville","PUF_BOU_04","08/07/2024","22/07/2024",NA,185,0.316780821917808
"f","Boucherville","PUF_BOU_04","08/07/2024","22/07/2024","Chironomidae_7149",45,0.0770547945205479
"f","Boucherville","PUF_BOU_04","08/07/2024","22/07/2024","Acrididae_7002",32,0.0547945205479452
"f","Boucherville","PUF_BOU_04","08/07/2024","22/07/2024","Pyralidae_7135",24,0.0410958904109589
"f","Boucherville","PUF_BOU_04","08/07/2024","22/07/2024","Carabidae_41073",7,0.011986301369863
"f","Boucherville","PUF_BOU_04","08/07/2024","22/07/2024","Hominidae_9604",4,0.00684931506849315
"f","Boucherville","PUF_BOU_04","08/07/2024","22/07/2024","Bourletiellidae_187607",3,0.00513698630136986
"f","Boucherville","PUF_BOU_04","08/07/2024","22/07/2024","Bovidae_9895",3,0.00513698630136986
"f","Boucherville","PUF_BOU_05","22/07/2024","05/08/2024","Pentatomidae_160513",1841,0.772555602182123
"f","Boucherville","PUF_BOU_05","22/07/2024","05/08/2024",NA,204,0.0856063785144776
"f","Boucherville","PUF_BOU_05","22/07/2024","05/08/2024","Aphididae_27482",153,0.0642047838858582
"f","Boucherville","PUF_BOU_05","22/07/2024","05/08/2024","Scatopsidae_52749",37,0.0155266470835082
"f","Boucherville","PUF_BOU_05","22/07/2024","05/08/2024","Macronyssidae_224534",34,0.0142677297524129
"f","Boucherville","PUF_BOU_05","22/07/2024","05/08/2024","Sciaridae_7184",34,0.0142677297524129
"f","Boucherville","PUF_BOU_05","22/07/2024","05/08/2024","Cecidomyiidae_33406",25,0.0104909777591272
"f","Boucherville","PUF_BOU_05","22/07/2024","05/08/2024","Cantharidae_41097",19,0.00797314309693663
"f","Boucherville","PUF_BOU_05","22/07/2024","05/08/2024","Tydeidae_708320",19,0.00797314309693663
"f","Boucherville","PUF_BOU_05","22/07/2024","05/08/2024","Pyralidae_7135",17,0.00713386487620646
"f","Boucherville","PUF_BOU_06","05/08/2024","19/08/2024","Pentatomidae_160513",563,0.670238095238095
"f","Boucherville","PUF_BOU_06","05/08/2024","19/08/2024",NA,169,0.201190476190476
"f","Boucherville","PUF_BOU_06","05/08/2024","19/08/2024","Pyralidae_7135",35,0.0416666666666667
"f","Boucherville","PUF_BOU_06","05/08/2024","19/08/2024","Artemiidae_38009",30,0.0357142857142857
"f","Boucherville","PUF_BOU_06","05/08/2024","19/08/2024","Coenagrionidae_70895",18,0.0214285714285714
"f","Boucherville","PUF_BOU_06","05/08/2024","19/08/2024","Eriophyidae_70320",12,0.0142857142857143
"f","Boucherville","PUF_BOU_06","05/08/2024","19/08/2024","Chironomidae_7149",8,0.00952380952380952
"f","Boucherville","PUF_BOU_06","05/08/2024","19/08/2024","Bourletiellidae_187607",5,0.00595238095238095
"f","Boucherville","PUF_BOU_07","19/08/2024","02/09/2024",NA,120,0.368098159509202
"f","Boucherville","PUF_BOU_07","19/08/2024","02/09/2024","Pentatomidae_160513",92,0.282208588957055
"f","Boucherville","PUF_BOU_07","19/08/2024","02/09/2024","Bovidae_9895",60,0.184049079754601
"f","Boucherville","PUF_BOU_07","19/08/2024","02/09/2024","Bourletiellidae_187607",53,0.162576687116564
"f","Boucherville","PUF_BOU_07","19/08/2024","02/09/2024","Miridae_30083",1,0.00306748466257669
"f","Boucherville","PUF_BOU_08","02/09/2024","16/09/2024","Pentatomidae_160513",1701,0.772479564032698
"f","Boucherville","PUF_BOU_08","02/09/2024","16/09/2024",NA,398,0.180744777475023
"f","Boucherville","PUF_BOU_08","02/09/2024","16/09/2024","Dipodidae_30648",32,0.0145322434150772
"f","Boucherville","PUF_BOU_08","02/09/2024","16/09/2024","Pyralidae_7135",22,0.00999091734786558
"f","Boucherville","PUF_BOU_08","02/09/2024","16/09/2024","Braconidae_7402",19,0.00862851952770209
"f","Boucherville","PUF_BOU_08","02/09/2024","16/09/2024","Chironomidae_7149",17,0.00772025431425976
"f","Boucherville","PUF_BOU_08","02/09/2024","16/09/2024","Psychodidae_7197",13,0.00590372388737511
"f","Boucherville","PUF_BOU_09","16/09/2024","30/09/2024","Pentatomidae_160513",1259,0.702566964285714
"f","Boucherville","PUF_BOU_09","16/09/2024","30/09/2024",NA,286,0.159598214285714
"f","Boucherville","PUF_BOU_09","16/09/2024","30/09/2024","Eriophyidae_70320",115,0.0641741071428571
"f","Boucherville","PUF_BOU_09","16/09/2024","30/09/2024","Hominidae_9604",65,0.0362723214285714
"f","Boucherville","PUF_BOU_09","16/09/2024","30/09/2024","Dipodidae_30648",21,0.01171875
"f","Boucherville","PUF_BOU_09","16/09/2024","30/09/2024","Carabidae_41073",19,0.0106026785714286
"f","Boucherville","PUF_BOU_09","16/09/2024","30/09/2024","Pyralidae_7135",17,0.00948660714285714
"f","Boucherville","PUF_BOU_09","16/09/2024","30/09/2024","Agriolimacidae_147582",10,0.00558035714285714
"f","IPEX","PUF_IPEX_01","15/05/2024","29/05/2024","Pentatomidae_160513",48,0.428571428571429
"f","IPEX","PUF_IPEX_01","15/05/2024","29/05/2024",NA,32,0.285714285714286
"f","IPEX","PUF_IPEX_01","15/05/2024","29/05/2024","Bovidae_9895",21,0.1875
"f","IPEX","PUF_IPEX_01","15/05/2024","29/05/2024","Hominidae_9604",7,0.0625
"f","IPEX","PUF_IPEX_01","15/05/2024","29/05/2024","Diptilomiopidae_1336387",3,0.0267857142857143
"f","IPEX","PUF_IPEX_01","15/05/2024","29/05/2024","Pyralidae_7135",1,0.00892857142857143
"f","IPEX","PUF_IPEX_02","29/05/2024","12/06/2024",NA,1242,0.703682719546742
"f","IPEX","PUF_IPEX_02","29/05/2024","12/06/2024","Eriophyidae_70320",146,0.0827195467422096
"f","IPEX","PUF_IPEX_02","29/05/2024","12/06/2024","Pentatomidae_160513",142,0.0804532577903683
"f","IPEX","PUF_IPEX_02","29/05/2024","12/06/2024","Cecidomyiidae_33406",76,0.0430594900849858
"f","IPEX","PUF_IPEX_02","29/05/2024","12/06/2024","Chironomidae_7149",67,0.0379603399433428
"f","IPEX","PUF_IPEX_02","29/05/2024","12/06/2024","Aphididae_27482",23,0.0130311614730878
"f","IPEX","PUF_IPEX_02","29/05/2024","12/06/2024","Triophtydeidae_2461247",18,0.0101983002832861
"f","IPEX","PUF_IPEX_02","29/05/2024","12/06/2024","Coccinellidae_7080",14,0.00793201133144476
"f","IPEX","PUF_IPEX_02","29/05/2024","12/06/2024","Pyralidae_7135",14,0.00793201133144476
"f","IPEX","PUF_IPEX_02","29/05/2024","12/06/2024","Cantharidae_41097",9,0.00509915014164306
"f","IPEX","PUF_IPEX_02","29/05/2024","12/06/2024","Bourletiellidae_187607",7,0.00396600566572238
"f","IPEX","PUF_IPEX_02","29/05/2024","12/06/2024","Hominidae_9604",7,0.00396600566572238
"f","IPEX","PUF_IPEX_03","12/06/2024","26/06/2024","Araneidae_6913",9871,0.879454739843193
"f","IPEX","PUF_IPEX_03","12/06/2024","26/06/2024",NA,944,0.0841054882394868
"f","IPEX","PUF_IPEX_03","12/06/2024","26/06/2024","Pentatomidae_160513",174,0.0155024946543122
"f","IPEX","PUF_IPEX_03","12/06/2024","26/06/2024","Pyralidae_7135",73,0.00650392017106201
"f","IPEX","PUF_IPEX_03","12/06/2024","26/06/2024","Bovidae_9895",52,0.00463292943692088
"f","IPEX","PUF_IPEX_03","12/06/2024","26/06/2024","Eriophyidae_70320",46,0.00409836065573771
"f","IPEX","PUF_IPEX_03","12/06/2024","26/06/2024","Gerridae_36161",24,0.00213827512473272
"f","IPEX","PUF_IPEX_03","12/06/2024","26/06/2024","Miridae_30083",15,0.00133642195295795
"f","IPEX","PUF_IPEX_03","12/06/2024","26/06/2024","Carabidae_41073",13,0.00115823235923022
"f","IPEX","PUF_IPEX_03","12/06/2024","26/06/2024","Macrotrichidae_77757",12,0.00106913756236636
"f","IPEX","PUF_IPEX_04","26/06/2024","10/07/2024","Pentatomidae_160513",993,0.509230769230769
"f","IPEX","PUF_IPEX_04","26/06/2024","10/07/2024",NA,447,0.229230769230769
"f","IPEX","PUF_IPEX_04","26/06/2024","10/07/2024","Eriophyidae_70320",142,0.0728205128205128
"f","IPEX","PUF_IPEX_04","26/06/2024","10/07/2024","Tydeidae_708320",116,0.0594871794871795
"f","IPEX","PUF_IPEX_04","26/06/2024","10/07/2024","Pyralidae_7135",72,0.0369230769230769
"f","IPEX","PUF_IPEX_04","26/06/2024","10/07/2024","Crambidae_268499",66,0.0338461538461538
"f","IPEX","PUF_IPEX_04","26/06/2024","10/07/2024","Bovidae_9895",48,0.0246153846153846
"f","IPEX","PUF_IPEX_04","26/06/2024","10/07/2024","Acaridae_41442",27,0.0138461538461538
"f","IPEX","PUF_IPEX_04","26/06/2024","10/07/2024","Dipodidae_30648",22,0.0112820512820513
"f","IPEX","PUF_IPEX_04","26/06/2024","10/07/2024","Ichneumonidae_7408",17,0.00871794871794872
"f","IPEX","PUF_IPEX_05","10/07/2024","24/07/2024","Pentatomidae_160513",3831,0.687421496500987
"f","IPEX","PUF_IPEX_05","10/07/2024","24/07/2024","Pygmephoridae_1253854",996,0.178718822896106
"f","IPEX","PUF_IPEX_05","10/07/2024","24/07/2024",NA,463,0.0830791315270052
"f","IPEX","PUF_IPEX_05","10/07/2024","24/07/2024","Bourletiellidae_187607",121,0.0217118248699085
"f","IPEX","PUF_IPEX_05","10/07/2024","24/07/2024","Eriophyidae_70320",63,0.0113045038578862
"f","IPEX","PUF_IPEX_05","10/07/2024","24/07/2024","Hominidae_9604",49,0.00879239188946707
"f","IPEX","PUF_IPEX_05","10/07/2024","24/07/2024","Leptoceridae_50642",27,0.00484478736766553
"f","IPEX","PUF_IPEX_05","10/07/2024","24/07/2024","Miridae_30083",23,0.00412704109097434
"f","IPEX","PUF_IPEX_06","24/07/2024","07/08/2024","Pentatomidae_160513",812,0.82103134479272
"f","IPEX","PUF_IPEX_06","24/07/2024","07/08/2024",NA,159,0.160768452982811
"f","IPEX","PUF_IPEX_06","24/07/2024","07/08/2024","Pyralidae_7135",18,0.0182002022244692
"f","IPEX","PUF_IPEX_07","07/08/2024","21/08/2024","Pentatomidae_160513",1072,0.637336504161712
"f","IPEX","PUF_IPEX_07","07/08/2024","21/08/2024",NA,525,0.312128418549346
"f","IPEX","PUF_IPEX_07","07/08/2024","21/08/2024","Pyralidae_7135",53,0.0315101070154578
"f","IPEX","PUF_IPEX_07","07/08/2024","21/08/2024","Ichneumonidae_7408",13,0.00772889417360285
"f","IPEX","PUF_IPEX_07","07/08/2024","21/08/2024","Dipodidae_30648",10,0.00594530321046373
"f","IPEX","PUF_IPEX_07","07/08/2024","21/08/2024","Ephydridae_48991",9,0.00535077288941736
"f","IPEX","PUF_IPEX_08","21/08/2024","04/09/2024","Pentatomidae_160513",1493,0.643257216716932
"f","IPEX","PUF_IPEX_08","21/08/2024","04/09/2024",NA,683,0.294269711331323
"f","IPEX","PUF_IPEX_08","21/08/2024","04/09/2024","Bovidae_9895",70,0.03015941404567
"f","IPEX","PUF_IPEX_08","21/08/2024","04/09/2024","Cecidomyiidae_33406",39,0.016803102111159
"f","IPEX","PUF_IPEX_08","21/08/2024","04/09/2024","Chironomidae_7149",19,0.00818612666953899
"f","IPEX","PUF_IPEX_08","21/08/2024","04/09/2024","Hominidae_9604",17,0.00732442912537699
"f","IPEX","PUF_IPEX_09","04/09/2024","18/09/2024","Pentatomidae_160513",962,0.871376811594203
"f","IPEX","PUF_IPEX_09","04/09/2024","18/09/2024",NA,100,0.0905797101449275
"f","IPEX","PUF_IPEX_09","04/09/2024","18/09/2024","Pyralidae_7135",31,0.0280797101449275
"f","IPEX","PUF_IPEX_09","04/09/2024","18/09/2024","Aphididae_27482",11,0.00996376811594203
"f","IPEX","PUF_IPEX_10","18/09/2024","02/10/2024","Pentatomidae_160513",2696,0.646833013435701
"f","IPEX","PUF_IPEX_10","18/09/2024","02/10/2024",NA,594,0.142514395393474
"f","IPEX","PUF_IPEX_10","18/09/2024","02/10/2024","Liposcelididae_2545764",574,0.137715930902111
"f","IPEX","PUF_IPEX_10","18/09/2024","02/10/2024","Pyralidae_7135",161,0.0386276391554702
"f","IPEX","PUF_IPEX_10","18/09/2024","02/10/2024","Chironomidae_7149",83,0.0199136276391555
"f","IPEX","PUF_IPEX_10","18/09/2024","02/10/2024","Noctuidae_7100",23,0.00551823416506718
"f","IPEX","PUF_IPEX_10","18/09/2024","02/10/2024","Formicidae_36668",20,0.00479846449136276
"f","IPEX","PUF_IPEX_10","18/09/2024","02/10/2024","Julidae_41449",17,0.00407869481765835
"f","Insectarium","Insectarium_Cocoon","10/11/2025","24/11/2025","Acaridae_41442",123,0.45724907063197
"f","Insectarium","Insectarium_Cocoon","10/11/2025","24/11/2025","Bovidae_9895",73,0.271375464684015
"f","Insectarium","Insectarium_Cocoon","10/11/2025","24/11/2025","Artemiidae_38009",36,0.133828996282528
"f","Insectarium","Insectarium_Cocoon","10/11/2025","24/11/2025","Hominidae_9604",36,0.133828996282528
"f","Insectarium","Insectarium_Cocoon","10/11/2025","24/11/2025","Julidae_41449",1,0.00371747211895911
"f","Insectarium","Insectarium_Door","10/11/2025","24/11/2025","Bovidae_9895",48,0.979591836734694
"f","Insectarium","Insectarium_Door","10/11/2025","24/11/2025","Nymphalidae_33415",1,0.0204081632653061
"f","Insectarium","Insectarium_Up","10/11/2025","24/11/2025","Acaridae_41442",1884,1
"f","Jean-Drapeau","PUF_JD_01","22/05/2024","05/06/2024","Erebidae_695564",6071,0.683132665691459
"f","Jean-Drapeau","PUF_JD_01","22/05/2024","05/06/2024","Anystidae_92248",1435,0.161471812760212
"f","Jean-Drapeau","PUF_JD_01","22/05/2024","05/06/2024",NA,844,0.0949701811634972
"f","Jean-Drapeau","PUF_JD_01","22/05/2024","05/06/2024","Blattisociidae_1251892",114,0.012827725891752
"f","Jean-Drapeau","PUF_JD_01","22/05/2024","05/06/2024","Chironomidae_7149",105,0.0118150106897716
"f","Jean-Drapeau","PUF_JD_01","22/05/2024","05/06/2024","Tetragnathidae_27394",76,0.008551817261168
"f","Jean-Drapeau","PUF_JD_01","22/05/2024","05/06/2024","Pentatomidae_160513",57,0.006413862945876
"f","Jean-Drapeau","PUF_JD_01","22/05/2024","05/06/2024","Eriophyidae_70320",42,0.00472600427590863
"f","Jean-Drapeau","PUF_JD_01","22/05/2024","05/06/2024","Formicidae_36668",34,0.00382581298525937
"f","Jean-Drapeau","PUF_JD_01","22/05/2024","05/06/2024","Tydeidae_708320",32,0.00360076516259705
"f","Jean-Drapeau","PUF_JD_01","22/05/2024","05/06/2024","Pyralidae_7135",24,0.00270057387194779
"f","Jean-Drapeau","PUF_JD_01","22/05/2024","05/06/2024","Aphididae_27482",16,0.00180038258129853
"f","Jean-Drapeau","PUF_JD_01","22/05/2024","05/06/2024","Heptageniidae_178295",13,0.00146281084730505
"f","Jean-Drapeau","PUF_JD_01","22/05/2024","05/06/2024","Hominidae_9604",13,0.00146281084730505
"f","Jean-Drapeau","PUF_JD_01","22/05/2024","05/06/2024","Miridae_30083",11,0.00123776302464274
"f","Jean-Drapeau","PUF_JD_02","05/06/2024","19/06/2024","Blastobasidae_173649",13484,0.955431162757741
"f","Jean-Drapeau","PUF_JD_02","05/06/2024","19/06/2024",NA,256,0.0181393041876284
"f","Jean-Drapeau","PUF_JD_02","05/06/2024","19/06/2024","Noctuidae_7100",183,0.012966768227875
"f","Jean-Drapeau","PUF_JD_02","05/06/2024","19/06/2024","Hydroptilidae_57995",94,0.00666052575639481
"f","Jean-Drapeau","PUF_JD_02","05/06/2024","19/06/2024","Hydropsychidae_41030",37,0.00262169630836817
"f","Jean-Drapeau","PUF_JD_02","05/06/2024","19/06/2024","Tetragnathidae_27394",28,0.00198398639552186
"f","Jean-Drapeau","PUF_JD_02","05/06/2024","19/06/2024","Pyralidae_7135",18,0.00127541982569262
"f","Jean-Drapeau","PUF_JD_02","05/06/2024","19/06/2024","Philodromidae_243501",13,0.000921136540778006
"f","Jean-Drapeau","PUF_JD_03","19/06/2024","03/07/2024",NA,266,0.269503546099291
"f","Jean-Drapeau","PUF_JD_03","19/06/2024","03/07/2024","Miridae_30083",163,0.165146909827761
"f","Jean-Drapeau","PUF_JD_03","19/06/2024","03/07/2024","Pentatomidae_160513",160,0.162107396149949
"f","Jean-Drapeau","PUF_JD_03","19/06/2024","03/07/2024","Hominidae_9604",100,0.101317122593718
"f","Jean-Drapeau","PUF_JD_03","19/06/2024","03/07/2024","Chloropidae_29032",93,0.0942249240121581
"f","Jean-Drapeau","PUF_JD_03","19/06/2024","03/07/2024","Pyralidae_7135",60,0.060790273556231
"f","Jean-Drapeau","PUF_JD_03","19/06/2024","03/07/2024","Chrysopidae_7520",31,0.0314083080040527
"f","Jean-Drapeau","PUF_JD_03","19/06/2024","03/07/2024","Pterophoridae_186111",24,0.0243161094224924
"f","Jean-Drapeau","PUF_JD_03","19/06/2024","03/07/2024","Chironomidae_7149",23,0.0233029381965552
"f","Jean-Drapeau","PUF_JD_03","19/06/2024","03/07/2024","Delphacidae_33362",18,0.0182370820668693
"f","Jean-Drapeau","PUF_JD_03","19/06/2024","03/07/2024","Eriophyidae_70320",12,0.0121580547112462
"f","Jean-Drapeau","PUF_JD_03","19/06/2024","03/07/2024","Pygmephoridae_1253854",12,0.0121580547112462
"f","Jean-Drapeau","PUF_JD_03","19/06/2024","03/07/2024","Formicidae_36668",11,0.011144883485309
"f","Jean-Drapeau","PUF_JD_03","19/06/2024","03/07/2024","Sciaridae_7184",8,0.00810536980749747
"f","Jean-Drapeau","PUF_JD_03","19/06/2024","03/07/2024","Tydeidae_708320",6,0.0060790273556231
"f","Jean-Drapeau","PUF_JD_04","03/07/2024","17/07/2024","Pentatomidae_160513",996,0.613300492610837
"f","Jean-Drapeau","PUF_JD_04","03/07/2024","17/07/2024","Bovidae_9895",217,0.133620689655172
"f","Jean-Drapeau","PUF_JD_04","03/07/2024","17/07/2024","Tetragnathidae_27394",153,0.0942118226600985
"f","Jean-Drapeau","PUF_JD_04","03/07/2024","17/07/2024","Pyralidae_7135",149,0.0917487684729064
"f","Jean-Drapeau","PUF_JD_04","03/07/2024","17/07/2024",NA,109,0.0671182266009852
"f","Jean-Drapeau","PUF_JD_05","17/07/2024","31/07/2024","Tetragnathidae_27394",1700,0.408163265306122
"f","Jean-Drapeau","PUF_JD_05","17/07/2024","31/07/2024","Pentatomidae_160513",675,0.162064825930372
"f","Jean-Drapeau","PUF_JD_05","17/07/2024","31/07/2024","Aphididae_27482",471,0.113085234093637
"f","Jean-Drapeau","PUF_JD_05","17/07/2024","31/07/2024",NA,449,0.107803121248499
"f","Jean-Drapeau","PUF_JD_05","17/07/2024","31/07/2024","Pyralidae_7135",297,0.0713085234093637
"f","Jean-Drapeau","PUF_JD_05","17/07/2024","31/07/2024","Chironomidae_7149",258,0.0619447779111645
"f","Jean-Drapeau","PUF_JD_05","17/07/2024","31/07/2024","Eriophyidae_70320",129,0.0309723889555822
"f","Jean-Drapeau","PUF_JD_05","17/07/2024","31/07/2024","Bovidae_9895",45,0.0108043217286915
"f","Jean-Drapeau","PUF_JD_05","17/07/2024","31/07/2024","Artemiidae_38009",39,0.00936374549819928
"f","Jean-Drapeau","PUF_JD_05","17/07/2024","31/07/2024","Latridiidae_196999",38,0.00912364945978391
"f","Jean-Drapeau","PUF_JD_05","17/07/2024","31/07/2024","Cicadellidae_30102",37,0.00888355342136855
"f","Jean-Drapeau","PUF_JD_05","17/07/2024","31/07/2024","Hominidae_9604",11,0.00264105642256903
"f","Jean-Drapeau","PUF_JD_05","17/07/2024","31/07/2024","Ceratopogonidae_41819",9,0.0021608643457383
"f","Jean-Drapeau","PUF_JD_05","17/07/2024","31/07/2024","Theridiidae_34643",7,0.00168067226890756
"f","Jean-Drapeau","PUF_JD_06","31/07/2024","14/08/2024","Pentatomidae_160513",3494,0.892236976506639
"f","Jean-Drapeau","PUF_JD_06","31/07/2024","14/08/2024",NA,166,0.0423901940755873
"f","Jean-Drapeau","PUF_JD_06","31/07/2024","14/08/2024","Tetragnathidae_27394",119,0.030388151174668
"f","Jean-Drapeau","PUF_JD_06","31/07/2024","14/08/2024","Chironomidae_7149",78,0.0199182839632278
"f","Jean-Drapeau","PUF_JD_06","31/07/2024","14/08/2024","Pyralidae_7135",38,0.00970377936670072
"f","Jean-Drapeau","PUF_JD_06","31/07/2024","14/08/2024","Tydeidae_708320",11,0.00280898876404494
"f","Jean-Drapeau","PUF_JD_06","31/07/2024","14/08/2024","Formicidae_36668",10,0.00255362614913177
"f","Jean-Drapeau","PUF_JD_07","14/08/2024","28/08/2024","Pentatomidae_160513",2271,0.50377107364685
"f","Jean-Drapeau","PUF_JD_07","14/08/2024","28/08/2024","Coccinellidae_7080",867,0.192324755989352
"f","Jean-Drapeau","PUF_JD_07","14/08/2024","28/08/2024","Hydropsychidae_41030",592,0.131322094055013
"f","Jean-Drapeau","PUF_JD_07","14/08/2024","28/08/2024",NA,450,0.0998225377107365
"f","Jean-Drapeau","PUF_JD_07","14/08/2024","28/08/2024","Eriophyidae_70320",95,0.0210736468500444
"f","Jean-Drapeau","PUF_JD_07","14/08/2024","28/08/2024","Miridae_30083",79,0.0175244010647737
"f","Jean-Drapeau","PUF_JD_07","14/08/2024","28/08/2024","Araneidae_6913",53,0.011756876663709
"f","Jean-Drapeau","PUF_JD_07","14/08/2024","28/08/2024","Pyralidae_7135",53,0.011756876663709
"f","Jean-Drapeau","PUF_JD_07","14/08/2024","28/08/2024","Formicidae_36668",25,0.00554569653948536
"f","Jean-Drapeau","PUF_JD_07","14/08/2024","28/08/2024","Bourletiellidae_187607",23,0.00510204081632653
"f","Jean-Drapeau","PUF_JD_08","28/08/2024","11/09/2024","Tetragnathidae_27394",8581,0.985076340259442
"f","Jean-Drapeau","PUF_JD_08","28/08/2024","11/09/2024","Pentatomidae_160513",95,0.0109057513488692
"f","Jean-Drapeau","PUF_JD_08","28/08/2024","11/09/2024","Cicadellidae_30102",20,0.00229594765239353
"f","Jean-Drapeau","PUF_JD_08","28/08/2024","11/09/2024",NA,15,0.00172196073929514
"f","Jean-Drapeau","PUF_JD_09","11/09/2024","25/09/2024","Pentatomidae_160513",670,0.555555555555556
"f","Jean-Drapeau","PUF_JD_09","11/09/2024","25/09/2024","Pyralidae_7135",227,0.188225538971808
"f","Jean-Drapeau","PUF_JD_09","11/09/2024","25/09/2024",NA,177,0.146766169154229
"f","Jean-Drapeau","PUF_JD_09","11/09/2024","25/09/2024","Myrmeleontidae_27427",69,0.0572139303482587
"f","Jean-Drapeau","PUF_JD_09","11/09/2024","25/09/2024","Sciaridae_7184",24,0.0199004975124378
"f","Jean-Drapeau","PUF_JD_09","11/09/2024","25/09/2024","Tetragnathidae_27394",20,0.0165837479270315
"f","Jean-Drapeau","PUF_JD_09","11/09/2024","25/09/2024","Sarcophagidae_7381",10,0.00829187396351575
"f","Jean-Drapeau","PUF_JD_09","11/09/2024","25/09/2024","Suidae_9821",9,0.00746268656716418
"f","Jean-Drapeau","PUF_JD_10","25/09/2024","09/10/2024","Aphididae_27482",6147,0.7246257220323
"f","Jean-Drapeau","PUF_JD_10","25/09/2024","09/10/2024","Pentatomidae_160513",1552,0.18295414358128
"f","Jean-Drapeau","PUF_JD_10","25/09/2024","09/10/2024","Chironomidae_7149",243,0.0286455263468113
"f","Jean-Drapeau","PUF_JD_10","25/09/2024","09/10/2024","Tetragnathidae_27394",215,0.025344807261582
"f","Jean-Drapeau","PUF_JD_10","25/09/2024","09/10/2024",NA,107,0.0126134622185548
"f","Jean-Drapeau","PUF_JD_10","25/09/2024","09/10/2024","Pyralidae_7135",72,0.00848756336201815
"f","Jean-Drapeau","PUF_JD_10","25/09/2024","09/10/2024","Bovidae_9895",67,0.00789814923965578
"f","Jean-Drapeau","PUF_JD_10","25/09/2024","09/10/2024","Araneidae_6913",46,0.00542260992573382
"f","Jean-Drapeau","PUF_JD_10","25/09/2024","09/10/2024","Hydropsychidae_41030",34,0.00400801603206413
"f","Mont_Tremblant","Mont_Tremblant","30/08/2025","31/08/2025",NA,805,0.818089430894309
"f","Mont_Tremblant","Mont_Tremblant","30/08/2025","31/08/2025","Bovidae_9895",82,0.0833333333333333
"f","Mont_Tremblant","Mont_Tremblant","30/08/2025","31/08/2025","Pentatomidae_160513",44,0.0447154471544715
"f","Mont_Tremblant","Mont_Tremblant","30/08/2025","31/08/2025","Hominidae_9604",33,0.0335365853658537
"f","Mont_Tremblant","Mont_Tremblant","30/08/2025","31/08/2025","Carabidae_41073",18,0.0182926829268293
"f","Mont_Tremblant","Mont_Tremblant","30/08/2025","31/08/2025","Formicidae_36668",2,0.00203252032520325
"f",NA,NA,NA,NA,"Nymphalidae_33415",29248,0.971500697535375
"f",NA,NA,NA,NA,"Entomobryidae_48704",356,0.0118248854049027
"f",NA,NA,NA,NA,"Papilionidae_7143",294,0.00976549525011626
"f",NA,NA,NA,NA,"Hymenopodidae_119670",76,0.00252441373812529
"f",NA,NA,NA,NA,"Acaridae_41442",62,0.00205939015478642
"f",NA,NA,NA,NA,"Eupodidae_393868",48,0.00159436657144755
"f",NA,NA,NA,NA,NA,22,0.000730751345246795
"g","Bird Observatory","PUF_MBO_01","20/05/2024","03/06/2024",NA,1067,0.467572304995618
"g","Bird Observatory","PUF_MBO_01","20/05/2024","03/06/2024","Tydeus_1670773",216,0.0946538124452235
"g","Bird Observatory","PUF_MBO_01","20/05/2024","03/06/2024","Abacarus_644136",199,0.0872042068361087
"g","Bird Observatory","PUF_MBO_01","20/05/2024","03/06/2024","Limnophyes_190098",141,0.0617879053461876
"g","Bird Observatory","PUF_MBO_01","20/05/2024","03/06/2024","Glypsus_-21471",128,0.056091148115688
"g","Bird Observatory","PUF_MBO_01","20/05/2024","03/06/2024","Aculodes_644138",120,0.0525854513584575
"g","Bird Observatory","PUF_MBO_01","20/05/2024","03/06/2024","Megaselia_36165",72,0.0315512708150745
"g","Bird Observatory","PUF_MBO_01","20/05/2024","03/06/2024","Labidomera_131651",67,0.0293602103418054
"g","Bird Observatory","PUF_MBO_01","20/05/2024","03/06/2024","Aprionus_1819779",66,0.0289219982471516
"g","Bird Observatory","PUF_MBO_01","20/05/2024","03/06/2024","Aculus_644140",60,0.0262927256792287
"g","Bird Observatory","PUF_MBO_01","20/05/2024","03/06/2024","Bos_9903",45,0.0197195442594216
"g","Bird Observatory","PUF_MBO_01","20/05/2024","03/06/2024","Liebstadia_229865",31,0.0135845749342682
"g","Bird Observatory","PUF_MBO_01","20/05/2024","03/06/2024","Erythroneura_38083",28,0.0122699386503067
"g","Bird Observatory","PUF_MBO_01","20/05/2024","03/06/2024","Pionidia_2613197",21,0.00920245398773006
"g","Bird Observatory","PUF_MBO_01","20/05/2024","03/06/2024","Homo_9605",14,0.00613496932515337
"g","Bird Observatory","PUF_MBO_01","20/05/2024","03/06/2024","Hydropsyche_50443",7,0.00306748466257669
"g","Bird Observatory","PUF_MBO_02","03/06/2024","17/06/2024","Xestia_320016",8006,0.521461603595389
"g","Bird Observatory","PUF_MBO_02","03/06/2024","17/06/2024","Allothrombium_92077",7029,0.457825832084935
"g","Bird Observatory","PUF_MBO_02","03/06/2024","17/06/2024",NA,252,0.016413730215593
"g","Bird Observatory","PUF_MBO_02","03/06/2024","17/06/2024","Glypsus_-21471",50,0.00325669250309386
"g","Bird Observatory","PUF_MBO_02","03/06/2024","17/06/2024","Nanocladius_611365",16,0.00104214160099003
"g","Bird Observatory","PUF_MBO_03","17/06/2024","01/07/2024","Glypsus_-21471",305,0.485668789808917
"g","Bird Observatory","PUF_MBO_03","17/06/2024","01/07/2024","Philodromus_336567",139,0.221337579617834
"g","Bird Observatory","PUF_MBO_03","17/06/2024","01/07/2024",NA,80,0.127388535031847
"g","Bird Observatory","PUF_MBO_03","17/06/2024","01/07/2024","Typhlodromips_756256",47,0.0748407643312102
"g","Bird Observatory","PUF_MBO_03","17/06/2024","01/07/2024","Pionidia_2613197",27,0.0429936305732484
"g","Bird Observatory","PUF_MBO_03","17/06/2024","01/07/2024","Abacarus_644136",18,0.0286624203821656
"g","Bird Observatory","PUF_MBO_03","17/06/2024","01/07/2024","Homo_9605",12,0.0191082802547771
"g","Bird Observatory","PUF_MBO_04","01/07/2024","15/07/2024","Glypsus_-21471",398,0.35695067264574
"g","Bird Observatory","PUF_MBO_04","01/07/2024","15/07/2024","Bos_9903",308,0.276233183856502
"g","Bird Observatory","PUF_MBO_04","01/07/2024","15/07/2024",NA,293,0.262780269058296
"g","Bird Observatory","PUF_MBO_04","01/07/2024","15/07/2024","Rhacognathus_1545358",116,0.104035874439462
"g","Bird Observatory","PUF_MBO_05","15/07/2024","29/07/2024","Choristoneura_7140",8556,0.92487298670414
"g","Bird Observatory","PUF_MBO_05","15/07/2024","29/07/2024","Glypsus_-21471",368,0.0397794832991028
"g","Bird Observatory","PUF_MBO_05","15/07/2024","29/07/2024",NA,161,0.0174035239433575
"g","Bird Observatory","PUF_MBO_05","15/07/2024","29/07/2024","Succinea_145426",55,0.00594530321046373
"g","Bird Observatory","PUF_MBO_05","15/07/2024","29/07/2024","Rhacognathus_1545358",51,0.00551291752243001
"g","Bird Observatory","PUF_MBO_05","15/07/2024","29/07/2024","Ochlerotatus_190765",26,0.00281050697221922
"g","Bird Observatory","PUF_MBO_05","15/07/2024","29/07/2024","Homo_9605",20,0.00216192844016863
"g","Bird Observatory","PUF_MBO_05","15/07/2024","29/07/2024","Galapagocoris_-21292",14,0.00151334990811804
"g","Bird Observatory","PUF_MBO_06","29/07/2024","12/08/2024","Glypsus_-21471",588,0.648291069459757
"g","Bird Observatory","PUF_MBO_06","29/07/2024","12/08/2024",NA,280,0.308710033076075
"g","Bird Observatory","PUF_MBO_06","29/07/2024","12/08/2024","Rhacognathus_1545358",25,0.0275633958103638
"g","Bird Observatory","PUF_MBO_06","29/07/2024","12/08/2024","Galapagocoris_-21292",14,0.0154355016538037
"g","Bird Observatory","PUF_MBO_07","12/08/2024","26/08/2024","Glypsus_-21471",1123,0.66646884272997
"g","Bird Observatory","PUF_MBO_07","12/08/2024","26/08/2024",NA,433,0.256973293768546
"g","Bird Observatory","PUF_MBO_07","12/08/2024","26/08/2024","Pionidia_2613197",55,0.0326409495548961
"g","Bird Observatory","PUF_MBO_07","12/08/2024","26/08/2024","Rhacognathus_1545358",44,0.0261127596439169
"g","Bird Observatory","PUF_MBO_07","12/08/2024","26/08/2024","Deuterosminthurus_1304590",18,0.0106824925816024
"g","Bird Observatory","PUF_MBO_07","12/08/2024","26/08/2024","Harrisina_688409",12,0.00712166172106825
"g","Bird Observatory","PUF_MBO_08","26/08/2024","09/09/2024","Glypsus_-21471",1252,0.77715704531347
"g","Bird Observatory","PUF_MBO_08","26/08/2024","09/09/2024",NA,339,0.210428305400372
"g","Bird Observatory","PUF_MBO_08","26/08/2024","09/09/2024","Pionidia_2613197",20,0.0124146492861577
"g","Bird Observatory","PUF_MBO_09","09/09/2024","23/09/2024","Glypsus_-21471",1901,0.676031294452347
"g","Bird Observatory","PUF_MBO_09","09/09/2024","23/09/2024",NA,834,0.296586059743954
"g","Bird Observatory","PUF_MBO_09","09/09/2024","23/09/2024","Bos_9903",47,0.0167140825035562
"g","Bird Observatory","PUF_MBO_09","09/09/2024","23/09/2024","Pionidia_2613197",30,0.0106685633001422
"g","Bird Observatory","PUF_MBO_10","23/09/2024","07/10/2024","Glypsus_-21471",800,0.506008855154965
"g","Bird Observatory","PUF_MBO_10","23/09/2024","07/10/2024",NA,738,0.466793168880455
"g","Bird Observatory","PUF_MBO_10","23/09/2024","07/10/2024","Haimbachia_1511198",22,0.0139152435167615
"g","Bird Observatory","PUF_MBO_10","23/09/2024","07/10/2024","Sminthurinus_187717",11,0.00695762175838077
"g","Bird Observatory","PUF_MBO_10","23/09/2024","07/10/2024","Rhacognathus_1545358",10,0.00632511068943706
"g","Botanical Garden","PUF_BOT_01","17/05/2024","31/05/2024",NA,500,0.61652281134402
"g","Botanical Garden","PUF_BOT_01","17/05/2024","31/05/2024","Pionidia_2613197",92,0.1134401972873
"g","Botanical Garden","PUF_BOT_01","17/05/2024","31/05/2024","Trisetacus_1227674",75,0.092478421701603
"g","Botanical Garden","PUF_BOT_01","17/05/2024","31/05/2024","Eriosoma_133081",36,0.0443896424167694
"g","Botanical Garden","PUF_BOT_01","17/05/2024","31/05/2024","Homo_9605",36,0.0443896424167694
"g","Botanical Garden","PUF_BOT_01","17/05/2024","31/05/2024","Heleniella_611355",30,0.0369913686806412
"g","Botanical Garden","PUF_BOT_01","17/05/2024","31/05/2024","Cheumatopsyche_177865",25,0.030826140567201
"g","Botanical Garden","PUF_BOT_01","17/05/2024","31/05/2024","Parakiefferiella_611371",12,0.0147965474722565
"g","Botanical Garden","PUF_BOT_01","17/05/2024","31/05/2024","Phrurolithus_1226123",5,0.0061652281134402
"g","Botanical Garden","PUF_BOT_02","31/05/2024","14/06/2024",NA,1977,0.827542904981164
"g","Botanical Garden","PUF_BOT_02","31/05/2024","14/06/2024","Glypsus_-21471",121,0.0506488070322311
"g","Botanical Garden","PUF_BOT_02","31/05/2024","14/06/2024","Xestia_320016",109,0.0456257848472164
"g","Botanical Garden","PUF_BOT_02","31/05/2024","14/06/2024","Tydeus_1670773",53,0.0221850146504814
"g","Botanical Garden","PUF_BOT_02","31/05/2024","14/06/2024","Aculus_644140",37,0.0154876517371285
"g","Botanical Garden","PUF_BOT_02","31/05/2024","14/06/2024","Phrurolithus_1226123",21,0.00879028882377564
"g","Botanical Garden","PUF_BOT_02","31/05/2024","14/06/2024","Pionidia_2613197",18,0.00753453327752198
"g","Botanical Garden","PUF_BOT_02","31/05/2024","14/06/2024","Homo_9605",17,0.00711594809543742
"g","Botanical Garden","PUF_BOT_02","31/05/2024","14/06/2024","Rhacognathus_1545358",12,0.00502302218501465
"g","Botanical Garden","PUF_BOT_02","31/05/2024","14/06/2024","Muscina_57892",8,0.00334868145667643
"g","Botanical Garden","PUF_BOT_02","31/05/2024","14/06/2024","Galapagocoris_-21292",7,0.00293009627459188
"g","Botanical Garden","PUF_BOT_02","31/05/2024","14/06/2024","Cricotopus_153373",5,0.00209292591042277
"g","Botanical Garden","PUF_BOT_02","31/05/2024","14/06/2024","Abacarus_644136",4,0.00167434072833822
"g","Botanical Garden","PUF_BOT_03","24/06/2024","28/06/2024","Bos_9903",88,1
"g","Botanical Garden","PUF_BOT_04","28/06/2024","12/07/2024","Glypsus_-21471",524,0.569565217391304
"g","Botanical Garden","PUF_BOT_04","28/06/2024","12/07/2024",NA,203,0.220652173913043
"g","Botanical Garden","PUF_BOT_04","28/06/2024","12/07/2024","Asteia_305551",138,0.15
"g","Botanical Garden","PUF_BOT_04","28/06/2024","12/07/2024","Pionidia_2613197",41,0.0445652173913043
"g","Botanical Garden","PUF_BOT_04","28/06/2024","12/07/2024","Harmonia_115356",8,0.00869565217391304
"g","Botanical Garden","PUF_BOT_04","28/06/2024","12/07/2024","Cricotopus_153373",6,0.00652173913043478
"g","Botanical Garden","PUF_BOT_05","12/07/2024","26/07/2024","Glypsus_-21471",569,0.375082399472643
"g","Botanical Garden","PUF_BOT_05","12/07/2024","26/07/2024",NA,396,0.261041529334212
"g","Botanical Garden","PUF_BOT_05","12/07/2024","26/07/2024","Dasineura_240745",381,0.251153592617007
"g","Botanical Garden","PUF_BOT_05","12/07/2024","26/07/2024","Bos_9903",61,0.040210942649967
"g","Botanical Garden","PUF_BOT_05","12/07/2024","26/07/2024","Pionidia_2613197",52,0.034278180619644
"g","Botanical Garden","PUF_BOT_05","12/07/2024","26/07/2024","Shevtchenkella_1452708",31,0.020435069215557
"g","Botanical Garden","PUF_BOT_05","12/07/2024","26/07/2024","Aceria_109362",18,0.011865524060646
"g","Botanical Garden","PUF_BOT_05","12/07/2024","26/07/2024","Triophytydeus_-3480",9,0.00593276203032301
"g","Botanical Garden","PUF_BOT_06","26/07/2024","09/08/2024","Pyla_683885",17783,0.904067107269954
"g","Botanical Garden","PUF_BOT_06","26/07/2024","09/08/2024","Glypsus_-21471",800,0.0406710726995424
"g","Botanical Garden","PUF_BOT_06","26/07/2024","09/08/2024","Homo_9605",705,0.0358413828164718
"g","Botanical Garden","PUF_BOT_06","26/07/2024","09/08/2024",NA,112,0.00569395017793594
"g","Botanical Garden","PUF_BOT_06","26/07/2024","09/08/2024","Galapagocoris_-21292",88,0.00447381799694967
"g","Botanical Garden","PUF_BOT_06","26/07/2024","09/08/2024","Bembidion_60800",86,0.00437214031520081
"g","Botanical Garden","PUF_BOT_06","26/07/2024","09/08/2024","Tetramorium_30204",31,0.00157600406710727
"g","Botanical Garden","PUF_BOT_06","26/07/2024","09/08/2024","Harrisina_688409",24,0.00122013218098627
"g","Botanical Garden","PUF_BOT_06","26/07/2024","09/08/2024","Aethes_572702",23,0.00116929334011185
"g","Botanical Garden","PUF_BOT_06","26/07/2024","09/08/2024","Aphis_80764",18,0.000915099135739705
"g","Botanical Garden","PUF_BOT_07","09/08/2024","23/08/2024","Glypsus_-21471",1959,0.749426166794185
"g","Botanical Garden","PUF_BOT_07","09/08/2024","23/08/2024",NA,562,0.214996174445295
"g","Botanical Garden","PUF_BOT_07","09/08/2024","23/08/2024","Pionidia_2613197",43,0.0164498852333588
"g","Botanical Garden","PUF_BOT_07","09/08/2024","23/08/2024","Homo_9605",17,0.00650344299923489
"g","Botanical Garden","PUF_BOT_07","09/08/2024","23/08/2024","Tydeus_1670773",17,0.00650344299923489
"g","Botanical Garden","PUF_BOT_07","09/08/2024","23/08/2024","Rhacognathus_1545358",16,0.00612088752869166
"g","Botanical Garden","PUF_BOT_08","23/08/2024","06/09/2024","Glypsus_-21471",571,0.488869863013699
"g","Botanical Garden","PUF_BOT_08","23/08/2024","06/09/2024",NA,469,0.401541095890411
"g","Botanical Garden","PUF_BOT_08","23/08/2024","06/09/2024","Lasius_7482",41,0.0351027397260274
"g","Botanical Garden","PUF_BOT_08","23/08/2024","06/09/2024","Aceria_109362",38,0.0325342465753425
"g","Botanical Garden","PUF_BOT_08","23/08/2024","06/09/2024","Tydeus_1670773",32,0.0273972602739726
"g","Botanical Garden","PUF_BOT_08","23/08/2024","06/09/2024","Pionidia_2613197",12,0.0102739726027397
"g","Botanical Garden","PUF_BOT_08","23/08/2024","06/09/2024","Aphidoletes_95971",5,0.00428082191780822
"g","Botanical Garden","PUF_BOT_09","06/09/2024","20/09/2024","Glypsus_-21471",1107,0.775753328661528
"g","Botanical Garden","PUF_BOT_09","06/09/2024","20/09/2024","Pionidia_2613197",155,0.108619481429573
"g","Botanical Garden","PUF_BOT_09","06/09/2024","20/09/2024",NA,148,0.103714085494043
"g","Botanical Garden","PUF_BOT_09","06/09/2024","20/09/2024","Homo_9605",11,0.00770847932725999
"g","Botanical Garden","PUF_BOT_09","06/09/2024","20/09/2024","Rhacognathus_1545358",6,0.00420462508759636
"g","Botanical Garden","PUF_BOT_10","20/09/2024","04/10/2024","Glypsus_-21471",2761,0.716584479626265
"g","Botanical Garden","PUF_BOT_10","20/09/2024","04/10/2024",NA,684,0.177524007267065
"g","Botanical Garden","PUF_BOT_10","20/09/2024","04/10/2024","Bos_9903",327,0.0848689332987283
"g","Botanical Garden","PUF_BOT_10","20/09/2024","04/10/2024","Pionidia_2613197",81,0.0210225798079419
"g","Boucherville","PUF_BOU_01","27/05/2024","10/06/2024",NA,243,0.964285714285714
"g","Boucherville","PUF_BOU_01","27/05/2024","10/06/2024","Corynoptera_1260849",3,0.0119047619047619
"g","Boucherville","PUF_BOU_01","27/05/2024","10/06/2024","Homo_9605",2,0.00793650793650794
"g","Boucherville","PUF_BOU_01","27/05/2024","10/06/2024","Pachypappa_330417",2,0.00793650793650794
"g","Boucherville","PUF_BOU_01","27/05/2024","10/06/2024","Rhacognathus_1545358",2,0.00793650793650794
"g","Boucherville","PUF_BOU_02","10/06/2024","24/06/2024",NA,516,0.49236641221374
"g","Boucherville","PUF_BOU_02","10/06/2024","24/06/2024","Deuterosminthurus_1304590",344,0.32824427480916
"g","Boucherville","PUF_BOU_02","10/06/2024","24/06/2024","Tyrophagus_41443",76,0.0725190839694656
"g","Boucherville","PUF_BOU_02","10/06/2024","24/06/2024","Homo_9605",34,0.0324427480916031
"g","Boucherville","PUF_BOU_02","10/06/2024","24/06/2024","Cantharis_41098",24,0.0229007633587786
"g","Boucherville","PUF_BOU_02","10/06/2024","24/06/2024","Pionidia_2613197",21,0.0200381679389313
"g","Boucherville","PUF_BOU_02","10/06/2024","24/06/2024","Glypsus_-21471",18,0.017175572519084
"g","Boucherville","PUF_BOU_02","10/06/2024","24/06/2024","Rhacognathus_1545358",15,0.0143129770992366
"g","Boucherville","PUF_BOU_03","24/06/2024","08/07/2024",NA,331,0.5171875
"g","Boucherville","PUF_BOU_03","24/06/2024","08/07/2024","Glypsus_-21471",115,0.1796875
"g","Boucherville","PUF_BOU_03","24/06/2024","08/07/2024","Deuterosminthurus_1304590",82,0.128125
"g","Boucherville","PUF_BOU_03","24/06/2024","08/07/2024","Bos_9903",57,0.0890625
"g","Boucherville","PUF_BOU_03","24/06/2024","08/07/2024","Tydeus_1670773",21,0.0328125
"g","Boucherville","PUF_BOU_03","24/06/2024","08/07/2024","Pionidia_2613197",15,0.0234375
"g","Boucherville","PUF_BOU_03","24/06/2024","08/07/2024","Rhacognathus_1545358",12,0.01875
"g","Boucherville","PUF_BOU_03","24/06/2024","08/07/2024","Melanoplus_30252",7,0.0109375
"g","Boucherville","PUF_BOU_04","08/07/2024","22/07/2024","Glypsus_-21471",276,0.472602739726027
"g","Boucherville","PUF_BOU_04","08/07/2024","22/07/2024",NA,204,0.349315068493151
"g","Boucherville","PUF_BOU_04","08/07/2024","22/07/2024","Melanoplus_30252",32,0.0547945205479452
"g","Boucherville","PUF_BOU_04","08/07/2024","22/07/2024","Pionidia_2613197",24,0.0410958904109589
"g","Boucherville","PUF_BOU_04","08/07/2024","22/07/2024","Cricotopus_153373",18,0.0308219178082192
"g","Boucherville","PUF_BOU_04","08/07/2024","22/07/2024","Tanytarsus_288802",8,0.0136986301369863
"g","Boucherville","PUF_BOU_04","08/07/2024","22/07/2024","Bembidion_60800",7,0.011986301369863
"g","Boucherville","PUF_BOU_04","08/07/2024","22/07/2024","Rhacognathus_1545358",5,0.00856164383561644
"g","Boucherville","PUF_BOU_04","08/07/2024","22/07/2024","Homo_9605",4,0.00684931506849315
"g","Boucherville","PUF_BOU_04","08/07/2024","22/07/2024","Bos_9903",3,0.00513698630136986
"g","Boucherville","PUF_BOU_04","08/07/2024","22/07/2024","Deuterosminthurus_1304590",3,0.00513698630136986
"g","Boucherville","PUF_BOU_05","22/07/2024","05/08/2024","Glypsus_-21471",1825,0.765841376416282
"g","Boucherville","PUF_BOU_05","22/07/2024","05/08/2024",NA,204,0.0856063785144776
"g","Boucherville","PUF_BOU_05","22/07/2024","05/08/2024","Aphis_80764",153,0.0642047838858582
"g","Boucherville","PUF_BOU_05","22/07/2024","05/08/2024","Swammerdamella_3120128",37,0.0155266470835082
"g","Boucherville","PUF_BOU_05","22/07/2024","05/08/2024","Corynoptera_1260849",34,0.0142677297524129
"g","Boucherville","PUF_BOU_05","22/07/2024","05/08/2024","Ornithonyssus_224535",34,0.0142677297524129
"g","Boucherville","PUF_BOU_05","22/07/2024","05/08/2024","Mycodiplosis_996607",25,0.0104909777591272
"g","Boucherville","PUF_BOU_05","22/07/2024","05/08/2024","Cantharis_41098",19,0.00797314309693663
"g","Boucherville","PUF_BOU_05","22/07/2024","05/08/2024","Tydeus_1670773",19,0.00797314309693663
"g","Boucherville","PUF_BOU_05","22/07/2024","05/08/2024","Pionidia_2613197",17,0.00713386487620646
"g","Boucherville","PUF_BOU_05","22/07/2024","05/08/2024","Rhacognathus_1545358",16,0.00671422576584138
"g","Boucherville","PUF_BOU_06","05/08/2024","19/08/2024","Glypsus_-21471",563,0.670238095238095
"g","Boucherville","PUF_BOU_06","05/08/2024","19/08/2024",NA,177,0.210714285714286
"g","Boucherville","PUF_BOU_06","05/08/2024","19/08/2024","Pionidia_2613197",35,0.0416666666666667
"g","Boucherville","PUF_BOU_06","05/08/2024","19/08/2024","Artemia_6660",30,0.0357142857142857
"g","Boucherville","PUF_BOU_06","05/08/2024","19/08/2024","Ischnura_79456",18,0.0214285714285714
"g","Boucherville","PUF_BOU_06","05/08/2024","19/08/2024","Tetra_1310384",12,0.0142857142857143
"g","Boucherville","PUF_BOU_06","05/08/2024","19/08/2024","Deuterosminthurus_1304590",5,0.00595238095238095
"g","Boucherville","PUF_BOU_07","19/08/2024","02/09/2024",NA,120,0.368098159509202
"g","Boucherville","PUF_BOU_07","19/08/2024","02/09/2024","Glypsus_-21471",92,0.282208588957055
"g","Boucherville","PUF_BOU_07","19/08/2024","02/09/2024","Bos_9903",60,0.184049079754601
"g","Boucherville","PUF_BOU_07","19/08/2024","02/09/2024","Deuterosminthurus_1304590",53,0.162576687116564
"g","Boucherville","PUF_BOU_07","19/08/2024","02/09/2024","Galapagocoris_-21292",1,0.00306748466257669
"g","Boucherville","PUF_BOU_08","02/09/2024","16/09/2024","Glypsus_-21471",1701,0.772479564032698
"g","Boucherville","PUF_BOU_08","02/09/2024","16/09/2024",NA,449,0.203905540417802
"g","Boucherville","PUF_BOU_08","02/09/2024","16/09/2024","Pionidia_2613197",22,0.00999091734786558
"g","Boucherville","PUF_BOU_08","02/09/2024","16/09/2024","Cricotopus_153373",17,0.00772025431425976
"g","Boucherville","PUF_BOU_08","02/09/2024","16/09/2024","Psychoda_7201",13,0.00590372388737511
"g","Boucherville","PUF_BOU_09","16/09/2024","30/09/2024","Glypsus_-21471",1259,0.702566964285714
"g","Boucherville","PUF_BOU_09","16/09/2024","30/09/2024",NA,422,0.235491071428571
"g","Boucherville","PUF_BOU_09","16/09/2024","30/09/2024","Homo_9605",65,0.0362723214285714
"g","Boucherville","PUF_BOU_09","16/09/2024","30/09/2024","Bembidion_60800",19,0.0106026785714286
"g","Boucherville","PUF_BOU_09","16/09/2024","30/09/2024","Pionidia_2613197",17,0.00948660714285714
"g","Boucherville","PUF_BOU_09","16/09/2024","30/09/2024","Deroceras_145609",10,0.00558035714285714
"g","IPEX","PUF_IPEX_01","15/05/2024","29/05/2024","Glypsus_-21471",48,0.428571428571429
"g","IPEX","PUF_IPEX_01","15/05/2024","29/05/2024",NA,32,0.285714285714286
"g","IPEX","PUF_IPEX_01","15/05/2024","29/05/2024","Bos_9903",21,0.1875
"g","IPEX","PUF_IPEX_01","15/05/2024","29/05/2024","Homo_9605",7,0.0625
"g","IPEX","PUF_IPEX_01","15/05/2024","29/05/2024","Rhyncaphytoptus_1452700",3,0.0267857142857143
"g","IPEX","PUF_IPEX_01","15/05/2024","29/05/2024","Pionidia_2613197",1,0.00892857142857143
"g","IPEX","PUF_IPEX_02","29/05/2024","12/06/2024",NA,1315,0.745042492917847
"g","IPEX","PUF_IPEX_02","29/05/2024","12/06/2024","Abacarus_644136",125,0.0708215297450425
"g","IPEX","PUF_IPEX_02","29/05/2024","12/06/2024","Glypsus_-21471",90,0.0509915014164306
"g","IPEX","PUF_IPEX_02","29/05/2024","12/06/2024","Rhacognathus_1545358",52,0.0294617563739377
"g","IPEX","PUF_IPEX_02","29/05/2024","12/06/2024","Tanytarsus_288802",47,0.026628895184136
"g","IPEX","PUF_IPEX_02","29/05/2024","12/06/2024","Tetra_1310384",21,0.0118980169971671
"g","IPEX","PUF_IPEX_02","29/05/2024","12/06/2024","Triophytydeus_-3480",18,0.0101983002832861
"g","IPEX","PUF_IPEX_02","29/05/2024","12/06/2024","Cinara_97051",17,0.00963172804532578
"g","IPEX","PUF_IPEX_02","29/05/2024","12/06/2024","Hippodamia_64693",14,0.00793201133144476
"g","IPEX","PUF_IPEX_02","29/05/2024","12/06/2024","Pionidia_2613197",14,0.00793201133144476
"g","IPEX","PUF_IPEX_02","29/05/2024","12/06/2024","Chironomus_7150",10,0.0056657223796034
"g","IPEX","PUF_IPEX_02","29/05/2024","12/06/2024","Corynoneura_611344",10,0.0056657223796034
"g","IPEX","PUF_IPEX_02","29/05/2024","12/06/2024","Dasineura_240745",10,0.0056657223796034
"g","IPEX","PUF_IPEX_02","29/05/2024","12/06/2024","Cantharis_41098",9,0.00509915014164306
"g","IPEX","PUF_IPEX_02","29/05/2024","12/06/2024","Homo_9605",7,0.00396600566572238
"g","IPEX","PUF_IPEX_02","29/05/2024","12/06/2024","Cavariella_330420",6,0.00339943342776204
"g","IPEX","PUF_IPEX_03","12/06/2024","26/06/2024","Larinioides_280405",9871,0.879454739843193
"g","IPEX","PUF_IPEX_03","12/06/2024","26/06/2024",NA,1014,0.0903421240199572
"g","IPEX","PUF_IPEX_03","12/06/2024","26/06/2024","Glypsus_-21471",174,0.0155024946543122
"g","IPEX","PUF_IPEX_03","12/06/2024","26/06/2024","Pionidia_2613197",73,0.00650392017106201
"g","IPEX","PUF_IPEX_03","12/06/2024","26/06/2024","Bos_9903",52,0.00463292943692088
"g","IPEX","PUF_IPEX_03","12/06/2024","26/06/2024","Galapagocoris_-21292",15,0.00133642195295795
"g","IPEX","PUF_IPEX_03","12/06/2024","26/06/2024","Bembidion_60800",13,0.00115823235923022
"g","IPEX","PUF_IPEX_03","12/06/2024","26/06/2024","Macrothrix_362306",12,0.00106913756236636
"g","IPEX","PUF_IPEX_04","26/06/2024","10/07/2024","Glypsus_-21471",888,0.455384615384615
"g","IPEX","PUF_IPEX_04","26/06/2024","10/07/2024",NA,583,0.298974358974359
"g","IPEX","PUF_IPEX_04","26/06/2024","10/07/2024","Tydeus_1670773",116,0.0594871794871795
"g","IPEX","PUF_IPEX_04","26/06/2024","10/07/2024","Rhacognathus_1545358",105,0.0538461538461538
"g","IPEX","PUF_IPEX_04","26/06/2024","10/07/2024","Pionidia_2613197",72,0.0369230769230769
"g","IPEX","PUF_IPEX_04","26/06/2024","10/07/2024","Petrophila_655076",66,0.0338461538461538
"g","IPEX","PUF_IPEX_04","26/06/2024","10/07/2024","Bos_9903",48,0.0246153846153846
"g","IPEX","PUF_IPEX_04","26/06/2024","10/07/2024","Abacarus_644136",28,0.0143589743589744
"g","IPEX","PUF_IPEX_04","26/06/2024","10/07/2024","Tyrophagus_41443",27,0.0138461538461538
"g","IPEX","PUF_IPEX_04","26/06/2024","10/07/2024","Rynchobanchus_1905500",17,0.00871794871794872
"g","IPEX","PUF_IPEX_05","10/07/2024","24/07/2024","Glypsus_-21471",3773,0.677014175488965
"g","IPEX","PUF_IPEX_05","10/07/2024","24/07/2024",NA,1485,0.266463305221604
"g","IPEX","PUF_IPEX_05","10/07/2024","24/07/2024","Deuterosminthurus_1304590",121,0.0217118248699085
"g","IPEX","PUF_IPEX_05","10/07/2024","24/07/2024","Rhacognathus_1545358",58,0.0104073210120223
"g","IPEX","PUF_IPEX_05","10/07/2024","24/07/2024","Homo_9605",49,0.00879239188946707
"g","IPEX","PUF_IPEX_05","10/07/2024","24/07/2024","Aculus_644140",37,0.0066391530593935
"g","IPEX","PUF_IPEX_05","10/07/2024","24/07/2024","Ceraclea_177832",27,0.00484478736766553
"g","IPEX","PUF_IPEX_05","10/07/2024","24/07/2024","Galapagocoris_-21292",23,0.00412704109097434
"g","IPEX","PUF_IPEX_06","24/07/2024","07/08/2024","Glypsus_-21471",812,0.82103134479272
"g","IPEX","PUF_IPEX_06","24/07/2024","07/08/2024",NA,159,0.160768452982811
"g","IPEX","PUF_IPEX_06","24/07/2024","07/08/2024","Pionidia_2613197",18,0.0182002022244692
"g","IPEX","PUF_IPEX_07","07/08/2024","21/08/2024","Glypsus_-21471",1045,0.62128418549346
"g","IPEX","PUF_IPEX_07","07/08/2024","21/08/2024",NA,535,0.31807372175981
"g","IPEX","PUF_IPEX_07","07/08/2024","21/08/2024","Pionidia_2613197",53,0.0315101070154578
"g","IPEX","PUF_IPEX_07","07/08/2024","21/08/2024","Rhacognathus_1545358",27,0.0160523186682521
"g","IPEX","PUF_IPEX_07","07/08/2024","21/08/2024","Rynchobanchus_1905500",13,0.00772889417360285
"g","IPEX","PUF_IPEX_07","07/08/2024","21/08/2024","Scatella_305595",9,0.00535077288941736
"g","IPEX","PUF_IPEX_08","21/08/2024","04/09/2024","Glypsus_-21471",1466,0.631624299870745
"g","IPEX","PUF_IPEX_08","21/08/2024","04/09/2024",NA,683,0.294269711331323
"g","IPEX","PUF_IPEX_08","21/08/2024","04/09/2024","Bos_9903",70,0.03015941404567
"g","IPEX","PUF_IPEX_08","21/08/2024","04/09/2024","Mycodiplosis_996607",39,0.016803102111159
"g","IPEX","PUF_IPEX_08","21/08/2024","04/09/2024","Rhacognathus_1545358",27,0.011632916846187
"g","IPEX","PUF_IPEX_08","21/08/2024","04/09/2024","Eukiefferiella_288843",19,0.00818612666953899
"g","IPEX","PUF_IPEX_08","21/08/2024","04/09/2024","Homo_9605",17,0.00732442912537699
"g","IPEX","PUF_IPEX_09","04/09/2024","18/09/2024","Glypsus_-21471",962,0.871376811594203
"g","IPEX","PUF_IPEX_09","04/09/2024","18/09/2024",NA,100,0.0905797101449275
"g","IPEX","PUF_IPEX_09","04/09/2024","18/09/2024","Pionidia_2613197",31,0.0280797101449275
"g","IPEX","PUF_IPEX_09","04/09/2024","18/09/2024","Uroleucon_87309",11,0.00996376811594203
"g","IPEX","PUF_IPEX_10","18/09/2024","02/10/2024","Glypsus_-21471",2651,0.636036468330134
"g","IPEX","PUF_IPEX_10","18/09/2024","02/10/2024",NA,594,0.142514395393474
"g","IPEX","PUF_IPEX_10","18/09/2024","02/10/2024","Liposcelis_160150",574,0.137715930902111
"g","IPEX","PUF_IPEX_10","18/09/2024","02/10/2024","Pionidia_2613197",161,0.0386276391554702
"g","IPEX","PUF_IPEX_10","18/09/2024","02/10/2024","Bryophaenocladius_611339",83,0.0199136276391555
"g","IPEX","PUF_IPEX_10","18/09/2024","02/10/2024","Rhacognathus_1545358",45,0.0107965451055662
"g","IPEX","PUF_IPEX_10","18/09/2024","02/10/2024","Agrotis_47766",23,0.00551823416506718
"g","IPEX","PUF_IPEX_10","18/09/2024","02/10/2024","Tetramorium_30204",20,0.00479846449136276
"g","IPEX","PUF_IPEX_10","18/09/2024","02/10/2024","Cylindroiulus_47131",17,0.00407869481765835
"g","Insectarium","Insectarium_Cocoon","10/11/2025","24/11/2025","Tyrophagus_41443",123,0.45724907063197
"g","Insectarium","Insectarium_Cocoon","10/11/2025","24/11/2025","Bos_9903",73,0.271375464684015
"g","Insectarium","Insectarium_Cocoon","10/11/2025","24/11/2025","Artemia_6660",36,0.133828996282528
"g","Insectarium","Insectarium_Cocoon","10/11/2025","24/11/2025","Homo_9605",36,0.133828996282528
"g","Insectarium","Insectarium_Cocoon","10/11/2025","24/11/2025","Cylindroiulus_47131",1,0.00371747211895911
"g","Insectarium","Insectarium_Door","10/11/2025","24/11/2025","Bos_9903",48,0.979591836734694
"g","Insectarium","Insectarium_Door","10/11/2025","24/11/2025","Heliconius_33416",1,0.0204081632653061
"g","Insectarium","Insectarium_Up","10/11/2025","24/11/2025","Tyrophagus_41443",1884,1
"g","Jean-Drapeau","PUF_JD_01","22/05/2024","05/06/2024","Hypena_95218",6071,0.683132665691459
"g","Jean-Drapeau","PUF_JD_01","22/05/2024","05/06/2024","Anystis_66557",1435,0.161471812760212
"g","Jean-Drapeau","PUF_JD_01","22/05/2024","05/06/2024",NA,863,0.0971081354787892
"g","Jean-Drapeau","PUF_JD_01","22/05/2024","05/06/2024","Lasioseius_296243",114,0.012827725891752
"g","Jean-Drapeau","PUF_JD_01","22/05/2024","05/06/2024","Tetragnatha_27395",76,0.008551817261168
"g","Jean-Drapeau","PUF_JD_01","22/05/2024","05/06/2024","Cricotopus_153373",62,0.00697648250253179
"g","Jean-Drapeau","PUF_JD_01","22/05/2024","05/06/2024","Glypsus_-21471",46,0.00517609992123326
"g","Jean-Drapeau","PUF_JD_01","22/05/2024","05/06/2024","Parakiefferiella_611371",43,0.00483852818723979
"g","Jean-Drapeau","PUF_JD_01","22/05/2024","05/06/2024","Tetramorium_30204",34,0.00382581298525937
"g","Jean-Drapeau","PUF_JD_01","22/05/2024","05/06/2024","Tydeus_1670773",32,0.00360076516259705
"g","Jean-Drapeau","PUF_JD_01","22/05/2024","05/06/2024","Pionidia_2613197",24,0.00270057387194779
"g","Jean-Drapeau","PUF_JD_01","22/05/2024","05/06/2024","Abacarus_644136",23,0.00258804996061663
"g","Jean-Drapeau","PUF_JD_01","22/05/2024","05/06/2024","Aphis_80764",16,0.00180038258129853
"g","Jean-Drapeau","PUF_JD_01","22/05/2024","05/06/2024","Homo_9605",13,0.00146281084730505
"g","Jean-Drapeau","PUF_JD_01","22/05/2024","05/06/2024","Stenacron_248190",13,0.00146281084730505
"g","Jean-Drapeau","PUF_JD_01","22/05/2024","05/06/2024","Plagiognathus_236934",11,0.00123776302464274
"g","Jean-Drapeau","PUF_JD_01","22/05/2024","05/06/2024","Rhacognathus_1545358",11,0.00123776302464274
"g","Jean-Drapeau","PUF_JD_02","05/06/2024","19/06/2024","Pigritia_347817",13484,0.955431162757741
"g","Jean-Drapeau","PUF_JD_02","05/06/2024","19/06/2024",NA,256,0.0181393041876284
"g","Jean-Drapeau","PUF_JD_02","05/06/2024","19/06/2024","Xestia_320016",183,0.012966768227875
"g","Jean-Drapeau","PUF_JD_02","05/06/2024","19/06/2024","Hydroptila_599788",94,0.00666052575639481
"g","Jean-Drapeau","PUF_JD_02","05/06/2024","19/06/2024","Hydropsyche_50443",37,0.00262169630836817
"g","Jean-Drapeau","PUF_JD_02","05/06/2024","19/06/2024","Tetragnatha_27395",28,0.00198398639552186
"g","Jean-Drapeau","PUF_JD_02","05/06/2024","19/06/2024","Pionidia_2613197",18,0.00127541982569262
"g","Jean-Drapeau","PUF_JD_02","05/06/2024","19/06/2024","Philodromus_336567",13,0.000921136540778006
"g","Jean-Drapeau","PUF_JD_03","19/06/2024","03/07/2024",NA,288,0.291793313069909
"g","Jean-Drapeau","PUF_JD_03","19/06/2024","03/07/2024","Plagiognathus_236934",163,0.165146909827761
"g","Jean-Drapeau","PUF_JD_03","19/06/2024","03/07/2024","Glypsus_-21471",160,0.162107396149949
"g","Jean-Drapeau","PUF_JD_03","19/06/2024","03/07/2024","Homo_9605",100,0.101317122593718
"g","Jean-Drapeau","PUF_JD_03","19/06/2024","03/07/2024","Thaumatomyia_333800",93,0.0942249240121581
"g","Jean-Drapeau","PUF_JD_03","19/06/2024","03/07/2024","Pionidia_2613197",60,0.060790273556231
"g","Jean-Drapeau","PUF_JD_03","19/06/2024","03/07/2024","Chrysoperla_7521",31,0.0314083080040527
"g","Jean-Drapeau","PUF_JD_03","19/06/2024","03/07/2024","Oidaematophorus_688446",24,0.0243161094224924
"g","Jean-Drapeau","PUF_JD_03","19/06/2024","03/07/2024","Kosswigianella_984418",18,0.0182370820668693
"g","Jean-Drapeau","PUF_JD_03","19/06/2024","03/07/2024","Tanytarsus_288802",13,0.0131712259371834
"g","Jean-Drapeau","PUF_JD_03","19/06/2024","03/07/2024","Abacarus_644136",12,0.0121580547112462
"g","Jean-Drapeau","PUF_JD_03","19/06/2024","03/07/2024","Lasius_7482",11,0.011144883485309
"g","Jean-Drapeau","PUF_JD_03","19/06/2024","03/07/2024","Lycoriella_170626",8,0.00810536980749747
"g","Jean-Drapeau","PUF_JD_03","19/06/2024","03/07/2024","Tydeus_1670773",6,0.0060790273556231
"g","Jean-Drapeau","PUF_JD_04","03/07/2024","17/07/2024","Glypsus_-21471",996,0.613300492610837
"g","Jean-Drapeau","PUF_JD_04","03/07/2024","17/07/2024","Bos_9903",217,0.133620689655172
"g","Jean-Drapeau","PUF_JD_04","03/07/2024","17/07/2024","Tetragnatha_27395",153,0.0942118226600985
"g","Jean-Drapeau","PUF_JD_04","03/07/2024","17/07/2024","Pionidia_2613197",149,0.0917487684729064
"g","Jean-Drapeau","PUF_JD_04","03/07/2024","17/07/2024",NA,109,0.0671182266009852
"g","Jean-Drapeau","PUF_JD_05","17/07/2024","31/07/2024","Tetragnatha_27395",1700,0.408163265306122
"g","Jean-Drapeau","PUF_JD_05","17/07/2024","31/07/2024","Glypsus_-21471",609,0.146218487394958
"g","Jean-Drapeau","PUF_JD_05","17/07/2024","31/07/2024",NA,528,0.126770708283313
"g","Jean-Drapeau","PUF_JD_05","17/07/2024","31/07/2024","Pemphigus_13192",429,0.103001200480192
"g","Jean-Drapeau","PUF_JD_05","17/07/2024","31/07/2024","Pionidia_2613197",297,0.0713085234093637
"g","Jean-Drapeau","PUF_JD_05","17/07/2024","31/07/2024","Cricotopus_153373",243,0.058343337334934
"g","Jean-Drapeau","PUF_JD_05","17/07/2024","31/07/2024","Euschistus_437492",55,0.0132052821128451
"g","Jean-Drapeau","PUF_JD_05","17/07/2024","31/07/2024","Tetra_1310384",50,0.0120048019207683
"g","Jean-Drapeau","PUF_JD_05","17/07/2024","31/07/2024","Bos_9903",45,0.0108043217286915
"g","Jean-Drapeau","PUF_JD_05","17/07/2024","31/07/2024","Aphis_80764",42,0.0100840336134454
"g","Jean-Drapeau","PUF_JD_05","17/07/2024","31/07/2024","Artemia_6660",39,0.00936374549819928
"g","Jean-Drapeau","PUF_JD_05","17/07/2024","31/07/2024","Melanophthalma_433122",38,0.00912364945978391
"g","Jean-Drapeau","PUF_JD_05","17/07/2024","31/07/2024","Endria_30119",37,0.00888355342136855
"g","Jean-Drapeau","PUF_JD_05","17/07/2024","31/07/2024","Polypedilum_54968",15,0.00360144057623049
"g","Jean-Drapeau","PUF_JD_05","17/07/2024","31/07/2024","Homo_9605",11,0.00264105642256903
"g","Jean-Drapeau","PUF_JD_05","17/07/2024","31/07/2024","Rhacognathus_1545358",11,0.00264105642256903
"g","Jean-Drapeau","PUF_JD_05","17/07/2024","31/07/2024","Dasyhelea_41822",9,0.0021608643457383
"g","Jean-Drapeau","PUF_JD_05","17/07/2024","31/07/2024","Parasteatoda_449632",7,0.00168067226890756
"g","Jean-Drapeau","PUF_JD_06","31/07/2024","14/08/2024","Glypsus_-21471",3494,0.892236976506639
"g","Jean-Drapeau","PUF_JD_06","31/07/2024","14/08/2024",NA,229,0.0584780388151175
"g","Jean-Drapeau","PUF_JD_06","31/07/2024","14/08/2024","Tetragnatha_27395",119,0.030388151174668
"g","Jean-Drapeau","PUF_JD_06","31/07/2024","14/08/2024","Pionidia_2613197",38,0.00970377936670072
"g","Jean-Drapeau","PUF_JD_06","31/07/2024","14/08/2024","Cricotopus_153373",15,0.00383043922369765
"g","Jean-Drapeau","PUF_JD_06","31/07/2024","14/08/2024","Tydeus_1670773",11,0.00280898876404494
"g","Jean-Drapeau","PUF_JD_06","31/07/2024","14/08/2024","Lasius_7482",10,0.00255362614913177
"g","Jean-Drapeau","PUF_JD_07","14/08/2024","28/08/2024","Glypsus_-21471",2271,0.50377107364685
"g","Jean-Drapeau","PUF_JD_07","14/08/2024","28/08/2024","Harmonia_115356",867,0.192324755989352
"g","Jean-Drapeau","PUF_JD_07","14/08/2024","28/08/2024","Hydropsyche_50443",592,0.131322094055013
"g","Jean-Drapeau","PUF_JD_07","14/08/2024","28/08/2024",NA,450,0.0998225377107365
"g","Jean-Drapeau","PUF_JD_07","14/08/2024","28/08/2024","Aceria_109362",95,0.0210736468500444
"g","Jean-Drapeau","PUF_JD_07","14/08/2024","28/08/2024","Lygus_30084",79,0.0175244010647737
"g","Jean-Drapeau","PUF_JD_07","14/08/2024","28/08/2024","Larinioides_280405",53,0.011756876663709
"g","Jean-Drapeau","PUF_JD_07","14/08/2024","28/08/2024","Pionidia_2613197",53,0.011756876663709
"g","Jean-Drapeau","PUF_JD_07","14/08/2024","28/08/2024","Brachymyrmex_46650",25,0.00554569653948536
"g","Jean-Drapeau","PUF_JD_07","14/08/2024","28/08/2024","Deuterosminthurus_1304590",23,0.00510204081632653
"g","Jean-Drapeau","PUF_JD_08","28/08/2024","11/09/2024","Tetragnatha_27395",8581,0.985076340259442
"g","Jean-Drapeau","PUF_JD_08","28/08/2024","11/09/2024","Glypsus_-21471",95,0.0109057513488692
"g","Jean-Drapeau","PUF_JD_08","28/08/2024","11/09/2024","Maiestas_1401779",20,0.00229594765239353
"g","Jean-Drapeau","PUF_JD_08","28/08/2024","11/09/2024",NA,15,0.00172196073929514
"g","Jean-Drapeau","PUF_JD_09","11/09/2024","25/09/2024","Glypsus_-21471",670,0.555555555555556
"g","Jean-Drapeau","PUF_JD_09","11/09/2024","25/09/2024","Pionidia_2613197",227,0.188225538971808
"g","Jean-Drapeau","PUF_JD_09","11/09/2024","25/09/2024",NA,201,0.166666666666667
"g","Jean-Drapeau","PUF_JD_09","11/09/2024","25/09/2024","Obus_279488",69,0.0572139303482587
"g","Jean-Drapeau","PUF_JD_09","11/09/2024","25/09/2024","Tetragnatha_27395",20,0.0165837479270315
"g","Jean-Drapeau","PUF_JD_09","11/09/2024","25/09/2024","Sarcophaga_7384",10,0.00829187396351575
"g","Jean-Drapeau","PUF_JD_09","11/09/2024","25/09/2024","Sus_9822",9,0.00746268656716418
"g","Jean-Drapeau","PUF_JD_10","25/09/2024","09/10/2024","Capitophorus_527611",6147,0.7246257220323
"g","Jean-Drapeau","PUF_JD_10","25/09/2024","09/10/2024","Glypsus_-21471",1552,0.18295414358128
"g","Jean-Drapeau","PUF_JD_10","25/09/2024","09/10/2024","Cricotopus_153373",243,0.0286455263468113
"g","Jean-Drapeau","PUF_JD_10","25/09/2024","09/10/2024","Tetragnatha_27395",215,0.025344807261582
"g","Jean-Drapeau","PUF_JD_10","25/09/2024","09/10/2024",NA,107,0.0126134622185548
"g","Jean-Drapeau","PUF_JD_10","25/09/2024","09/10/2024","Pionidia_2613197",72,0.00848756336201815
"g","Jean-Drapeau","PUF_JD_10","25/09/2024","09/10/2024","Bos_9903",67,0.00789814923965578
"g","Jean-Drapeau","PUF_JD_10","25/09/2024","09/10/2024","Larinioides_280405",46,0.00542260992573382
"g","Jean-Drapeau","PUF_JD_10","25/09/2024","09/10/2024","Hydropsyche_50443",34,0.00400801603206413
"g","Mont_Tremblant","Mont_Tremblant","30/08/2025","31/08/2025",NA,805,0.818089430894309
"g","Mont_Tremblant","Mont_Tremblant","30/08/2025","31/08/2025","Bos_9903",82,0.0833333333333333
"g","Mont_Tremblant","Mont_Tremblant","30/08/2025","31/08/2025","Glypsus_-21471",44,0.0447154471544715
"g","Mont_Tremblant","Mont_Tremblant","30/08/2025","31/08/2025","Homo_9605",33,0.0335365853658537
"g","Mont_Tremblant","Mont_Tremblant","30/08/2025","31/08/2025","Bembidion_60800",18,0.0182926829268293
"g","Mont_Tremblant","Mont_Tremblant","30/08/2025","31/08/2025","Tetramorium_30204",2,0.00203252032520325
"g",NA,NA,NA,NA,"Cethosia_127316",15388,0.511127350029894
"g",NA,NA,NA,NA,"Heliconius_33416",10768,0.357669567528068
"g",NA,NA,NA,NA,"Caligo_127325",2741,0.0910449744237029
"g",NA,NA,NA,NA,"Willowsia_181624",340,0.0112934298810868
"g",NA,NA,NA,NA,"Papilio_7145",294,0.00976549525011626
"g",NA,NA,NA,NA,"Parthenos_191422",284,0.00943333554773135
"g",NA,NA,NA,NA,NA,86,0.0028565734405102
"g",NA,NA,NA,NA,"Hymenopus_267204",76,0.00252441373812529
"g",NA,NA,NA,NA,"Tyrophagus_41443",62,0.00205939015478642
"g",NA,NA,NA,NA,"Siproeta_64447",51,0.00169401448216302
"g",NA,NA,NA,NA,"Doleschallia_311082",16,0.000531455523815851
"s","Bird Observatory","PUF_MBO_01","20/05/2024","03/06/2024",NA,1627,0.712971078001753
"s","Bird Observatory","PUF_MBO_01","20/05/2024","03/06/2024","Glypsus_conspicuus_-21472",128,0.056091148115688
"s","Bird Observatory","PUF_MBO_01","20/05/2024","03/06/2024","Aculodes_mckenziei_644532",120,0.0525854513584575
"s","Bird Observatory","PUF_MBO_01","20/05/2024","03/06/2024","Abacarus_plumiger_2316514",84,0.0368098159509202
"s","Bird Observatory","PUF_MBO_01","20/05/2024","03/06/2024","Megaselia_hirticrus_1987627",72,0.0315512708150745
"s","Bird Observatory","PUF_MBO_01","20/05/2024","03/06/2024","Labidomera_clivicollis_131652",67,0.0293602103418054
"s","Bird Observatory","PUF_MBO_01","20/05/2024","03/06/2024","Aculus_schlechtendali_2813516",60,0.0262927256792287
"s","Bird Observatory","PUF_MBO_01","20/05/2024","03/06/2024","Abacarus_hystrix_644148",58,0.0254163014899211
"s","Bird Observatory","PUF_MBO_01","20/05/2024","03/06/2024","Bos_taurus_9913",45,0.0197195442594216
"s","Bird Observatory","PUF_MBO_01","20/05/2024","03/06/2024","Homo_sapiens_9606",14,0.00613496932515337
"s","Bird Observatory","PUF_MBO_01","20/05/2024","03/06/2024","Hydropsyche_alternans_3381222",7,0.00306748466257669
"s","Bird Observatory","PUF_MBO_02","03/06/2024","17/06/2024","Xestia_c-nigrum_987431",8006,0.521461603595389
"s","Bird Observatory","PUF_MBO_02","03/06/2024","17/06/2024",NA,7281,0.474239562300528
"s","Bird Observatory","PUF_MBO_02","03/06/2024","17/06/2024","Glypsus_conspicuus_-21472",50,0.00325669250309386
"s","Bird Observatory","PUF_MBO_02","03/06/2024","17/06/2024","Nanocladius_anderseni_611548",16,0.00104214160099003
"s","Bird Observatory","PUF_MBO_03","17/06/2024","01/07/2024","Glypsus_conspicuus_-21472",305,0.485668789808917
"s","Bird Observatory","PUF_MBO_03","17/06/2024","01/07/2024",NA,154,0.245222929936306
"s","Bird Observatory","PUF_MBO_03","17/06/2024","01/07/2024","Philodromus_rufus_336570",139,0.221337579617834
"s","Bird Observatory","PUF_MBO_03","17/06/2024","01/07/2024","Abacarus_hystrix_644148",18,0.0286624203821656
"s","Bird Observatory","PUF_MBO_03","17/06/2024","01/07/2024","Homo_sapiens_9606",12,0.0191082802547771
"s","Bird Observatory","PUF_MBO_04","01/07/2024","15/07/2024","Glypsus_conspicuus_-21472",398,0.35695067264574
"s","Bird Observatory","PUF_MBO_04","01/07/2024","15/07/2024","Bos_taurus_9913",308,0.276233183856502
"s","Bird Observatory","PUF_MBO_04","01/07/2024","15/07/2024",NA,293,0.262780269058296
"s","Bird Observatory","PUF_MBO_04","01/07/2024","15/07/2024","Rhacognathus_americanus_-21479",116,0.104035874439462
"s","Bird Observatory","PUF_MBO_05","15/07/2024","29/07/2024","Choristoneura_rosaceana_27543",8556,0.92487298670414
"s","Bird Observatory","PUF_MBO_05","15/07/2024","29/07/2024","Glypsus_conspicuus_-21472",368,0.0397794832991028
"s","Bird Observatory","PUF_MBO_05","15/07/2024","29/07/2024",NA,161,0.0174035239433575
"s","Bird Observatory","PUF_MBO_05","15/07/2024","29/07/2024","Succinea_putris_145427",55,0.00594530321046373
"s","Bird Observatory","PUF_MBO_05","15/07/2024","29/07/2024","Rhacognathus_americanus_-21479",51,0.00551291752243001
"s","Bird Observatory","PUF_MBO_05","15/07/2024","29/07/2024","Ochlerotatus_trivittatus_228918",26,0.00281050697221922
"s","Bird Observatory","PUF_MBO_05","15/07/2024","29/07/2024","Homo_sapiens_9606",20,0.00216192844016863
"s","Bird Observatory","PUF_MBO_05","15/07/2024","29/07/2024","Galapagocoris_crockeri_-21293",14,0.00151334990811804
"s","Bird Observatory","PUF_MBO_06","29/07/2024","12/08/2024","Glypsus_conspicuus_-21472",588,0.648291069459757
"s","Bird Observatory","PUF_MBO_06","29/07/2024","12/08/2024",NA,280,0.308710033076075
"s","Bird Observatory","PUF_MBO_06","29/07/2024","12/08/2024","Rhacognathus_americanus_-21479",25,0.0275633958103638
"s","Bird Observatory","PUF_MBO_06","29/07/2024","12/08/2024","Galapagocoris_crockeri_-21293",14,0.0154355016538037
"s","Bird Observatory","PUF_MBO_07","12/08/2024","26/08/2024","Glypsus_conspicuus_-21472",1123,0.66646884272997
"s","Bird Observatory","PUF_MBO_07","12/08/2024","26/08/2024",NA,488,0.289614243323442
"s","Bird Observatory","PUF_MBO_07","12/08/2024","26/08/2024","Rhacognathus_americanus_-21479",44,0.0261127596439169
"s","Bird Observatory","PUF_MBO_07","12/08/2024","26/08/2024","Deuterosminthurus_bicinctus_2041938",18,0.0106824925816024
"s","Bird Observatory","PUF_MBO_07","12/08/2024","26/08/2024","Harrisina_americana_688410",12,0.00712166172106825
"s","Bird Observatory","PUF_MBO_08","26/08/2024","09/09/2024","Glypsus_conspicuus_-21472",1252,0.77715704531347
"s","Bird Observatory","PUF_MBO_08","26/08/2024","09/09/2024",NA,359,0.22284295468653
"s","Bird Observatory","PUF_MBO_09","09/09/2024","23/09/2024","Glypsus_conspicuus_-21472",1901,0.676031294452347
"s","Bird Observatory","PUF_MBO_09","09/09/2024","23/09/2024",NA,864,0.307254623044097
"s","Bird Observatory","PUF_MBO_09","09/09/2024","23/09/2024","Bos_taurus_9913",47,0.0167140825035562
"s","Bird Observatory","PUF_MBO_10","23/09/2024","07/10/2024","Glypsus_conspicuus_-21472",800,0.506008855154965
"s","Bird Observatory","PUF_MBO_10","23/09/2024","07/10/2024",NA,738,0.466793168880455
"s","Bird Observatory","PUF_MBO_10","23/09/2024","07/10/2024","Haimbachia_arizonensis_-32734",22,0.0139152435167615
"s","Bird Observatory","PUF_MBO_10","23/09/2024","07/10/2024","Sminthurinus_reticulatus_1725403",11,0.00695762175838077
"s","Bird Observatory","PUF_MBO_10","23/09/2024","07/10/2024","Rhacognathus_americanus_-21479",10,0.00632511068943706
"s","Botanical Garden","PUF_BOT_01","17/05/2024","31/05/2024",NA,634,0.781750924784217
"s","Botanical Garden","PUF_BOT_01","17/05/2024","31/05/2024","Trisetacus_thujae_2695370",75,0.092478421701603
"s","Botanical Garden","PUF_BOT_01","17/05/2024","31/05/2024","Eriosoma_americanum_527649",36,0.0443896424167694
"s","Botanical Garden","PUF_BOT_01","17/05/2024","31/05/2024","Homo_sapiens_9606",36,0.0443896424167694
"s","Botanical Garden","PUF_BOT_01","17/05/2024","31/05/2024","Cheumatopsyche_campyla_692082",25,0.030826140567201
"s","Botanical Garden","PUF_BOT_01","17/05/2024","31/05/2024","Phrurolithus_goodnighti_-1975",5,0.0061652281134402
"s","Botanical Garden","PUF_BOT_02","31/05/2024","14/06/2024",NA,2057,0.861029719547928
"s","Botanical Garden","PUF_BOT_02","31/05/2024","14/06/2024","Glypsus_conspicuus_-21472",121,0.0506488070322311
"s","Botanical Garden","PUF_BOT_02","31/05/2024","14/06/2024","Xestia_c-nigrum_987431",109,0.0456257848472164
"s","Botanical Garden","PUF_BOT_02","31/05/2024","14/06/2024","Aculus_populi_2920999",37,0.0154876517371285
"s","Botanical Garden","PUF_BOT_02","31/05/2024","14/06/2024","Phrurolithus_goodnighti_-1975",21,0.00879028882377564
"s","Botanical Garden","PUF_BOT_02","31/05/2024","14/06/2024","Homo_sapiens_9606",17,0.00711594809543742
"s","Botanical Garden","PUF_BOT_02","31/05/2024","14/06/2024","Rhacognathus_americanus_-21479",12,0.00502302218501465
"s","Botanical Garden","PUF_BOT_02","31/05/2024","14/06/2024","Muscina_levida_559660",8,0.00334868145667643
"s","Botanical Garden","PUF_BOT_02","31/05/2024","14/06/2024","Galapagocoris_crockeri_-21293",7,0.00293009627459188
"s","Botanical Garden","PUF_BOT_03","24/06/2024","28/06/2024","Bos_taurus_9913",88,1
"s","Botanical Garden","PUF_BOT_04","28/06/2024","12/07/2024","Glypsus_conspicuus_-21472",524,0.569565217391304
"s","Botanical Garden","PUF_BOT_04","28/06/2024","12/07/2024",NA,250,0.271739130434783
"s","Botanical Garden","PUF_BOT_04","28/06/2024","12/07/2024","Asteia_amoena_716597",138,0.15
"s","Botanical Garden","PUF_BOT_04","28/06/2024","12/07/2024","Harmonia_axyridis_115357",8,0.00869565217391304
"s","Botanical Garden","PUF_BOT_05","12/07/2024","26/07/2024",NA,838,0.552406064601187
"s","Botanical Garden","PUF_BOT_05","12/07/2024","26/07/2024","Glypsus_conspicuus_-21472",569,0.375082399472643
"s","Botanical Garden","PUF_BOT_05","12/07/2024","26/07/2024","Bos_taurus_9913",61,0.040210942649967
"s","Botanical Garden","PUF_BOT_05","12/07/2024","26/07/2024","Shevtchenkella_serrata_2883626",31,0.020435069215557
"s","Botanical Garden","PUF_BOT_05","12/07/2024","26/07/2024","Aceria_tosichella_561515",18,0.011865524060646
"s","Botanical Garden","PUF_BOT_06","26/07/2024","09/08/2024","Pyla_fusca_683886",17783,0.904067107269954
"s","Botanical Garden","PUF_BOT_06","26/07/2024","09/08/2024","Glypsus_conspicuus_-21472",800,0.0406710726995424
"s","Botanical Garden","PUF_BOT_06","26/07/2024","09/08/2024","Homo_sapiens_9606",705,0.0358413828164718
"s","Botanical Garden","PUF_BOT_06","26/07/2024","09/08/2024",NA,112,0.00569395017793594
"s","Botanical Garden","PUF_BOT_06","26/07/2024","09/08/2024","Galapagocoris_crockeri_-21293",88,0.00447381799694967
"s","Botanical Garden","PUF_BOT_06","26/07/2024","09/08/2024","Bembidion_flebile_-5823",86,0.00437214031520081
"s","Botanical Garden","PUF_BOT_06","26/07/2024","09/08/2024","Tetramorium_immigrans_2164160",31,0.00157600406710727
"s","Botanical Garden","PUF_BOT_06","26/07/2024","09/08/2024","Harrisina_americana_688410",24,0.00122013218098627
"s","Botanical Garden","PUF_BOT_06","26/07/2024","09/08/2024","Aethes_atomocella_-63317",23,0.00116929334011185
"s","Botanical Garden","PUF_BOT_06","26/07/2024","09/08/2024","Aphis_impatientis_527571",18,0.000915099135739705
"s","Botanical Garden","PUF_BOT_07","09/08/2024","23/08/2024","Glypsus_conspicuus_-21472",1959,0.749426166794185
"s","Botanical Garden","PUF_BOT_07","09/08/2024","23/08/2024",NA,622,0.237949502677888
"s","Botanical Garden","PUF_BOT_07","09/08/2024","23/08/2024","Homo_sapiens_9606",17,0.00650344299923489
"s","Botanical Garden","PUF_BOT_07","09/08/2024","23/08/2024","Rhacognathus_americanus_-21479",16,0.00612088752869166
"s","Botanical Garden","PUF_BOT_08","23/08/2024","06/09/2024","Glypsus_conspicuus_-21472",571,0.488869863013699
"s","Botanical Garden","PUF_BOT_08","23/08/2024","06/09/2024",NA,513,0.439212328767123
"s","Botanical Garden","PUF_BOT_08","23/08/2024","06/09/2024","Lasius_nearcticus_488575",41,0.0351027397260274
"s","Botanical Garden","PUF_BOT_08","23/08/2024","06/09/2024","Aceria_fraxiniflora_2837636",38,0.0325342465753425
"s","Botanical Garden","PUF_BOT_08","23/08/2024","06/09/2024","Aphidoletes_aphidimyza_95972",5,0.00428082191780822
"s","Botanical Garden","PUF_BOT_09","06/09/2024","20/09/2024","Glypsus_conspicuus_-21472",1107,0.775753328661528
"s","Botanical Garden","PUF_BOT_09","06/09/2024","20/09/2024",NA,303,0.212333566923616
"s","Botanical Garden","PUF_BOT_09","06/09/2024","20/09/2024","Homo_sapiens_9606",11,0.00770847932725999
"s","Botanical Garden","PUF_BOT_09","06/09/2024","20/09/2024","Rhacognathus_americanus_-21479",6,0.00420462508759636
"s","Botanical Garden","PUF_BOT_10","20/09/2024","04/10/2024","Glypsus_conspicuus_-21472",2761,0.716584479626265
"s","Botanical Garden","PUF_BOT_10","20/09/2024","04/10/2024",NA,765,0.198546587075006
"s","Botanical Garden","PUF_BOT_10","20/09/2024","04/10/2024","Bos_taurus_9913",327,0.0848689332987283
"s","Boucherville","PUF_BOU_01","27/05/2024","10/06/2024",NA,243,0.964285714285714
"s","Boucherville","PUF_BOU_01","27/05/2024","10/06/2024","Corynoptera_cursor_1887982",3,0.0119047619047619
"s","Boucherville","PUF_BOU_01","27/05/2024","10/06/2024","Homo_sapiens_9606",2,0.00793650793650794
"s","Boucherville","PUF_BOU_01","27/05/2024","10/06/2024","Pachypappa_pseudobyrsa_527812",2,0.00793650793650794
"s","Boucherville","PUF_BOU_01","27/05/2024","10/06/2024","Rhacognathus_americanus_-21479",2,0.00793650793650794
"s","Boucherville","PUF_BOU_02","10/06/2024","24/06/2024",NA,537,0.512404580152672
"s","Boucherville","PUF_BOU_02","10/06/2024","24/06/2024","Deuterosminthurus_bicinctus_2041938",344,0.32824427480916
"s","Boucherville","PUF_BOU_02","10/06/2024","24/06/2024","Tyrophagus_putrescentiae_59818",76,0.0725190839694656
"s","Boucherville","PUF_BOU_02","10/06/2024","24/06/2024","Homo_sapiens_9606",34,0.0324427480916031
"s","Boucherville","PUF_BOU_02","10/06/2024","24/06/2024","Cantharis_versicolor_-4961",24,0.0229007633587786
"s","Boucherville","PUF_BOU_02","10/06/2024","24/06/2024","Glypsus_conspicuus_-21472",18,0.017175572519084
"s","Boucherville","PUF_BOU_02","10/06/2024","24/06/2024","Rhacognathus_americanus_-21479",15,0.0143129770992366
"s","Boucherville","PUF_BOU_03","24/06/2024","08/07/2024",NA,367,0.5734375
"s","Boucherville","PUF_BOU_03","24/06/2024","08/07/2024","Glypsus_conspicuus_-21472",115,0.1796875
"s","Boucherville","PUF_BOU_03","24/06/2024","08/07/2024","Deuterosminthurus_bicinctus_2041938",82,0.128125
"s","Boucherville","PUF_BOU_03","24/06/2024","08/07/2024","Bos_taurus_9913",57,0.0890625
"s","Boucherville","PUF_BOU_03","24/06/2024","08/07/2024","Rhacognathus_americanus_-21479",12,0.01875
"s","Boucherville","PUF_BOU_03","24/06/2024","08/07/2024","Melanoplus_washingtonius_-64865",7,0.0109375
"s","Boucherville","PUF_BOU_04","08/07/2024","22/07/2024","Glypsus_conspicuus_-21472",276,0.472602739726027
"s","Boucherville","PUF_BOU_04","08/07/2024","22/07/2024",NA,254,0.434931506849315
"s","Boucherville","PUF_BOU_04","08/07/2024","22/07/2024","Melanoplus_femurrubrum_103640",32,0.0547945205479452
"s","Boucherville","PUF_BOU_04","08/07/2024","22/07/2024","Bembidion_flebile_-5823",7,0.011986301369863
"s","Boucherville","PUF_BOU_04","08/07/2024","22/07/2024","Rhacognathus_americanus_-21479",5,0.00856164383561644
"s","Boucherville","PUF_BOU_04","08/07/2024","22/07/2024","Homo_sapiens_9606",4,0.00684931506849315
"s","Boucherville","PUF_BOU_04","08/07/2024","22/07/2024","Bos_grunniens_30521",3,0.00513698630136986
"s","Boucherville","PUF_BOU_04","08/07/2024","22/07/2024","Deuterosminthurus_bicinctus_2041938",3,0.00513698630136986
"s","Boucherville","PUF_BOU_05","22/07/2024","05/08/2024","Glypsus_conspicuus_-21472",1825,0.765841376416282
"s","Boucherville","PUF_BOU_05","22/07/2024","05/08/2024",NA,315,0.132186319765002
"s","Boucherville","PUF_BOU_05","22/07/2024","05/08/2024","Aphis_glycines_307491",140,0.058749475451112
"s","Boucherville","PUF_BOU_05","22/07/2024","05/08/2024","Corynoptera_bicuspidata_1720649",34,0.0142677297524129
"s","Boucherville","PUF_BOU_05","22/07/2024","05/08/2024","Ornithonyssus_sylviarum_224536",34,0.0142677297524129
"s","Boucherville","PUF_BOU_05","22/07/2024","05/08/2024","Cantharis_versicolor_-4961",19,0.00797314309693663
"s","Boucherville","PUF_BOU_05","22/07/2024","05/08/2024","Rhacognathus_americanus_-21479",16,0.00671422576584138
"s","Boucherville","PUF_BOU_06","05/08/2024","19/08/2024","Glypsus_conspicuus_-21472",563,0.670238095238095
"s","Boucherville","PUF_BOU_06","05/08/2024","19/08/2024",NA,212,0.252380952380952
"s","Boucherville","PUF_BOU_06","05/08/2024","19/08/2024","Artemia_sorgeloosi_3034414",30,0.0357142857142857
"s","Boucherville","PUF_BOU_06","05/08/2024","19/08/2024","Ischnura_verticalis_88053",18,0.0214285714285714
"s","Boucherville","PUF_BOU_06","05/08/2024","19/08/2024","Tetra_lobulifera_2837686",12,0.0142857142857143
"s","Boucherville","PUF_BOU_06","05/08/2024","19/08/2024","Deuterosminthurus_bicinctus_2041938",5,0.00595238095238095
"s","Boucherville","PUF_BOU_07","19/08/2024","02/09/2024",NA,120,0.368098159509202
"s","Boucherville","PUF_BOU_07","19/08/2024","02/09/2024","Glypsus_conspicuus_-21472",92,0.282208588957055
"s","Boucherville","PUF_BOU_07","19/08/2024","02/09/2024","Bos_taurus_9913",60,0.184049079754601
"s","Boucherville","PUF_BOU_07","19/08/2024","02/09/2024","Deuterosminthurus_bicinctus_2041938",53,0.162576687116564
"s","Boucherville","PUF_BOU_07","19/08/2024","02/09/2024","Galapagocoris_crockeri_-21293",1,0.00306748466257669
"s","Boucherville","PUF_BOU_08","02/09/2024","16/09/2024","Glypsus_conspicuus_-21472",1701,0.772479564032698
"s","Boucherville","PUF_BOU_08","02/09/2024","16/09/2024",NA,488,0.221616712079927
"s","Boucherville","PUF_BOU_08","02/09/2024","16/09/2024","Psychoda_alternata_114594",13,0.00590372388737511
"s","Boucherville","PUF_BOU_09","16/09/2024","30/09/2024","Glypsus_conspicuus_-21472",1259,0.702566964285714
"s","Boucherville","PUF_BOU_09","16/09/2024","30/09/2024",NA,439,0.244977678571429
"s","Boucherville","PUF_BOU_09","16/09/2024","30/09/2024","Homo_sapiens_9606",65,0.0362723214285714
"s","Boucherville","PUF_BOU_09","16/09/2024","30/09/2024","Bembidion_flebile_-5823",19,0.0106026785714286
"s","Boucherville","PUF_BOU_09","16/09/2024","30/09/2024","Deroceras_laeve_147581",10,0.00558035714285714
"s","IPEX","PUF_IPEX_01","15/05/2024","29/05/2024","Glypsus_conspicuus_-21472",48,0.428571428571429
"s","IPEX","PUF_IPEX_01","15/05/2024","29/05/2024",NA,33,0.294642857142857
"s","IPEX","PUF_IPEX_01","15/05/2024","29/05/2024","Bos_grunniens_30521",21,0.1875
"s","IPEX","PUF_IPEX_01","15/05/2024","29/05/2024","Homo_sapiens_9606",7,0.0625
"s","IPEX","PUF_IPEX_01","15/05/2024","29/05/2024","Rhyncaphytoptus_amplus_2837673",3,0.0267857142857143
"s","IPEX","PUF_IPEX_02","29/05/2024","12/06/2024",NA,1398,0.792067988668555
"s","IPEX","PUF_IPEX_02","29/05/2024","12/06/2024","Abacarus_hystrix_644148",125,0.0708215297450425
"s","IPEX","PUF_IPEX_02","29/05/2024","12/06/2024","Glypsus_conspicuus_-21472",90,0.0509915014164306
"s","IPEX","PUF_IPEX_02","29/05/2024","12/06/2024","Rhacognathus_americanus_-21479",52,0.0294617563739377
"s","IPEX","PUF_IPEX_02","29/05/2024","12/06/2024","Tetra_lobulifera_2837686",21,0.0118980169971671
"s","IPEX","PUF_IPEX_02","29/05/2024","12/06/2024","Cinara_laricifex_527606",17,0.00963172804532578
"s","IPEX","PUF_IPEX_02","29/05/2024","12/06/2024","Hippodamia_variegata_703264",14,0.00793201133144476
"s","IPEX","PUF_IPEX_02","29/05/2024","12/06/2024","Tanytarsus_guerlus_994302",11,0.00623229461756374
"s","IPEX","PUF_IPEX_02","29/05/2024","12/06/2024","Corynoneura_scutellata_611450",10,0.0056657223796034
"s","IPEX","PUF_IPEX_02","29/05/2024","12/06/2024","Cantharis_versicolor_-4961",9,0.00509915014164306
"s","IPEX","PUF_IPEX_02","29/05/2024","12/06/2024","Homo_sapiens_9606",7,0.00396600566572238
"s","IPEX","PUF_IPEX_02","29/05/2024","12/06/2024","Cavariella_aegopodii_330421",6,0.00339943342776204
"s","IPEX","PUF_IPEX_02","29/05/2024","12/06/2024","Chironomus_decorus_-13480",5,0.0028328611898017
"s","IPEX","PUF_IPEX_03","12/06/2024","26/06/2024","Larinioides_sclopetarius_280406",9576,0.853171774768353
"s","IPEX","PUF_IPEX_03","12/06/2024","26/06/2024",NA,1394,0.124198146828225
"s","IPEX","PUF_IPEX_03","12/06/2024","26/06/2024","Glypsus_conspicuus_-21472",174,0.0155024946543122
"s","IPEX","PUF_IPEX_03","12/06/2024","26/06/2024","Bos_taurus_9913",52,0.00463292943692088
"s","IPEX","PUF_IPEX_03","12/06/2024","26/06/2024","Galapagocoris_crockeri_-21293",15,0.00133642195295795
"s","IPEX","PUF_IPEX_03","12/06/2024","26/06/2024","Bembidion_flebile_-5823",13,0.00115823235923022
"s","IPEX","PUF_IPEX_04","26/06/2024","10/07/2024","Glypsus_conspicuus_-21472",888,0.455384615384615
"s","IPEX","PUF_IPEX_04","26/06/2024","10/07/2024",NA,837,0.429230769230769
"s","IPEX","PUF_IPEX_04","26/06/2024","10/07/2024","Rhacognathus_americanus_-21479",105,0.0538461538461538
"s","IPEX","PUF_IPEX_04","26/06/2024","10/07/2024","Bos_taurus_9913",48,0.0246153846153846
"s","IPEX","PUF_IPEX_04","26/06/2024","10/07/2024","Abacarus_hystrix_644148",28,0.0143589743589744
"s","IPEX","PUF_IPEX_04","26/06/2024","10/07/2024","Tyrophagus_putrescentiae_59818",27,0.0138461538461538
"s","IPEX","PUF_IPEX_04","26/06/2024","10/07/2024","Rynchobanchus_minomensis_1905501",17,0.00871794871794872
"s","IPEX","PUF_IPEX_05","10/07/2024","24/07/2024","Glypsus_conspicuus_-21472",3773,0.677014175488965
"s","IPEX","PUF_IPEX_05","10/07/2024","24/07/2024",NA,1485,0.266463305221604
"s","IPEX","PUF_IPEX_05","10/07/2024","24/07/2024","Deuterosminthurus_bicinctus_2041938",121,0.0217118248699085
"s","IPEX","PUF_IPEX_05","10/07/2024","24/07/2024","Rhacognathus_americanus_-21479",58,0.0104073210120223
"s","IPEX","PUF_IPEX_05","10/07/2024","24/07/2024","Homo_sapiens_9606",49,0.00879239188946707
"s","IPEX","PUF_IPEX_05","10/07/2024","24/07/2024","Aculus_populi_2920999",37,0.0066391530593935
"s","IPEX","PUF_IPEX_05","10/07/2024","24/07/2024","Ceraclea_cancellata_763285",27,0.00484478736766553
"s","IPEX","PUF_IPEX_05","10/07/2024","24/07/2024","Galapagocoris_crockeri_-21293",23,0.00412704109097434
"s","IPEX","PUF_IPEX_06","24/07/2024","07/08/2024","Glypsus_conspicuus_-21472",812,0.82103134479272
"s","IPEX","PUF_IPEX_06","24/07/2024","07/08/2024",NA,177,0.17896865520728
"s","IPEX","PUF_IPEX_07","07/08/2024","21/08/2024","Glypsus_conspicuus_-21472",1045,0.62128418549346
"s","IPEX","PUF_IPEX_07","07/08/2024","21/08/2024",NA,588,0.349583828775268
"s","IPEX","PUF_IPEX_07","07/08/2024","21/08/2024","Rhacognathus_americanus_-21479",27,0.0160523186682521
"s","IPEX","PUF_IPEX_07","07/08/2024","21/08/2024","Rynchobanchus_minomensis_1905501",13,0.00772889417360285
"s","IPEX","PUF_IPEX_07","07/08/2024","21/08/2024","Scatella_tenuicosta_1473685",9,0.00535077288941736
"s","IPEX","PUF_IPEX_08","21/08/2024","04/09/2024","Glypsus_conspicuus_-21472",1466,0.631624299870745
"s","IPEX","PUF_IPEX_08","21/08/2024","04/09/2024",NA,722,0.311072813442482
"s","IPEX","PUF_IPEX_08","21/08/2024","04/09/2024","Bos_taurus_9913",70,0.03015941404567
"s","IPEX","PUF_IPEX_08","21/08/2024","04/09/2024","Rhacognathus_americanus_-21479",27,0.011632916846187
"s","IPEX","PUF_IPEX_08","21/08/2024","04/09/2024","Eukiefferiella_brevicalcar_2881961",19,0.00818612666953899
"s","IPEX","PUF_IPEX_08","21/08/2024","04/09/2024","Homo_sapiens_9606",17,0.00732442912537699
"s","IPEX","PUF_IPEX_09","04/09/2024","18/09/2024","Glypsus_conspicuus_-21472",962,0.871376811594203
"s","IPEX","PUF_IPEX_09","04/09/2024","18/09/2024",NA,131,0.118659420289855
"s","IPEX","PUF_IPEX_09","04/09/2024","18/09/2024","Uroleucon_anomalae_527891",11,0.00996376811594203
"s","IPEX","PUF_IPEX_10","18/09/2024","02/10/2024","Glypsus_conspicuus_-21472",2651,0.636036468330134
"s","IPEX","PUF_IPEX_10","18/09/2024","02/10/2024",NA,755,0.181142034548944
"s","IPEX","PUF_IPEX_10","18/09/2024","02/10/2024","Liposcelis_paeta_209927",574,0.137715930902111
"s","IPEX","PUF_IPEX_10","18/09/2024","02/10/2024","Bryophaenocladius_terrestris_3042047",83,0.0199136276391555
"s","IPEX","PUF_IPEX_10","18/09/2024","02/10/2024","Rhacognathus_americanus_-21479",45,0.0107965451055662
"s","IPEX","PUF_IPEX_10","18/09/2024","02/10/2024","Agrotis_venerabilis_689057",23,0.00551823416506718
"s","IPEX","PUF_IPEX_10","18/09/2024","02/10/2024","Tetramorium_immigrans_2164160",20,0.00479846449136276
"s","IPEX","PUF_IPEX_10","18/09/2024","02/10/2024","Cylindroiulus_caeruleocinctus_438504",17,0.00407869481765835
"s","Insectarium","Insectarium_Cocoon","10/11/2025","24/11/2025","Tyrophagus_putrescentiae_59818",123,0.45724907063197
"s","Insectarium","Insectarium_Cocoon","10/11/2025","24/11/2025","Bos_taurus_9913",73,0.271375464684015
"s","Insectarium","Insectarium_Cocoon","10/11/2025","24/11/2025","Artemia_sorgeloosi_3034414",36,0.133828996282528
"s","Insectarium","Insectarium_Cocoon","10/11/2025","24/11/2025","Homo_sapiens_9606",36,0.133828996282528
"s","Insectarium","Insectarium_Cocoon","10/11/2025","24/11/2025","Cylindroiulus_caeruleocinctus_438504",1,0.00371747211895911
"s","Insectarium","Insectarium_Door","10/11/2025","24/11/2025","Bos_taurus_9913",48,0.979591836734694
"s","Insectarium","Insectarium_Door","10/11/2025","24/11/2025","Heliconius_doris_33455",1,0.0204081632653061
"s","Insectarium","Insectarium_Up","10/11/2025","24/11/2025","Tyrophagus_putrescentiae_59818",1884,1
"s","Jean-Drapeau","PUF_JD_01","22/05/2024","05/06/2024","Hypena_scabra_95219",6071,0.683132665691459
"s","Jean-Drapeau","PUF_JD_01","22/05/2024","05/06/2024","Anystis_baccarum_2250316",1435,0.161471812760212
"s","Jean-Drapeau","PUF_JD_01","22/05/2024","05/06/2024",NA,1161,0.130640261055474
"s","Jean-Drapeau","PUF_JD_01","22/05/2024","05/06/2024","Tetragnatha_shoshone_1659988",76,0.008551817261168
"s","Jean-Drapeau","PUF_JD_01","22/05/2024","05/06/2024","Glypsus_conspicuus_-21472",46,0.00517609992123326
"s","Jean-Drapeau","PUF_JD_01","22/05/2024","05/06/2024","Tetramorium_immigrans_2164160",34,0.00382581298525937
"s","Jean-Drapeau","PUF_JD_01","22/05/2024","05/06/2024","Aphis_pomi_527582",16,0.00180038258129853
"s","Jean-Drapeau","PUF_JD_01","22/05/2024","05/06/2024","Homo_sapiens_9606",13,0.00146281084730505
"s","Jean-Drapeau","PUF_JD_01","22/05/2024","05/06/2024","Stenacron_gildersleevei_603688",13,0.00146281084730505
"s","Jean-Drapeau","PUF_JD_01","22/05/2024","05/06/2024","Plagiognathus_obscurus_881741",11,0.00123776302464274
"s","Jean-Drapeau","PUF_JD_01","22/05/2024","05/06/2024","Rhacognathus_americanus_-21479",11,0.00123776302464274
"s","Jean-Drapeau","PUF_JD_02","05/06/2024","19/06/2024","Pigritia_fidella_1473675",13484,0.955431162757741
"s","Jean-Drapeau","PUF_JD_02","05/06/2024","19/06/2024",NA,274,0.0194147240133211
"s","Jean-Drapeau","PUF_JD_02","05/06/2024","19/06/2024","Xestia_c-nigrum_987431",183,0.012966768227875
"s","Jean-Drapeau","PUF_JD_02","05/06/2024","19/06/2024","Hydroptila_spatulata_692086",94,0.00666052575639481
"s","Jean-Drapeau","PUF_JD_02","05/06/2024","19/06/2024","Hydropsyche_alternans_3381222",37,0.00262169630836817
"s","Jean-Drapeau","PUF_JD_02","05/06/2024","19/06/2024","Tetragnatha_guatemalensis_336607",28,0.00198398639552186
"s","Jean-Drapeau","PUF_JD_02","05/06/2024","19/06/2024","Philodromus_cespitum_336569",13,0.000921136540778006
"s","Jean-Drapeau","PUF_JD_03","19/06/2024","03/07/2024",NA,480,0.486322188449848
"s","Jean-Drapeau","PUF_JD_03","19/06/2024","03/07/2024","Plagiognathus_obscurus_881741",163,0.165146909827761
"s","Jean-Drapeau","PUF_JD_03","19/06/2024","03/07/2024","Glypsus_conspicuus_-21472",160,0.162107396149949
"s","Jean-Drapeau","PUF_JD_03","19/06/2024","03/07/2024","Homo_sapiens_9606",100,0.101317122593718
"s","Jean-Drapeau","PUF_JD_03","19/06/2024","03/07/2024","Chrysoperla_adamsi_76812",31,0.0314083080040527
"s","Jean-Drapeau","PUF_JD_03","19/06/2024","03/07/2024","Oidaematophorus_homodactylus_688447",24,0.0243161094224924
"s","Jean-Drapeau","PUF_JD_03","19/06/2024","03/07/2024","Kosswigianella_wasatchi_1863055",18,0.0182370820668693
"s","Jean-Drapeau","PUF_JD_03","19/06/2024","03/07/2024","Lasius_neoniger_611257",11,0.011144883485309
"s","Jean-Drapeau","PUF_JD_04","03/07/2024","17/07/2024","Glypsus_conspicuus_-21472",996,0.613300492610837
"s","Jean-Drapeau","PUF_JD_04","03/07/2024","17/07/2024",NA,258,0.158866995073892
"s","Jean-Drapeau","PUF_JD_04","03/07/2024","17/07/2024","Bos_taurus_9913",217,0.133620689655172
"s","Jean-Drapeau","PUF_JD_04","03/07/2024","17/07/2024","Tetragnatha_guatemalensis_336607",153,0.0942118226600985
"s","Jean-Drapeau","PUF_JD_05","17/07/2024","31/07/2024","Tetragnatha_guatemalensis_336607",1700,0.408163265306122
"s","Jean-Drapeau","PUF_JD_05","17/07/2024","31/07/2024",NA,1119,0.268667466986795
"s","Jean-Drapeau","PUF_JD_05","17/07/2024","31/07/2024","Glypsus_conspicuus_-21472",609,0.146218487394958
"s","Jean-Drapeau","PUF_JD_05","17/07/2024","31/07/2024","Pemphigus_populitransversus_220090",429,0.103001200480192
"s","Jean-Drapeau","PUF_JD_05","17/07/2024","31/07/2024","Euschistus_servus_756488",55,0.0132052821128451
"s","Jean-Drapeau","PUF_JD_05","17/07/2024","31/07/2024","Tetra_lobulifera_2837686",50,0.0120048019207683
"s","Jean-Drapeau","PUF_JD_05","17/07/2024","31/07/2024","Bos_taurus_9913",45,0.0108043217286915
"s","Jean-Drapeau","PUF_JD_05","17/07/2024","31/07/2024","Aphis_glycines_307491",42,0.0100840336134454
"s","Jean-Drapeau","PUF_JD_05","17/07/2024","31/07/2024","Melanophthalma_pumila_2083628",38,0.00912364945978391
"s","Jean-Drapeau","PUF_JD_05","17/07/2024","31/07/2024","Endria_inimicus_-19763",37,0.00888355342136855
"s","Jean-Drapeau","PUF_JD_05","17/07/2024","31/07/2024","Artemia_tibetiana_351233",12,0.00288115246098439
"s","Jean-Drapeau","PUF_JD_05","17/07/2024","31/07/2024","Homo_sapiens_9606",11,0.00264105642256903
"s","Jean-Drapeau","PUF_JD_05","17/07/2024","31/07/2024","Rhacognathus_americanus_-21479",11,0.00264105642256903
"s","Jean-Drapeau","PUF_JD_05","17/07/2024","31/07/2024","Parasteatoda_tabulata_1112459",7,0.00168067226890756
"s","Jean-Drapeau","PUF_JD_06","31/07/2024","14/08/2024","Glypsus_conspicuus_-21472",3494,0.892236976506639
"s","Jean-Drapeau","PUF_JD_06","31/07/2024","14/08/2024",NA,278,0.0709908069458631
"s","Jean-Drapeau","PUF_JD_06","31/07/2024","14/08/2024","Tetragnatha_guatemalensis_336607",119,0.030388151174668
"s","Jean-Drapeau","PUF_JD_06","31/07/2024","14/08/2024","Cricotopus_trifascia_401643",15,0.00383043922369765
"s","Jean-Drapeau","PUF_JD_06","31/07/2024","14/08/2024","Lasius_flavus_67763",10,0.00255362614913177
"s","Jean-Drapeau","PUF_JD_07","14/08/2024","28/08/2024","Glypsus_conspicuus_-21472",2271,0.50377107364685
"s","Jean-Drapeau","PUF_JD_07","14/08/2024","28/08/2024","Harmonia_axyridis_115357",867,0.192324755989352
"s","Jean-Drapeau","PUF_JD_07","14/08/2024","28/08/2024","Hydropsyche_alternans_3381222",592,0.131322094055013
"s","Jean-Drapeau","PUF_JD_07","14/08/2024","28/08/2024",NA,503,0.111579414374445
"s","Jean-Drapeau","PUF_JD_07","14/08/2024","28/08/2024","Aceria_fraxiniflora_2837636",95,0.0210736468500444
"s","Jean-Drapeau","PUF_JD_07","14/08/2024","28/08/2024","Lygus_lineolaris_50650",79,0.0175244010647737
"s","Jean-Drapeau","PUF_JD_07","14/08/2024","28/08/2024","Larinioides_sclopetarius_280406",53,0.011756876663709
"s","Jean-Drapeau","PUF_JD_07","14/08/2024","28/08/2024","Brachymyrmex_depilis_354278",25,0.00554569653948536
"s","Jean-Drapeau","PUF_JD_07","14/08/2024","28/08/2024","Deuterosminthurus_bicinctus_2041938",23,0.00510204081632653
"s","Jean-Drapeau","PUF_JD_08","28/08/2024","11/09/2024","Tetragnatha_guatemalensis_336607",8581,0.985076340259442
"s","Jean-Drapeau","PUF_JD_08","28/08/2024","11/09/2024","Glypsus_conspicuus_-21472",95,0.0109057513488692
"s","Jean-Drapeau","PUF_JD_08","28/08/2024","11/09/2024","Maiestas_rostriformis_2771410",20,0.00229594765239353
"s","Jean-Drapeau","PUF_JD_08","28/08/2024","11/09/2024",NA,15,0.00172196073929514
"s","Jean-Drapeau","PUF_JD_09","11/09/2024","25/09/2024","Glypsus_conspicuus_-21472",670,0.555555555555556
"s","Jean-Drapeau","PUF_JD_09","11/09/2024","25/09/2024",NA,497,0.412106135986733
"s","Jean-Drapeau","PUF_JD_09","11/09/2024","25/09/2024","Tetragnatha_guatemalensis_336607",20,0.0165837479270315
"s","Jean-Drapeau","PUF_JD_09","11/09/2024","25/09/2024","Sarcophaga_sinuata_2795684",10,0.00829187396351575
"s","Jean-Drapeau","PUF_JD_09","11/09/2024","25/09/2024","Sus_scrofa_9823",9,0.00746268656716418
"s","Jean-Drapeau","PUF_JD_10","25/09/2024","09/10/2024","Capitophorus_elaeagni_527612",6147,0.7246257220323
"s","Jean-Drapeau","PUF_JD_10","25/09/2024","09/10/2024","Glypsus_conspicuus_-21472",1552,0.18295414358128
"s","Jean-Drapeau","PUF_JD_10","25/09/2024","09/10/2024","Cricotopus_trifascia_401643",243,0.0286455263468113
"s","Jean-Drapeau","PUF_JD_10","25/09/2024","09/10/2024","Tetragnatha_shoshone_1659988",215,0.025344807261582
"s","Jean-Drapeau","PUF_JD_10","25/09/2024","09/10/2024",NA,179,0.0211010255805729
"s","Jean-Drapeau","PUF_JD_10","25/09/2024","09/10/2024","Bos_taurus_9913",67,0.00789814923965578
"s","Jean-Drapeau","PUF_JD_10","25/09/2024","09/10/2024","Larinioides_patagiatus_336592",46,0.00542260992573382
"s","Jean-Drapeau","PUF_JD_10","25/09/2024","09/10/2024","Hydropsyche_alternans_3381222",34,0.00400801603206413
"s","Mont_Tremblant","Mont_Tremblant","30/08/2025","31/08/2025",NA,805,0.818089430894309
"s","Mont_Tremblant","Mont_Tremblant","30/08/2025","31/08/2025","Bos_taurus_9913",82,0.0833333333333333
"s","Mont_Tremblant","Mont_Tremblant","30/08/2025","31/08/2025","Glypsus_conspicuus_-21472",44,0.0447154471544715
"s","Mont_Tremblant","Mont_Tremblant","30/08/2025","31/08/2025","Homo_sapiens_9606",33,0.0335365853658537
"s","Mont_Tremblant","Mont_Tremblant","30/08/2025","31/08/2025","Bembidion_flebile_-5823",18,0.0182926829268293
"s","Mont_Tremblant","Mont_Tremblant","30/08/2025","31/08/2025","Tetramorium_semilaeve_291733",2,0.00203252032520325
"s",NA,NA,NA,NA,"Cethosia_biblis_876379",15388,0.511127350029894
"s",NA,NA,NA,NA,"Heliconius_doris_33455",10768,0.357669567528068
"s",NA,NA,NA,NA,"Caligo_brasiliensis_1005066",2710,0.0900152793463097
"s",NA,NA,NA,NA,"Willowsia_buskii_1458441",340,0.0112934298810868
"s",NA,NA,NA,NA,"Parthenos_sylvia_3150745",284,0.00943333554773135
"s",NA,NA,NA,NA,"Papilio_rumanzovia_262663",226,0.00750680927389889
"s",NA,NA,NA,NA,NA,117,0.00388626851790341
"s",NA,NA,NA,NA,"Hymenopus_coronatus_267205",76,0.00252441373812529
"s",NA,NA,NA,NA,"Tyrophagus_putrescentiae_59818",62,0.00205939015478642
"s",NA,NA,NA,NA,"Siproeta_epaphus_311052",51,0.00169401448216302
"s",NA,NA,NA,NA,"Papilio_demoleus_76202",50,0.00166079851192453
"s",NA,NA,NA,NA,"Papilio_memnon_76198",18,0.000597887464292832
"s",NA,NA,NA,NA,"Doleschallia_bisaltide_311083",16,0.000531455523815851
