"Level","site","ID_order","from","to","Taxon","Reads","Fx"
"k","Bird Observatory","PUF_MBO_01","20/05/2024","03/06/2024","Metazoa_33208",2338,1
"k","Bird Observatory","PUF_MBO_02","03/06/2024","17/06/2024","Metazoa_33208",15441,1
"k","Bird Observatory","PUF_MBO_03","17/06/2024","01/07/2024","Metazoa_33208",870,1
"k","Bird Observatory","PUF_MBO_04","01/07/2024","15/07/2024","Metazoa_33208",1138,1
"k","Bird Observatory","PUF_MBO_05","15/07/2024","29/07/2024","Metazoa_33208",9417,1
"k","Bird Observatory","PUF_MBO_06","29/07/2024","12/08/2024","Metazoa_33208",1131,1
"k","Bird Observatory","PUF_MBO_07","12/08/2024","26/08/2024","Metazoa_33208",2166,1
"k","Bird Observatory","PUF_MBO_08","26/08/2024","09/09/2024","Metazoa_33208",2016,1
"k","Bird Observatory","PUF_MBO_09","09/09/2024","23/09/2024","Metazoa_33208",2932,1
"k","Bird Observatory","PUF_MBO_10","23/09/2024","07/10/2024","Metazoa_33208",1708,1
"k","Botanical Garden","PUF_BOT_01","17/05/2024","31/05/2024","Metazoa_33208",826,1
"k","Botanical Garden","PUF_BOT_02","31/05/2024","14/06/2024","Metazoa_33208",2430,1
"k","Botanical Garden","PUF_BOT_03","24/06/2024","28/06/2024","Metazoa_33208",88,1
"k","Botanical Garden","PUF_BOT_04","28/06/2024","12/07/2024","Metazoa_33208",955,1
"k","Botanical Garden","PUF_BOT_05","12/07/2024","26/07/2024","Metazoa_33208",1553,1
"k","Botanical Garden","PUF_BOT_06","26/07/2024","09/08/2024","Metazoa_33208",19995,1
"k","Botanical Garden","PUF_BOT_07","09/08/2024","23/08/2024","Metazoa_33208",2711,1
"k","Botanical Garden","PUF_BOT_08","23/08/2024","06/09/2024","Metazoa_33208",1252,1
"k","Botanical Garden","PUF_BOT_09","06/09/2024","20/09/2024","Metazoa_33208",1505,1
"k","Botanical Garden","PUF_BOT_10","20/09/2024","04/10/2024","Metazoa_33208",3853,1
"k","Boucherville","PUF_BOU_01","27/05/2024","10/06/2024","Metazoa_33208",252,1
"k","Boucherville","PUF_BOU_02","10/06/2024","24/06/2024","Metazoa_33208",1060,1
"k","Boucherville","PUF_BOU_03","24/06/2024","08/07/2024","Metazoa_33208",653,1
"k","Boucherville","PUF_BOU_04","08/07/2024","22/07/2024","Metazoa_33208",600,1
"k","Boucherville","PUF_BOU_05","22/07/2024","05/08/2024","Metazoa_33208",2491,1
"k","Boucherville","PUF_BOU_06","05/08/2024","19/08/2024","Metazoa_33208",879,1
"k","Boucherville","PUF_BOU_07","19/08/2024","02/09/2024","Metazoa_33208",326,1
"k","Boucherville","PUF_BOU_08","02/09/2024","16/09/2024","Metazoa_33208",2269,1
"k","Boucherville","PUF_BOU_09","16/09/2024","30/09/2024","Metazoa_33208",1828,1
"k","IPEX","PUF_IPEX_01","15/05/2024","29/05/2024","Metazoa_33208",112,1
"k","IPEX","PUF_IPEX_02","29/05/2024","12/06/2024","Metazoa_33208",1841,1
"k","IPEX","PUF_IPEX_03","12/06/2024","26/06/2024","Metazoa_33208",11353,1
"k","IPEX","PUF_IPEX_04","26/06/2024","10/07/2024","Metazoa_33208",2086,1
"k","IPEX","PUF_IPEX_05","10/07/2024","24/07/2024","Metazoa_33208",6035,1
"k","IPEX","PUF_IPEX_06","24/07/2024","07/08/2024","Metazoa_33208",1159,1
"k","IPEX","PUF_IPEX_07","07/08/2024","21/08/2024","Metazoa_33208",1831,1
"k","IPEX","PUF_IPEX_08","21/08/2024","04/09/2024","Metazoa_33208",2393,1
"k","IPEX","PUF_IPEX_09","04/09/2024","18/09/2024","Metazoa_33208",1315,1
"k","IPEX","PUF_IPEX_10","18/09/2024","02/10/2024","Metazoa_33208",4491,1
"k","Insectarium","Insectarium_Cocoon","10/11/2025","24/11/2025","Metazoa_33208",269,1
"k","Insectarium","Insectarium_Door","10/11/2025","24/11/2025","Metazoa_33208",49,1
"k","Insectarium","Insectarium_Up","10/11/2025","24/11/2025","Metazoa_33208",1884,1
"k","Jean-Drapeau","PUF_JD_01","22/05/2024","05/06/2024","Metazoa_33208",8920,1
"k","Jean-Drapeau","PUF_JD_02","05/06/2024","19/06/2024","Metazoa_33208",14280,1
"k","Jean-Drapeau","PUF_JD_03","19/06/2024","03/07/2024","Metazoa_33208",1073,1
"k","Jean-Drapeau","PUF_JD_04","03/07/2024","17/07/2024","Metazoa_33208",1659,1
"k","Jean-Drapeau","PUF_JD_05","17/07/2024","31/07/2024","Metazoa_33208",4238,1
"k","Jean-Drapeau","PUF_JD_06","31/07/2024","14/08/2024","Metazoa_33208",4059,1
"k","Jean-Drapeau","PUF_JD_07","14/08/2024","28/08/2024","Metazoa_33208",4636,1
"k","Jean-Drapeau","PUF_JD_08","28/08/2024","11/09/2024","Metazoa_33208",8791,1
"k","Jean-Drapeau","PUF_JD_09","11/09/2024","25/09/2024","Metazoa_33208",1230,1
"k","Jean-Drapeau","PUF_JD_10","25/09/2024","09/10/2024","Metazoa_33208",8781,1
"k","Mont_Tremblant","Mont_Tremblant","30/08/2025","31/08/2025","Metazoa_33208",990,1
"k",NA,NA,NA,NA,"Metazoa_33208",30259,1
"p","Bird Observatory","PUF_MBO_01","20/05/2024","03/06/2024","Arthropoda_6656",2265,0.968776732249786
"p","Bird Observatory","PUF_MBO_01","20/05/2024","03/06/2024","Chordata_7711",59,0.025235243798118
"p","Bird Observatory","PUF_MBO_01","20/05/2024","03/06/2024","Cnidaria_6073",14,0.00598802395209581
"p","Bird Observatory","PUF_MBO_02","03/06/2024","17/06/2024","Arthropoda_6656",15398,0.997215206269024
"p","Bird Observatory","PUF_MBO_02","03/06/2024","17/06/2024","Cnidaria_6073",39,0.0025257431513503
"p","Bird Observatory","PUF_MBO_02","03/06/2024","17/06/2024","Chordata_7711",2,0.000129525289812836
"p","Bird Observatory","PUF_MBO_02","03/06/2024","17/06/2024","Mollusca_6447",2,0.000129525289812836
"p","Bird Observatory","PUF_MBO_03","17/06/2024","01/07/2024","Arthropoda_6656",809,0.929885057471264
"p","Bird Observatory","PUF_MBO_03","17/06/2024","01/07/2024","Cnidaria_6073",37,0.0425287356321839
"p","Bird Observatory","PUF_MBO_03","17/06/2024","01/07/2024","Chordata_7711",21,0.0241379310344828
"p","Bird Observatory","PUF_MBO_03","17/06/2024","01/07/2024","Mollusca_6447",3,0.00344827586206897
"p","Bird Observatory","PUF_MBO_04","01/07/2024","15/07/2024","Arthropoda_6656",821,0.721441124780316
"p","Bird Observatory","PUF_MBO_04","01/07/2024","15/07/2024","Chordata_7711",314,0.275922671353251
"p","Bird Observatory","PUF_MBO_04","01/07/2024","15/07/2024","Cnidaria_6073",3,0.00263620386643234
"p","Bird Observatory","PUF_MBO_05","15/07/2024","29/07/2024","Arthropoda_6656",9286,0.986088988000425
"p","Bird Observatory","PUF_MBO_05","15/07/2024","29/07/2024","Mollusca_6447",72,0.00764574705320166
"p","Bird Observatory","PUF_MBO_05","15/07/2024","29/07/2024","Cnidaria_6073",39,0.00414144632048423
"p","Bird Observatory","PUF_MBO_05","15/07/2024","29/07/2024","Chordata_7711",20,0.00212381862588935
"p","Bird Observatory","PUF_MBO_06","29/07/2024","12/08/2024","Arthropoda_6656",1050,0.928381962864722
"p","Bird Observatory","PUF_MBO_06","29/07/2024","12/08/2024","Cnidaria_6073",57,0.0503978779840849
"p","Bird Observatory","PUF_MBO_06","29/07/2024","12/08/2024","Mollusca_6447",24,0.0212201591511936
"p","Bird Observatory","PUF_MBO_07","12/08/2024","26/08/2024","Arthropoda_6656",1988,0.917820867959372
"p","Bird Observatory","PUF_MBO_07","12/08/2024","26/08/2024","Cnidaria_6073",172,0.0794090489381348
"p","Bird Observatory","PUF_MBO_07","12/08/2024","26/08/2024","Mollusca_6447",6,0.00277008310249307
"p","Bird Observatory","PUF_MBO_08","26/08/2024","09/09/2024","Arthropoda_6656",1889,0.937003968253968
"p","Bird Observatory","PUF_MBO_08","26/08/2024","09/09/2024","Cnidaria_6073",108,0.0535714285714286
"p","Bird Observatory","PUF_MBO_08","26/08/2024","09/09/2024","Mollusca_6447",16,0.00793650793650794
"p","Bird Observatory","PUF_MBO_08","26/08/2024","09/09/2024","Chordata_7711",3,0.00148809523809524
"p","Bird Observatory","PUF_MBO_09","09/09/2024","23/09/2024","Arthropoda_6656",2664,0.908594815825375
"p","Bird Observatory","PUF_MBO_09","09/09/2024","23/09/2024","Cnidaria_6073",105,0.0358117326057299
"p","Bird Observatory","PUF_MBO_09","09/09/2024","23/09/2024","Mollusca_6447",100,0.034106412005457
"p","Bird Observatory","PUF_MBO_09","09/09/2024","23/09/2024","Chordata_7711",63,0.0214870395634379
"p","Bird Observatory","PUF_MBO_10","23/09/2024","07/10/2024","Arthropoda_6656",1569,0.918618266978923
"p","Bird Observatory","PUF_MBO_10","23/09/2024","07/10/2024","Cnidaria_6073",130,0.0761124121779859
"p","Bird Observatory","PUF_MBO_10","23/09/2024","07/10/2024","Mollusca_6447",6,0.00351288056206089
"p","Bird Observatory","PUF_MBO_10","23/09/2024","07/10/2024","Chordata_7711",3,0.00175644028103044
"p","Botanical Garden","PUF_BOT_01","17/05/2024","31/05/2024","Arthropoda_6656",756,0.915254237288136
"p","Botanical Garden","PUF_BOT_01","17/05/2024","31/05/2024","Chordata_7711",36,0.0435835351089588
"p","Botanical Garden","PUF_BOT_01","17/05/2024","31/05/2024","Cnidaria_6073",34,0.0411622276029056
"p","Botanical Garden","PUF_BOT_02","31/05/2024","14/06/2024","Arthropoda_6656",2370,0.975308641975309
"p","Botanical Garden","PUF_BOT_02","31/05/2024","14/06/2024","Chordata_7711",40,0.0164609053497942
"p","Botanical Garden","PUF_BOT_02","31/05/2024","14/06/2024","Cnidaria_6073",20,0.00823045267489712
"p","Botanical Garden","PUF_BOT_03","24/06/2024","28/06/2024","Chordata_7711",88,1
"p","Botanical Garden","PUF_BOT_04","28/06/2024","12/07/2024","Arthropoda_6656",918,0.961256544502618
"p","Botanical Garden","PUF_BOT_04","28/06/2024","12/07/2024","Cnidaria_6073",33,0.0345549738219895
"p","Botanical Garden","PUF_BOT_04","28/06/2024","12/07/2024","Chordata_7711",4,0.00418848167539267
"p","Botanical Garden","PUF_BOT_05","12/07/2024","26/07/2024","Arthropoda_6656",1407,0.905988409529942
"p","Botanical Garden","PUF_BOT_05","12/07/2024","26/07/2024","Chordata_7711",65,0.0418544752092724
"p","Botanical Garden","PUF_BOT_05","12/07/2024","26/07/2024","Mollusca_6447",47,0.03026400515132
"p","Botanical Garden","PUF_BOT_05","12/07/2024","26/07/2024","Cnidaria_6073",34,0.0218931101094656
"p","Botanical Garden","PUF_BOT_06","26/07/2024","09/08/2024","Arthropoda_6656",19227,0.9615903975994
"p","Botanical Garden","PUF_BOT_06","26/07/2024","09/08/2024","Chordata_7711",734,0.0367091772943236
"p","Botanical Garden","PUF_BOT_06","26/07/2024","09/08/2024","Cnidaria_6073",32,0.00160040010002501
"p","Botanical Garden","PUF_BOT_06","26/07/2024","09/08/2024","Mollusca_6447",2,0.000100025006251563
"p","Botanical Garden","PUF_BOT_07","09/08/2024","23/08/2024","Arthropoda_6656",2625,0.968277388417558
"p","Botanical Garden","PUF_BOT_07","09/08/2024","23/08/2024","Cnidaria_6073",69,0.0254518627812615
"p","Botanical Garden","PUF_BOT_07","09/08/2024","23/08/2024","Chordata_7711",17,0.00627074880118038
"p","Botanical Garden","PUF_BOT_08","23/08/2024","06/09/2024","Arthropoda_6656",1197,0.956070287539936
"p","Botanical Garden","PUF_BOT_08","23/08/2024","06/09/2024","Cnidaria_6073",48,0.0383386581469649
"p","Botanical Garden","PUF_BOT_08","23/08/2024","06/09/2024","Chordata_7711",7,0.00559105431309904
"p","Botanical Garden","PUF_BOT_09","06/09/2024","20/09/2024","Arthropoda_6656",1447,0.961461794019934
"p","Botanical Garden","PUF_BOT_09","06/09/2024","20/09/2024","Cnidaria_6073",23,0.0152823920265781
"p","Botanical Garden","PUF_BOT_09","06/09/2024","20/09/2024","Mollusca_6447",22,0.0146179401993355
"p","Botanical Garden","PUF_BOT_09","06/09/2024","20/09/2024","Chordata_7711",13,0.00863787375415282
"p","Botanical Garden","PUF_BOT_10","20/09/2024","04/10/2024","Arthropoda_6656",3526,0.915131066701272
"p","Botanical Garden","PUF_BOT_10","20/09/2024","04/10/2024","Chordata_7711",327,0.0848689332987283
"p","Boucherville","PUF_BOU_01","27/05/2024","10/06/2024","Arthropoda_6656",247,0.98015873015873
"p","Boucherville","PUF_BOU_01","27/05/2024","10/06/2024","Chordata_7711",2,0.00793650793650794
"p","Boucherville","PUF_BOU_01","27/05/2024","10/06/2024","Cnidaria_6073",2,0.00793650793650794
"p","Boucherville","PUF_BOU_01","27/05/2024","10/06/2024","Mollusca_6447",1,0.00396825396825397
"p","Boucherville","PUF_BOU_02","10/06/2024","24/06/2024","Arthropoda_6656",998,0.941509433962264
"p","Boucherville","PUF_BOU_02","10/06/2024","24/06/2024","Chordata_7711",42,0.039622641509434
"p","Boucherville","PUF_BOU_02","10/06/2024","24/06/2024","Cnidaria_6073",20,0.0188679245283019
"p","Boucherville","PUF_BOU_03","24/06/2024","08/07/2024","Arthropoda_6656",555,0.849923430321593
"p","Boucherville","PUF_BOU_03","24/06/2024","08/07/2024","Chordata_7711",57,0.0872894333843798
"p","Boucherville","PUF_BOU_03","24/06/2024","08/07/2024","Cnidaria_6073",41,0.0627871362940276
"p","Boucherville","PUF_BOU_04","08/07/2024","22/07/2024","Arthropoda_6656",592,0.986666666666667
"p","Boucherville","PUF_BOU_04","08/07/2024","22/07/2024","Chordata_7711",7,0.0116666666666667
"p","Boucherville","PUF_BOU_04","08/07/2024","22/07/2024","Cnidaria_6073",1,0.00166666666666667
"p","Boucherville","PUF_BOU_05","22/07/2024","05/08/2024","Arthropoda_6656",2395,0.961461260537937
"p","Boucherville","PUF_BOU_05","22/07/2024","05/08/2024","Cnidaria_6073",83,0.0333199518265757
"p","Boucherville","PUF_BOU_05","22/07/2024","05/08/2024","Mollusca_6447",11,0.0044158972300281
"p","Boucherville","PUF_BOU_05","22/07/2024","05/08/2024","Chordata_7711",2,0.000802890405459655
"p","Boucherville","PUF_BOU_06","05/08/2024","19/08/2024","Arthropoda_6656",826,0.939704209328783
"p","Boucherville","PUF_BOU_06","05/08/2024","19/08/2024","Cnidaria_6073",29,0.0329920364050057
"p","Boucherville","PUF_BOU_06","05/08/2024","19/08/2024","Mollusca_6447",23,0.0261660978384528
"p","Boucherville","PUF_BOU_06","05/08/2024","19/08/2024","Chordata_7711",1,0.00113765642775882
"p","Boucherville","PUF_BOU_07","19/08/2024","02/09/2024","Arthropoda_6656",220,0.674846625766871
"p","Boucherville","PUF_BOU_07","19/08/2024","02/09/2024","Chordata_7711",60,0.184049079754601
"p","Boucherville","PUF_BOU_07","19/08/2024","02/09/2024","Mollusca_6447",24,0.0736196319018405
"p","Boucherville","PUF_BOU_07","19/08/2024","02/09/2024","Cnidaria_6073",22,0.0674846625766871
"p","Boucherville","PUF_BOU_08","02/09/2024","16/09/2024","Arthropoda_6656",2137,0.941824592331424
"p","Boucherville","PUF_BOU_08","02/09/2024","16/09/2024","Cnidaria_6073",67,0.0295284266196562
"p","Boucherville","PUF_BOU_08","02/09/2024","16/09/2024","Chordata_7711",35,0.0154252974878801
"p","Boucherville","PUF_BOU_08","02/09/2024","16/09/2024","Mollusca_6447",30,0.0132216835610401
"p","Boucherville","PUF_BOU_09","16/09/2024","30/09/2024","Arthropoda_6656",1718,0.939824945295405
"p","Boucherville","PUF_BOU_09","16/09/2024","30/09/2024","Chordata_7711",89,0.0486870897155361
"p","Boucherville","PUF_BOU_09","16/09/2024","30/09/2024","Cnidaria_6073",10,0.00547045951859956
"p","Boucherville","PUF_BOU_09","16/09/2024","30/09/2024","Mollusca_6447",10,0.00547045951859956
"p","Boucherville","PUF_BOU_09","16/09/2024","30/09/2024","Tardigrada_42241",1,0.000547045951859956
"p","IPEX","PUF_IPEX_01","15/05/2024","29/05/2024","Arthropoda_6656",84,0.75
"p","IPEX","PUF_IPEX_01","15/05/2024","29/05/2024","Chordata_7711",28,0.25
"p","IPEX","PUF_IPEX_02","29/05/2024","12/06/2024","Arthropoda_6656",1743,0.946768060836502
"p","IPEX","PUF_IPEX_02","29/05/2024","12/06/2024","Cnidaria_6073",90,0.048886474741988
"p","IPEX","PUF_IPEX_02","29/05/2024","12/06/2024","Chordata_7711",8,0.00434546442151005
"p","IPEX","PUF_IPEX_03","12/06/2024","26/06/2024","Arthropoda_6656",11172,0.984057077424469
"p","IPEX","PUF_IPEX_03","12/06/2024","26/06/2024","Cnidaria_6073",118,0.010393728529904
"p","IPEX","PUF_IPEX_03","12/06/2024","26/06/2024","Chordata_7711",62,0.00546111160045803
"p","IPEX","PUF_IPEX_03","12/06/2024","26/06/2024","Mollusca_6447",1,8.80824451686779e-05
"p","IPEX","PUF_IPEX_04","26/06/2024","10/07/2024","Arthropoda_6656",1801,0.863374880153404
"p","IPEX","PUF_IPEX_04","26/06/2024","10/07/2024","Cnidaria_6073",199,0.0953978906999041
"p","IPEX","PUF_IPEX_04","26/06/2024","10/07/2024","Chordata_7711",80,0.0383509108341323
"p","IPEX","PUF_IPEX_04","26/06/2024","10/07/2024","Mollusca_6447",6,0.00287631831255992
"p","IPEX","PUF_IPEX_05","10/07/2024","24/07/2024","Arthropoda_6656",5727,0.948964374482187
"p","IPEX","PUF_IPEX_05","10/07/2024","24/07/2024","Cnidaria_6073",245,0.0405965202982601
"p","IPEX","PUF_IPEX_05","10/07/2024","24/07/2024","Chordata_7711",51,0.00845070422535211
"p","IPEX","PUF_IPEX_05","10/07/2024","24/07/2024","Mollusca_6447",12,0.0019884009942005
"p","IPEX","PUF_IPEX_06","24/07/2024","07/08/2024","Arthropoda_6656",1116,0.962899050905953
"p","IPEX","PUF_IPEX_06","24/07/2024","07/08/2024","Cnidaria_6073",35,0.0301984469370147
"p","IPEX","PUF_IPEX_06","24/07/2024","07/08/2024","Chordata_7711",7,0.00603968938740293
"p","IPEX","PUF_IPEX_06","24/07/2024","07/08/2024","Mollusca_6447",1,0.000862812769628991
"p","IPEX","PUF_IPEX_07","07/08/2024","21/08/2024","Arthropoda_6656",1640,0.895685417804478
"p","IPEX","PUF_IPEX_07","07/08/2024","21/08/2024","Cnidaria_6073",175,0.0955761878754779
"p","IPEX","PUF_IPEX_07","07/08/2024","21/08/2024","Chordata_7711",15,0.00819224467504096
"p","IPEX","PUF_IPEX_07","07/08/2024","21/08/2024","Mollusca_6447",1,0.000546149645002731
"p","IPEX","PUF_IPEX_08","21/08/2024","04/09/2024","Arthropoda_6656",2135,0.892185541161722
"p","IPEX","PUF_IPEX_08","21/08/2024","04/09/2024","Cnidaria_6073",171,0.0714584203928124
"p","IPEX","PUF_IPEX_08","21/08/2024","04/09/2024","Chordata_7711",87,0.0363560384454659
"p","IPEX","PUF_IPEX_09","04/09/2024","18/09/2024","Arthropoda_6656",1266,0.962737642585551
"p","IPEX","PUF_IPEX_09","04/09/2024","18/09/2024","Cnidaria_6073",41,0.0311787072243346
"p","IPEX","PUF_IPEX_09","04/09/2024","18/09/2024","Chordata_7711",6,0.00456273764258555
"p","IPEX","PUF_IPEX_09","04/09/2024","18/09/2024","Mollusca_6447",2,0.00152091254752852
"p","IPEX","PUF_IPEX_10","18/09/2024","02/10/2024","Arthropoda_6656",4280,0.953017145401915
"p","IPEX","PUF_IPEX_10","18/09/2024","02/10/2024","Cnidaria_6073",205,0.0456468492540637
"p","IPEX","PUF_IPEX_10","18/09/2024","02/10/2024","Mollusca_6447",4,0.000890670229347584
"p","IPEX","PUF_IPEX_10","18/09/2024","02/10/2024","Chordata_7711",2,0.000445335114673792
"p","Insectarium","Insectarium_Cocoon","10/11/2025","24/11/2025","Arthropoda_6656",160,0.594795539033457
"p","Insectarium","Insectarium_Cocoon","10/11/2025","24/11/2025","Chordata_7711",109,0.405204460966543
"p","Insectarium","Insectarium_Door","10/11/2025","24/11/2025","Chordata_7711",48,0.979591836734694
"p","Insectarium","Insectarium_Door","10/11/2025","24/11/2025","Arthropoda_6656",1,0.0204081632653061
"p","Insectarium","Insectarium_Up","10/11/2025","24/11/2025","Arthropoda_6656",1884,1
"p","Jean-Drapeau","PUF_JD_01","22/05/2024","05/06/2024","Arthropoda_6656",8907,0.998542600896861
"p","Jean-Drapeau","PUF_JD_01","22/05/2024","05/06/2024","Chordata_7711",13,0.00145739910313901
"p","Jean-Drapeau","PUF_JD_02","05/06/2024","19/06/2024","Arthropoda_6656",14260,0.99859943977591
"p","Jean-Drapeau","PUF_JD_02","05/06/2024","19/06/2024","Chordata_7711",15,0.00105042016806723
"p","Jean-Drapeau","PUF_JD_02","05/06/2024","19/06/2024","Cnidaria_6073",5,0.000350140056022409
"p","Jean-Drapeau","PUF_JD_03","19/06/2024","03/07/2024","Arthropoda_6656",937,0.873252562907735
"p","Jean-Drapeau","PUF_JD_03","19/06/2024","03/07/2024","Chordata_7711",100,0.0931966449207828
"p","Jean-Drapeau","PUF_JD_03","19/06/2024","03/07/2024","Cnidaria_6073",34,0.0316868592730662
"p","Jean-Drapeau","PUF_JD_03","19/06/2024","03/07/2024","Mollusca_6447",2,0.00186393289841566
"p","Jean-Drapeau","PUF_JD_04","03/07/2024","17/07/2024","Arthropoda_6656",1426,0.859553948161543
"p","Jean-Drapeau","PUF_JD_04","03/07/2024","17/07/2024","Chordata_7711",226,0.136226642555756
"p","Jean-Drapeau","PUF_JD_04","03/07/2024","17/07/2024","Mollusca_6447",6,0.00361663652802893
"p","Jean-Drapeau","PUF_JD_04","03/07/2024","17/07/2024","Cnidaria_6073",1,0.000602772754671489
"p","Jean-Drapeau","PUF_JD_05","17/07/2024","31/07/2024","Arthropoda_6656",4117,0.971448796602171
"p","Jean-Drapeau","PUF_JD_05","17/07/2024","31/07/2024","Chordata_7711",60,0.0141576215195847
"p","Jean-Drapeau","PUF_JD_05","17/07/2024","31/07/2024","Cnidaria_6073",57,0.0134497404436055
"p","Jean-Drapeau","PUF_JD_05","17/07/2024","31/07/2024","Mollusca_6447",4,0.000943841434638981
"p","Jean-Drapeau","PUF_JD_06","31/07/2024","14/08/2024","Arthropoda_6656",4008,0.987435328898744
"p","Jean-Drapeau","PUF_JD_06","31/07/2024","14/08/2024","Cnidaria_6073",48,0.0118255728011826
"p","Jean-Drapeau","PUF_JD_06","31/07/2024","14/08/2024","Mollusca_6447",3,0.00073909830007391
"p","Jean-Drapeau","PUF_JD_07","14/08/2024","28/08/2024","Arthropoda_6656",4388,0.946505608283003
"p","Jean-Drapeau","PUF_JD_07","14/08/2024","28/08/2024","Cnidaria_6073",239,0.0515530629853322
"p","Jean-Drapeau","PUF_JD_07","14/08/2024","28/08/2024","Chordata_7711",9,0.00194132873166523
"p","Jean-Drapeau","PUF_JD_08","28/08/2024","11/09/2024","Arthropoda_6656",8779,0.99863496758048
"p","Jean-Drapeau","PUF_JD_08","28/08/2024","11/09/2024","Cnidaria_6073",8,0.000910021613013309
"p","Jean-Drapeau","PUF_JD_08","28/08/2024","11/09/2024","Annelida_6340",2,0.000227505403253327
"p","Jean-Drapeau","PUF_JD_08","28/08/2024","11/09/2024","Mollusca_6447",2,0.000227505403253327
"p","Jean-Drapeau","PUF_JD_09","11/09/2024","25/09/2024","Arthropoda_6656",1151,0.935772357723577
"p","Jean-Drapeau","PUF_JD_09","11/09/2024","25/09/2024","Cnidaria_6073",64,0.0520325203252033
"p","Jean-Drapeau","PUF_JD_09","11/09/2024","25/09/2024","Chordata_7711",14,0.0113821138211382
"p","Jean-Drapeau","PUF_JD_09","11/09/2024","25/09/2024","Mollusca_6447",1,0.000813008130081301
"p","Jean-Drapeau","PUF_JD_10","25/09/2024","09/10/2024","Arthropoda_6656",8666,0.986903541737843
"p","Jean-Drapeau","PUF_JD_10","25/09/2024","09/10/2024","Chordata_7711",76,0.00865505067759936
"p","Jean-Drapeau","PUF_JD_10","25/09/2024","09/10/2024","Cnidaria_6073",39,0.00444140758455757
"p","Mont_Tremblant","Mont_Tremblant","30/08/2025","31/08/2025","Cnidaria_6073",441,0.445454545454545
"p","Mont_Tremblant","Mont_Tremblant","30/08/2025","31/08/2025","Arthropoda_6656",433,0.437373737373737
"p","Mont_Tremblant","Mont_Tremblant","30/08/2025","31/08/2025","Chordata_7711",116,0.117171717171717
"p",NA,NA,NA,NA,"Arthropoda_6656",30239,0.999339039624574
"p",NA,NA,NA,NA,"Chordata_7711",17,0.000561816319111669
"p",NA,NA,NA,NA,"Annelida_6340",3,9.9144056313824e-05
"c","Bird Observatory","PUF_MBO_01","20/05/2024","03/06/2024","Arachnida_6854",1425,0.609495295124038
"c","Bird Observatory","PUF_MBO_01","20/05/2024","03/06/2024","Insecta_50557",735,0.31437125748503
"c","Bird Observatory","PUF_MBO_01","20/05/2024","03/06/2024",NA,114,0.048759623609923
"c","Bird Observatory","PUF_MBO_01","20/05/2024","03/06/2024","Mammalia_40674",59,0.025235243798118
"c","Bird Observatory","PUF_MBO_01","20/05/2024","03/06/2024","Hydrozoa_6074",5,0.00213857998289136
"c","Bird Observatory","PUF_MBO_02","03/06/2024","17/06/2024","Insecta_50557",8098,0.524447898452173
"c","Bird Observatory","PUF_MBO_02","03/06/2024","17/06/2024","Arachnida_6854",7293,0.472313969302506
"c","Bird Observatory","PUF_MBO_02","03/06/2024","17/06/2024",NA,46,0.00297908166569523
"c","Bird Observatory","PUF_MBO_02","03/06/2024","17/06/2024","Gastropoda_6448",2,0.000129525289812836
"c","Bird Observatory","PUF_MBO_02","03/06/2024","17/06/2024","Mammalia_40674",2,0.000129525289812836
"c","Bird Observatory","PUF_MBO_03","17/06/2024","01/07/2024","Insecta_50557",382,0.439080459770115
"c","Bird Observatory","PUF_MBO_03","17/06/2024","01/07/2024","Arachnida_6854",380,0.436781609195402
"c","Bird Observatory","PUF_MBO_03","17/06/2024","01/07/2024",NA,84,0.096551724137931
"c","Bird Observatory","PUF_MBO_03","17/06/2024","01/07/2024","Mammalia_40674",21,0.0241379310344828
"c","Bird Observatory","PUF_MBO_03","17/06/2024","01/07/2024","Gastropoda_6448",3,0.00344827586206897
"c","Bird Observatory","PUF_MBO_04","01/07/2024","15/07/2024","Insecta_50557",549,0.482425307557118
"c","Bird Observatory","PUF_MBO_04","01/07/2024","15/07/2024","Mammalia_40674",314,0.275922671353251
"c","Bird Observatory","PUF_MBO_04","01/07/2024","15/07/2024","Arachnida_6854",272,0.239015817223199
"c","Bird Observatory","PUF_MBO_04","01/07/2024","15/07/2024",NA,3,0.00263620386643234
"c","Bird Observatory","PUF_MBO_05","15/07/2024","29/07/2024","Insecta_50557",9081,0.964319847085059
"c","Bird Observatory","PUF_MBO_05","15/07/2024","29/07/2024","Arachnida_6854",188,0.0199638950833599
"c","Bird Observatory","PUF_MBO_05","15/07/2024","29/07/2024","Gastropoda_6448",72,0.00764574705320166
"c","Bird Observatory","PUF_MBO_05","15/07/2024","29/07/2024",NA,56,0.00594669215249018
"c","Bird Observatory","PUF_MBO_05","15/07/2024","29/07/2024","Mammalia_40674",20,0.00212381862588935
"c","Bird Observatory","PUF_MBO_06","29/07/2024","12/08/2024","Insecta_50557",749,0.662245800176835
"c","Bird Observatory","PUF_MBO_06","29/07/2024","12/08/2024","Arachnida_6854",261,0.230769230769231
"c","Bird Observatory","PUF_MBO_06","29/07/2024","12/08/2024",NA,96,0.0848806366047745
"c","Bird Observatory","PUF_MBO_06","29/07/2024","12/08/2024","Gastropoda_6448",24,0.0212201591511936
"c","Bird Observatory","PUF_MBO_06","29/07/2024","12/08/2024","Hydrozoa_6074",1,0.000884173297966401
"c","Bird Observatory","PUF_MBO_07","12/08/2024","26/08/2024","Insecta_50557",1451,0.669898430286242
"c","Bird Observatory","PUF_MBO_07","12/08/2024","26/08/2024","Arachnida_6854",407,0.187903970452447
"c","Bird Observatory","PUF_MBO_07","12/08/2024","26/08/2024",NA,277,0.127885503231764
"c","Bird Observatory","PUF_MBO_07","12/08/2024","26/08/2024","Collembola_30001",26,0.0120036934441367
"c","Bird Observatory","PUF_MBO_07","12/08/2024","26/08/2024","Gastropoda_6448",5,0.0023084025854109
"c","Bird Observatory","PUF_MBO_08","26/08/2024","09/09/2024","Insecta_50557",1402,0.695436507936508
"c","Bird Observatory","PUF_MBO_08","26/08/2024","09/09/2024","Arachnida_6854",396,0.196428571428571
"c","Bird Observatory","PUF_MBO_08","26/08/2024","09/09/2024",NA,199,0.0987103174603175
"c","Bird Observatory","PUF_MBO_08","26/08/2024","09/09/2024","Gastropoda_6448",16,0.00793650793650794
"c","Bird Observatory","PUF_MBO_08","26/08/2024","09/09/2024","Mammalia_40674",3,0.00148809523809524
"c","Bird Observatory","PUF_MBO_09","09/09/2024","23/09/2024","Insecta_50557",2015,0.687244201909959
"c","Bird Observatory","PUF_MBO_09","09/09/2024","23/09/2024","Arachnida_6854",584,0.199181446111869
"c","Bird Observatory","PUF_MBO_09","09/09/2024","23/09/2024",NA,162,0.0552523874488404
"c","Bird Observatory","PUF_MBO_09","09/09/2024","23/09/2024","Gastropoda_6448",100,0.034106412005457
"c","Bird Observatory","PUF_MBO_09","09/09/2024","23/09/2024","Mammalia_40674",63,0.0214870395634379
"c","Bird Observatory","PUF_MBO_09","09/09/2024","23/09/2024","Hydrozoa_6074",8,0.00272851296043656
"c","Bird Observatory","PUF_MBO_10","23/09/2024","07/10/2024","Insecta_50557",934,0.546838407494145
"c","Bird Observatory","PUF_MBO_10","23/09/2024","07/10/2024","Arachnida_6854",496,0.2903981264637
"c","Bird Observatory","PUF_MBO_10","23/09/2024","07/10/2024",NA,257,0.150468384074941
"c","Bird Observatory","PUF_MBO_10","23/09/2024","07/10/2024","Collembola_30001",12,0.00702576112412178
"c","Bird Observatory","PUF_MBO_10","23/09/2024","07/10/2024","Gastropoda_6448",6,0.00351288056206089
"c","Bird Observatory","PUF_MBO_10","23/09/2024","07/10/2024","Mammalia_40674",3,0.00175644028103044
"c","Botanical Garden","PUF_BOT_01","17/05/2024","31/05/2024","Arachnida_6854",414,0.501210653753027
"c","Botanical Garden","PUF_BOT_01","17/05/2024","31/05/2024","Insecta_50557",303,0.36682808716707
"c","Botanical Garden","PUF_BOT_01","17/05/2024","31/05/2024",NA,73,0.0883777239709443
"c","Botanical Garden","PUF_BOT_01","17/05/2024","31/05/2024","Mammalia_40674",36,0.0435835351089588
"c","Botanical Garden","PUF_BOT_02","31/05/2024","14/06/2024","Arachnida_6854",1965,0.808641975308642
"c","Botanical Garden","PUF_BOT_02","31/05/2024","14/06/2024","Insecta_50557",334,0.137448559670782
"c","Botanical Garden","PUF_BOT_02","31/05/2024","14/06/2024",NA,53,0.0218106995884774
"c","Botanical Garden","PUF_BOT_02","31/05/2024","14/06/2024","Collembola_30001",38,0.0156378600823045
"c","Botanical Garden","PUF_BOT_02","31/05/2024","14/06/2024","Mammalia_40674",38,0.0156378600823045
"c","Botanical Garden","PUF_BOT_02","31/05/2024","14/06/2024","Aves_8782",2,0.000823045267489712
"c","Botanical Garden","PUF_BOT_03","24/06/2024","28/06/2024","Mammalia_40674",88,1
"c","Botanical Garden","PUF_BOT_04","28/06/2024","12/07/2024","Insecta_50557",757,0.792670157068063
"c","Botanical Garden","PUF_BOT_04","28/06/2024","12/07/2024","Arachnida_6854",129,0.135078534031414
"c","Botanical Garden","PUF_BOT_04","28/06/2024","12/07/2024",NA,65,0.0680628272251309
"c","Botanical Garden","PUF_BOT_04","28/06/2024","12/07/2024","Mammalia_40674",4,0.00418848167539267
"c","Botanical Garden","PUF_BOT_05","12/07/2024","26/07/2024","Insecta_50557",1051,0.676754668383773
"c","Botanical Garden","PUF_BOT_05","12/07/2024","26/07/2024","Arachnida_6854",342,0.220218931101095
"c","Botanical Garden","PUF_BOT_05","12/07/2024","26/07/2024","Mammalia_40674",65,0.0418544752092724
"c","Botanical Garden","PUF_BOT_05","12/07/2024","26/07/2024",NA,48,0.0309079201545396
"c","Botanical Garden","PUF_BOT_05","12/07/2024","26/07/2024","Gastropoda_6448",47,0.03026400515132
"c","Botanical Garden","PUF_BOT_06","26/07/2024","09/08/2024","Insecta_50557",18992,0.949837459364841
"c","Botanical Garden","PUF_BOT_06","26/07/2024","09/08/2024","Mammalia_40674",730,0.0365091272818205
"c","Botanical Garden","PUF_BOT_06","26/07/2024","09/08/2024","Arachnida_6854",222,0.0111027756939235
"c","Botanical Garden","PUF_BOT_06","26/07/2024","09/08/2024",NA,47,0.00235058764691173
"c","Botanical Garden","PUF_BOT_06","26/07/2024","09/08/2024","Gastropoda_6448",2,0.000100025006251563
"c","Botanical Garden","PUF_BOT_06","26/07/2024","09/08/2024","Aves_8782",1,5.00125031257814e-05
"c","Botanical Garden","PUF_BOT_06","26/07/2024","09/08/2024","Hexanauplia_72037",1,5.00125031257814e-05
"c","Botanical Garden","PUF_BOT_07","09/08/2024","23/08/2024","Insecta_50557",2150,0.793065289561048
"c","Botanical Garden","PUF_BOT_07","09/08/2024","23/08/2024","Arachnida_6854",422,0.155662117299889
"c","Botanical Garden","PUF_BOT_07","09/08/2024","23/08/2024",NA,122,0.0450018443378827
"c","Botanical Garden","PUF_BOT_07","09/08/2024","23/08/2024","Mammalia_40674",17,0.00627074880118038
"c","Botanical Garden","PUF_BOT_08","23/08/2024","06/09/2024","Insecta_50557",704,0.562300319488818
"c","Botanical Garden","PUF_BOT_08","23/08/2024","06/09/2024","Arachnida_6854",435,0.347444089456869
"c","Botanical Garden","PUF_BOT_08","23/08/2024","06/09/2024",NA,106,0.0846645367412141
"c","Botanical Garden","PUF_BOT_08","23/08/2024","06/09/2024","Mammalia_40674",7,0.00559105431309904
"c","Botanical Garden","PUF_BOT_09","06/09/2024","20/09/2024","Insecta_50557",1293,0.859136212624585
"c","Botanical Garden","PUF_BOT_09","06/09/2024","20/09/2024","Arachnida_6854",153,0.101661129568106
"c","Botanical Garden","PUF_BOT_09","06/09/2024","20/09/2024",NA,24,0.0159468438538206
"c","Botanical Garden","PUF_BOT_09","06/09/2024","20/09/2024","Gastropoda_6448",22,0.0146179401993355
"c","Botanical Garden","PUF_BOT_09","06/09/2024","20/09/2024","Mammalia_40674",13,0.00863787375415282
"c","Botanical Garden","PUF_BOT_10","20/09/2024","04/10/2024","Insecta_50557",2860,0.742278743835972
"c","Botanical Garden","PUF_BOT_10","20/09/2024","04/10/2024","Arachnida_6854",647,0.167921100441215
"c","Botanical Garden","PUF_BOT_10","20/09/2024","04/10/2024","Mammalia_40674",327,0.0848689332987283
"c","Botanical Garden","PUF_BOT_10","20/09/2024","04/10/2024",NA,19,0.00493122242408513
"c","Boucherville","PUF_BOU_01","27/05/2024","10/06/2024","Arachnida_6854",214,0.849206349206349
"c","Boucherville","PUF_BOU_01","27/05/2024","10/06/2024","Insecta_50557",32,0.126984126984127
"c","Boucherville","PUF_BOU_01","27/05/2024","10/06/2024",NA,3,0.0119047619047619
"c","Boucherville","PUF_BOU_01","27/05/2024","10/06/2024","Mammalia_40674",2,0.00793650793650794
"c","Boucherville","PUF_BOU_01","27/05/2024","10/06/2024","Gastropoda_6448",1,0.00396825396825397
"c","Boucherville","PUF_BOU_02","10/06/2024","24/06/2024","Collembola_30001",401,0.378301886792453
"c","Boucherville","PUF_BOU_02","10/06/2024","24/06/2024","Insecta_50557",337,0.317924528301887
"c","Boucherville","PUF_BOU_02","10/06/2024","24/06/2024","Arachnida_6854",245,0.231132075471698
"c","Boucherville","PUF_BOU_02","10/06/2024","24/06/2024","Mammalia_40674",42,0.039622641509434
"c","Boucherville","PUF_BOU_02","10/06/2024","24/06/2024",NA,35,0.0330188679245283
"c","Boucherville","PUF_BOU_03","24/06/2024","08/07/2024","Collembola_30001",277,0.424196018376723
"c","Boucherville","PUF_BOU_03","24/06/2024","08/07/2024","Insecta_50557",200,0.306278713629403
"c","Boucherville","PUF_BOU_03","24/06/2024","08/07/2024","Arachnida_6854",77,0.11791730474732
"c","Boucherville","PUF_BOU_03","24/06/2024","08/07/2024","Mammalia_40674",57,0.0872894333843798
"c","Boucherville","PUF_BOU_03","24/06/2024","08/07/2024",NA,42,0.0643185298621746
"c","Boucherville","PUF_BOU_04","08/07/2024","22/07/2024","Insecta_50557",487,0.811666666666667
"c","Boucherville","PUF_BOU_04","08/07/2024","22/07/2024","Arachnida_6854",96,0.16
"c","Boucherville","PUF_BOU_04","08/07/2024","22/07/2024","Collembola_30001",8,0.0133333333333333
"c","Boucherville","PUF_BOU_04","08/07/2024","22/07/2024","Mammalia_40674",7,0.0116666666666667
"c","Boucherville","PUF_BOU_04","08/07/2024","22/07/2024",NA,2,0.00333333333333333
"c","Boucherville","PUF_BOU_05","22/07/2024","05/08/2024","Insecta_50557",2174,0.872741870734645
"c","Boucherville","PUF_BOU_05","22/07/2024","05/08/2024","Arachnida_6854",192,0.0770774789241269
"c","Boucherville","PUF_BOU_05","22/07/2024","05/08/2024",NA,111,0.0445604175030108
"c","Boucherville","PUF_BOU_05","22/07/2024","05/08/2024","Gastropoda_6448",11,0.0044158972300281
"c","Boucherville","PUF_BOU_05","22/07/2024","05/08/2024","Mammalia_40674",2,0.000802890405459655
"c","Boucherville","PUF_BOU_05","22/07/2024","05/08/2024","Hexanauplia_72037",1,0.000401445202729827
"c","Boucherville","PUF_BOU_06","05/08/2024","19/08/2024","Insecta_50557",649,0.738339021615472
"c","Boucherville","PUF_BOU_06","05/08/2024","19/08/2024","Arachnida_6854",116,0.131968145620023
"c","Boucherville","PUF_BOU_06","05/08/2024","19/08/2024",NA,55,0.0625711035267349
"c","Boucherville","PUF_BOU_06","05/08/2024","19/08/2024","Branchiopoda_6658",30,0.0341296928327645
"c","Boucherville","PUF_BOU_06","05/08/2024","19/08/2024","Gastropoda_6448",23,0.0261660978384528
"c","Boucherville","PUF_BOU_06","05/08/2024","19/08/2024","Collembola_30001",5,0.00568828213879408
"c","Boucherville","PUF_BOU_06","05/08/2024","19/08/2024","Mammalia_40674",1,0.00113765642775882
"c","Boucherville","PUF_BOU_07","19/08/2024","02/09/2024","Insecta_50557",101,0.309815950920245
"c","Boucherville","PUF_BOU_07","19/08/2024","02/09/2024","Arachnida_6854",66,0.202453987730061
"c","Boucherville","PUF_BOU_07","19/08/2024","02/09/2024","Mammalia_40674",60,0.184049079754601
"c","Boucherville","PUF_BOU_07","19/08/2024","02/09/2024","Collembola_30001",53,0.162576687116564
"c","Boucherville","PUF_BOU_07","19/08/2024","02/09/2024","Gastropoda_6448",24,0.0736196319018405
"c","Boucherville","PUF_BOU_07","19/08/2024","02/09/2024",NA,22,0.0674846625766871
"c","Boucherville","PUF_BOU_08","02/09/2024","16/09/2024","Insecta_50557",1824,0.803878360511238
"c","Boucherville","PUF_BOU_08","02/09/2024","16/09/2024","Arachnida_6854",282,0.124283825473777
"c","Boucherville","PUF_BOU_08","02/09/2024","16/09/2024",NA,98,0.0431908329660643
"c","Boucherville","PUF_BOU_08","02/09/2024","16/09/2024","Mammalia_40674",35,0.0154252974878801
"c","Boucherville","PUF_BOU_08","02/09/2024","16/09/2024","Gastropoda_6448",30,0.0132216835610401
"c","Boucherville","PUF_BOU_09","16/09/2024","30/09/2024","Insecta_50557",1303,0.712800875273523
"c","Boucherville","PUF_BOU_09","16/09/2024","30/09/2024","Arachnida_6854",405,0.221553610503282
"c","Boucherville","PUF_BOU_09","16/09/2024","30/09/2024","Mammalia_40674",89,0.0486870897155361
"c","Boucherville","PUF_BOU_09","16/09/2024","30/09/2024",NA,19,0.0103938730853392
"c","Boucherville","PUF_BOU_09","16/09/2024","30/09/2024","Gastropoda_6448",10,0.00547045951859956
"c","Boucherville","PUF_BOU_09","16/09/2024","30/09/2024","Eutardigrada_42242",1,0.000547045951859956
"c","Boucherville","PUF_BOU_09","16/09/2024","30/09/2024","Hexanauplia_72037",1,0.000547045951859956
"c","IPEX","PUF_IPEX_01","15/05/2024","29/05/2024","Insecta_50557",49,0.4375
"c","IPEX","PUF_IPEX_01","15/05/2024","29/05/2024","Arachnida_6854",35,0.3125
"c","IPEX","PUF_IPEX_01","15/05/2024","29/05/2024","Mammalia_40674",28,0.25
"c","IPEX","PUF_IPEX_02","29/05/2024","12/06/2024","Arachnida_6854",1229,0.667571971754481
"c","IPEX","PUF_IPEX_02","29/05/2024","12/06/2024","Insecta_50557",431,0.234111895708854
"c","IPEX","PUF_IPEX_02","29/05/2024","12/06/2024",NA,166,0.0901683867463335
"c","IPEX","PUF_IPEX_02","29/05/2024","12/06/2024","Mammalia_40674",8,0.00434546442151005
"c","IPEX","PUF_IPEX_02","29/05/2024","12/06/2024","Collembola_30001",7,0.00380228136882129
"c","IPEX","PUF_IPEX_03","12/06/2024","26/06/2024","Arachnida_6854",10414,0.917290583986611
"c","IPEX","PUF_IPEX_03","12/06/2024","26/06/2024","Insecta_50557",463,0.0407821721130979
"c","IPEX","PUF_IPEX_03","12/06/2024","26/06/2024",NA,286,0.0251915793182419
"c","IPEX","PUF_IPEX_03","12/06/2024","26/06/2024","Collembola_30001",73,0.00643001849731349
"c","IPEX","PUF_IPEX_03","12/06/2024","26/06/2024","Mammalia_40674",62,0.00546111160045803
"c","IPEX","PUF_IPEX_03","12/06/2024","26/06/2024","Hydrozoa_6074",42,0.00369946269708447
"c","IPEX","PUF_IPEX_03","12/06/2024","26/06/2024","Branchiopoda_6658",12,0.00105698934202413
"c","IPEX","PUF_IPEX_03","12/06/2024","26/06/2024","Gastropoda_6448",1,8.80824451686779e-05
"c","IPEX","PUF_IPEX_04","26/06/2024","10/07/2024","Insecta_50557",1224,0.586768935762224
"c","IPEX","PUF_IPEX_04","26/06/2024","10/07/2024","Arachnida_6854",492,0.235858101629914
"c","IPEX","PUF_IPEX_04","26/06/2024","10/07/2024",NA,289,0.138542665388303
"c","IPEX","PUF_IPEX_04","26/06/2024","10/07/2024","Mammalia_40674",80,0.0383509108341323
"c","IPEX","PUF_IPEX_04","26/06/2024","10/07/2024","Gastropoda_6448",1,0.000479386385426654
"c","IPEX","PUF_IPEX_05","10/07/2024","24/07/2024","Insecta_50557",4102,0.67970173985087
"c","IPEX","PUF_IPEX_05","10/07/2024","24/07/2024","Arachnida_6854",1412,0.233968516984258
"c","IPEX","PUF_IPEX_05","10/07/2024","24/07/2024",NA,315,0.052195526097763
"c","IPEX","PUF_IPEX_05","10/07/2024","24/07/2024","Collembola_30001",130,0.0215410107705054
"c","IPEX","PUF_IPEX_05","10/07/2024","24/07/2024","Mammalia_40674",51,0.00845070422535211
"c","IPEX","PUF_IPEX_05","10/07/2024","24/07/2024","Branchiopoda_6658",12,0.0019884009942005
"c","IPEX","PUF_IPEX_05","10/07/2024","24/07/2024","Gastropoda_6448",12,0.0019884009942005
"c","IPEX","PUF_IPEX_05","10/07/2024","24/07/2024","Hydrozoa_6074",1,0.000165700082850041
"c","IPEX","PUF_IPEX_06","24/07/2024","07/08/2024","Insecta_50557",880,0.759275237273512
"c","IPEX","PUF_IPEX_06","24/07/2024","07/08/2024","Arachnida_6854",200,0.172562553925798
"c","IPEX","PUF_IPEX_06","24/07/2024","07/08/2024",NA,71,0.0612597066436583
"c","IPEX","PUF_IPEX_06","24/07/2024","07/08/2024","Mammalia_40674",7,0.00603968938740293
"c","IPEX","PUF_IPEX_06","24/07/2024","07/08/2024","Gastropoda_6448",1,0.000862812769628991
"c","IPEX","PUF_IPEX_07","07/08/2024","21/08/2024","Insecta_50557",1306,0.713271436373566
"c","IPEX","PUF_IPEX_07","07/08/2024","21/08/2024",NA,286,0.156198798470781
"c","IPEX","PUF_IPEX_07","07/08/2024","21/08/2024","Arachnida_6854",223,0.121791370835609
"c","IPEX","PUF_IPEX_07","07/08/2024","21/08/2024","Mammalia_40674",15,0.00819224467504096
"c","IPEX","PUF_IPEX_07","07/08/2024","21/08/2024","Gastropoda_6448",1,0.000546149645002731
"c","IPEX","PUF_IPEX_08","21/08/2024","04/09/2024","Insecta_50557",1576,0.658587547012119
"c","IPEX","PUF_IPEX_08","21/08/2024","04/09/2024","Arachnida_6854",428,0.178854993731718
"c","IPEX","PUF_IPEX_08","21/08/2024","04/09/2024",NA,302,0.126201420810698
"c","IPEX","PUF_IPEX_08","21/08/2024","04/09/2024","Mammalia_40674",87,0.0363560384454659
"c","IPEX","PUF_IPEX_09","04/09/2024","18/09/2024","Insecta_50557",1079,0.820532319391635
"c","IPEX","PUF_IPEX_09","04/09/2024","18/09/2024","Arachnida_6854",161,0.122433460076046
"c","IPEX","PUF_IPEX_09","04/09/2024","18/09/2024",NA,67,0.0509505703422053
"c","IPEX","PUF_IPEX_09","04/09/2024","18/09/2024","Mammalia_40674",4,0.00304182509505703
"c","IPEX","PUF_IPEX_09","04/09/2024","18/09/2024","Aves_8782",2,0.00152091254752852
"c","IPEX","PUF_IPEX_09","04/09/2024","18/09/2024","Gastropoda_6448",2,0.00152091254752852
"c","IPEX","PUF_IPEX_10","18/09/2024","02/10/2024","Insecta_50557",3682,0.819861946114451
"c","IPEX","PUF_IPEX_10","18/09/2024","02/10/2024","Arachnida_6854",419,0.0932977065241594
"c","IPEX","PUF_IPEX_10","18/09/2024","02/10/2024",NA,364,0.0810509908706302
"c","IPEX","PUF_IPEX_10","18/09/2024","02/10/2024","Diplopoda_7553",20,0.00445335114673792
"c","IPEX","PUF_IPEX_10","18/09/2024","02/10/2024","Gastropoda_6448",4,0.000890670229347584
"c","IPEX","PUF_IPEX_10","18/09/2024","02/10/2024","Mammalia_40674",2,0.000445335114673792
"c","Insectarium","Insectarium_Cocoon","10/11/2025","24/11/2025","Arachnida_6854",123,0.45724907063197
"c","Insectarium","Insectarium_Cocoon","10/11/2025","24/11/2025","Mammalia_40674",109,0.405204460966543
"c","Insectarium","Insectarium_Cocoon","10/11/2025","24/11/2025","Branchiopoda_6658",36,0.133828996282528
"c","Insectarium","Insectarium_Cocoon","10/11/2025","24/11/2025","Diplopoda_7553",1,0.00371747211895911
"c","Insectarium","Insectarium_Door","10/11/2025","24/11/2025","Mammalia_40674",48,0.979591836734694
"c","Insectarium","Insectarium_Door","10/11/2025","24/11/2025","Insecta_50557",1,0.0204081632653061
"c","Insectarium","Insectarium_Up","10/11/2025","24/11/2025","Arachnida_6854",1884,1
"c","Jean-Drapeau","PUF_JD_01","22/05/2024","05/06/2024","Insecta_50557",6344,0.711210762331839
"c","Jean-Drapeau","PUF_JD_01","22/05/2024","05/06/2024","Arachnida_6854",2563,0.287331838565022
"c","Jean-Drapeau","PUF_JD_01","22/05/2024","05/06/2024","Mammalia_40674",13,0.00145739910313901
"c","Jean-Drapeau","PUF_JD_02","05/06/2024","19/06/2024","Insecta_50557",13882,0.972128851540616
"c","Jean-Drapeau","PUF_JD_02","05/06/2024","19/06/2024","Arachnida_6854",352,0.0246498599439776
"c","Jean-Drapeau","PUF_JD_02","05/06/2024","19/06/2024","Aves_8782",10,0.000700280112044818
"c","Jean-Drapeau","PUF_JD_02","05/06/2024","19/06/2024","Malacostraca_6681",9,0.000630252100840336
"c","Jean-Drapeau","PUF_JD_02","05/06/2024","19/06/2024",NA,9,0.000630252100840336
"c","Jean-Drapeau","PUF_JD_02","05/06/2024","19/06/2024","Collembola_30001",7,0.000490196078431373
"c","Jean-Drapeau","PUF_JD_02","05/06/2024","19/06/2024","Diplopoda_7553",7,0.000490196078431373
"c","Jean-Drapeau","PUF_JD_02","05/06/2024","19/06/2024","Mammalia_40674",4,0.000280112044817927
"c","Jean-Drapeau","PUF_JD_03","19/06/2024","03/07/2024","Insecta_50557",732,0.682199440820131
"c","Jean-Drapeau","PUF_JD_03","19/06/2024","03/07/2024","Arachnida_6854",174,0.162162162162162
"c","Jean-Drapeau","PUF_JD_03","19/06/2024","03/07/2024","Mammalia_40674",100,0.0931966449207828
"c","Jean-Drapeau","PUF_JD_03","19/06/2024","03/07/2024",NA,65,0.0605778191985089
"c","Jean-Drapeau","PUF_JD_03","19/06/2024","03/07/2024","Gastropoda_6448",2,0.00186393289841566
"c","Jean-Drapeau","PUF_JD_04","03/07/2024","17/07/2024","Insecta_50557",1167,0.703435804701627
"c","Jean-Drapeau","PUF_JD_04","03/07/2024","17/07/2024","Arachnida_6854",259,0.156118143459916
"c","Jean-Drapeau","PUF_JD_04","03/07/2024","17/07/2024","Mammalia_40674",226,0.136226642555756
"c","Jean-Drapeau","PUF_JD_04","03/07/2024","17/07/2024","Gastropoda_6448",6,0.00361663652802893
"c","Jean-Drapeau","PUF_JD_04","03/07/2024","17/07/2024",NA,1,0.000602772754671489
"c","Jean-Drapeau","PUF_JD_05","17/07/2024","31/07/2024","Insecta_50557",2126,0.501651722510618
"c","Jean-Drapeau","PUF_JD_05","17/07/2024","31/07/2024","Arachnida_6854",1940,0.457763095799906
"c","Jean-Drapeau","PUF_JD_05","17/07/2024","31/07/2024",NA,63,0.0148655025955639
"c","Jean-Drapeau","PUF_JD_05","17/07/2024","31/07/2024","Mammalia_40674",60,0.0141576215195847
"c","Jean-Drapeau","PUF_JD_05","17/07/2024","31/07/2024","Branchiopoda_6658",45,0.0106182161396885
"c","Jean-Drapeau","PUF_JD_05","17/07/2024","31/07/2024","Gastropoda_6448",4,0.000943841434638981
"c","Jean-Drapeau","PUF_JD_06","31/07/2024","14/08/2024","Insecta_50557",3768,0.928307464892831
"c","Jean-Drapeau","PUF_JD_06","31/07/2024","14/08/2024","Arachnida_6854",229,0.0564178369056418
"c","Jean-Drapeau","PUF_JD_06","31/07/2024","14/08/2024",NA,61,0.0150283321015028
"c","Jean-Drapeau","PUF_JD_06","31/07/2024","14/08/2024","Gastropoda_6448",1,0.000246366100024637
"c","Jean-Drapeau","PUF_JD_07","14/08/2024","28/08/2024","Insecta_50557",4035,0.870362381363244
"c","Jean-Drapeau","PUF_JD_07","14/08/2024","28/08/2024","Arachnida_6854",286,0.0616911130284728
"c","Jean-Drapeau","PUF_JD_07","14/08/2024","28/08/2024",NA,283,0.0610440034512511
"c","Jean-Drapeau","PUF_JD_07","14/08/2024","28/08/2024","Collembola_30001",23,0.0049611734253667
"c","Jean-Drapeau","PUF_JD_07","14/08/2024","28/08/2024","Mammalia_40674",9,0.00194132873166523
"c","Jean-Drapeau","PUF_JD_08","28/08/2024","11/09/2024","Arachnida_6854",8626,0.9812308042316
"c","Jean-Drapeau","PUF_JD_08","28/08/2024","11/09/2024","Insecta_50557",144,0.0163803890342396
"c","Jean-Drapeau","PUF_JD_08","28/08/2024","11/09/2024",NA,16,0.00182004322602662
"c","Jean-Drapeau","PUF_JD_08","28/08/2024","11/09/2024","Clitellata_42113",2,0.000227505403253327
"c","Jean-Drapeau","PUF_JD_08","28/08/2024","11/09/2024","Gastropoda_6448",2,0.000227505403253327
"c","Jean-Drapeau","PUF_JD_08","28/08/2024","11/09/2024","Diplopoda_7553",1,0.000113752701626664
"c","Jean-Drapeau","PUF_JD_09","11/09/2024","25/09/2024","Insecta_50557",1081,0.878861788617886
"c","Jean-Drapeau","PUF_JD_09","11/09/2024","25/09/2024","Arachnida_6854",70,0.0569105691056911
"c","Jean-Drapeau","PUF_JD_09","11/09/2024","25/09/2024",NA,64,0.0520325203252033
"c","Jean-Drapeau","PUF_JD_09","11/09/2024","25/09/2024","Mammalia_40674",14,0.0113821138211382
"c","Jean-Drapeau","PUF_JD_09","11/09/2024","25/09/2024","Gastropoda_6448",1,0.000813008130081301
"c","Jean-Drapeau","PUF_JD_10","25/09/2024","09/10/2024","Insecta_50557",8140,0.927001480469195
"c","Jean-Drapeau","PUF_JD_10","25/09/2024","09/10/2024","Arachnida_6854",494,0.0562578294043959
"c","Jean-Drapeau","PUF_JD_10","25/09/2024","09/10/2024","Mammalia_40674",76,0.00865505067759936
"c","Jean-Drapeau","PUF_JD_10","25/09/2024","09/10/2024",NA,71,0.00808563944880993
"c","Mont_Tremblant","Mont_Tremblant","30/08/2025","31/08/2025",NA,563,0.568686868686869
"c","Mont_Tremblant","Mont_Tremblant","30/08/2025","31/08/2025","Arachnida_6854",191,0.192929292929293
"c","Mont_Tremblant","Mont_Tremblant","30/08/2025","31/08/2025","Mammalia_40674",116,0.117171717171717
"c","Mont_Tremblant","Mont_Tremblant","30/08/2025","31/08/2025","Insecta_50557",103,0.104040404040404
"c","Mont_Tremblant","Mont_Tremblant","30/08/2025","31/08/2025","Collembola_30001",17,0.0171717171717172
"c",NA,NA,NA,NA,"Insecta_50557",29738,0.982781982220166
"c",NA,NA,NA,NA,"Collembola_30001",357,0.0117981427013451
"c",NA,NA,NA,NA,"Arachnida_6854",132,0.00436233847780826
"c",NA,NA,NA,NA,"Mammalia_40674",17,0.000561816319111669
"c",NA,NA,NA,NA,NA,12,0.000396576225255296
"c",NA,NA,NA,NA,"Polychaeta_6341",3,9.9144056313824e-05
"o","Bird Observatory","PUF_MBO_01","20/05/2024","03/06/2024","Trombidiformes_83136",1007,0.43071000855432
"o","Bird Observatory","PUF_MBO_01","20/05/2024","03/06/2024",NA,506,0.216424294268606
"o","Bird Observatory","PUF_MBO_01","20/05/2024","03/06/2024","Diptera_7147",416,0.177929854576561
"o","Bird Observatory","PUF_MBO_01","20/05/2024","03/06/2024","Hemiptera_7524",222,0.0949529512403764
"o","Bird Observatory","PUF_MBO_01","20/05/2024","03/06/2024","Coleoptera_7041",67,0.0286569717707442
"o","Bird Observatory","PUF_MBO_01","20/05/2024","03/06/2024","Artiodactyla_91561",45,0.0192472198460222
"o","Bird Observatory","PUF_MBO_01","20/05/2024","03/06/2024","Sarcoptiformes_83137",31,0.0132591958939264
"o","Bird Observatory","PUF_MBO_01","20/05/2024","03/06/2024","Lepidoptera_7088",21,0.00898203592814371
"o","Bird Observatory","PUF_MBO_01","20/05/2024","03/06/2024","Primates_9443",14,0.00598802395209581
"o","Bird Observatory","PUF_MBO_01","20/05/2024","03/06/2024","Trichoptera_30263",7,0.0029940119760479
"o","Bird Observatory","PUF_MBO_01","20/05/2024","03/06/2024","Hymenoptera_7399",2,0.000855431993156544
"o","Bird Observatory","PUF_MBO_02","03/06/2024","17/06/2024","Lepidoptera_7088",8011,0.518813548345314
"o","Bird Observatory","PUF_MBO_02","03/06/2024","17/06/2024","Trombidiformes_83136",7029,0.455216631047212
"o","Bird Observatory","PUF_MBO_02","03/06/2024","17/06/2024",NA,310,0.0200764199209896
"o","Bird Observatory","PUF_MBO_02","03/06/2024","17/06/2024","Hemiptera_7524",60,0.00388575869438508
"o","Bird Observatory","PUF_MBO_02","03/06/2024","17/06/2024","Diptera_7147",22,0.0014247781879412
"o","Bird Observatory","PUF_MBO_02","03/06/2024","17/06/2024","Coleoptera_7041",4,0.000259050579625672
"o","Bird Observatory","PUF_MBO_02","03/06/2024","17/06/2024","Stylommatophora_6527",2,0.000129525289812836
"o","Bird Observatory","PUF_MBO_02","03/06/2024","17/06/2024","Artiodactyla_91561",1,6.4762644906418e-05
"o","Bird Observatory","PUF_MBO_02","03/06/2024","17/06/2024","Hymenoptera_7399",1,6.4762644906418e-05
"o","Bird Observatory","PUF_MBO_02","03/06/2024","17/06/2024","Primates_9443",1,6.4762644906418e-05
"o","Bird Observatory","PUF_MBO_03","17/06/2024","01/07/2024","Hemiptera_7524",324,0.372413793103448
"o","Bird Observatory","PUF_MBO_03","17/06/2024","01/07/2024",NA,226,0.259770114942529
"o","Bird Observatory","PUF_MBO_03","17/06/2024","01/07/2024","Araneae_6893",142,0.163218390804598
"o","Bird Observatory","PUF_MBO_03","17/06/2024","01/07/2024","Mesostigmata_34634",58,0.0666666666666667
"o","Bird Observatory","PUF_MBO_03","17/06/2024","01/07/2024","Trombidiformes_83136",39,0.0448275862068966
"o","Bird Observatory","PUF_MBO_03","17/06/2024","01/07/2024","Lepidoptera_7088",31,0.035632183908046
"o","Bird Observatory","PUF_MBO_03","17/06/2024","01/07/2024","Hymenoptera_7399",21,0.0241379310344828
"o","Bird Observatory","PUF_MBO_03","17/06/2024","01/07/2024","Primates_9443",12,0.0137931034482759
"o","Bird Observatory","PUF_MBO_03","17/06/2024","01/07/2024","Rodentia_9989",9,0.0103448275862069
"o","Bird Observatory","PUF_MBO_03","17/06/2024","01/07/2024","Diptera_7147",5,0.00574712643678161
"o","Bird Observatory","PUF_MBO_03","17/06/2024","01/07/2024","Sarcoptiformes_83137",2,0.00229885057471264
"o","Bird Observatory","PUF_MBO_03","17/06/2024","01/07/2024","Coleoptera_7041",1,0.00114942528735632
"o","Bird Observatory","PUF_MBO_04","01/07/2024","15/07/2024","Hemiptera_7524",542,0.476274165202109
"o","Bird Observatory","PUF_MBO_04","01/07/2024","15/07/2024","Artiodactyla_91561",309,0.271528998242531
"o","Bird Observatory","PUF_MBO_04","01/07/2024","15/07/2024",NA,275,0.241652021089631
"o","Bird Observatory","PUF_MBO_04","01/07/2024","15/07/2024","Lepidoptera_7088",7,0.00615114235500879
"o","Bird Observatory","PUF_MBO_04","01/07/2024","15/07/2024","Primates_9443",5,0.00439367311072056
"o","Bird Observatory","PUF_MBO_05","15/07/2024","29/07/2024","Lepidoptera_7088",8565,0.909525326537114
"o","Bird Observatory","PUF_MBO_05","15/07/2024","29/07/2024","Hemiptera_7524",473,0.0502283105022831
"o","Bird Observatory","PUF_MBO_05","15/07/2024","29/07/2024",NA,248,0.0263353509610279
"o","Bird Observatory","PUF_MBO_05","15/07/2024","29/07/2024","Stylommatophora_6527",55,0.00584050122119571
"o","Bird Observatory","PUF_MBO_05","15/07/2024","29/07/2024","Diptera_7147",29,0.00307953700753956
"o","Bird Observatory","PUF_MBO_05","15/07/2024","29/07/2024","Primates_9443",20,0.00212381862588935
"o","Bird Observatory","PUF_MBO_05","15/07/2024","29/07/2024","Hymenoptera_7399",14,0.00148667303812254
"o","Bird Observatory","PUF_MBO_05","15/07/2024","29/07/2024","Trombidiformes_83136",13,0.00138048210682808
"o","Bird Observatory","PUF_MBO_06","29/07/2024","12/08/2024","Hemiptera_7524",694,0.613616268788683
"o","Bird Observatory","PUF_MBO_06","29/07/2024","12/08/2024",NA,378,0.3342175066313
"o","Bird Observatory","PUF_MBO_06","29/07/2024","12/08/2024","Hymenoptera_7399",51,0.0450928381962865
"o","Bird Observatory","PUF_MBO_06","29/07/2024","12/08/2024","Trombidiformes_83136",3,0.0026525198938992
"o","Bird Observatory","PUF_MBO_06","29/07/2024","12/08/2024","Diptera_7147",2,0.0017683465959328
"o","Bird Observatory","PUF_MBO_06","29/07/2024","12/08/2024","Lepidoptera_7088",2,0.0017683465959328
"o","Bird Observatory","PUF_MBO_06","29/07/2024","12/08/2024","Mesostigmata_34634",1,0.000884173297966401
"o","Bird Observatory","PUF_MBO_07","12/08/2024","26/08/2024","Hemiptera_7524",1295,0.597876269621422
"o","Bird Observatory","PUF_MBO_07","12/08/2024","26/08/2024",NA,681,0.314404432132964
"o","Bird Observatory","PUF_MBO_07","12/08/2024","26/08/2024","Lepidoptera_7088",68,0.0313942751615882
"o","Bird Observatory","PUF_MBO_07","12/08/2024","26/08/2024","Hymenoptera_7399",61,0.0281625115420129
"o","Bird Observatory","PUF_MBO_07","12/08/2024","26/08/2024","Symphypleona_79705",26,0.0120036934441367
"o","Bird Observatory","PUF_MBO_07","12/08/2024","26/08/2024","Diptera_7147",24,0.0110803324099723
"o","Bird Observatory","PUF_MBO_07","12/08/2024","26/08/2024","Trombidiformes_83136",8,0.00369344413665743
"o","Bird Observatory","PUF_MBO_07","12/08/2024","26/08/2024","Coleoptera_7041",3,0.00138504155124654
"o","Bird Observatory","PUF_MBO_08","26/08/2024","09/09/2024","Hemiptera_7524",1335,0.662202380952381
"o","Bird Observatory","PUF_MBO_08","26/08/2024","09/09/2024",NA,579,0.287202380952381
"o","Bird Observatory","PUF_MBO_08","26/08/2024","09/09/2024","Hymenoptera_7399",27,0.0133928571428571
"o","Bird Observatory","PUF_MBO_08","26/08/2024","09/09/2024","Lepidoptera_7088",20,0.00992063492063492
"o","Bird Observatory","PUF_MBO_08","26/08/2024","09/09/2024","Trombidiformes_83136",17,0.00843253968253968
"o","Bird Observatory","PUF_MBO_08","26/08/2024","09/09/2024","Diptera_7147",12,0.00595238095238095
"o","Bird Observatory","PUF_MBO_08","26/08/2024","09/09/2024","Neuroptera_7516",8,0.00396825396825397
"o","Bird Observatory","PUF_MBO_08","26/08/2024","09/09/2024","Stylommatophora_6527",8,0.00396825396825397
"o","Bird Observatory","PUF_MBO_08","26/08/2024","09/09/2024","Araneae_6893",7,0.00347222222222222
"o","Bird Observatory","PUF_MBO_08","26/08/2024","09/09/2024","Primates_9443",3,0.00148809523809524
"o","Bird Observatory","PUF_MBO_09","09/09/2024","23/09/2024","Hemiptera_7524",1977,0.674283765347885
"o","Bird Observatory","PUF_MBO_09","09/09/2024","23/09/2024",NA,855,0.291609822646658
"o","Bird Observatory","PUF_MBO_09","09/09/2024","23/09/2024","Artiodactyla_91561",47,0.0160300136425648
"o","Bird Observatory","PUF_MBO_09","09/09/2024","23/09/2024","Lepidoptera_7088",30,0.0102319236016371
"o","Bird Observatory","PUF_MBO_09","09/09/2024","23/09/2024","Primates_9443",9,0.00306957708049113
"o","Bird Observatory","PUF_MBO_09","09/09/2024","23/09/2024","Hymenoptera_7399",8,0.00272851296043656
"o","Bird Observatory","PUF_MBO_09","09/09/2024","23/09/2024","Stylommatophora_6527",6,0.00204638472032742
"o","Bird Observatory","PUF_MBO_10","23/09/2024","07/10/2024","Hemiptera_7524",894,0.523419203747073
"o","Bird Observatory","PUF_MBO_10","23/09/2024","07/10/2024",NA,755,0.442037470725995
"o","Bird Observatory","PUF_MBO_10","23/09/2024","07/10/2024","Lepidoptera_7088",26,0.0152224824355972
"o","Bird Observatory","PUF_MBO_10","23/09/2024","07/10/2024","Symphypleona_79705",12,0.00702576112412178
"o","Bird Observatory","PUF_MBO_10","23/09/2024","07/10/2024","Hymenoptera_7399",9,0.00526932084309133
"o","Bird Observatory","PUF_MBO_10","23/09/2024","07/10/2024","Coleoptera_7041",5,0.00292740046838408
"o","Bird Observatory","PUF_MBO_10","23/09/2024","07/10/2024","Primates_9443",3,0.00175644028103044
"o","Bird Observatory","PUF_MBO_10","23/09/2024","07/10/2024","Sarcoptiformes_83137",3,0.00175644028103044
"o","Bird Observatory","PUF_MBO_10","23/09/2024","07/10/2024","Trombidiformes_83136",1,0.000585480093676815
"o","Botanical Garden","PUF_BOT_01","17/05/2024","31/05/2024",NA,406,0.491525423728814
"o","Botanical Garden","PUF_BOT_01","17/05/2024","31/05/2024","Hemiptera_7524",95,0.11501210653753
"o","Botanical Garden","PUF_BOT_01","17/05/2024","31/05/2024","Lepidoptera_7088",92,0.11138014527845
"o","Botanical Garden","PUF_BOT_01","17/05/2024","31/05/2024","Trombidiformes_83136",75,0.0907990314769976
"o","Botanical Garden","PUF_BOT_01","17/05/2024","31/05/2024","Hymenoptera_7399",49,0.0593220338983051
"o","Botanical Garden","PUF_BOT_01","17/05/2024","31/05/2024","Diptera_7147",42,0.0508474576271186
"o","Botanical Garden","PUF_BOT_01","17/05/2024","31/05/2024","Primates_9443",36,0.0435835351089588
"o","Botanical Garden","PUF_BOT_01","17/05/2024","31/05/2024","Trichoptera_30263",25,0.0302663438256659
"o","Botanical Garden","PUF_BOT_01","17/05/2024","31/05/2024","Araneae_6893",6,0.00726392251815981
"o","Botanical Garden","PUF_BOT_02","31/05/2024","14/06/2024",NA,1898,0.781069958847737
"o","Botanical Garden","PUF_BOT_02","31/05/2024","14/06/2024","Hemiptera_7524",152,0.0625514403292181
"o","Botanical Garden","PUF_BOT_02","31/05/2024","14/06/2024","Lepidoptera_7088",127,0.0522633744855967
"o","Botanical Garden","PUF_BOT_02","31/05/2024","14/06/2024","Trombidiformes_83136",99,0.0407407407407407
"o","Botanical Garden","PUF_BOT_02","31/05/2024","14/06/2024","Hymenoptera_7399",40,0.0164609053497942
"o","Botanical Garden","PUF_BOT_02","31/05/2024","14/06/2024","Symphypleona_79705",38,0.0156378600823045
"o","Botanical Garden","PUF_BOT_02","31/05/2024","14/06/2024","Araneae_6893",21,0.00864197530864197
"o","Botanical Garden","PUF_BOT_02","31/05/2024","14/06/2024","Rodentia_9989",20,0.00823045267489712
"o","Botanical Garden","PUF_BOT_02","31/05/2024","14/06/2024","Primates_9443",17,0.00699588477366255
"o","Botanical Garden","PUF_BOT_02","31/05/2024","14/06/2024","Diptera_7147",15,0.00617283950617284
"o","Botanical Garden","PUF_BOT_02","31/05/2024","14/06/2024","Passeriformes_9126",2,0.000823045267489712
"o","Botanical Garden","PUF_BOT_02","31/05/2024","14/06/2024","Carnivora_33554",1,0.000411522633744856
"o","Botanical Garden","PUF_BOT_03","24/06/2024","28/06/2024","Artiodactyla_91561",88,1
"o","Botanical Garden","PUF_BOT_04","28/06/2024","12/07/2024","Hemiptera_7524",548,0.573821989528796
"o","Botanical Garden","PUF_BOT_04","28/06/2024","12/07/2024",NA,195,0.204188481675393
"o","Botanical Garden","PUF_BOT_04","28/06/2024","12/07/2024","Diptera_7147",148,0.154973821989529
"o","Botanical Garden","PUF_BOT_04","28/06/2024","12/07/2024","Lepidoptera_7088",43,0.0450261780104712
"o","Botanical Garden","PUF_BOT_04","28/06/2024","12/07/2024","Hymenoptera_7399",9,0.00942408376963351
"o","Botanical Garden","PUF_BOT_04","28/06/2024","12/07/2024","Coleoptera_7041",8,0.00837696335078534
"o","Botanical Garden","PUF_BOT_04","28/06/2024","12/07/2024","Primates_9443",3,0.0031413612565445
"o","Botanical Garden","PUF_BOT_04","28/06/2024","12/07/2024","Artiodactyla_91561",1,0.00104712041884817
"o","Botanical Garden","PUF_BOT_05","12/07/2024","26/07/2024","Hemiptera_7524",600,0.386349001931745
"o","Botanical Garden","PUF_BOT_05","12/07/2024","26/07/2024","Diptera_7147",385,0.247907276239536
"o","Botanical Garden","PUF_BOT_05","12/07/2024","26/07/2024",NA,378,0.243399871216999
"o","Botanical Garden","PUF_BOT_05","12/07/2024","26/07/2024","Artiodactyla_91561",61,0.0392788151963941
"o","Botanical Garden","PUF_BOT_05","12/07/2024","26/07/2024","Trombidiformes_83136",60,0.0386349001931745
"o","Botanical Garden","PUF_BOT_05","12/07/2024","26/07/2024","Lepidoptera_7088",55,0.0354153251770766
"o","Botanical Garden","PUF_BOT_05","12/07/2024","26/07/2024","Hymenoptera_7399",7,0.00450740502253703
"o","Botanical Garden","PUF_BOT_05","12/07/2024","26/07/2024","Coleoptera_7041",4,0.0025756600128783
"o","Botanical Garden","PUF_BOT_05","12/07/2024","26/07/2024","Primates_9443",3,0.00193174500965873
"o","Botanical Garden","PUF_BOT_06","26/07/2024","09/08/2024","Lepidoptera_7088",17846,0.892523130782696
"o","Botanical Garden","PUF_BOT_06","26/07/2024","09/08/2024","Hemiptera_7524",962,0.0481120280070017
"o","Botanical Garden","PUF_BOT_06","26/07/2024","09/08/2024","Primates_9443",718,0.0359089772443111
"o","Botanical Garden","PUF_BOT_06","26/07/2024","09/08/2024",NA,265,0.0132533133283321
"o","Botanical Garden","PUF_BOT_06","26/07/2024","09/08/2024","Coleoptera_7041",91,0.00455113778444611
"o","Botanical Garden","PUF_BOT_06","26/07/2024","09/08/2024","Hymenoptera_7399",45,0.00225056264066016
"o","Botanical Garden","PUF_BOT_06","26/07/2024","09/08/2024","Diptera_7147",35,0.00175043760940235
"o","Botanical Garden","PUF_BOT_06","26/07/2024","09/08/2024","Trombidiformes_83136",17,0.000850212553138285
"o","Botanical Garden","PUF_BOT_06","26/07/2024","09/08/2024","Rodentia_9989",12,0.000600150037509377
"o","Botanical Garden","PUF_BOT_06","26/07/2024","09/08/2024","Stylommatophora_6527",2,0.000100025006251563
"o","Botanical Garden","PUF_BOT_06","26/07/2024","09/08/2024","Galliformes_8976",1,5.00125031257814e-05
"o","Botanical Garden","PUF_BOT_06","26/07/2024","09/08/2024","Poecilostomatoida_84310",1,5.00125031257814e-05
"o","Botanical Garden","PUF_BOT_07","09/08/2024","23/08/2024","Hemiptera_7524",2086,0.769457764662486
"o","Botanical Garden","PUF_BOT_07","09/08/2024","23/08/2024",NA,418,0.154186646993729
"o","Botanical Garden","PUF_BOT_07","09/08/2024","23/08/2024","Trombidiformes_83136",126,0.0464773146440428
"o","Botanical Garden","PUF_BOT_07","09/08/2024","23/08/2024","Lepidoptera_7088",44,0.016230173367761
"o","Botanical Garden","PUF_BOT_07","09/08/2024","23/08/2024","Hymenoptera_7399",20,0.00737735153080044
"o","Botanical Garden","PUF_BOT_07","09/08/2024","23/08/2024","Primates_9443",17,0.00627074880118038
"o","Botanical Garden","PUF_BOT_08","23/08/2024","06/09/2024","Hemiptera_7524",603,0.481629392971246
"o","Botanical Garden","PUF_BOT_08","23/08/2024","06/09/2024",NA,410,0.327476038338658
"o","Botanical Garden","PUF_BOT_08","23/08/2024","06/09/2024","Trombidiformes_83136",131,0.104632587859425
"o","Botanical Garden","PUF_BOT_08","23/08/2024","06/09/2024","Diptera_7147",41,0.0327476038338658
"o","Botanical Garden","PUF_BOT_08","23/08/2024","06/09/2024","Hymenoptera_7399",41,0.0327476038338658
"o","Botanical Garden","PUF_BOT_08","23/08/2024","06/09/2024","Lepidoptera_7088",12,0.00958466453674121
"o","Botanical Garden","PUF_BOT_08","23/08/2024","06/09/2024","Orthoptera_6993",7,0.00559105431309904
"o","Botanical Garden","PUF_BOT_08","23/08/2024","06/09/2024","Primates_9443",6,0.00479233226837061
"o","Botanical Garden","PUF_BOT_08","23/08/2024","06/09/2024","Artiodactyla_91561",1,0.000798722044728434
"o","Botanical Garden","PUF_BOT_09","06/09/2024","20/09/2024","Hemiptera_7524",1129,0.750166112956811
"o","Botanical Garden","PUF_BOT_09","06/09/2024","20/09/2024",NA,187,0.124252491694352
"o","Botanical Garden","PUF_BOT_09","06/09/2024","20/09/2024","Lepidoptera_7088",155,0.102990033222591
"o","Botanical Garden","PUF_BOT_09","06/09/2024","20/09/2024","Primates_9443",11,0.00730897009966777
"o","Botanical Garden","PUF_BOT_09","06/09/2024","20/09/2024","Stylommatophora_6527",5,0.00332225913621262
"o","Botanical Garden","PUF_BOT_09","06/09/2024","20/09/2024","Trombidiformes_83136",5,0.00332225913621262
"o","Botanical Garden","PUF_BOT_09","06/09/2024","20/09/2024","Coleoptera_7041",4,0.0026578073089701
"o","Botanical Garden","PUF_BOT_09","06/09/2024","20/09/2024","Diptera_7147",4,0.0026578073089701
"o","Botanical Garden","PUF_BOT_09","06/09/2024","20/09/2024","Araneae_6893",2,0.00132890365448505
"o","Botanical Garden","PUF_BOT_09","06/09/2024","20/09/2024","Rodentia_9989",2,0.00132890365448505
"o","Botanical Garden","PUF_BOT_09","06/09/2024","20/09/2024","Hymenoptera_7399",1,0.000664451827242525
"o","Botanical Garden","PUF_BOT_10","20/09/2024","04/10/2024","Hemiptera_7524",2761,0.716584479626265
"o","Botanical Garden","PUF_BOT_10","20/09/2024","04/10/2024",NA,666,0.1728523228653
"o","Botanical Garden","PUF_BOT_10","20/09/2024","04/10/2024","Artiodactyla_91561",327,0.0848689332987283
"o","Botanical Garden","PUF_BOT_10","20/09/2024","04/10/2024","Lepidoptera_7088",81,0.0210225798079419
"o","Botanical Garden","PUF_BOT_10","20/09/2024","04/10/2024","Hymenoptera_7399",18,0.00467168440176486
"o","Boucherville","PUF_BOU_01","27/05/2024","10/06/2024",NA,218,0.865079365079365
"o","Boucherville","PUF_BOU_01","27/05/2024","10/06/2024","Hemiptera_7524",23,0.0912698412698413
"o","Boucherville","PUF_BOU_01","27/05/2024","10/06/2024","Diptera_7147",9,0.0357142857142857
"o","Boucherville","PUF_BOU_01","27/05/2024","10/06/2024","Primates_9443",2,0.00793650793650794
"o","Boucherville","PUF_BOU_02","10/06/2024","24/06/2024","Symphypleona_79705",401,0.378301886792453
"o","Boucherville","PUF_BOU_02","10/06/2024","24/06/2024","Diptera_7147",238,0.224528301886792
"o","Boucherville","PUF_BOU_02","10/06/2024","24/06/2024",NA,194,0.183018867924528
"o","Boucherville","PUF_BOU_02","10/06/2024","24/06/2024","Sarcoptiformes_83137",77,0.0726415094339623
"o","Boucherville","PUF_BOU_02","10/06/2024","24/06/2024","Hemiptera_7524",51,0.0481132075471698
"o","Boucherville","PUF_BOU_02","10/06/2024","24/06/2024","Primates_9443",34,0.0320754716981132
"o","Boucherville","PUF_BOU_02","10/06/2024","24/06/2024","Coleoptera_7041",24,0.0226415094339623
"o","Boucherville","PUF_BOU_02","10/06/2024","24/06/2024","Lepidoptera_7088",21,0.019811320754717
"o","Boucherville","PUF_BOU_02","10/06/2024","24/06/2024","Trombidiformes_83136",9,0.00849056603773585
"o","Boucherville","PUF_BOU_02","10/06/2024","24/06/2024","Rodentia_9989",8,0.00754716981132075
"o","Boucherville","PUF_BOU_02","10/06/2024","24/06/2024","Hymenoptera_7399",3,0.00283018867924528
"o","Boucherville","PUF_BOU_03","24/06/2024","08/07/2024","Symphypleona_79705",277,0.424196018376723
"o","Boucherville","PUF_BOU_03","24/06/2024","08/07/2024","Hemiptera_7524",175,0.267993874425727
"o","Boucherville","PUF_BOU_03","24/06/2024","08/07/2024",NA,84,0.128637059724349
"o","Boucherville","PUF_BOU_03","24/06/2024","08/07/2024","Artiodactyla_91561",57,0.0872894333843798
"o","Boucherville","PUF_BOU_03","24/06/2024","08/07/2024","Trombidiformes_83136",35,0.0535987748851455
"o","Boucherville","PUF_BOU_03","24/06/2024","08/07/2024","Lepidoptera_7088",17,0.0260336906584992
"o","Boucherville","PUF_BOU_03","24/06/2024","08/07/2024","Orthoptera_6993",8,0.0122511485451761
"o","Boucherville","PUF_BOU_04","08/07/2024","22/07/2024","Hemiptera_7524",344,0.573333333333333
"o","Boucherville","PUF_BOU_04","08/07/2024","22/07/2024",NA,98,0.163333333333333
"o","Boucherville","PUF_BOU_04","08/07/2024","22/07/2024","Diptera_7147",46,0.0766666666666667
"o","Boucherville","PUF_BOU_04","08/07/2024","22/07/2024","Hymenoptera_7399",34,0.0566666666666667
"o","Boucherville","PUF_BOU_04","08/07/2024","22/07/2024","Orthoptera_6993",32,0.0533333333333333
"o","Boucherville","PUF_BOU_04","08/07/2024","22/07/2024","Lepidoptera_7088",24,0.04
"o","Boucherville","PUF_BOU_04","08/07/2024","22/07/2024","Symphypleona_79705",8,0.0133333333333333
"o","Boucherville","PUF_BOU_04","08/07/2024","22/07/2024","Coleoptera_7041",7,0.0116666666666667
"o","Boucherville","PUF_BOU_04","08/07/2024","22/07/2024","Primates_9443",4,0.00666666666666667
"o","Boucherville","PUF_BOU_04","08/07/2024","22/07/2024","Artiodactyla_91561",3,0.005
"o","Boucherville","PUF_BOU_05","22/07/2024","05/08/2024","Hemiptera_7524",2013,0.808109193095143
"o","Boucherville","PUF_BOU_05","22/07/2024","05/08/2024",NA,255,0.102368526696106
"o","Boucherville","PUF_BOU_05","22/07/2024","05/08/2024","Diptera_7147",102,0.0409474106784424
"o","Boucherville","PUF_BOU_05","22/07/2024","05/08/2024","Mesostigmata_34634",34,0.0136491368928141
"o","Boucherville","PUF_BOU_05","22/07/2024","05/08/2024","Trombidiformes_83136",25,0.0100361300682457
"o","Boucherville","PUF_BOU_05","22/07/2024","05/08/2024","Hymenoptera_7399",22,0.0088317944600562
"o","Boucherville","PUF_BOU_05","22/07/2024","05/08/2024","Coleoptera_7041",19,0.00762745885186672
"o","Boucherville","PUF_BOU_05","22/07/2024","05/08/2024","Lepidoptera_7088",17,0.00682456844640707
"o","Boucherville","PUF_BOU_05","22/07/2024","05/08/2024","Primates_9443",2,0.000802890405459655
"o","Boucherville","PUF_BOU_05","22/07/2024","05/08/2024","Orthoptera_6993",1,0.000401445202729827
"o","Boucherville","PUF_BOU_05","22/07/2024","05/08/2024","Poecilostomatoida_84310",1,0.000401445202729827
"o","Boucherville","PUF_BOU_06","05/08/2024","19/08/2024","Hemiptera_7524",569,0.647326507394767
"o","Boucherville","PUF_BOU_06","05/08/2024","19/08/2024",NA,181,0.205915813424346
"o","Boucherville","PUF_BOU_06","05/08/2024","19/08/2024","Lepidoptera_7088",37,0.0420932878270762
"o","Boucherville","PUF_BOU_06","05/08/2024","19/08/2024","Anostraca_6659",30,0.0341296928327645
"o","Boucherville","PUF_BOU_06","05/08/2024","19/08/2024","Odonata_6961",18,0.0204778156996587
"o","Boucherville","PUF_BOU_06","05/08/2024","19/08/2024","Hymenoptera_7399",17,0.0193401592718999
"o","Boucherville","PUF_BOU_06","05/08/2024","19/08/2024","Trombidiformes_83136",12,0.0136518771331058
"o","Boucherville","PUF_BOU_06","05/08/2024","19/08/2024","Diptera_7147",8,0.00910125142207053
"o","Boucherville","PUF_BOU_06","05/08/2024","19/08/2024","Symphypleona_79705",5,0.00568828213879408
"o","Boucherville","PUF_BOU_06","05/08/2024","19/08/2024","Primates_9443",1,0.00113765642775882
"o","Boucherville","PUF_BOU_06","05/08/2024","19/08/2024","Sarcoptiformes_83137",1,0.00113765642775882
"o","Boucherville","PUF_BOU_07","19/08/2024","02/09/2024",NA,112,0.343558282208589
"o","Boucherville","PUF_BOU_07","19/08/2024","02/09/2024","Hemiptera_7524",101,0.309815950920245
"o","Boucherville","PUF_BOU_07","19/08/2024","02/09/2024","Artiodactyla_91561",60,0.184049079754601
"o","Boucherville","PUF_BOU_07","19/08/2024","02/09/2024","Symphypleona_79705",53,0.162576687116564
"o","Boucherville","PUF_BOU_08","02/09/2024","16/09/2024","Hemiptera_7524",1740,0.766857646540326
"o","Boucherville","PUF_BOU_08","02/09/2024","16/09/2024",NA,408,0.179814896430145
"o","Boucherville","PUF_BOU_08","02/09/2024","16/09/2024","Hymenoptera_7399",32,0.0141031291317761
"o","Boucherville","PUF_BOU_08","02/09/2024","16/09/2024","Rodentia_9989",32,0.0141031291317761
"o","Boucherville","PUF_BOU_08","02/09/2024","16/09/2024","Diptera_7147",30,0.0132216835610401
"o","Boucherville","PUF_BOU_08","02/09/2024","16/09/2024","Lepidoptera_7088",22,0.00969590127809608
"o","Boucherville","PUF_BOU_08","02/09/2024","16/09/2024","Primates_9443",3,0.00132216835610401
"o","Boucherville","PUF_BOU_08","02/09/2024","16/09/2024","Trombidiformes_83136",2,0.000881445570736007
"o","Boucherville","PUF_BOU_09","16/09/2024","30/09/2024","Hemiptera_7524",1267,0.693107221006565
"o","Boucherville","PUF_BOU_09","16/09/2024","30/09/2024",NA,301,0.164660831509847
"o","Boucherville","PUF_BOU_09","16/09/2024","30/09/2024","Trombidiformes_83136",125,0.0683807439824945
"o","Boucherville","PUF_BOU_09","16/09/2024","30/09/2024","Primates_9443",68,0.037199124726477
"o","Boucherville","PUF_BOU_09","16/09/2024","30/09/2024","Rodentia_9989",21,0.0114879649890591
"o","Boucherville","PUF_BOU_09","16/09/2024","30/09/2024","Coleoptera_7041",19,0.0103938730853392
"o","Boucherville","PUF_BOU_09","16/09/2024","30/09/2024","Lepidoptera_7088",17,0.00929978118161926
"o","Boucherville","PUF_BOU_09","16/09/2024","30/09/2024","Stylommatophora_6527",10,0.00547045951859956
"o","IPEX","PUF_IPEX_01","15/05/2024","29/05/2024","Hemiptera_7524",48,0.428571428571429
"o","IPEX","PUF_IPEX_01","15/05/2024","29/05/2024",NA,32,0.285714285714286
"o","IPEX","PUF_IPEX_01","15/05/2024","29/05/2024","Artiodactyla_91561",21,0.1875
"o","IPEX","PUF_IPEX_01","15/05/2024","29/05/2024","Primates_9443",7,0.0625
"o","IPEX","PUF_IPEX_01","15/05/2024","29/05/2024","Trombidiformes_83136",3,0.0267857142857143
"o","IPEX","PUF_IPEX_01","15/05/2024","29/05/2024","Lepidoptera_7088",1,0.00892857142857143
"o","IPEX","PUF_IPEX_02","29/05/2024","12/06/2024",NA,1222,0.66376969038566
"o","IPEX","PUF_IPEX_02","29/05/2024","12/06/2024","Hemiptera_7524",183,0.0994024986420424
"o","IPEX","PUF_IPEX_02","29/05/2024","12/06/2024","Trombidiformes_83136",173,0.0939706681151548
"o","IPEX","PUF_IPEX_02","29/05/2024","12/06/2024","Diptera_7147",143,0.0776751765344921
"o","IPEX","PUF_IPEX_02","29/05/2024","12/06/2024","Hymenoptera_7399",64,0.0347637153720804
"o","IPEX","PUF_IPEX_02","29/05/2024","12/06/2024","Coleoptera_7041",23,0.0124932102118414
"o","IPEX","PUF_IPEX_02","29/05/2024","12/06/2024","Lepidoptera_7088",18,0.00977729494839761
"o","IPEX","PUF_IPEX_02","29/05/2024","12/06/2024","Primates_9443",8,0.00434546442151005
"o","IPEX","PUF_IPEX_02","29/05/2024","12/06/2024","Symphypleona_79705",7,0.00380228136882129
"o","IPEX","PUF_IPEX_03","12/06/2024","26/06/2024","Araneae_6893",9881,0.870342640711706
"o","IPEX","PUF_IPEX_03","12/06/2024","26/06/2024",NA,749,0.0659737514313397
"o","IPEX","PUF_IPEX_03","12/06/2024","26/06/2024","Hemiptera_7524",364,0.0320620100413987
"o","IPEX","PUF_IPEX_03","12/06/2024","26/06/2024","Trombidiformes_83136",96,0.00845591473619308
"o","IPEX","PUF_IPEX_03","12/06/2024","26/06/2024","Lepidoptera_7088",73,0.00643001849731349
"o","IPEX","PUF_IPEX_03","12/06/2024","26/06/2024","Symphypleona_79705",73,0.00643001849731349
"o","IPEX","PUF_IPEX_03","12/06/2024","26/06/2024","Artiodactyla_91561",52,0.00458028714877125
"o","IPEX","PUF_IPEX_03","12/06/2024","26/06/2024","Mesostigmata_34634",17,0.00149740156786752
"o","IPEX","PUF_IPEX_03","12/06/2024","26/06/2024","Coleoptera_7041",13,0.00114507178719281
"o","IPEX","PUF_IPEX_03","12/06/2024","26/06/2024","Diplostraca_84337",12,0.00105698934202413
"o","IPEX","PUF_IPEX_03","12/06/2024","26/06/2024","Diptera_7147",10,0.000880824451686779
"o","IPEX","PUF_IPEX_03","12/06/2024","26/06/2024","Primates_9443",10,0.000880824451686779
"o","IPEX","PUF_IPEX_03","12/06/2024","26/06/2024","Hymenoptera_7399",3,0.000264247335506034
"o","IPEX","PUF_IPEX_04","26/06/2024","10/07/2024","Hemiptera_7524",1059,0.507670182166826
"o","IPEX","PUF_IPEX_04","26/06/2024","10/07/2024",NA,488,0.233940556088207
"o","IPEX","PUF_IPEX_04","26/06/2024","10/07/2024","Trombidiformes_83136",264,0.126558005752637
"o","IPEX","PUF_IPEX_04","26/06/2024","10/07/2024","Lepidoptera_7088",138,0.0661553211888782
"o","IPEX","PUF_IPEX_04","26/06/2024","10/07/2024","Artiodactyla_91561",48,0.0230105465004794
"o","IPEX","PUF_IPEX_04","26/06/2024","10/07/2024","Hymenoptera_7399",27,0.0129434324065197
"o","IPEX","PUF_IPEX_04","26/06/2024","10/07/2024","Sarcoptiformes_83137",27,0.0129434324065197
"o","IPEX","PUF_IPEX_04","26/06/2024","10/07/2024","Rodentia_9989",22,0.0105465004793864
"o","IPEX","PUF_IPEX_04","26/06/2024","10/07/2024","Primates_9443",10,0.00479386385426654
"o","IPEX","PUF_IPEX_04","26/06/2024","10/07/2024","Araneae_6893",2,0.000958772770853308
"o","IPEX","PUF_IPEX_04","26/06/2024","10/07/2024","Stylommatophora_6527",1,0.000479386385426654
"o","IPEX","PUF_IPEX_05","10/07/2024","24/07/2024","Hemiptera_7524",3974,0.658492129246065
"o","IPEX","PUF_IPEX_05","10/07/2024","24/07/2024","Trombidiformes_83136",1079,0.178790389395195
"o","IPEX","PUF_IPEX_05","10/07/2024","24/07/2024",NA,649,0.107539353769677
"o","IPEX","PUF_IPEX_05","10/07/2024","24/07/2024","Symphypleona_79705",130,0.0215410107705054
"o","IPEX","PUF_IPEX_05","10/07/2024","24/07/2024","Hymenoptera_7399",57,0.00944490472245236
"o","IPEX","PUF_IPEX_05","10/07/2024","24/07/2024","Primates_9443",51,0.00845070422535211
"o","IPEX","PUF_IPEX_05","10/07/2024","24/07/2024","Trichoptera_30263",27,0.00447390223695112
"o","IPEX","PUF_IPEX_05","10/07/2024","24/07/2024","Lepidoptera_7088",16,0.00265120132560066
"o","IPEX","PUF_IPEX_05","10/07/2024","24/07/2024","Odonata_6961",16,0.00265120132560066
"o","IPEX","PUF_IPEX_05","10/07/2024","24/07/2024","Anostraca_6659",12,0.0019884009942005
"o","IPEX","PUF_IPEX_05","10/07/2024","24/07/2024","Stylommatophora_6527",12,0.0019884009942005
"o","IPEX","PUF_IPEX_05","10/07/2024","24/07/2024","Coleoptera_7041",7,0.00115990057995029
"o","IPEX","PUF_IPEX_05","10/07/2024","24/07/2024","Diptera_7147",3,0.000497100248550124
"o","IPEX","PUF_IPEX_05","10/07/2024","24/07/2024","Psocoptera_30259",2,0.000331400165700083
"o","IPEX","PUF_IPEX_06","24/07/2024","07/08/2024","Hemiptera_7524",847,0.730802415875755
"o","IPEX","PUF_IPEX_06","24/07/2024","07/08/2024",NA,271,0.233822260569456
"o","IPEX","PUF_IPEX_06","24/07/2024","07/08/2024","Lepidoptera_7088",21,0.0181190681622088
"o","IPEX","PUF_IPEX_06","24/07/2024","07/08/2024","Hymenoptera_7399",8,0.00690250215703192
"o","IPEX","PUF_IPEX_06","24/07/2024","07/08/2024","Diptera_7147",4,0.00345125107851596
"o","IPEX","PUF_IPEX_06","24/07/2024","07/08/2024","Primates_9443",4,0.00345125107851596
"o","IPEX","PUF_IPEX_06","24/07/2024","07/08/2024","Rodentia_9989",3,0.00258843830888697
"o","IPEX","PUF_IPEX_06","24/07/2024","07/08/2024","Stylommatophora_6527",1,0.000862812769628991
"o","IPEX","PUF_IPEX_07","07/08/2024","21/08/2024","Hemiptera_7524",1152,0.629164391043146
"o","IPEX","PUF_IPEX_07","07/08/2024","21/08/2024",NA,499,0.272528672856363
"o","IPEX","PUF_IPEX_07","07/08/2024","21/08/2024","Hymenoptera_7399",92,0.0502457673402512
"o","IPEX","PUF_IPEX_07","07/08/2024","21/08/2024","Lepidoptera_7088",53,0.0289459311851447
"o","IPEX","PUF_IPEX_07","07/08/2024","21/08/2024","Trombidiformes_83136",11,0.00600764609503004
"o","IPEX","PUF_IPEX_07","07/08/2024","21/08/2024","Rodentia_9989",10,0.00546149645002731
"o","IPEX","PUF_IPEX_07","07/08/2024","21/08/2024","Diptera_7147",9,0.00491534680502458
"o","IPEX","PUF_IPEX_07","07/08/2024","21/08/2024","Primates_9443",5,0.00273074822501365
"o","IPEX","PUF_IPEX_08","21/08/2024","04/09/2024","Hemiptera_7524",1503,0.628081905557877
"o","IPEX","PUF_IPEX_08","21/08/2024","04/09/2024",NA,729,0.304638529043042
"o","IPEX","PUF_IPEX_08","21/08/2024","04/09/2024","Artiodactyla_91561",70,0.029251984956122
"o","IPEX","PUF_IPEX_08","21/08/2024","04/09/2024","Diptera_7147",58,0.024237358963644
"o","IPEX","PUF_IPEX_08","21/08/2024","04/09/2024","Primates_9443",17,0.00710405348934392
"o","IPEX","PUF_IPEX_08","21/08/2024","04/09/2024","Hymenoptera_7399",15,0.00626828249059758
"o","IPEX","PUF_IPEX_08","21/08/2024","04/09/2024","Trombidiformes_83136",1,0.000417885499373172
"o","IPEX","PUF_IPEX_09","04/09/2024","18/09/2024","Hemiptera_7524",1035,0.787072243346008
"o","IPEX","PUF_IPEX_09","04/09/2024","18/09/2024",NA,221,0.168060836501901
"o","IPEX","PUF_IPEX_09","04/09/2024","18/09/2024","Lepidoptera_7088",39,0.0296577946768061
"o","IPEX","PUF_IPEX_09","04/09/2024","18/09/2024","Trombidiformes_83136",7,0.00532319391634981
"o","IPEX","PUF_IPEX_09","04/09/2024","18/09/2024","Primates_9443",4,0.00304182509505703
"o","IPEX","PUF_IPEX_09","04/09/2024","18/09/2024","Coleoptera_7041",3,0.00228136882129278
"o","IPEX","PUF_IPEX_09","04/09/2024","18/09/2024","Passeriformes_9126",2,0.00152091254752852
"o","IPEX","PUF_IPEX_09","04/09/2024","18/09/2024","Stylommatophora_6527",2,0.00152091254752852
"o","IPEX","PUF_IPEX_09","04/09/2024","18/09/2024","Diptera_7147",1,0.000760456273764259
"o","IPEX","PUF_IPEX_09","04/09/2024","18/09/2024","Hymenoptera_7399",1,0.000760456273764259
"o","IPEX","PUF_IPEX_10","18/09/2024","02/10/2024","Hemiptera_7524",2784,0.619906479625918
"o","IPEX","PUF_IPEX_10","18/09/2024","02/10/2024",NA,774,0.172344689378758
"o","IPEX","PUF_IPEX_10","18/09/2024","02/10/2024","Psocoptera_30259",574,0.127811177911378
"o","IPEX","PUF_IPEX_10","18/09/2024","02/10/2024","Lepidoptera_7088",184,0.0409708305499889
"o","IPEX","PUF_IPEX_10","18/09/2024","02/10/2024","Diptera_7147",84,0.0187040748162993
"o","IPEX","PUF_IPEX_10","18/09/2024","02/10/2024","Hymenoptera_7399",56,0.0124693832108662
"o","IPEX","PUF_IPEX_10","18/09/2024","02/10/2024","Julida_41448",20,0.00445335114673792
"o","IPEX","PUF_IPEX_10","18/09/2024","02/10/2024","Trombidiformes_83136",9,0.00200400801603206
"o","IPEX","PUF_IPEX_10","18/09/2024","02/10/2024","Stylommatophora_6527",4,0.000890670229347584
"o","IPEX","PUF_IPEX_10","18/09/2024","02/10/2024","Primates_9443",1,0.000222667557336896
"o","IPEX","PUF_IPEX_10","18/09/2024","02/10/2024","Rodentia_9989",1,0.000222667557336896
"o","Insectarium","Insectarium_Cocoon","10/11/2025","24/11/2025","Sarcoptiformes_83137",123,0.45724907063197
"o","Insectarium","Insectarium_Cocoon","10/11/2025","24/11/2025","Artiodactyla_91561",73,0.271375464684015
"o","Insectarium","Insectarium_Cocoon","10/11/2025","24/11/2025","Anostraca_6659",36,0.133828996282528
"o","Insectarium","Insectarium_Cocoon","10/11/2025","24/11/2025","Primates_9443",36,0.133828996282528
"o","Insectarium","Insectarium_Cocoon","10/11/2025","24/11/2025","Julida_41448",1,0.00371747211895911
"o","Insectarium","Insectarium_Door","10/11/2025","24/11/2025","Artiodactyla_91561",48,0.979591836734694
"o","Insectarium","Insectarium_Door","10/11/2025","24/11/2025","Lepidoptera_7088",1,0.0204081632653061
"o","Insectarium","Insectarium_Up","10/11/2025","24/11/2025","Sarcoptiformes_83137",1884,1
"o","Jean-Drapeau","PUF_JD_01","22/05/2024","05/06/2024","Lepidoptera_7088",6095,0.68329596412556
"o","Jean-Drapeau","PUF_JD_01","22/05/2024","05/06/2024","Trombidiformes_83136",1519,0.170291479820628
"o","Jean-Drapeau","PUF_JD_01","22/05/2024","05/06/2024",NA,854,0.0957399103139013
"o","Jean-Drapeau","PUF_JD_01","22/05/2024","05/06/2024","Mesostigmata_34634",114,0.012780269058296
"o","Jean-Drapeau","PUF_JD_01","22/05/2024","05/06/2024","Diptera_7147",105,0.0117713004484305
"o","Jean-Drapeau","PUF_JD_01","22/05/2024","05/06/2024","Hemiptera_7524",93,0.0104260089686099
"o","Jean-Drapeau","PUF_JD_01","22/05/2024","05/06/2024","Araneae_6893",76,0.00852017937219731
"o","Jean-Drapeau","PUF_JD_01","22/05/2024","05/06/2024","Hymenoptera_7399",34,0.00381165919282511
"o","Jean-Drapeau","PUF_JD_01","22/05/2024","05/06/2024","Ephemeroptera_30073",13,0.00145739910313901
"o","Jean-Drapeau","PUF_JD_01","22/05/2024","05/06/2024","Primates_9443",13,0.00145739910313901
"o","Jean-Drapeau","PUF_JD_01","22/05/2024","05/06/2024","Coleoptera_7041",3,0.000336322869955157
"o","Jean-Drapeau","PUF_JD_01","22/05/2024","05/06/2024","Trichoptera_30263",1,0.000112107623318386
"o","Jean-Drapeau","PUF_JD_02","05/06/2024","19/06/2024","Lepidoptera_7088",13685,0.958333333333333
"o","Jean-Drapeau","PUF_JD_02","05/06/2024","19/06/2024",NA,287,0.0200980392156863
"o","Jean-Drapeau","PUF_JD_02","05/06/2024","19/06/2024","Trichoptera_30263",140,0.00980392156862745
"o","Jean-Drapeau","PUF_JD_02","05/06/2024","19/06/2024","Araneae_6893",47,0.00329131652661064
"o","Jean-Drapeau","PUF_JD_02","05/06/2024","19/06/2024","Diptera_7147",31,0.00217086834733894
"o","Jean-Drapeau","PUF_JD_02","05/06/2024","19/06/2024","Trombidiformes_83136",27,0.00189075630252101
"o","Jean-Drapeau","PUF_JD_02","05/06/2024","19/06/2024","Hemiptera_7524",13,0.000910364145658263
"o","Jean-Drapeau","PUF_JD_02","05/06/2024","19/06/2024","Passeriformes_9126",10,0.000700280112044818
"o","Jean-Drapeau","PUF_JD_02","05/06/2024","19/06/2024","Isopoda_29979",9,0.000630252100840336
"o","Jean-Drapeau","PUF_JD_02","05/06/2024","19/06/2024","Hymenoptera_7399",7,0.000490196078431373
"o","Jean-Drapeau","PUF_JD_02","05/06/2024","19/06/2024","Julida_41448",7,0.000490196078431373
"o","Jean-Drapeau","PUF_JD_02","05/06/2024","19/06/2024","Symphypleona_79705",7,0.000490196078431373
"o","Jean-Drapeau","PUF_JD_02","05/06/2024","19/06/2024","Orthoptera_6993",5,0.000350140056022409
"o","Jean-Drapeau","PUF_JD_02","05/06/2024","19/06/2024","Primates_9443",4,0.000280112044817927
"o","Jean-Drapeau","PUF_JD_02","05/06/2024","19/06/2024","Coleoptera_7041",1,7.00280112044818e-05
"o","Jean-Drapeau","PUF_JD_03","19/06/2024","03/07/2024","Hemiptera_7524",461,0.429636533084809
"o","Jean-Drapeau","PUF_JD_03","19/06/2024","03/07/2024",NA,194,0.180801491146319
"o","Jean-Drapeau","PUF_JD_03","19/06/2024","03/07/2024","Diptera_7147",135,0.125815470643057
"o","Jean-Drapeau","PUF_JD_03","19/06/2024","03/07/2024","Primates_9443",100,0.0931966449207828
"o","Jean-Drapeau","PUF_JD_03","19/06/2024","03/07/2024","Lepidoptera_7088",84,0.0782851817334576
"o","Jean-Drapeau","PUF_JD_03","19/06/2024","03/07/2024","Trombidiformes_83136",44,0.0410065237651445
"o","Jean-Drapeau","PUF_JD_03","19/06/2024","03/07/2024","Neuroptera_7516",31,0.0288909599254427
"o","Jean-Drapeau","PUF_JD_03","19/06/2024","03/07/2024","Hymenoptera_7399",20,0.0186393289841566
"o","Jean-Drapeau","PUF_JD_03","19/06/2024","03/07/2024","Araneae_6893",3,0.00279589934762349
"o","Jean-Drapeau","PUF_JD_03","19/06/2024","03/07/2024","Coleoptera_7041",1,0.000931966449207828
"o","Jean-Drapeau","PUF_JD_04","03/07/2024","17/07/2024","Hemiptera_7524",996,0.600361663652803
"o","Jean-Drapeau","PUF_JD_04","03/07/2024","17/07/2024","Artiodactyla_91561",219,0.132007233273056
"o","Jean-Drapeau","PUF_JD_04","03/07/2024","17/07/2024","Araneae_6893",153,0.0922242314647378
"o","Jean-Drapeau","PUF_JD_04","03/07/2024","17/07/2024","Lepidoptera_7088",149,0.0898131404460518
"o","Jean-Drapeau","PUF_JD_04","03/07/2024","17/07/2024",NA,113,0.0681133212778782
"o","Jean-Drapeau","PUF_JD_04","03/07/2024","17/07/2024","Hymenoptera_7399",16,0.00964436407474382
"o","Jean-Drapeau","PUF_JD_04","03/07/2024","17/07/2024","Primates_9443",7,0.00421940928270042
"o","Jean-Drapeau","PUF_JD_04","03/07/2024","17/07/2024","Coleoptera_7041",6,0.00361663652802893
"o","Jean-Drapeau","PUF_JD_05","17/07/2024","31/07/2024","Araneae_6893",1712,0.403964134025484
"o","Jean-Drapeau","PUF_JD_05","17/07/2024","31/07/2024","Hemiptera_7524",1485,0.350401132609722
"o","Jean-Drapeau","PUF_JD_05","17/07/2024","31/07/2024","Lepidoptera_7088",297,0.0700802265219443
"o","Jean-Drapeau","PUF_JD_05","17/07/2024","31/07/2024","Diptera_7147",269,0.0634733364794715
"o","Jean-Drapeau","PUF_JD_05","17/07/2024","31/07/2024",NA,163,0.0384615384615385
"o","Jean-Drapeau","PUF_JD_05","17/07/2024","31/07/2024","Trombidiformes_83136",132,0.0311467673430864
"o","Jean-Drapeau","PUF_JD_05","17/07/2024","31/07/2024","Anostraca_6659",45,0.0106182161396885
"o","Jean-Drapeau","PUF_JD_05","17/07/2024","31/07/2024","Artiodactyla_91561",45,0.0106182161396885
"o","Jean-Drapeau","PUF_JD_05","17/07/2024","31/07/2024","Coleoptera_7041",38,0.00896649362907032
"o","Jean-Drapeau","PUF_JD_05","17/07/2024","31/07/2024","Hymenoptera_7399",37,0.00873053327041057
"o","Jean-Drapeau","PUF_JD_05","17/07/2024","31/07/2024","Primates_9443",11,0.0025955639452572
"o","Jean-Drapeau","PUF_JD_05","17/07/2024","31/07/2024","Rodentia_9989",4,0.000943841434638981
"o","Jean-Drapeau","PUF_JD_06","31/07/2024","14/08/2024","Hemiptera_7524",3575,0.880758807588076
"o","Jean-Drapeau","PUF_JD_06","31/07/2024","14/08/2024",NA,155,0.0381867455038187
"o","Jean-Drapeau","PUF_JD_06","31/07/2024","14/08/2024","Araneae_6893",122,0.0300566642030057
"o","Jean-Drapeau","PUF_JD_06","31/07/2024","14/08/2024","Diptera_7147",94,0.0231584134023158
"o","Jean-Drapeau","PUF_JD_06","31/07/2024","14/08/2024","Hymenoptera_7399",48,0.0118255728011826
"o","Jean-Drapeau","PUF_JD_06","31/07/2024","14/08/2024","Lepidoptera_7088",38,0.00936191180093619
"o","Jean-Drapeau","PUF_JD_06","31/07/2024","14/08/2024","Trombidiformes_83136",14,0.00344912540034491
"o","Jean-Drapeau","PUF_JD_06","31/07/2024","14/08/2024","Orthoptera_6993",6,0.00147819660014782
"o","Jean-Drapeau","PUF_JD_06","31/07/2024","14/08/2024","Trichoptera_30263",5,0.00123183050012318
"o","Jean-Drapeau","PUF_JD_06","31/07/2024","14/08/2024","Coleoptera_7041",1,0.000246366100024637
"o","Jean-Drapeau","PUF_JD_06","31/07/2024","14/08/2024","Dermaptera_27434",1,0.000246366100024637
"o","Jean-Drapeau","PUF_JD_07","14/08/2024","28/08/2024","Hemiptera_7524",2448,0.528041415012942
"o","Jean-Drapeau","PUF_JD_07","14/08/2024","28/08/2024","Coleoptera_7041",876,0.188955996548749
"o","Jean-Drapeau","PUF_JD_07","14/08/2024","28/08/2024","Trichoptera_30263",592,0.127696289905091
"o","Jean-Drapeau","PUF_JD_07","14/08/2024","28/08/2024",NA,405,0.0873597929249353
"o","Jean-Drapeau","PUF_JD_07","14/08/2024","28/08/2024","Trombidiformes_83136",98,0.0211389128559103
"o","Jean-Drapeau","PUF_JD_07","14/08/2024","28/08/2024","Hymenoptera_7399",66,0.0142364106988783
"o","Jean-Drapeau","PUF_JD_07","14/08/2024","28/08/2024","Araneae_6893",63,0.0135893011216566
"o","Jean-Drapeau","PUF_JD_07","14/08/2024","28/08/2024","Lepidoptera_7088",53,0.0114322691975841
"o","Jean-Drapeau","PUF_JD_07","14/08/2024","28/08/2024","Symphypleona_79705",23,0.0049611734253667
"o","Jean-Drapeau","PUF_JD_07","14/08/2024","28/08/2024","Primates_9443",9,0.00194132873166523
"o","Jean-Drapeau","PUF_JD_07","14/08/2024","28/08/2024","Mesostigmata_34634",3,0.000647109577221743
"o","Jean-Drapeau","PUF_JD_08","28/08/2024","11/09/2024","Araneae_6893",8583,0.976339438061654
"o","Jean-Drapeau","PUF_JD_08","28/08/2024","11/09/2024","Hemiptera_7524",129,0.0146740985098396
"o","Jean-Drapeau","PUF_JD_08","28/08/2024","11/09/2024",NA,53,0.00602889318621317
"o","Jean-Drapeau","PUF_JD_08","28/08/2024","11/09/2024","Lepidoptera_7088",8,0.000910021613013309
"o","Jean-Drapeau","PUF_JD_08","28/08/2024","11/09/2024","Trombidiformes_83136",8,0.000910021613013309
"o","Jean-Drapeau","PUF_JD_08","28/08/2024","11/09/2024","Diptera_7147",5,0.000568763508133318
"o","Jean-Drapeau","PUF_JD_08","28/08/2024","11/09/2024","Crassiclitellata_2803884",2,0.000227505403253327
"o","Jean-Drapeau","PUF_JD_08","28/08/2024","11/09/2024","Hymenoptera_7399",1,0.000113752701626664
"o","Jean-Drapeau","PUF_JD_08","28/08/2024","11/09/2024","Julida_41448",1,0.000113752701626664
"o","Jean-Drapeau","PUF_JD_08","28/08/2024","11/09/2024","Trichoptera_30263",1,0.000113752701626664
"o","Jean-Drapeau","PUF_JD_09","11/09/2024","25/09/2024","Hemiptera_7524",746,0.60650406504065
"o","Jean-Drapeau","PUF_JD_09","11/09/2024","25/09/2024","Lepidoptera_7088",227,0.184552845528455
"o","Jean-Drapeau","PUF_JD_09","11/09/2024","25/09/2024",NA,110,0.0894308943089431
"o","Jean-Drapeau","PUF_JD_09","11/09/2024","25/09/2024","Neuroptera_7516",69,0.0560975609756098
"o","Jean-Drapeau","PUF_JD_09","11/09/2024","25/09/2024","Diptera_7147",34,0.0276422764227642
"o","Jean-Drapeau","PUF_JD_09","11/09/2024","25/09/2024","Araneae_6893",20,0.016260162601626
"o","Jean-Drapeau","PUF_JD_09","11/09/2024","25/09/2024","Artiodactyla_91561",11,0.00894308943089431
"o","Jean-Drapeau","PUF_JD_09","11/09/2024","25/09/2024","Hymenoptera_7399",5,0.0040650406504065
"o","Jean-Drapeau","PUF_JD_09","11/09/2024","25/09/2024","Primates_9443",3,0.0024390243902439
"o","Jean-Drapeau","PUF_JD_09","11/09/2024","25/09/2024","Sarcoptiformes_83137",2,0.0016260162601626
"o","Jean-Drapeau","PUF_JD_09","11/09/2024","25/09/2024","Trombidiformes_83136",2,0.0016260162601626
"o","Jean-Drapeau","PUF_JD_09","11/09/2024","25/09/2024","Stylommatophora_6527",1,0.000813008130081301
"o","Jean-Drapeau","PUF_JD_10","25/09/2024","09/10/2024","Hemiptera_7524",7702,0.877121056827241
"o","Jean-Drapeau","PUF_JD_10","25/09/2024","09/10/2024","Araneae_6893",271,0.0308620886003872
"o","Jean-Drapeau","PUF_JD_10","25/09/2024","09/10/2024",NA,254,0.0289260904225031
"o","Jean-Drapeau","PUF_JD_10","25/09/2024","09/10/2024","Diptera_7147",243,0.0276733857191664
"o","Jean-Drapeau","PUF_JD_10","25/09/2024","09/10/2024","Lepidoptera_7088",116,0.0132103405079148
"o","Jean-Drapeau","PUF_JD_10","25/09/2024","09/10/2024","Artiodactyla_91561",67,0.00763011046577839
"o","Jean-Drapeau","PUF_JD_10","25/09/2024","09/10/2024","Trichoptera_30263",34,0.00387199635576814
"o","Jean-Drapeau","PUF_JD_10","25/09/2024","09/10/2024","Trombidiformes_83136",27,0.00307482063546293
"o","Jean-Drapeau","PUF_JD_10","25/09/2024","09/10/2024","Dermaptera_27434",23,0.00261929165243139
"o","Jean-Drapeau","PUF_JD_10","25/09/2024","09/10/2024","Hymenoptera_7399",22,0.0025054094066735
"o","Jean-Drapeau","PUF_JD_10","25/09/2024","09/10/2024","Mesostigmata_34634",13,0.00148046919485252
"o","Jean-Drapeau","PUF_JD_10","25/09/2024","09/10/2024","Primates_9443",8,0.000911057966063091
"o","Jean-Drapeau","PUF_JD_10","25/09/2024","09/10/2024","Rodentia_9989",1,0.000113882245757886
"o","Mont_Tremblant","Mont_Tremblant","30/08/2025","31/08/2025",NA,699,0.706060606060606
"o","Mont_Tremblant","Mont_Tremblant","30/08/2025","31/08/2025","Artiodactyla_91561",82,0.0828282828282828
"o","Mont_Tremblant","Mont_Tremblant","30/08/2025","31/08/2025","Hemiptera_7524",76,0.0767676767676768
"o","Mont_Tremblant","Mont_Tremblant","30/08/2025","31/08/2025","Trombidiformes_83136",55,0.0555555555555556
"o","Mont_Tremblant","Mont_Tremblant","30/08/2025","31/08/2025","Primates_9443",34,0.0343434343434343
"o","Mont_Tremblant","Mont_Tremblant","30/08/2025","31/08/2025","Coleoptera_7041",18,0.0181818181818182
"o","Mont_Tremblant","Mont_Tremblant","30/08/2025","31/08/2025","Symphypleona_79705",17,0.0171717171717172
"o","Mont_Tremblant","Mont_Tremblant","30/08/2025","31/08/2025","Hymenoptera_7399",9,0.00909090909090909
"o",NA,NA,NA,NA,"Lepidoptera_7088",29623,0.978981460061469
"o",NA,NA,NA,NA,"Entomobryomorpha_730330",357,0.0117981427013451
"o",NA,NA,NA,NA,"Mantodea_7504",80,0.00264384150170197
"o",NA,NA,NA,NA,"Sarcoptiformes_83137",62,0.00204897716381903
"o",NA,NA,NA,NA,"Trombidiformes_83136",48,0.00158630490102118
"o",NA,NA,NA,NA,NA,37,0.00122277669453716
"o",NA,NA,NA,NA,"Diptera_7147",27,0.000892296506824416
"o",NA,NA,NA,NA,"Primates_9443",17,0.000561816319111669
"o",NA,NA,NA,NA,"Psocoptera_30259",4,0.000132192075085099
"o",NA,NA,NA,NA,"Hemiptera_7524",3,9.9144056313824e-05
"o",NA,NA,NA,NA,"Coleoptera_7041",1,3.30480187712747e-05
"f","Bird Observatory","PUF_MBO_01","20/05/2024","03/06/2024","Tydeidae_708320",621,0.265611633875107
"f","Bird Observatory","PUF_MBO_01","20/05/2024","03/06/2024",NA,558,0.238665526090676
"f","Bird Observatory","PUF_MBO_01","20/05/2024","03/06/2024","Eriophyidae_70320",386,0.165098374679213
"f","Bird Observatory","PUF_MBO_01","20/05/2024","03/06/2024","Chironomidae_7149",229,0.0979469632164243
"f","Bird Observatory","PUF_MBO_01","20/05/2024","03/06/2024","Pentatomidae_160513",134,0.0573139435414885
"f","Bird Observatory","PUF_MBO_01","20/05/2024","03/06/2024","Cecidomyiidae_33406",115,0.0491873396065013
"f","Bird Observatory","PUF_MBO_01","20/05/2024","03/06/2024","Phoridae_36164",72,0.0307955517536356
"f","Bird Observatory","PUF_MBO_01","20/05/2024","03/06/2024","Chrysomelidae_27439",67,0.0286569717707442
"f","Bird Observatory","PUF_MBO_01","20/05/2024","03/06/2024","Bovidae_9895",45,0.0192472198460222
"f","Bird Observatory","PUF_MBO_01","20/05/2024","03/06/2024","Liebstadiidae_1427579",31,0.0132591958939264
"f","Bird Observatory","PUF_MBO_01","20/05/2024","03/06/2024","Cicadellidae_30102",30,0.0128314798973482
"f","Bird Observatory","PUF_MBO_01","20/05/2024","03/06/2024","Pyralidae_7135",21,0.00898203592814371
"f","Bird Observatory","PUF_MBO_01","20/05/2024","03/06/2024","Hominidae_9604",14,0.00598802395209581
"f","Bird Observatory","PUF_MBO_01","20/05/2024","03/06/2024","Aphrophoridae_36666",7,0.0029940119760479
"f","Bird Observatory","PUF_MBO_01","20/05/2024","03/06/2024","Hydropsychidae_41030",7,0.0029940119760479
"f","Bird Observatory","PUF_MBO_01","20/05/2024","03/06/2024","Braconidae_7402",1,0.000427715996578272
"f","Bird Observatory","PUF_MBO_02","03/06/2024","17/06/2024","Noctuidae_7100",8009,0.518684023055502
"f","Bird Observatory","PUF_MBO_02","03/06/2024","17/06/2024","Trombidiidae_83144",7029,0.455216631047212
"f","Bird Observatory","PUF_MBO_02","03/06/2024","17/06/2024",NA,320,0.0207240463700538
"f","Bird Observatory","PUF_MBO_02","03/06/2024","17/06/2024","Pentatomidae_160513",51,0.00330289489022732
"f","Bird Observatory","PUF_MBO_02","03/06/2024","17/06/2024","Chironomidae_7149",21,0.00136001554303478
"f","Bird Observatory","PUF_MBO_02","03/06/2024","17/06/2024","Carabidae_41073",4,0.000259050579625672
"f","Bird Observatory","PUF_MBO_02","03/06/2024","17/06/2024","Helicidae_6533",2,0.000129525289812836
"f","Bird Observatory","PUF_MBO_02","03/06/2024","17/06/2024","Pyralidae_7135",2,0.000129525289812836
"f","Bird Observatory","PUF_MBO_02","03/06/2024","17/06/2024","Bovidae_9895",1,6.4762644906418e-05
"f","Bird Observatory","PUF_MBO_02","03/06/2024","17/06/2024","Cecidomyiidae_33406",1,6.4762644906418e-05
"f","Bird Observatory","PUF_MBO_02","03/06/2024","17/06/2024","Hominidae_9604",1,6.4762644906418e-05
"f","Bird Observatory","PUF_MBO_03","17/06/2024","01/07/2024","Pentatomidae_160513",305,0.350574712643678
"f","Bird Observatory","PUF_MBO_03","17/06/2024","01/07/2024",NA,269,0.309195402298851
"f","Bird Observatory","PUF_MBO_03","17/06/2024","01/07/2024","Philodromidae_243501",139,0.159770114942529
"f","Bird Observatory","PUF_MBO_03","17/06/2024","01/07/2024","Phytoseiidae_34636",58,0.0666666666666667
"f","Bird Observatory","PUF_MBO_03","17/06/2024","01/07/2024","Pyralidae_7135",29,0.0333333333333333
"f","Bird Observatory","PUF_MBO_03","17/06/2024","01/07/2024","Eriophyidae_70320",27,0.0310344827586207
"f","Bird Observatory","PUF_MBO_03","17/06/2024","01/07/2024","Hominidae_9604",12,0.0137931034482759
"f","Bird Observatory","PUF_MBO_03","17/06/2024","01/07/2024","Braconidae_7402",9,0.0103448275862069
"f","Bird Observatory","PUF_MBO_03","17/06/2024","01/07/2024","Dipodidae_30648",9,0.0103448275862069
"f","Bird Observatory","PUF_MBO_03","17/06/2024","01/07/2024","Ephydridae_48991",5,0.00574712643678161
"f","Bird Observatory","PUF_MBO_03","17/06/2024","01/07/2024","Corinnidae_243491",3,0.00344827586206897
"f","Bird Observatory","PUF_MBO_03","17/06/2024","01/07/2024","Pterophoridae_186111",2,0.00229885057471264
"f","Bird Observatory","PUF_MBO_03","17/06/2024","01/07/2024","Tydeidae_708320",2,0.00229885057471264
"f","Bird Observatory","PUF_MBO_03","17/06/2024","01/07/2024","Carabidae_41073",1,0.00114942528735632
"f","Bird Observatory","PUF_MBO_04","01/07/2024","15/07/2024","Pentatomidae_160513",514,0.451669595782074
"f","Bird Observatory","PUF_MBO_04","01/07/2024","15/07/2024","Bovidae_9895",309,0.271528998242531
"f","Bird Observatory","PUF_MBO_04","01/07/2024","15/07/2024",NA,303,0.266256590509666
"f","Bird Observatory","PUF_MBO_04","01/07/2024","15/07/2024","Pyralidae_7135",7,0.00615114235500879
"f","Bird Observatory","PUF_MBO_04","01/07/2024","15/07/2024","Hominidae_9604",5,0.00439367311072056
"f","Bird Observatory","PUF_MBO_05","15/07/2024","29/07/2024","Tortricidae_7139",8556,0.908569608155464
"f","Bird Observatory","PUF_MBO_05","15/07/2024","29/07/2024","Pentatomidae_160513",425,0.0451311458001487
"f","Bird Observatory","PUF_MBO_05","15/07/2024","29/07/2024",NA,288,0.0305829882128066
"f","Bird Observatory","PUF_MBO_05","15/07/2024","29/07/2024","Succineidae_73114",55,0.00584050122119571
"f","Bird Observatory","PUF_MBO_05","15/07/2024","29/07/2024","Culicidae_7157",26,0.00276096421365615
"f","Bird Observatory","PUF_MBO_05","15/07/2024","29/07/2024","Hominidae_9604",20,0.00212381862588935
"f","Bird Observatory","PUF_MBO_05","15/07/2024","29/07/2024","Miridae_30083",14,0.00148667303812254
"f","Bird Observatory","PUF_MBO_05","15/07/2024","29/07/2024","Eriophyidae_70320",10,0.00106190931294467
"f","Bird Observatory","PUF_MBO_05","15/07/2024","29/07/2024","Pyralidae_7135",9,0.000955718381650207
"f","Bird Observatory","PUF_MBO_05","15/07/2024","29/07/2024","Braconidae_7402",8,0.00084952745035574
"f","Bird Observatory","PUF_MBO_05","15/07/2024","29/07/2024","Cecidomyiidae_33406",3,0.000318572793883402
"f","Bird Observatory","PUF_MBO_05","15/07/2024","29/07/2024","Tydeidae_708320",3,0.000318572793883402
"f","Bird Observatory","PUF_MBO_06","29/07/2024","12/08/2024","Pentatomidae_160513",617,0.54553492484527
"f","Bird Observatory","PUF_MBO_06","29/07/2024","12/08/2024",NA,493,0.435897435897436
"f","Bird Observatory","PUF_MBO_06","29/07/2024","12/08/2024","Miridae_30083",14,0.0123784261715296
"f","Bird Observatory","PUF_MBO_06","29/07/2024","12/08/2024","Aphididae_27482",2,0.0017683465959328
"f","Bird Observatory","PUF_MBO_06","29/07/2024","12/08/2024","Cecidomyiidae_33406",2,0.0017683465959328
"f","Bird Observatory","PUF_MBO_06","29/07/2024","12/08/2024","Pyralidae_7135",2,0.0017683465959328
"f","Bird Observatory","PUF_MBO_06","29/07/2024","12/08/2024","Phytoseiidae_34636",1,0.000884173297966401
"f","Bird Observatory","PUF_MBO_07","12/08/2024","26/08/2024","Pentatomidae_160513",1168,0.539242843951985
"f","Bird Observatory","PUF_MBO_07","12/08/2024","26/08/2024",NA,863,0.398430286241921
"f","Bird Observatory","PUF_MBO_07","12/08/2024","26/08/2024","Pyralidae_7135",55,0.0253924284395199
"f","Bird Observatory","PUF_MBO_07","12/08/2024","26/08/2024","Bourletiellidae_187607",18,0.00831024930747922
"f","Bird Observatory","PUF_MBO_07","12/08/2024","26/08/2024","Zygaenidae_115354",12,0.00554016620498615
"f","Bird Observatory","PUF_MBO_07","12/08/2024","26/08/2024","Sminthurididae_187696",8,0.00369344413665743
"f","Bird Observatory","PUF_MBO_07","12/08/2024","26/08/2024","Culicidae_7157",7,0.00323176361957525
"f","Bird Observatory","PUF_MBO_07","12/08/2024","26/08/2024","Chironomidae_7149",6,0.00277008310249307
"f","Bird Observatory","PUF_MBO_07","12/08/2024","26/08/2024","Cecidomyiidae_33406",5,0.0023084025854109
"f","Bird Observatory","PUF_MBO_07","12/08/2024","26/08/2024","Ichneumonidae_7408",5,0.0023084025854109
"f","Bird Observatory","PUF_MBO_07","12/08/2024","26/08/2024","Limoniidae_43823",5,0.0023084025854109
"f","Bird Observatory","PUF_MBO_07","12/08/2024","26/08/2024","Aphididae_27482",3,0.00138504155124654
"f","Bird Observatory","PUF_MBO_07","12/08/2024","26/08/2024","Cicadellidae_30102",3,0.00138504155124654
"f","Bird Observatory","PUF_MBO_07","12/08/2024","26/08/2024","Carabidae_41073",2,0.000923361034164358
"f","Bird Observatory","PUF_MBO_07","12/08/2024","26/08/2024","Eriophyidae_70320",2,0.000923361034164358
"f","Bird Observatory","PUF_MBO_07","12/08/2024","26/08/2024","Aleyrodidae_7036",1,0.000461680517082179
"f","Bird Observatory","PUF_MBO_07","12/08/2024","26/08/2024","Corylophidae_196998",1,0.000461680517082179
"f","Bird Observatory","PUF_MBO_07","12/08/2024","26/08/2024","Crambidae_268499",1,0.000461680517082179
"f","Bird Observatory","PUF_MBO_07","12/08/2024","26/08/2024","Syrphidae_34680",1,0.000461680517082179
"f","Bird Observatory","PUF_MBO_08","26/08/2024","09/09/2024","Pentatomidae_160513",1256,0.623015873015873
"f","Bird Observatory","PUF_MBO_08","26/08/2024","09/09/2024",NA,700,0.347222222222222
"f","Bird Observatory","PUF_MBO_08","26/08/2024","09/09/2024","Pyralidae_7135",20,0.00992063492063492
"f","Bird Observatory","PUF_MBO_08","26/08/2024","09/09/2024","Myrmeleontidae_27427",8,0.00396825396825397
"f","Bird Observatory","PUF_MBO_08","26/08/2024","09/09/2024","Succineidae_73114",8,0.00396825396825397
"f","Bird Observatory","PUF_MBO_08","26/08/2024","09/09/2024","Corinnidae_243491",7,0.00347222222222222
"f","Bird Observatory","PUF_MBO_08","26/08/2024","09/09/2024","Culicidae_7157",7,0.00347222222222222
"f","Bird Observatory","PUF_MBO_08","26/08/2024","09/09/2024","Cecidomyiidae_33406",5,0.00248015873015873
"f","Bird Observatory","PUF_MBO_08","26/08/2024","09/09/2024","Hominidae_9604",3,0.00148809523809524
"f","Bird Observatory","PUF_MBO_08","26/08/2024","09/09/2024","Eriophyidae_70320",2,0.000992063492063492
"f","Bird Observatory","PUF_MBO_09","09/09/2024","23/09/2024","Pentatomidae_160513",1908,0.65075034106412
"f","Bird Observatory","PUF_MBO_09","09/09/2024","23/09/2024",NA,925,0.315484311050477
"f","Bird Observatory","PUF_MBO_09","09/09/2024","23/09/2024","Bovidae_9895",47,0.0160300136425648
"f","Bird Observatory","PUF_MBO_09","09/09/2024","23/09/2024","Pyralidae_7135",30,0.0102319236016371
"f","Bird Observatory","PUF_MBO_09","09/09/2024","23/09/2024","Hominidae_9604",9,0.00306957708049113
"f","Bird Observatory","PUF_MBO_09","09/09/2024","23/09/2024","Eurytomidae_75200",7,0.00238744884038199
"f","Bird Observatory","PUF_MBO_09","09/09/2024","23/09/2024","Succineidae_73114",6,0.00204638472032742
"f","Bird Observatory","PUF_MBO_10","23/09/2024","07/10/2024",NA,846,0.495316159250585
"f","Bird Observatory","PUF_MBO_10","23/09/2024","07/10/2024","Pentatomidae_160513",812,0.475409836065574
"f","Bird Observatory","PUF_MBO_10","23/09/2024","07/10/2024","Crambidae_268499",22,0.0128805620608899
"f","Bird Observatory","PUF_MBO_10","23/09/2024","07/10/2024","Katiannidae_187603",12,0.00702576112412178
"f","Bird Observatory","PUF_MBO_10","23/09/2024","07/10/2024","Carabidae_41073",5,0.00292740046838408
"f","Bird Observatory","PUF_MBO_10","23/09/2024","07/10/2024","Pyralidae_7135",4,0.00234192037470726
"f","Bird Observatory","PUF_MBO_10","23/09/2024","07/10/2024","Ceratozetidae_229841",3,0.00175644028103044
"f","Bird Observatory","PUF_MBO_10","23/09/2024","07/10/2024","Hominidae_9604",3,0.00175644028103044
"f","Bird Observatory","PUF_MBO_10","23/09/2024","07/10/2024","Trombidiidae_83144",1,0.000585480093676815
"f","Botanical Garden","PUF_BOT_01","17/05/2024","31/05/2024",NA,514,0.62227602905569
"f","Botanical Garden","PUF_BOT_01","17/05/2024","31/05/2024","Pyralidae_7135",92,0.11138014527845
"f","Botanical Garden","PUF_BOT_01","17/05/2024","31/05/2024","Phytoptidae_1221082",75,0.0907990314769976
"f","Botanical Garden","PUF_BOT_01","17/05/2024","31/05/2024","Chironomidae_7149",42,0.0508474576271186
"f","Botanical Garden","PUF_BOT_01","17/05/2024","31/05/2024","Aphididae_27482",36,0.0435835351089588
"f","Botanical Garden","PUF_BOT_01","17/05/2024","31/05/2024","Hominidae_9604",36,0.0435835351089588
"f","Botanical Garden","PUF_BOT_01","17/05/2024","31/05/2024","Hydropsychidae_41030",25,0.0302663438256659
"f","Botanical Garden","PUF_BOT_01","17/05/2024","31/05/2024","Corinnidae_243491",6,0.00726392251815981
"f","Botanical Garden","PUF_BOT_02","31/05/2024","14/06/2024",NA,1948,0.801646090534979
"f","Botanical Garden","PUF_BOT_02","31/05/2024","14/06/2024","Pentatomidae_160513",134,0.0551440329218107
"f","Botanical Garden","PUF_BOT_02","31/05/2024","14/06/2024","Noctuidae_7100",109,0.0448559670781893
"f","Botanical Garden","PUF_BOT_02","31/05/2024","14/06/2024","Tydeidae_708320",57,0.0234567901234568
"f","Botanical Garden","PUF_BOT_02","31/05/2024","14/06/2024","Eriophyidae_70320",42,0.0172839506172839
"f","Botanical Garden","PUF_BOT_02","31/05/2024","14/06/2024","Corinnidae_243491",21,0.00864197530864197
"f","Botanical Garden","PUF_BOT_02","31/05/2024","14/06/2024","Bourletiellidae_187607",20,0.00823045267489712
"f","Botanical Garden","PUF_BOT_02","31/05/2024","14/06/2024","Dipodidae_30648",20,0.00823045267489712
"f","Botanical Garden","PUF_BOT_02","31/05/2024","14/06/2024","Pyralidae_7135",18,0.00740740740740741
"f","Botanical Garden","PUF_BOT_02","31/05/2024","14/06/2024","Sminthurididae_187696",18,0.00740740740740741
"f","Botanical Garden","PUF_BOT_02","31/05/2024","14/06/2024","Hominidae_9604",17,0.00699588477366255
"f","Botanical Garden","PUF_BOT_02","31/05/2024","14/06/2024","Muscidae_7366",8,0.00329218106995885
"f","Botanical Garden","PUF_BOT_02","31/05/2024","14/06/2024","Miridae_30083",7,0.00288065843621399
"f","Botanical Garden","PUF_BOT_02","31/05/2024","14/06/2024","Chironomidae_7149",6,0.00246913580246914
"f","Botanical Garden","PUF_BOT_02","31/05/2024","14/06/2024","Icteridae_164646",2,0.000823045267489712
"f","Botanical Garden","PUF_BOT_02","31/05/2024","14/06/2024","Formicidae_36668",1,0.000411522633744856
"f","Botanical Garden","PUF_BOT_02","31/05/2024","14/06/2024","Procyonidae_9647",1,0.000411522633744856
"f","Botanical Garden","PUF_BOT_02","31/05/2024","14/06/2024","Syrphidae_34680",1,0.000411522633744856
"f","Botanical Garden","PUF_BOT_03","24/06/2024","28/06/2024","Bovidae_9895",88,1
"f","Botanical Garden","PUF_BOT_04","28/06/2024","12/07/2024","Pentatomidae_160513",524,0.54869109947644
"f","Botanical Garden","PUF_BOT_04","28/06/2024","12/07/2024",NA,228,0.238743455497382
"f","Botanical Garden","PUF_BOT_04","28/06/2024","12/07/2024","Asteiidae_286485",140,0.146596858638743
"f","Botanical Garden","PUF_BOT_04","28/06/2024","12/07/2024","Pyralidae_7135",43,0.0450261780104712
"f","Botanical Garden","PUF_BOT_04","28/06/2024","12/07/2024","Chironomidae_7149",8,0.00837696335078534
"f","Botanical Garden","PUF_BOT_04","28/06/2024","12/07/2024","Coccinellidae_7080",8,0.00837696335078534
"f","Botanical Garden","PUF_BOT_04","28/06/2024","12/07/2024","Hominidae_9604",3,0.0031413612565445
"f","Botanical Garden","PUF_BOT_04","28/06/2024","12/07/2024","Bovidae_9895",1,0.00104712041884817
"f","Botanical Garden","PUF_BOT_05","12/07/2024","26/07/2024","Pentatomidae_160513",569,0.366387636831938
"f","Botanical Garden","PUF_BOT_05","12/07/2024","26/07/2024",NA,414,0.266580811332904
"f","Botanical Garden","PUF_BOT_05","12/07/2024","26/07/2024","Cecidomyiidae_33406",382,0.245975531229878
"f","Botanical Garden","PUF_BOT_05","12/07/2024","26/07/2024","Bovidae_9895",61,0.0392788151963941
"f","Botanical Garden","PUF_BOT_05","12/07/2024","26/07/2024","Pyralidae_7135",55,0.0354153251770766
"f","Botanical Garden","PUF_BOT_05","12/07/2024","26/07/2024","Eriophyidae_70320",49,0.0315518351577592
"f","Botanical Garden","PUF_BOT_05","12/07/2024","26/07/2024","Triophtydeidae_2461247",10,0.00643915003219575
"f","Botanical Garden","PUF_BOT_05","12/07/2024","26/07/2024","Scarabaeidae_7055",4,0.0025756600128783
"f","Botanical Garden","PUF_BOT_05","12/07/2024","26/07/2024","Asteiidae_286485",3,0.00193174500965873
"f","Botanical Garden","PUF_BOT_05","12/07/2024","26/07/2024","Hominidae_9604",3,0.00193174500965873
"f","Botanical Garden","PUF_BOT_05","12/07/2024","26/07/2024","Aphididae_27482",2,0.00128783000643915
"f","Botanical Garden","PUF_BOT_05","12/07/2024","26/07/2024","Trombidiidae_83144",1,0.000643915003219575
"f","Botanical Garden","PUF_BOT_06","26/07/2024","09/08/2024","Pyralidae_7135",17798,0.890122530632658
"f","Botanical Garden","PUF_BOT_06","26/07/2024","09/08/2024","Pentatomidae_160513",822,0.0411102775693923
"f","Botanical Garden","PUF_BOT_06","26/07/2024","09/08/2024","Hominidae_9604",715,0.0357589397349337
"f","Botanical Garden","PUF_BOT_06","26/07/2024","09/08/2024",NA,289,0.0144536134033508
"f","Botanical Garden","PUF_BOT_06","26/07/2024","09/08/2024","Miridae_30083",88,0.00440110027506877
"f","Botanical Garden","PUF_BOT_06","26/07/2024","09/08/2024","Carabidae_41073",86,0.0043010752688172
"f","Botanical Garden","PUF_BOT_06","26/07/2024","09/08/2024","Aphididae_27482",42,0.00210052513128282
"f","Botanical Garden","PUF_BOT_06","26/07/2024","09/08/2024","Formicidae_36668",31,0.00155038759689922
"f","Botanical Garden","PUF_BOT_06","26/07/2024","09/08/2024","Chironomidae_7149",29,0.00145036259064766
"f","Botanical Garden","PUF_BOT_06","26/07/2024","09/08/2024","Zygaenidae_115354",24,0.00120030007501875
"f","Botanical Garden","PUF_BOT_06","26/07/2024","09/08/2024","Tortricidae_7139",23,0.00115028757189297
"f","Botanical Garden","PUF_BOT_06","26/07/2024","09/08/2024","Sciuridae_55153",12,0.000600150037509377
"f","Botanical Garden","PUF_BOT_06","26/07/2024","09/08/2024","Tydeidae_708320",8,0.000400100025006252
"f","Botanical Garden","PUF_BOT_06","26/07/2024","09/08/2024","Phalacridae_196986",5,0.000250062515628907
"f","Botanical Garden","PUF_BOT_06","26/07/2024","09/08/2024","Triophtydeidae_2461247",5,0.000250062515628907
"f","Botanical Garden","PUF_BOT_06","26/07/2024","09/08/2024","Cecidomyiidae_33406",4,0.000200050012503126
"f","Botanical Garden","PUF_BOT_06","26/07/2024","09/08/2024","Eriophyidae_70320",3,0.000150037509377344
"f","Botanical Garden","PUF_BOT_06","26/07/2024","09/08/2024","Aleyrodidae_7036",2,0.000100025006251563
"f","Botanical Garden","PUF_BOT_06","26/07/2024","09/08/2024","Phoridae_36164",2,0.000100025006251563
"f","Botanical Garden","PUF_BOT_06","26/07/2024","09/08/2024","Succineidae_73114",2,0.000100025006251563
"f","Botanical Garden","PUF_BOT_06","26/07/2024","09/08/2024","Nymphalidae_33415",1,5.00125031257814e-05
"f","Botanical Garden","PUF_BOT_06","26/07/2024","09/08/2024","Phasianidae_9005",1,5.00125031257814e-05
"f","Botanical Garden","PUF_BOT_06","26/07/2024","09/08/2024","Phylloxeridae_33384",1,5.00125031257814e-05
"f","Botanical Garden","PUF_BOT_06","26/07/2024","09/08/2024","Sapphirinidae_545089",1,5.00125031257814e-05
"f","Botanical Garden","PUF_BOT_06","26/07/2024","09/08/2024","Tarsonemidae_133229",1,5.00125031257814e-05
"f","Botanical Garden","PUF_BOT_07","09/08/2024","23/08/2024","Pentatomidae_160513",1975,0.728513463666544
"f","Botanical Garden","PUF_BOT_07","09/08/2024","23/08/2024",NA,546,0.201401696790852
"f","Botanical Garden","PUF_BOT_07","09/08/2024","23/08/2024","Tarsonemidae_133229",96,0.0354112873478421
"f","Botanical Garden","PUF_BOT_07","09/08/2024","23/08/2024","Pyralidae_7135",43,0.015861305791221
"f","Botanical Garden","PUF_BOT_07","09/08/2024","23/08/2024","Hominidae_9604",17,0.00627074880118038
"f","Botanical Garden","PUF_BOT_07","09/08/2024","23/08/2024","Tydeidae_708320",17,0.00627074880118038
"f","Botanical Garden","PUF_BOT_07","09/08/2024","23/08/2024","Eriophyidae_70320",13,0.00479527849502029
"f","Botanical Garden","PUF_BOT_07","09/08/2024","23/08/2024","Ichneumonidae_7408",3,0.00110660272962007
"f","Botanical Garden","PUF_BOT_07","09/08/2024","23/08/2024","Crambidae_268499",1,0.000368867576540022
"f","Botanical Garden","PUF_BOT_08","23/08/2024","06/09/2024","Pentatomidae_160513",574,0.458466453674121
"f","Botanical Garden","PUF_BOT_08","23/08/2024","06/09/2024",NA,469,0.374600638977636
"f","Botanical Garden","PUF_BOT_08","23/08/2024","06/09/2024","Eriophyidae_70320",65,0.0519169329073482
"f","Botanical Garden","PUF_BOT_08","23/08/2024","06/09/2024","Formicidae_36668",41,0.0327476038338658
"f","Botanical Garden","PUF_BOT_08","23/08/2024","06/09/2024","Tydeidae_708320",34,0.0271565495207668
"f","Botanical Garden","PUF_BOT_08","23/08/2024","06/09/2024","Cecidomyiidae_33406",29,0.0231629392971246
"f","Botanical Garden","PUF_BOT_08","23/08/2024","06/09/2024","Pyralidae_7135",12,0.00958466453674121
"f","Botanical Garden","PUF_BOT_08","23/08/2024","06/09/2024","Acrididae_7002",7,0.00559105431309904
"f","Botanical Garden","PUF_BOT_08","23/08/2024","06/09/2024","Ulidiidae_43848",7,0.00559105431309904
"f","Botanical Garden","PUF_BOT_08","23/08/2024","06/09/2024","Hominidae_9604",6,0.00479233226837061
"f","Botanical Garden","PUF_BOT_08","23/08/2024","06/09/2024","Limoniidae_43823",5,0.00399361022364217
"f","Botanical Garden","PUF_BOT_08","23/08/2024","06/09/2024","Phylloxeridae_33384",2,0.00159744408945687
"f","Botanical Garden","PUF_BOT_08","23/08/2024","06/09/2024","Bovidae_9895",1,0.000798722044728434
"f","Botanical Garden","PUF_BOT_09","06/09/2024","20/09/2024","Pentatomidae_160513",1113,0.73953488372093
"f","Botanical Garden","PUF_BOT_09","06/09/2024","20/09/2024",NA,202,0.13421926910299
"f","Botanical Garden","PUF_BOT_09","06/09/2024","20/09/2024","Pyralidae_7135",155,0.102990033222591
"f","Botanical Garden","PUF_BOT_09","06/09/2024","20/09/2024","Hominidae_9604",11,0.00730897009966777
"f","Botanical Garden","PUF_BOT_09","06/09/2024","20/09/2024","Eriophyidae_70320",5,0.00332225913621262
"f","Botanical Garden","PUF_BOT_09","06/09/2024","20/09/2024","Cantharidae_41097",4,0.0026578073089701
"f","Botanical Garden","PUF_BOT_09","06/09/2024","20/09/2024","Limoniidae_43823",4,0.0026578073089701
"f","Botanical Garden","PUF_BOT_09","06/09/2024","20/09/2024","Succineidae_73114",3,0.00199335548172757
"f","Botanical Garden","PUF_BOT_09","06/09/2024","20/09/2024","Agriolimacidae_147582",2,0.00132890365448505
"f","Botanical Garden","PUF_BOT_09","06/09/2024","20/09/2024","Sciuridae_55153",2,0.00132890365448505
"f","Botanical Garden","PUF_BOT_09","06/09/2024","20/09/2024","Theridiidae_34643",2,0.00132890365448505
"f","Botanical Garden","PUF_BOT_09","06/09/2024","20/09/2024","Aphididae_27482",1,0.000664451827242525
"f","Botanical Garden","PUF_BOT_09","06/09/2024","20/09/2024","Formicidae_36668",1,0.000664451827242525
"f","Botanical Garden","PUF_BOT_10","20/09/2024","04/10/2024","Pentatomidae_160513",2761,0.716584479626265
"f","Botanical Garden","PUF_BOT_10","20/09/2024","04/10/2024",NA,684,0.177524007267065
"f","Botanical Garden","PUF_BOT_10","20/09/2024","04/10/2024","Bovidae_9895",327,0.0848689332987283
"f","Botanical Garden","PUF_BOT_10","20/09/2024","04/10/2024","Pyralidae_7135",81,0.0210225798079419
"f","Boucherville","PUF_BOU_01","27/05/2024","10/06/2024",NA,237,0.94047619047619
"f","Boucherville","PUF_BOU_01","27/05/2024","10/06/2024","Chironomidae_7149",6,0.0238095238095238
"f","Boucherville","PUF_BOU_01","27/05/2024","10/06/2024","Sciaridae_7184",3,0.0119047619047619
"f","Boucherville","PUF_BOU_01","27/05/2024","10/06/2024","Aphididae_27482",2,0.00793650793650794
"f","Boucherville","PUF_BOU_01","27/05/2024","10/06/2024","Hominidae_9604",2,0.00793650793650794
"f","Boucherville","PUF_BOU_01","27/05/2024","10/06/2024","Pentatomidae_160513",2,0.00793650793650794
"f","Boucherville","PUF_BOU_02","10/06/2024","24/06/2024","Bourletiellidae_187607",344,0.324528301886792
"f","Boucherville","PUF_BOU_02","10/06/2024","24/06/2024",NA,270,0.254716981132075
"f","Boucherville","PUF_BOU_02","10/06/2024","24/06/2024","Tipulidae_41042",238,0.224528301886792
"f","Boucherville","PUF_BOU_02","10/06/2024","24/06/2024","Acaridae_41442",76,0.0716981132075472
"f","Boucherville","PUF_BOU_02","10/06/2024","24/06/2024","Pentatomidae_160513",35,0.0330188679245283
"f","Boucherville","PUF_BOU_02","10/06/2024","24/06/2024","Hominidae_9604",34,0.0320754716981132
"f","Boucherville","PUF_BOU_02","10/06/2024","24/06/2024","Cantharidae_41097",24,0.0226415094339623
"f","Boucherville","PUF_BOU_02","10/06/2024","24/06/2024","Pyralidae_7135",21,0.019811320754717
"f","Boucherville","PUF_BOU_02","10/06/2024","24/06/2024","Eriophyidae_70320",9,0.00849056603773585
"f","Boucherville","PUF_BOU_02","10/06/2024","24/06/2024","Dipodidae_30648",8,0.00754716981132075
"f","Boucherville","PUF_BOU_02","10/06/2024","24/06/2024","Oribatulidae_1427652",1,0.000943396226415094
"f","Boucherville","PUF_BOU_03","24/06/2024","08/07/2024",NA,326,0.499234303215926
"f","Boucherville","PUF_BOU_03","24/06/2024","08/07/2024","Pentatomidae_160513",127,0.194486983154671
"f","Boucherville","PUF_BOU_03","24/06/2024","08/07/2024","Bourletiellidae_187607",83,0.127105666156202
"f","Boucherville","PUF_BOU_03","24/06/2024","08/07/2024","Bovidae_9895",57,0.0872894333843798
"f","Boucherville","PUF_BOU_03","24/06/2024","08/07/2024","Tydeidae_708320",22,0.0336906584992343
"f","Boucherville","PUF_BOU_03","24/06/2024","08/07/2024","Pyralidae_7135",17,0.0260336906584992
"f","Boucherville","PUF_BOU_03","24/06/2024","08/07/2024","Eriophyidae_70320",13,0.0199081163859112
"f","Boucherville","PUF_BOU_03","24/06/2024","08/07/2024","Acrididae_7002",8,0.0122511485451761
"f","Boucherville","PUF_BOU_04","08/07/2024","22/07/2024","Pentatomidae_160513",281,0.468333333333333
"f","Boucherville","PUF_BOU_04","08/07/2024","22/07/2024",NA,194,0.323333333333333
"f","Boucherville","PUF_BOU_04","08/07/2024","22/07/2024","Chironomidae_7149",46,0.0766666666666667
"f","Boucherville","PUF_BOU_04","08/07/2024","22/07/2024","Acrididae_7002",32,0.0533333333333333
"f","Boucherville","PUF_BOU_04","08/07/2024","22/07/2024","Pyralidae_7135",24,0.04
"f","Boucherville","PUF_BOU_04","08/07/2024","22/07/2024","Bourletiellidae_187607",8,0.0133333333333333
"f","Boucherville","PUF_BOU_04","08/07/2024","22/07/2024","Carabidae_41073",7,0.0116666666666667
"f","Boucherville","PUF_BOU_04","08/07/2024","22/07/2024","Hominidae_9604",4,0.00666666666666667
"f","Boucherville","PUF_BOU_04","08/07/2024","22/07/2024","Bovidae_9895",3,0.005
"f","Boucherville","PUF_BOU_04","08/07/2024","22/07/2024","Formicidae_36668",1,0.00166666666666667
"f","Boucherville","PUF_BOU_05","22/07/2024","05/08/2024","Pentatomidae_160513",1841,0.739060618225612
"f","Boucherville","PUF_BOU_05","22/07/2024","05/08/2024",NA,287,0.11521477318346
"f","Boucherville","PUF_BOU_05","22/07/2024","05/08/2024","Aphididae_27482",155,0.0622240064231232
"f","Boucherville","PUF_BOU_05","22/07/2024","05/08/2024","Scatopsidae_52749",37,0.0148534725010036
"f","Boucherville","PUF_BOU_05","22/07/2024","05/08/2024","Macronyssidae_224534",34,0.0136491368928141
"f","Boucherville","PUF_BOU_05","22/07/2024","05/08/2024","Sciaridae_7184",34,0.0136491368928141
"f","Boucherville","PUF_BOU_05","22/07/2024","05/08/2024","Cecidomyiidae_33406",31,0.0124448012846246
"f","Boucherville","PUF_BOU_05","22/07/2024","05/08/2024","Tydeidae_708320",23,0.00923323966278603
"f","Boucherville","PUF_BOU_05","22/07/2024","05/08/2024","Cantharidae_41097",19,0.00762745885186672
"f","Boucherville","PUF_BOU_05","22/07/2024","05/08/2024","Pyralidae_7135",17,0.00682456844640707
"f","Boucherville","PUF_BOU_05","22/07/2024","05/08/2024","Ichneumonidae_7408",7,0.00281011641910879
"f","Boucherville","PUF_BOU_05","22/07/2024","05/08/2024","Eriophyidae_70320",2,0.000802890405459655
"f","Boucherville","PUF_BOU_05","22/07/2024","05/08/2024","Hominidae_9604",2,0.000802890405459655
"f","Boucherville","PUF_BOU_05","22/07/2024","05/08/2024","Acrididae_7002",1,0.000401445202729827
"f","Boucherville","PUF_BOU_05","22/07/2024","05/08/2024","Corycaeidae_749182",1,0.000401445202729827
"f","Boucherville","PUF_BOU_06","05/08/2024","19/08/2024","Pentatomidae_160513",563,0.640500568828214
"f","Boucherville","PUF_BOU_06","05/08/2024","19/08/2024",NA,204,0.232081911262799
"f","Boucherville","PUF_BOU_06","05/08/2024","19/08/2024","Pyralidae_7135",37,0.0420932878270762
"f","Boucherville","PUF_BOU_06","05/08/2024","19/08/2024","Artemiidae_38009",30,0.0341296928327645
"f","Boucherville","PUF_BOU_06","05/08/2024","19/08/2024","Coenagrionidae_70895",18,0.0204778156996587
"f","Boucherville","PUF_BOU_06","05/08/2024","19/08/2024","Eriophyidae_70320",12,0.0136518771331058
"f","Boucherville","PUF_BOU_06","05/08/2024","19/08/2024","Chironomidae_7149",8,0.00910125142207053
"f","Boucherville","PUF_BOU_06","05/08/2024","19/08/2024","Bourletiellidae_187607",5,0.00568828213879408
"f","Boucherville","PUF_BOU_06","05/08/2024","19/08/2024","Hominidae_9604",1,0.00113765642775882
"f","Boucherville","PUF_BOU_06","05/08/2024","19/08/2024","Pyroglyphidae_6952",1,0.00113765642775882
"f","Boucherville","PUF_BOU_07","19/08/2024","02/09/2024",NA,120,0.368098159509202
"f","Boucherville","PUF_BOU_07","19/08/2024","02/09/2024","Pentatomidae_160513",92,0.282208588957055
"f","Boucherville","PUF_BOU_07","19/08/2024","02/09/2024","Bovidae_9895",60,0.184049079754601
"f","Boucherville","PUF_BOU_07","19/08/2024","02/09/2024","Bourletiellidae_187607",53,0.162576687116564
"f","Boucherville","PUF_BOU_07","19/08/2024","02/09/2024","Miridae_30083",1,0.00306748466257669
"f","Boucherville","PUF_BOU_08","02/09/2024","16/09/2024","Pentatomidae_160513",1701,0.749669457910974
"f","Boucherville","PUF_BOU_08","02/09/2024","16/09/2024",NA,458,0.201851035698546
"f","Boucherville","PUF_BOU_08","02/09/2024","16/09/2024","Dipodidae_30648",32,0.0141031291317761
"f","Boucherville","PUF_BOU_08","02/09/2024","16/09/2024","Pyralidae_7135",22,0.00969590127809608
"f","Boucherville","PUF_BOU_08","02/09/2024","16/09/2024","Braconidae_7402",19,0.00837373292199207
"f","Boucherville","PUF_BOU_08","02/09/2024","16/09/2024","Chironomidae_7149",17,0.00749228735125606
"f","Boucherville","PUF_BOU_08","02/09/2024","16/09/2024","Psychodidae_7197",13,0.00572939620978405
"f","Boucherville","PUF_BOU_08","02/09/2024","16/09/2024","Hominidae_9604",3,0.00132216835610401
"f","Boucherville","PUF_BOU_08","02/09/2024","16/09/2024","Formicidae_36668",2,0.000881445570736007
"f","Boucherville","PUF_BOU_08","02/09/2024","16/09/2024","Triophtydeidae_2461247",2,0.000881445570736007
"f","Boucherville","PUF_BOU_09","16/09/2024","30/09/2024","Pentatomidae_160513",1261,0.689824945295405
"f","Boucherville","PUF_BOU_09","16/09/2024","30/09/2024",NA,307,0.167943107221007
"f","Boucherville","PUF_BOU_09","16/09/2024","30/09/2024","Eriophyidae_70320",118,0.0645514223194748
"f","Boucherville","PUF_BOU_09","16/09/2024","30/09/2024","Hominidae_9604",68,0.037199124726477
"f","Boucherville","PUF_BOU_09","16/09/2024","30/09/2024","Dipodidae_30648",21,0.0114879649890591
"f","Boucherville","PUF_BOU_09","16/09/2024","30/09/2024","Carabidae_41073",19,0.0103938730853392
"f","Boucherville","PUF_BOU_09","16/09/2024","30/09/2024","Pyralidae_7135",17,0.00929978118161926
"f","Boucherville","PUF_BOU_09","16/09/2024","30/09/2024","Agriolimacidae_147582",10,0.00547045951859956
"f","Boucherville","PUF_BOU_09","16/09/2024","30/09/2024","Tarsonemidae_133229",5,0.00273522975929978
"f","Boucherville","PUF_BOU_09","16/09/2024","30/09/2024","Trombidiidae_83144",2,0.00109409190371991
"f","IPEX","PUF_IPEX_01","15/05/2024","29/05/2024","Pentatomidae_160513",48,0.428571428571429
"f","IPEX","PUF_IPEX_01","15/05/2024","29/05/2024",NA,32,0.285714285714286
"f","IPEX","PUF_IPEX_01","15/05/2024","29/05/2024","Bovidae_9895",21,0.1875
"f","IPEX","PUF_IPEX_01","15/05/2024","29/05/2024","Hominidae_9604",7,0.0625
"f","IPEX","PUF_IPEX_01","15/05/2024","29/05/2024","Diptilomiopidae_1336387",3,0.0267857142857143
"f","IPEX","PUF_IPEX_01","15/05/2024","29/05/2024","Pyralidae_7135",1,0.00892857142857143
"f","IPEX","PUF_IPEX_02","29/05/2024","12/06/2024",NA,1300,0.706137968495383
"f","IPEX","PUF_IPEX_02","29/05/2024","12/06/2024","Eriophyidae_70320",155,0.0841933731667572
"f","IPEX","PUF_IPEX_02","29/05/2024","12/06/2024","Pentatomidae_160513",144,0.0782183595871809
"f","IPEX","PUF_IPEX_02","29/05/2024","12/06/2024","Cecidomyiidae_33406",76,0.0412819120043455
"f","IPEX","PUF_IPEX_02","29/05/2024","12/06/2024","Chironomidae_7149",67,0.0363932645301467
"f","IPEX","PUF_IPEX_02","29/05/2024","12/06/2024","Aphididae_27482",23,0.0124932102118414
"f","IPEX","PUF_IPEX_02","29/05/2024","12/06/2024","Triophtydeidae_2461247",18,0.00977729494839761
"f","IPEX","PUF_IPEX_02","29/05/2024","12/06/2024","Pyralidae_7135",17,0.00923411189570885
"f","IPEX","PUF_IPEX_02","29/05/2024","12/06/2024","Coccinellidae_7080",14,0.00760456273764259
"f","IPEX","PUF_IPEX_02","29/05/2024","12/06/2024","Cantharidae_41097",9,0.0048886474741988
"f","IPEX","PUF_IPEX_02","29/05/2024","12/06/2024","Hominidae_9604",8,0.00434546442151005
"f","IPEX","PUF_IPEX_02","29/05/2024","12/06/2024","Bourletiellidae_187607",7,0.00380228136882129
"f","IPEX","PUF_IPEX_02","29/05/2024","12/06/2024","Braconidae_7402",2,0.00108636610537751
"f","IPEX","PUF_IPEX_02","29/05/2024","12/06/2024","Tortricidae_7139",1,0.000543183052688756
"f","IPEX","PUF_IPEX_03","12/06/2024","26/06/2024","Araneidae_6913",9881,0.870342640711706
"f","IPEX","PUF_IPEX_03","12/06/2024","26/06/2024",NA,1041,0.0916938254205937
"f","IPEX","PUF_IPEX_03","12/06/2024","26/06/2024","Pentatomidae_160513",175,0.0154144279045186
"f","IPEX","PUF_IPEX_03","12/06/2024","26/06/2024","Pyralidae_7135",73,0.00643001849731349
"f","IPEX","PUF_IPEX_03","12/06/2024","26/06/2024","Bovidae_9895",52,0.00458028714877125
"f","IPEX","PUF_IPEX_03","12/06/2024","26/06/2024","Eriophyidae_70320",46,0.00405179247775918
"f","IPEX","PUF_IPEX_03","12/06/2024","26/06/2024","Gerridae_36161",24,0.00211397868404827
"f","IPEX","PUF_IPEX_03","12/06/2024","26/06/2024","Miridae_30083",15,0.00132123667753017
"f","IPEX","PUF_IPEX_03","12/06/2024","26/06/2024","Carabidae_41073",13,0.00114507178719281
"f","IPEX","PUF_IPEX_03","12/06/2024","26/06/2024","Macrotrichidae_77757",12,0.00105698934202413
"f","IPEX","PUF_IPEX_03","12/06/2024","26/06/2024","Ceratopogonidae_41819",10,0.000880824451686779
"f","IPEX","PUF_IPEX_03","12/06/2024","26/06/2024","Hominidae_9604",10,0.000880824451686779
"f","IPEX","PUF_IPEX_03","12/06/2024","26/06/2024","Sphecidae_7485",1,8.80824451686779e-05
"f","IPEX","PUF_IPEX_04","26/06/2024","10/07/2024","Pentatomidae_160513",993,0.476030680728667
"f","IPEX","PUF_IPEX_04","26/06/2024","10/07/2024",NA,562,0.269415148609779
"f","IPEX","PUF_IPEX_04","26/06/2024","10/07/2024","Eriophyidae_70320",142,0.0680728667305849
"f","IPEX","PUF_IPEX_04","26/06/2024","10/07/2024","Tydeidae_708320",118,0.0565675934803452
"f","IPEX","PUF_IPEX_04","26/06/2024","10/07/2024","Pyralidae_7135",72,0.0345158197507191
"f","IPEX","PUF_IPEX_04","26/06/2024","10/07/2024","Crambidae_268499",66,0.0316395014381592
"f","IPEX","PUF_IPEX_04","26/06/2024","10/07/2024","Bovidae_9895",48,0.0230105465004794
"f","IPEX","PUF_IPEX_04","26/06/2024","10/07/2024","Acaridae_41442",27,0.0129434324065197
"f","IPEX","PUF_IPEX_04","26/06/2024","10/07/2024","Dipodidae_30648",22,0.0105465004793864
"f","IPEX","PUF_IPEX_04","26/06/2024","10/07/2024","Ichneumonidae_7408",17,0.00814956855225312
"f","IPEX","PUF_IPEX_04","26/06/2024","10/07/2024","Hominidae_9604",10,0.00479386385426654
"f","IPEX","PUF_IPEX_04","26/06/2024","10/07/2024","Tarsonemidae_133229",4,0.00191754554170662
"f","IPEX","PUF_IPEX_04","26/06/2024","10/07/2024","Delphacidae_33362",2,0.000958772770853308
"f","IPEX","PUF_IPEX_04","26/06/2024","10/07/2024","Salticidae_94017",2,0.000958772770853308
"f","IPEX","PUF_IPEX_04","26/06/2024","10/07/2024","Helicidae_6533",1,0.000479386385426654
"f","IPEX","PUF_IPEX_05","10/07/2024","24/07/2024","Pentatomidae_160513",3838,0.635956917978459
"f","IPEX","PUF_IPEX_05","10/07/2024","24/07/2024","Pygmephoridae_1253854",996,0.165037282518641
"f","IPEX","PUF_IPEX_05","10/07/2024","24/07/2024",NA,796,0.131897265948633
"f","IPEX","PUF_IPEX_05","10/07/2024","24/07/2024","Bourletiellidae_187607",130,0.0215410107705054
"f","IPEX","PUF_IPEX_05","10/07/2024","24/07/2024","Eriophyidae_70320",72,0.011930405965203
"f","IPEX","PUF_IPEX_05","10/07/2024","24/07/2024","Hominidae_9604",51,0.00845070422535211
"f","IPEX","PUF_IPEX_05","10/07/2024","24/07/2024","Leptoceridae_50642",27,0.00447390223695112
"f","IPEX","PUF_IPEX_05","10/07/2024","24/07/2024","Miridae_30083",23,0.00381110190555095
"f","IPEX","PUF_IPEX_05","10/07/2024","24/07/2024","Formicidae_36668",16,0.00265120132560066
"f","IPEX","PUF_IPEX_05","10/07/2024","24/07/2024","Pyralidae_7135",15,0.00248550124275062
"f","IPEX","PUF_IPEX_05","10/07/2024","24/07/2024","Aeshnidae_50509",13,0.00215410107705054
"f","IPEX","PUF_IPEX_05","10/07/2024","24/07/2024","Artemiidae_38009",12,0.0019884009942005
"f","IPEX","PUF_IPEX_05","10/07/2024","24/07/2024","Helicidae_6533",12,0.0019884009942005
"f","IPEX","PUF_IPEX_05","10/07/2024","24/07/2024","Tydeidae_708320",8,0.00132560066280033
"f","IPEX","PUF_IPEX_05","10/07/2024","24/07/2024","Aphididae_27482",7,0.00115990057995029
"f","IPEX","PUF_IPEX_05","10/07/2024","24/07/2024","Carabidae_41073",7,0.00115990057995029
"f","IPEX","PUF_IPEX_05","10/07/2024","24/07/2024","Cecidomyiidae_33406",3,0.000497100248550124
"f","IPEX","PUF_IPEX_05","10/07/2024","24/07/2024","Diptilomiopidae_1336387",3,0.000497100248550124
"f","IPEX","PUF_IPEX_05","10/07/2024","24/07/2024","Libellulidae_6964",3,0.000497100248550124
"f","IPEX","PUF_IPEX_05","10/07/2024","24/07/2024","Psyllipsocidae_209977",2,0.000331400165700083
"f","IPEX","PUF_IPEX_05","10/07/2024","24/07/2024","Blastobasidae_173649",1,0.000165700082850041
"f","IPEX","PUF_IPEX_06","24/07/2024","07/08/2024","Pentatomidae_160513",827,0.713546160483175
"f","IPEX","PUF_IPEX_06","24/07/2024","07/08/2024",NA,293,0.252804141501294
"f","IPEX","PUF_IPEX_06","24/07/2024","07/08/2024","Pyralidae_7135",20,0.0172562553925798
"f","IPEX","PUF_IPEX_06","24/07/2024","07/08/2024","Miridae_30083",6,0.00517687661777394
"f","IPEX","PUF_IPEX_06","24/07/2024","07/08/2024","Hominidae_9604",4,0.00345125107851596
"f","IPEX","PUF_IPEX_06","24/07/2024","07/08/2024","Chironomidae_7149",3,0.00258843830888697
"f","IPEX","PUF_IPEX_06","24/07/2024","07/08/2024","Dipodidae_30648",3,0.00258843830888697
"f","IPEX","PUF_IPEX_06","24/07/2024","07/08/2024","Agriolimacidae_147582",1,0.000862812769628991
"f","IPEX","PUF_IPEX_06","24/07/2024","07/08/2024","Polleniidae_54279",1,0.000862812769628991
"f","IPEX","PUF_IPEX_06","24/07/2024","07/08/2024","Tortricidae_7139",1,0.000862812769628991
"f","IPEX","PUF_IPEX_07","07/08/2024","21/08/2024","Pentatomidae_160513",1072,0.585472419442927
"f","IPEX","PUF_IPEX_07","07/08/2024","21/08/2024",NA,665,0.363189513926816
"f","IPEX","PUF_IPEX_07","07/08/2024","21/08/2024","Pyralidae_7135",53,0.0289459311851447
"f","IPEX","PUF_IPEX_07","07/08/2024","21/08/2024","Ichneumonidae_7408",13,0.0070999453850355
"f","IPEX","PUF_IPEX_07","07/08/2024","21/08/2024","Dipodidae_30648",10,0.00546149645002731
"f","IPEX","PUF_IPEX_07","07/08/2024","21/08/2024","Ephydridae_48991",9,0.00491534680502458
"f","IPEX","PUF_IPEX_07","07/08/2024","21/08/2024","Hominidae_9604",5,0.00273074822501365
"f","IPEX","PUF_IPEX_07","07/08/2024","21/08/2024","Eriophyidae_70320",4,0.00218459858001092
"f","IPEX","PUF_IPEX_08","21/08/2024","04/09/2024","Pentatomidae_160513",1495,0.624738821562892
"f","IPEX","PUF_IPEX_08","21/08/2024","04/09/2024",NA,753,0.314667781027998
"f","IPEX","PUF_IPEX_08","21/08/2024","04/09/2024","Bovidae_9895",70,0.029251984956122
"f","IPEX","PUF_IPEX_08","21/08/2024","04/09/2024","Cecidomyiidae_33406",39,0.0162975344755537
"f","IPEX","PUF_IPEX_08","21/08/2024","04/09/2024","Chironomidae_7149",19,0.00793982448809026
"f","IPEX","PUF_IPEX_08","21/08/2024","04/09/2024","Hominidae_9604",17,0.00710405348934392
"f","IPEX","PUF_IPEX_09","04/09/2024","18/09/2024","Pentatomidae_160513",973,0.739923954372624
"f","IPEX","PUF_IPEX_09","04/09/2024","18/09/2024",NA,264,0.200760456273764
"f","IPEX","PUF_IPEX_09","04/09/2024","18/09/2024","Pyralidae_7135",39,0.0296577946768061
"f","IPEX","PUF_IPEX_09","04/09/2024","18/09/2024","Aphididae_27482",11,0.00836501901140684
"f","IPEX","PUF_IPEX_09","04/09/2024","18/09/2024","Anoeciidae_133074",8,0.00608365019011407
"f","IPEX","PUF_IPEX_09","04/09/2024","18/09/2024","Eriophyidae_70320",5,0.00380228136882129
"f","IPEX","PUF_IPEX_09","04/09/2024","18/09/2024","Hominidae_9604",4,0.00304182509505703
"f","IPEX","PUF_IPEX_09","04/09/2024","18/09/2024","Miridae_30083",3,0.00228136882129278
"f","IPEX","PUF_IPEX_09","04/09/2024","18/09/2024","Ripiphoridae_50533",3,0.00228136882129278
"f","IPEX","PUF_IPEX_09","04/09/2024","18/09/2024","Helicidae_6533",2,0.00152091254752852
"f","IPEX","PUF_IPEX_09","04/09/2024","18/09/2024","Parulidae_400782",2,0.00152091254752852
"f","IPEX","PUF_IPEX_09","04/09/2024","18/09/2024","Chironomidae_7149",1,0.000760456273764259
"f","IPEX","PUF_IPEX_10","18/09/2024","02/10/2024","Pentatomidae_160513",2696,0.600311734580272
"f","IPEX","PUF_IPEX_10","18/09/2024","02/10/2024",NA,883,0.196615453128479
"f","IPEX","PUF_IPEX_10","18/09/2024","02/10/2024","Liposcelididae_2545764",574,0.127811177911378
"f","IPEX","PUF_IPEX_10","18/09/2024","02/10/2024","Pyralidae_7135",161,0.0358494767312403
"f","IPEX","PUF_IPEX_10","18/09/2024","02/10/2024","Chironomidae_7149",84,0.0187040748162993
"f","IPEX","PUF_IPEX_10","18/09/2024","02/10/2024","Noctuidae_7100",23,0.00512135381874861
"f","IPEX","PUF_IPEX_10","18/09/2024","02/10/2024","Formicidae_36668",20,0.00445335114673792
"f","IPEX","PUF_IPEX_10","18/09/2024","02/10/2024","Julidae_41449",20,0.00445335114673792
"f","IPEX","PUF_IPEX_10","18/09/2024","02/10/2024","Aphididae_27482",17,0.00378534847472723
"f","IPEX","PUF_IPEX_10","18/09/2024","02/10/2024","Eriophyidae_70320",7,0.00155867290135827
"f","IPEX","PUF_IPEX_10","18/09/2024","02/10/2024","Agriolimacidae_147582",4,0.000890670229347584
"f","IPEX","PUF_IPEX_10","18/09/2024","02/10/2024","Cricetidae_337677",1,0.000222667557336896
"f","IPEX","PUF_IPEX_10","18/09/2024","02/10/2024","Hominidae_9604",1,0.000222667557336896
"f","Insectarium","Insectarium_Cocoon","10/11/2025","24/11/2025","Acaridae_41442",123,0.45724907063197
"f","Insectarium","Insectarium_Cocoon","10/11/2025","24/11/2025","Bovidae_9895",73,0.271375464684015
"f","Insectarium","Insectarium_Cocoon","10/11/2025","24/11/2025","Artemiidae_38009",36,0.133828996282528
"f","Insectarium","Insectarium_Cocoon","10/11/2025","24/11/2025","Hominidae_9604",36,0.133828996282528
"f","Insectarium","Insectarium_Cocoon","10/11/2025","24/11/2025","Julidae_41449",1,0.00371747211895911
"f","Insectarium","Insectarium_Door","10/11/2025","24/11/2025","Bovidae_9895",48,0.979591836734694
"f","Insectarium","Insectarium_Door","10/11/2025","24/11/2025","Nymphalidae_33415",1,0.0204081632653061
"f","Insectarium","Insectarium_Up","10/11/2025","24/11/2025","Acaridae_41442",1884,1
"f","Jean-Drapeau","PUF_JD_01","22/05/2024","05/06/2024","Erebidae_695564",6071,0.680605381165919
"f","Jean-Drapeau","PUF_JD_01","22/05/2024","05/06/2024","Anystidae_92248",1435,0.160874439461883
"f","Jean-Drapeau","PUF_JD_01","22/05/2024","05/06/2024",NA,854,0.0957399103139013
"f","Jean-Drapeau","PUF_JD_01","22/05/2024","05/06/2024","Blattisociidae_1251892",114,0.012780269058296
"f","Jean-Drapeau","PUF_JD_01","22/05/2024","05/06/2024","Chironomidae_7149",105,0.0117713004484305
"f","Jean-Drapeau","PUF_JD_01","22/05/2024","05/06/2024","Tetragnathidae_27394",76,0.00852017937219731
"f","Jean-Drapeau","PUF_JD_01","22/05/2024","05/06/2024","Pentatomidae_160513",57,0.00639013452914798
"f","Jean-Drapeau","PUF_JD_01","22/05/2024","05/06/2024","Eriophyidae_70320",45,0.00504484304932735
"f","Jean-Drapeau","PUF_JD_01","22/05/2024","05/06/2024","Formicidae_36668",34,0.00381165919282511
"f","Jean-Drapeau","PUF_JD_01","22/05/2024","05/06/2024","Tydeidae_708320",32,0.00358744394618834
"f","Jean-Drapeau","PUF_JD_01","22/05/2024","05/06/2024","Pyralidae_7135",24,0.00269058295964126
"f","Jean-Drapeau","PUF_JD_01","22/05/2024","05/06/2024","Miridae_30083",18,0.00201793721973094
"f","Jean-Drapeau","PUF_JD_01","22/05/2024","05/06/2024","Aphididae_27482",16,0.00179372197309417
"f","Jean-Drapeau","PUF_JD_01","22/05/2024","05/06/2024","Heptageniidae_178295",13,0.00145739910313901
"f","Jean-Drapeau","PUF_JD_01","22/05/2024","05/06/2024","Hominidae_9604",13,0.00145739910313901
"f","Jean-Drapeau","PUF_JD_01","22/05/2024","05/06/2024","Demodicidae_188543",7,0.0007847533632287
"f","Jean-Drapeau","PUF_JD_01","22/05/2024","05/06/2024","Curculionidae_7042",3,0.000336322869955157
"f","Jean-Drapeau","PUF_JD_01","22/05/2024","05/06/2024","Ninidae_257900",2,0.000224215246636771
"f","Jean-Drapeau","PUF_JD_01","22/05/2024","05/06/2024","Hydropsychidae_41030",1,0.000112107623318386
"f","Jean-Drapeau","PUF_JD_02","05/06/2024","19/06/2024","Blastobasidae_173649",13484,0.944257703081232
"f","Jean-Drapeau","PUF_JD_02","05/06/2024","19/06/2024",NA,299,0.0209383753501401
"f","Jean-Drapeau","PUF_JD_02","05/06/2024","19/06/2024","Noctuidae_7100",183,0.0128151260504202
"f","Jean-Drapeau","PUF_JD_02","05/06/2024","19/06/2024","Hydroptilidae_57995",94,0.00658263305322129
"f","Jean-Drapeau","PUF_JD_02","05/06/2024","19/06/2024","Hydropsychidae_41030",46,0.00322128851540616
"f","Jean-Drapeau","PUF_JD_02","05/06/2024","19/06/2024","Chironomidae_7149",31,0.00217086834733894
"f","Jean-Drapeau","PUF_JD_02","05/06/2024","19/06/2024","Tetragnathidae_27394",28,0.00196078431372549
"f","Jean-Drapeau","PUF_JD_02","05/06/2024","19/06/2024","Pyralidae_7135",18,0.00126050420168067
"f","Jean-Drapeau","PUF_JD_02","05/06/2024","19/06/2024","Eriophyidae_70320",16,0.00112044817927171
"f","Jean-Drapeau","PUF_JD_02","05/06/2024","19/06/2024","Philodromidae_243501",13,0.000910364145658263
"f","Jean-Drapeau","PUF_JD_02","05/06/2024","19/06/2024","Tydeidae_708320",11,0.0007703081232493
"f","Jean-Drapeau","PUF_JD_02","05/06/2024","19/06/2024","Icteridae_164646",10,0.000700280112044818
"f","Jean-Drapeau","PUF_JD_02","05/06/2024","19/06/2024","Trichoniscidae_33328",9,0.000630252100840336
"f","Jean-Drapeau","PUF_JD_02","05/06/2024","19/06/2024","Bourletiellidae_187607",7,0.000490196078431373
"f","Jean-Drapeau","PUF_JD_02","05/06/2024","19/06/2024","Julidae_41449",7,0.000490196078431373
"f","Jean-Drapeau","PUF_JD_02","05/06/2024","19/06/2024","Araneidae_6913",6,0.000420168067226891
"f","Jean-Drapeau","PUF_JD_02","05/06/2024","19/06/2024","Pentatomidae_160513",6,0.000420168067226891
"f","Jean-Drapeau","PUF_JD_02","05/06/2024","19/06/2024","Acrididae_7002",5,0.000350140056022409
"f","Jean-Drapeau","PUF_JD_02","05/06/2024","19/06/2024","Hominidae_9604",4,0.000280112044817927
"f","Jean-Drapeau","PUF_JD_02","05/06/2024","19/06/2024","Aphididae_27482",2,0.000140056022408964
"f","Jean-Drapeau","PUF_JD_02","05/06/2024","19/06/2024","Carabidae_41073",1,7.00280112044818e-05
"f","Jean-Drapeau","PUF_JD_03","19/06/2024","03/07/2024",NA,321,0.299161230195713
"f","Jean-Drapeau","PUF_JD_03","19/06/2024","03/07/2024","Miridae_30083",164,0.152842497670084
"f","Jean-Drapeau","PUF_JD_03","19/06/2024","03/07/2024","Pentatomidae_160513",163,0.151910531220876
"f","Jean-Drapeau","PUF_JD_03","19/06/2024","03/07/2024","Hominidae_9604",100,0.0931966449207828
"f","Jean-Drapeau","PUF_JD_03","19/06/2024","03/07/2024","Chloropidae_29032",93,0.0866728797763281
"f","Jean-Drapeau","PUF_JD_03","19/06/2024","03/07/2024","Pyralidae_7135",60,0.0559179869524697
"f","Jean-Drapeau","PUF_JD_03","19/06/2024","03/07/2024","Chironomidae_7149",34,0.0316868592730662
"f","Jean-Drapeau","PUF_JD_03","19/06/2024","03/07/2024","Chrysopidae_7520",31,0.0288909599254427
"f","Jean-Drapeau","PUF_JD_03","19/06/2024","03/07/2024","Pterophoridae_186111",24,0.0223671947809879
"f","Jean-Drapeau","PUF_JD_03","19/06/2024","03/07/2024","Delphacidae_33362",21,0.0195712954333644
"f","Jean-Drapeau","PUF_JD_03","19/06/2024","03/07/2024","Eriophyidae_70320",18,0.0167753960857409
"f","Jean-Drapeau","PUF_JD_03","19/06/2024","03/07/2024","Pygmephoridae_1253854",12,0.0111835973904939
"f","Jean-Drapeau","PUF_JD_03","19/06/2024","03/07/2024","Formicidae_36668",11,0.0102516309412861
"f","Jean-Drapeau","PUF_JD_03","19/06/2024","03/07/2024","Sciaridae_7184",8,0.00745573159366263
"f","Jean-Drapeau","PUF_JD_03","19/06/2024","03/07/2024","Tydeidae_708320",8,0.00745573159366263
"f","Jean-Drapeau","PUF_JD_03","19/06/2024","03/07/2024","Dictynidae_134565",3,0.00279589934762349
"f","Jean-Drapeau","PUF_JD_03","19/06/2024","03/07/2024","Carabidae_41073",1,0.000931966449207828
"f","Jean-Drapeau","PUF_JD_03","19/06/2024","03/07/2024","Ichneumonidae_7408",1,0.000931966449207828
"f","Jean-Drapeau","PUF_JD_04","03/07/2024","17/07/2024","Pentatomidae_160513",996,0.600361663652803
"f","Jean-Drapeau","PUF_JD_04","03/07/2024","17/07/2024","Bovidae_9895",219,0.132007233273056
"f","Jean-Drapeau","PUF_JD_04","03/07/2024","17/07/2024","Tetragnathidae_27394",153,0.0922242314647378
"f","Jean-Drapeau","PUF_JD_04","03/07/2024","17/07/2024","Pyralidae_7135",149,0.0898131404460518
"f","Jean-Drapeau","PUF_JD_04","03/07/2024","17/07/2024",NA,129,0.0777576853526221
"f","Jean-Drapeau","PUF_JD_04","03/07/2024","17/07/2024","Hominidae_9604",7,0.00421940928270042
"f","Jean-Drapeau","PUF_JD_04","03/07/2024","17/07/2024","Carabidae_41073",6,0.00361663652802893
"f","Jean-Drapeau","PUF_JD_05","17/07/2024","31/07/2024","Tetragnathidae_27394",1700,0.401132609721567
"f","Jean-Drapeau","PUF_JD_05","17/07/2024","31/07/2024","Pentatomidae_160513",676,0.159509202453988
"f","Jean-Drapeau","PUF_JD_05","17/07/2024","31/07/2024",NA,495,0.116800377536574
"f","Jean-Drapeau","PUF_JD_05","17/07/2024","31/07/2024","Aphididae_27482",477,0.112553091080698
"f","Jean-Drapeau","PUF_JD_05","17/07/2024","31/07/2024","Pyralidae_7135",297,0.0700802265219443
"f","Jean-Drapeau","PUF_JD_05","17/07/2024","31/07/2024","Chironomidae_7149",258,0.0608777725342143
"f","Jean-Drapeau","PUF_JD_05","17/07/2024","31/07/2024","Eriophyidae_70320",132,0.0311467673430864
"f","Jean-Drapeau","PUF_JD_05","17/07/2024","31/07/2024","Artemiidae_38009",45,0.0106182161396885
"f","Jean-Drapeau","PUF_JD_05","17/07/2024","31/07/2024","Bovidae_9895",45,0.0106182161396885
"f","Jean-Drapeau","PUF_JD_05","17/07/2024","31/07/2024","Latridiidae_196999",38,0.00896649362907032
"f","Jean-Drapeau","PUF_JD_05","17/07/2024","31/07/2024","Cicadellidae_30102",37,0.00873053327041057
"f","Jean-Drapeau","PUF_JD_05","17/07/2024","31/07/2024","Ceratopogonidae_41819",11,0.0025955639452572
"f","Jean-Drapeau","PUF_JD_05","17/07/2024","31/07/2024","Hominidae_9604",11,0.0025955639452572
"f","Jean-Drapeau","PUF_JD_05","17/07/2024","31/07/2024","Theridiidae_34643",7,0.00165172251061822
"f","Jean-Drapeau","PUF_JD_05","17/07/2024","31/07/2024","Araneidae_6913",5,0.00117980179329873
"f","Jean-Drapeau","PUF_JD_05","17/07/2024","31/07/2024","Sciuridae_55153",4,0.000943841434638981
"f","Jean-Drapeau","PUF_JD_06","31/07/2024","14/08/2024","Pentatomidae_160513",3505,0.863513180586351
"f","Jean-Drapeau","PUF_JD_06","31/07/2024","14/08/2024",NA,260,0.0640551860064055
"f","Jean-Drapeau","PUF_JD_06","31/07/2024","14/08/2024","Tetragnathidae_27394",119,0.0293175659029318
"f","Jean-Drapeau","PUF_JD_06","31/07/2024","14/08/2024","Chironomidae_7149",92,0.0226656812022666
"f","Jean-Drapeau","PUF_JD_06","31/07/2024","14/08/2024","Pyralidae_7135",38,0.00936191180093619
"f","Jean-Drapeau","PUF_JD_06","31/07/2024","14/08/2024","Tydeidae_708320",11,0.002710027100271
"f","Jean-Drapeau","PUF_JD_06","31/07/2024","14/08/2024","Formicidae_36668",10,0.00246366100024637
"f","Jean-Drapeau","PUF_JD_06","31/07/2024","14/08/2024","Gryllidae_6995",6,0.00147819660014782
"f","Jean-Drapeau","PUF_JD_06","31/07/2024","14/08/2024","Hydroptilidae_57995",5,0.00123183050012318
"f","Jean-Drapeau","PUF_JD_06","31/07/2024","14/08/2024","Aphididae_27482",4,0.000985464400098546
"f","Jean-Drapeau","PUF_JD_06","31/07/2024","14/08/2024","Corinnidae_243491",3,0.00073909830007391
"f","Jean-Drapeau","PUF_JD_06","31/07/2024","14/08/2024","Demodicidae_188543",2,0.000492732200049273
"f","Jean-Drapeau","PUF_JD_06","31/07/2024","14/08/2024","Cecidomyiidae_33406",1,0.000246366100024637
"f","Jean-Drapeau","PUF_JD_06","31/07/2024","14/08/2024","Elateridae_30009",1,0.000246366100024637
"f","Jean-Drapeau","PUF_JD_06","31/07/2024","14/08/2024","Forficulidae_27437",1,0.000246366100024637
"f","Jean-Drapeau","PUF_JD_06","31/07/2024","14/08/2024","Tipulidae_41042",1,0.000246366100024637
"f","Jean-Drapeau","PUF_JD_07","14/08/2024","28/08/2024","Pentatomidae_160513",2271,0.489861949956859
"f","Jean-Drapeau","PUF_JD_07","14/08/2024","28/08/2024","Coccinellidae_7080",867,0.187014667817084
"f","Jean-Drapeau","PUF_JD_07","14/08/2024","28/08/2024","Hydropsychidae_41030",592,0.127696289905091
"f","Jean-Drapeau","PUF_JD_07","14/08/2024","28/08/2024",NA,542,0.116911130284728
"f","Jean-Drapeau","PUF_JD_07","14/08/2024","28/08/2024","Eriophyidae_70320",98,0.0211389128559103
"f","Jean-Drapeau","PUF_JD_07","14/08/2024","28/08/2024","Miridae_30083",79,0.0170405522001726
"f","Jean-Drapeau","PUF_JD_07","14/08/2024","28/08/2024","Araneidae_6913",53,0.0114322691975841
"f","Jean-Drapeau","PUF_JD_07","14/08/2024","28/08/2024","Pyralidae_7135",53,0.0114322691975841
"f","Jean-Drapeau","PUF_JD_07","14/08/2024","28/08/2024","Formicidae_36668",27,0.00582398619499569
"f","Jean-Drapeau","PUF_JD_07","14/08/2024","28/08/2024","Bourletiellidae_187607",23,0.0049611734253667
"f","Jean-Drapeau","PUF_JD_07","14/08/2024","28/08/2024","Tetragnathidae_27394",10,0.00215703192407248
"f","Jean-Drapeau","PUF_JD_07","14/08/2024","28/08/2024","Hominidae_9604",9,0.00194132873166523
"f","Jean-Drapeau","PUF_JD_07","14/08/2024","28/08/2024","Cantharidae_41097",7,0.00150992234685073
"f","Jean-Drapeau","PUF_JD_07","14/08/2024","28/08/2024","Phytoseiidae_34636",3,0.000647109577221743
"f","Jean-Drapeau","PUF_JD_07","14/08/2024","28/08/2024","Carabidae_41073",2,0.000431406384814495
"f","Jean-Drapeau","PUF_JD_08","28/08/2024","11/09/2024","Tetragnathidae_27394",8583,0.976339438061654
"f","Jean-Drapeau","PUF_JD_08","28/08/2024","11/09/2024","Pentatomidae_160513",98,0.011147764759413
"f","Jean-Drapeau","PUF_JD_08","28/08/2024","11/09/2024",NA,64,0.00728017290410647
"f","Jean-Drapeau","PUF_JD_08","28/08/2024","11/09/2024","Cicadellidae_30102",20,0.00227505403253327
"f","Jean-Drapeau","PUF_JD_08","28/08/2024","11/09/2024","Pyralidae_7135",8,0.000910021613013309
"f","Jean-Drapeau","PUF_JD_08","28/08/2024","11/09/2024","Eriophyidae_70320",7,0.000796268911386645
"f","Jean-Drapeau","PUF_JD_08","28/08/2024","11/09/2024","Chironomidae_7149",3,0.000341258104879991
"f","Jean-Drapeau","PUF_JD_08","28/08/2024","11/09/2024","Culicidae_7157",2,0.000227505403253327
"f","Jean-Drapeau","PUF_JD_08","28/08/2024","11/09/2024","Lumbricidae_6392",2,0.000227505403253327
"f","Jean-Drapeau","PUF_JD_08","28/08/2024","11/09/2024","Hydropsychidae_41030",1,0.000113752701626664
"f","Jean-Drapeau","PUF_JD_08","28/08/2024","11/09/2024","Julidae_41449",1,0.000113752701626664
"f","Jean-Drapeau","PUF_JD_08","28/08/2024","11/09/2024","Triophtydeidae_2461247",1,0.000113752701626664
"f","Jean-Drapeau","PUF_JD_08","28/08/2024","11/09/2024","Vespidae_7438",1,0.000113752701626664
"f","Jean-Drapeau","PUF_JD_09","11/09/2024","25/09/2024","Pentatomidae_160513",670,0.544715447154472
"f","Jean-Drapeau","PUF_JD_09","11/09/2024","25/09/2024","Pyralidae_7135",227,0.184552845528455
"f","Jean-Drapeau","PUF_JD_09","11/09/2024","25/09/2024",NA,186,0.151219512195122
"f","Jean-Drapeau","PUF_JD_09","11/09/2024","25/09/2024","Myrmeleontidae_27427",69,0.0560975609756098
"f","Jean-Drapeau","PUF_JD_09","11/09/2024","25/09/2024","Sciaridae_7184",24,0.0195121951219512
"f","Jean-Drapeau","PUF_JD_09","11/09/2024","25/09/2024","Tetragnathidae_27394",20,0.016260162601626
"f","Jean-Drapeau","PUF_JD_09","11/09/2024","25/09/2024","Sarcophagidae_7381",10,0.00813008130081301
"f","Jean-Drapeau","PUF_JD_09","11/09/2024","25/09/2024","Suidae_9821",10,0.00813008130081301
"f","Jean-Drapeau","PUF_JD_09","11/09/2024","25/09/2024","Formicidae_36668",5,0.0040650406504065
"f","Jean-Drapeau","PUF_JD_09","11/09/2024","25/09/2024","Hominidae_9604",3,0.0024390243902439
"f","Jean-Drapeau","PUF_JD_09","11/09/2024","25/09/2024","Acaridae_41442",2,0.0016260162601626
"f","Jean-Drapeau","PUF_JD_09","11/09/2024","25/09/2024","Eriophyidae_70320",2,0.0016260162601626
"f","Jean-Drapeau","PUF_JD_09","11/09/2024","25/09/2024","Agriolimacidae_147582",1,0.000813008130081301
"f","Jean-Drapeau","PUF_JD_09","11/09/2024","25/09/2024","Bovidae_9895",1,0.000813008130081301
"f","Jean-Drapeau","PUF_JD_10","25/09/2024","09/10/2024","Aphididae_27482",6147,0.700034164673727
"f","Jean-Drapeau","PUF_JD_10","25/09/2024","09/10/2024","Pentatomidae_160513",1553,0.176859127661997
"f","Jean-Drapeau","PUF_JD_10","25/09/2024","09/10/2024",NA,280,0.0318870288122082
"f","Jean-Drapeau","PUF_JD_10","25/09/2024","09/10/2024","Chironomidae_7149",243,0.0276733857191664
"f","Jean-Drapeau","PUF_JD_10","25/09/2024","09/10/2024","Tetragnathidae_27394",219,0.0249402118209771
"f","Jean-Drapeau","PUF_JD_10","25/09/2024","09/10/2024","Pyralidae_7135",104,0.0118437535588202
"f","Jean-Drapeau","PUF_JD_10","25/09/2024","09/10/2024","Bovidae_9895",67,0.00763011046577839
"f","Jean-Drapeau","PUF_JD_10","25/09/2024","09/10/2024","Araneidae_6913",52,0.00592187677941009
"f","Jean-Drapeau","PUF_JD_10","25/09/2024","09/10/2024","Hydropsychidae_41030",34,0.00387199635576814
"f","Jean-Drapeau","PUF_JD_10","25/09/2024","09/10/2024","Eriophyidae_70320",23,0.00261929165243139
"f","Jean-Drapeau","PUF_JD_10","25/09/2024","09/10/2024","Forficulidae_27437",23,0.00261929165243139
"f","Jean-Drapeau","PUF_JD_10","25/09/2024","09/10/2024","Phytoseiidae_34636",13,0.00148046919485252
"f","Jean-Drapeau","PUF_JD_10","25/09/2024","09/10/2024","Noctuidae_7100",12,0.00136658694909464
"f","Jean-Drapeau","PUF_JD_10","25/09/2024","09/10/2024","Hominidae_9604",8,0.000911057966063091
"f","Jean-Drapeau","PUF_JD_10","25/09/2024","09/10/2024","Braconidae_7402",2,0.000227764491515773
"f","Jean-Drapeau","PUF_JD_10","25/09/2024","09/10/2024","Sciuridae_55153",1,0.000113882245757886
"f","Mont_Tremblant","Mont_Tremblant","30/08/2025","31/08/2025",NA,810,0.818181818181818
"f","Mont_Tremblant","Mont_Tremblant","30/08/2025","31/08/2025","Bovidae_9895",82,0.0828282828282828
"f","Mont_Tremblant","Mont_Tremblant","30/08/2025","31/08/2025","Pentatomidae_160513",44,0.0444444444444444
"f","Mont_Tremblant","Mont_Tremblant","30/08/2025","31/08/2025","Hominidae_9604",34,0.0343434343434343
"f","Mont_Tremblant","Mont_Tremblant","30/08/2025","31/08/2025","Carabidae_41073",18,0.0181818181818182
"f","Mont_Tremblant","Mont_Tremblant","30/08/2025","31/08/2025","Formicidae_36668",2,0.00202020202020202
"f",NA,NA,NA,NA,"Nymphalidae_33415",29308,0.968571334148518
"f",NA,NA,NA,NA,"Entomobryidae_48704",357,0.0117981427013451
"f",NA,NA,NA,NA,"Papilionidae_7143",306,0.01011269374401
"f",NA,NA,NA,NA,"Hymenopodidae_119670",80,0.00264384150170197
"f",NA,NA,NA,NA,"Acaridae_41442",62,0.00204897716381903
"f",NA,NA,NA,NA,"Eupodidae_393868",48,0.00158630490102118
"f",NA,NA,NA,NA,NA,37,0.00122277669453716
"f",NA,NA,NA,NA,"Hominidae_9604",17,0.000561816319111669
"f",NA,NA,NA,NA,"Phoridae_36164",12,0.000396576225255296
"f",NA,NA,NA,NA,"Stratiomyidae_34687",11,0.000363528206484021
"f",NA,NA,NA,NA,"Pieridae_7114",7,0.000231336131398923
"f",NA,NA,NA,NA,"Liposcelididae_2545764",4,0.000132192075085099
"f",NA,NA,NA,NA,"Polleniidae_54279",4,0.000132192075085099
"f",NA,NA,NA,NA,"Pentatomidae_160513",3,9.9144056313824e-05
"f",NA,NA,NA,NA,"Elachistidae_262431",2,6.60960375425493e-05
"f",NA,NA,NA,NA,"Carabidae_41073",1,3.30480187712747e-05
"g","Bird Observatory","PUF_MBO_01","20/05/2024","03/06/2024",NA,1101,0.470915312232678
"g","Bird Observatory","PUF_MBO_01","20/05/2024","03/06/2024","Tydeus_1670773",216,0.0923866552609068
"g","Bird Observatory","PUF_MBO_01","20/05/2024","03/06/2024","Abacarus_644136",200,0.0855431993156544
"g","Bird Observatory","PUF_MBO_01","20/05/2024","03/06/2024","Limnophyes_190098",141,0.0603079555175364
"g","Bird Observatory","PUF_MBO_01","20/05/2024","03/06/2024","Glypsus_-21471",128,0.0547476475620188
"g","Bird Observatory","PUF_MBO_01","20/05/2024","03/06/2024","Aculodes_644138",120,0.0513259195893926
"g","Bird Observatory","PUF_MBO_01","20/05/2024","03/06/2024","Megaselia_36165",72,0.0307955517536356
"g","Bird Observatory","PUF_MBO_01","20/05/2024","03/06/2024","Labidomera_131651",67,0.0286569717707442
"g","Bird Observatory","PUF_MBO_01","20/05/2024","03/06/2024","Aprionus_1819779",66,0.028229255774166
"g","Bird Observatory","PUF_MBO_01","20/05/2024","03/06/2024","Aculus_644140",60,0.0256629597946963
"g","Bird Observatory","PUF_MBO_01","20/05/2024","03/06/2024","Bos_9903",45,0.0192472198460222
"g","Bird Observatory","PUF_MBO_01","20/05/2024","03/06/2024","Liebstadia_229865",31,0.0132591958939264
"g","Bird Observatory","PUF_MBO_01","20/05/2024","03/06/2024","Erythroneura_38083",28,0.0119760479041916
"g","Bird Observatory","PUF_MBO_01","20/05/2024","03/06/2024","Pionidia_2613197",21,0.00898203592814371
"g","Bird Observatory","PUF_MBO_01","20/05/2024","03/06/2024","Homo_9605",14,0.00598802395209581
"g","Bird Observatory","PUF_MBO_01","20/05/2024","03/06/2024","Hydropsyche_50443",7,0.0029940119760479
"g","Bird Observatory","PUF_MBO_01","20/05/2024","03/06/2024","Philaenus_30087",7,0.0029940119760479
"g","Bird Observatory","PUF_MBO_01","20/05/2024","03/06/2024","Chironomus_7150",6,0.00256629597946963
"g","Bird Observatory","PUF_MBO_01","20/05/2024","03/06/2024","Rhacognathus_1545358",6,0.00256629597946963
"g","Bird Observatory","PUF_MBO_01","20/05/2024","03/06/2024","Empoasca_139594",2,0.000855431993156544
"g","Bird Observatory","PUF_MBO_02","03/06/2024","17/06/2024","Xestia_320016",8008,0.518619260410595
"g","Bird Observatory","PUF_MBO_02","03/06/2024","17/06/2024","Allothrombium_92077",7029,0.455216631047212
"g","Bird Observatory","PUF_MBO_02","03/06/2024","17/06/2024",NA,323,0.020918334304773
"g","Bird Observatory","PUF_MBO_02","03/06/2024","17/06/2024","Glypsus_-21471",51,0.00330289489022732
"g","Bird Observatory","PUF_MBO_02","03/06/2024","17/06/2024","Nanocladius_611365",16,0.00103620231850269
"g","Bird Observatory","PUF_MBO_02","03/06/2024","17/06/2024","Harpalus_41076",4,0.000259050579625672
"g","Bird Observatory","PUF_MBO_02","03/06/2024","17/06/2024","Tanytarsus_288802",3,0.000194287934719254
"g","Bird Observatory","PUF_MBO_02","03/06/2024","17/06/2024","Cepaea_28834",2,0.000129525289812836
"g","Bird Observatory","PUF_MBO_02","03/06/2024","17/06/2024","Pionidia_2613197",2,0.000129525289812836
"g","Bird Observatory","PUF_MBO_02","03/06/2024","17/06/2024","Aprionus_1819779",1,6.4762644906418e-05
"g","Bird Observatory","PUF_MBO_02","03/06/2024","17/06/2024","Bos_9903",1,6.4762644906418e-05
"g","Bird Observatory","PUF_MBO_02","03/06/2024","17/06/2024","Homo_9605",1,6.4762644906418e-05
"g","Bird Observatory","PUF_MBO_03","17/06/2024","01/07/2024","Glypsus_-21471",305,0.350574712643678
"g","Bird Observatory","PUF_MBO_03","17/06/2024","01/07/2024",NA,291,0.33448275862069
"g","Bird Observatory","PUF_MBO_03","17/06/2024","01/07/2024","Philodromus_336567",139,0.159770114942529
"g","Bird Observatory","PUF_MBO_03","17/06/2024","01/07/2024","Typhlodromips_756256",47,0.0540229885057471
"g","Bird Observatory","PUF_MBO_03","17/06/2024","01/07/2024","Pionidia_2613197",29,0.0333333333333333
"g","Bird Observatory","PUF_MBO_03","17/06/2024","01/07/2024","Abacarus_644136",18,0.0206896551724138
"g","Bird Observatory","PUF_MBO_03","17/06/2024","01/07/2024","Homo_9605",12,0.0137931034482759
"g","Bird Observatory","PUF_MBO_03","17/06/2024","01/07/2024","Neoseiulus_84381",9,0.0103448275862069
"g","Bird Observatory","PUF_MBO_03","17/06/2024","01/07/2024","Aculodes_644138",5,0.00574712643678161
"g","Bird Observatory","PUF_MBO_03","17/06/2024","01/07/2024","Lemnaphila_3070946",5,0.00574712643678161
"g","Bird Observatory","PUF_MBO_03","17/06/2024","01/07/2024","Phrurolithus_1226123",3,0.00344827586206897
"g","Bird Observatory","PUF_MBO_03","17/06/2024","01/07/2024","Stangeia_1369670",2,0.00229885057471264
"g","Bird Observatory","PUF_MBO_03","17/06/2024","01/07/2024","Tydeus_1670773",2,0.00229885057471264
"g","Bird Observatory","PUF_MBO_03","17/06/2024","01/07/2024","Typhlodromus_84386",2,0.00229885057471264
"g","Bird Observatory","PUF_MBO_03","17/06/2024","01/07/2024","Bembidion_60800",1,0.00114942528735632
"g","Bird Observatory","PUF_MBO_04","01/07/2024","15/07/2024","Glypsus_-21471",398,0.349736379613357
"g","Bird Observatory","PUF_MBO_04","01/07/2024","15/07/2024","Bos_9903",309,0.271528998242531
"g","Bird Observatory","PUF_MBO_04","01/07/2024","15/07/2024",NA,303,0.266256590509666
"g","Bird Observatory","PUF_MBO_04","01/07/2024","15/07/2024","Rhacognathus_1545358",116,0.101933216168717
"g","Bird Observatory","PUF_MBO_04","01/07/2024","15/07/2024","Pionidia_2613197",7,0.00615114235500879
"g","Bird Observatory","PUF_MBO_04","01/07/2024","15/07/2024","Homo_9605",5,0.00439367311072056
"g","Bird Observatory","PUF_MBO_05","15/07/2024","29/07/2024","Choristoneura_7140",8556,0.908569608155464
"g","Bird Observatory","PUF_MBO_05","15/07/2024","29/07/2024","Glypsus_-21471",368,0.039078262716364
"g","Bird Observatory","PUF_MBO_05","15/07/2024","29/07/2024",NA,299,0.0317510884570458
"g","Bird Observatory","PUF_MBO_05","15/07/2024","29/07/2024","Rhacognathus_1545358",57,0.00605288308378464
"g","Bird Observatory","PUF_MBO_05","15/07/2024","29/07/2024","Succinea_145426",55,0.00584050122119571
"g","Bird Observatory","PUF_MBO_05","15/07/2024","29/07/2024","Ochlerotatus_190765",26,0.00276096421365615
"g","Bird Observatory","PUF_MBO_05","15/07/2024","29/07/2024","Homo_9605",20,0.00212381862588935
"g","Bird Observatory","PUF_MBO_05","15/07/2024","29/07/2024","Galapagocoris_-21292",14,0.00148667303812254
"g","Bird Observatory","PUF_MBO_05","15/07/2024","29/07/2024","Abacarus_644136",10,0.00106190931294467
"g","Bird Observatory","PUF_MBO_05","15/07/2024","29/07/2024","Pionidia_2613197",9,0.000955718381650207
"g","Bird Observatory","PUF_MBO_05","15/07/2024","29/07/2024","Dasineura_240745",3,0.000318572793883402
"g","Bird Observatory","PUF_MBO_06","29/07/2024","12/08/2024","Glypsus_-21471",588,0.519893899204244
"g","Bird Observatory","PUF_MBO_06","29/07/2024","12/08/2024",NA,495,0.437665782493369
"g","Bird Observatory","PUF_MBO_06","29/07/2024","12/08/2024","Rhacognathus_1545358",29,0.0256410256410256
"g","Bird Observatory","PUF_MBO_06","29/07/2024","12/08/2024","Galapagocoris_-21292",14,0.0123784261715296
"g","Bird Observatory","PUF_MBO_06","29/07/2024","12/08/2024","Myzocallis_136349",2,0.0017683465959328
"g","Bird Observatory","PUF_MBO_06","29/07/2024","12/08/2024","Pionidia_2613197",2,0.0017683465959328
"g","Bird Observatory","PUF_MBO_06","29/07/2024","12/08/2024","Typhlodromips_756256",1,0.000884173297966401
"g","Bird Observatory","PUF_MBO_07","12/08/2024","26/08/2024","Glypsus_-21471",1124,0.518928901200369
"g","Bird Observatory","PUF_MBO_07","12/08/2024","26/08/2024",NA,873,0.403047091412742
"g","Bird Observatory","PUF_MBO_07","12/08/2024","26/08/2024","Pionidia_2613197",55,0.0253924284395199
"g","Bird Observatory","PUF_MBO_07","12/08/2024","26/08/2024","Rhacognathus_1545358",44,0.0203139427516159
"g","Bird Observatory","PUF_MBO_07","12/08/2024","26/08/2024","Deuterosminthurus_1304590",18,0.00831024930747922
"g","Bird Observatory","PUF_MBO_07","12/08/2024","26/08/2024","Harrisina_688409",12,0.00554016620498615
"g","Bird Observatory","PUF_MBO_07","12/08/2024","26/08/2024","Aedes_7158",7,0.00323176361957525
"g","Bird Observatory","PUF_MBO_07","12/08/2024","26/08/2024","Polypedilum_54968",6,0.00277008310249307
"g","Bird Observatory","PUF_MBO_07","12/08/2024","26/08/2024","Dasineura_240745",5,0.0023084025854109
"g","Bird Observatory","PUF_MBO_07","12/08/2024","26/08/2024","Erioptera_700840",5,0.0023084025854109
"g","Bird Observatory","PUF_MBO_07","12/08/2024","26/08/2024","Rynchobanchus_1905500",5,0.0023084025854109
"g","Bird Observatory","PUF_MBO_07","12/08/2024","26/08/2024","Acyrthosiphon_7028",3,0.00138504155124654
"g","Bird Observatory","PUF_MBO_07","12/08/2024","26/08/2024","Neodartus_2901489",3,0.00138504155124654
"g","Bird Observatory","PUF_MBO_07","12/08/2024","26/08/2024","Bembidion_60800",2,0.000923361034164358
"g","Bird Observatory","PUF_MBO_07","12/08/2024","26/08/2024","Abacarus_644136",1,0.000461680517082179
"g","Bird Observatory","PUF_MBO_07","12/08/2024","26/08/2024","Haimbachia_1511198",1,0.000461680517082179
"g","Bird Observatory","PUF_MBO_07","12/08/2024","26/08/2024","Orthoperus_347421",1,0.000461680517082179
"g","Bird Observatory","PUF_MBO_07","12/08/2024","26/08/2024","Toxomerus_115327",1,0.000461680517082179
"g","Bird Observatory","PUF_MBO_08","26/08/2024","09/09/2024","Glypsus_-21471",1253,0.621527777777778
"g","Bird Observatory","PUF_MBO_08","26/08/2024","09/09/2024",NA,705,0.349702380952381
"g","Bird Observatory","PUF_MBO_08","26/08/2024","09/09/2024","Pionidia_2613197",20,0.00992063492063492
"g","Bird Observatory","PUF_MBO_08","26/08/2024","09/09/2024","Obus_279488",8,0.00396825396825397
"g","Bird Observatory","PUF_MBO_08","26/08/2024","09/09/2024","Succinea_145426",8,0.00396825396825397
"g","Bird Observatory","PUF_MBO_08","26/08/2024","09/09/2024","Ochlerotatus_190765",7,0.00347222222222222
"g","Bird Observatory","PUF_MBO_08","26/08/2024","09/09/2024","Phrurolithus_1226123",7,0.00347222222222222
"g","Bird Observatory","PUF_MBO_08","26/08/2024","09/09/2024","Homo_9605",3,0.00148809523809524
"g","Bird Observatory","PUF_MBO_08","26/08/2024","09/09/2024","Rhacognathus_1545358",3,0.00148809523809524
"g","Bird Observatory","PUF_MBO_08","26/08/2024","09/09/2024","Abacarus_644136",2,0.000992063492063492
"g","Bird Observatory","PUF_MBO_09","09/09/2024","23/09/2024","Glypsus_-21471",1901,0.648362892223738
"g","Bird Observatory","PUF_MBO_09","09/09/2024","23/09/2024",NA,925,0.315484311050477
"g","Bird Observatory","PUF_MBO_09","09/09/2024","23/09/2024","Bos_9903",47,0.0160300136425648
"g","Bird Observatory","PUF_MBO_09","09/09/2024","23/09/2024","Pionidia_2613197",30,0.0102319236016371
"g","Bird Observatory","PUF_MBO_09","09/09/2024","23/09/2024","Homo_9605",9,0.00306957708049113
"g","Bird Observatory","PUF_MBO_09","09/09/2024","23/09/2024","Rhacognathus_1545358",7,0.00238744884038199
"g","Bird Observatory","PUF_MBO_09","09/09/2024","23/09/2024","Sycophila_75233",7,0.00238744884038199
"g","Bird Observatory","PUF_MBO_09","09/09/2024","23/09/2024","Succinea_145426",6,0.00204638472032742
"g","Bird Observatory","PUF_MBO_10","23/09/2024","07/10/2024",NA,846,0.495316159250585
"g","Bird Observatory","PUF_MBO_10","23/09/2024","07/10/2024","Glypsus_-21471",801,0.468969555035129
"g","Bird Observatory","PUF_MBO_10","23/09/2024","07/10/2024","Haimbachia_1511198",22,0.0128805620608899
"g","Bird Observatory","PUF_MBO_10","23/09/2024","07/10/2024","Sminthurinus_187717",12,0.00702576112412178
"g","Bird Observatory","PUF_MBO_10","23/09/2024","07/10/2024","Rhacognathus_1545358",11,0.00644028103044497
"g","Bird Observatory","PUF_MBO_10","23/09/2024","07/10/2024","Bembidion_60800",5,0.00292740046838408
"g","Bird Observatory","PUF_MBO_10","23/09/2024","07/10/2024","Pionidia_2613197",4,0.00234192037470726
"g","Bird Observatory","PUF_MBO_10","23/09/2024","07/10/2024","Homo_9605",3,0.00175644028103044
"g","Bird Observatory","PUF_MBO_10","23/09/2024","07/10/2024","Trichoribates_503650",3,0.00175644028103044
"g","Bird Observatory","PUF_MBO_10","23/09/2024","07/10/2024","Allothrombium_92077",1,0.000585480093676815
"g","Botanical Garden","PUF_BOT_01","17/05/2024","31/05/2024",NA,514,0.62227602905569
"g","Botanical Garden","PUF_BOT_01","17/05/2024","31/05/2024","Pionidia_2613197",92,0.11138014527845
"g","Botanical Garden","PUF_BOT_01","17/05/2024","31/05/2024","Trisetacus_1227674",75,0.0907990314769976
"g","Botanical Garden","PUF_BOT_01","17/05/2024","31/05/2024","Eriosoma_133081",36,0.0435835351089588
"g","Botanical Garden","PUF_BOT_01","17/05/2024","31/05/2024","Homo_9605",36,0.0435835351089588
"g","Botanical Garden","PUF_BOT_01","17/05/2024","31/05/2024","Heleniella_611355",30,0.036319612590799
"g","Botanical Garden","PUF_BOT_01","17/05/2024","31/05/2024","Cheumatopsyche_177865",25,0.0302663438256659
"g","Botanical Garden","PUF_BOT_01","17/05/2024","31/05/2024","Parakiefferiella_611371",12,0.0145278450363196
"g","Botanical Garden","PUF_BOT_01","17/05/2024","31/05/2024","Phrurolithus_1226123",6,0.00726392251815981
"g","Botanical Garden","PUF_BOT_02","31/05/2024","14/06/2024",NA,2006,0.825514403292181
"g","Botanical Garden","PUF_BOT_02","31/05/2024","14/06/2024","Glypsus_-21471",121,0.0497942386831276
"g","Botanical Garden","PUF_BOT_02","31/05/2024","14/06/2024","Xestia_320016",109,0.0448559670781893
"g","Botanical Garden","PUF_BOT_02","31/05/2024","14/06/2024","Tydeus_1670773",57,0.0234567901234568
"g","Botanical Garden","PUF_BOT_02","31/05/2024","14/06/2024","Aculus_644140",37,0.0152263374485597
"g","Botanical Garden","PUF_BOT_02","31/05/2024","14/06/2024","Phrurolithus_1226123",21,0.00864197530864197
"g","Botanical Garden","PUF_BOT_02","31/05/2024","14/06/2024","Pionidia_2613197",18,0.00740740740740741
"g","Botanical Garden","PUF_BOT_02","31/05/2024","14/06/2024","Homo_9605",17,0.00699588477366255
"g","Botanical Garden","PUF_BOT_02","31/05/2024","14/06/2024","Rhacognathus_1545358",13,0.00534979423868313
"g","Botanical Garden","PUF_BOT_02","31/05/2024","14/06/2024","Muscina_57892",8,0.00329218106995885
"g","Botanical Garden","PUF_BOT_02","31/05/2024","14/06/2024","Galapagocoris_-21292",7,0.00288065843621399
"g","Botanical Garden","PUF_BOT_02","31/05/2024","14/06/2024","Cricotopus_153373",6,0.00246913580246914
"g","Botanical Garden","PUF_BOT_02","31/05/2024","14/06/2024","Abacarus_644136",5,0.00205761316872428
"g","Botanical Garden","PUF_BOT_02","31/05/2024","14/06/2024","Agelaius_9190",2,0.000823045267489712
"g","Botanical Garden","PUF_BOT_02","31/05/2024","14/06/2024","Formica_72766",1,0.000411522633744856
"g","Botanical Garden","PUF_BOT_02","31/05/2024","14/06/2024","Procyon_9653",1,0.000411522633744856
"g","Botanical Garden","PUF_BOT_02","31/05/2024","14/06/2024","Toxomerus_115327",1,0.000411522633744856
"g","Botanical Garden","PUF_BOT_03","24/06/2024","28/06/2024","Bos_9903",88,1
"g","Botanical Garden","PUF_BOT_04","28/06/2024","12/07/2024","Glypsus_-21471",524,0.54869109947644
"g","Botanical Garden","PUF_BOT_04","28/06/2024","12/07/2024",NA,228,0.238743455497382
"g","Botanical Garden","PUF_BOT_04","28/06/2024","12/07/2024","Asteia_305551",140,0.146596858638743
"g","Botanical Garden","PUF_BOT_04","28/06/2024","12/07/2024","Pionidia_2613197",43,0.0450261780104712
"g","Botanical Garden","PUF_BOT_04","28/06/2024","12/07/2024","Cricotopus_153373",8,0.00837696335078534
"g","Botanical Garden","PUF_BOT_04","28/06/2024","12/07/2024","Harmonia_115356",8,0.00837696335078534
"g","Botanical Garden","PUF_BOT_04","28/06/2024","12/07/2024","Homo_9605",3,0.0031413612565445
"g","Botanical Garden","PUF_BOT_04","28/06/2024","12/07/2024","Bos_9903",1,0.00104712041884817
"g","Botanical Garden","PUF_BOT_05","12/07/2024","26/07/2024","Glypsus_-21471",569,0.366387636831938
"g","Botanical Garden","PUF_BOT_05","12/07/2024","26/07/2024",NA,414,0.266580811332904
"g","Botanical Garden","PUF_BOT_05","12/07/2024","26/07/2024","Dasineura_240745",381,0.245331616226658
"g","Botanical Garden","PUF_BOT_05","12/07/2024","26/07/2024","Bos_9903",61,0.0392788151963941
"g","Botanical Garden","PUF_BOT_05","12/07/2024","26/07/2024","Pionidia_2613197",52,0.0334835801674179
"g","Botanical Garden","PUF_BOT_05","12/07/2024","26/07/2024","Shevtchenkella_1452708",31,0.0199613650998068
"g","Botanical Garden","PUF_BOT_05","12/07/2024","26/07/2024","Aceria_109362",18,0.0115904700579523
"g","Botanical Garden","PUF_BOT_05","12/07/2024","26/07/2024","Triophytydeus_-3480",10,0.00643915003219575
"g","Botanical Garden","PUF_BOT_05","12/07/2024","26/07/2024","Maladera_360073",4,0.0025756600128783
"g","Botanical Garden","PUF_BOT_05","12/07/2024","26/07/2024","Asteia_305551",3,0.00193174500965873
"g","Botanical Garden","PUF_BOT_05","12/07/2024","26/07/2024","Homo_9605",3,0.00193174500965873
"g","Botanical Garden","PUF_BOT_05","12/07/2024","26/07/2024","Pyla_683885",3,0.00193174500965873
"g","Botanical Garden","PUF_BOT_05","12/07/2024","26/07/2024","Aphis_80764",2,0.00128783000643915
"g","Botanical Garden","PUF_BOT_05","12/07/2024","26/07/2024","Allothrombium_92077",1,0.000643915003219575
"g","Botanical Garden","PUF_BOT_05","12/07/2024","26/07/2024","Mycodiplosis_996607",1,0.000643915003219575
"g","Botanical Garden","PUF_BOT_06","26/07/2024","09/08/2024","Pyla_683885",17783,0.889372343085771
"g","Botanical Garden","PUF_BOT_06","26/07/2024","09/08/2024","Glypsus_-21471",800,0.0400100025006252
"g","Botanical Garden","PUF_BOT_06","26/07/2024","09/08/2024","Homo_9605",715,0.0357589397349337
"g","Botanical Garden","PUF_BOT_06","26/07/2024","09/08/2024",NA,310,0.0155038759689922
"g","Botanical Garden","PUF_BOT_06","26/07/2024","09/08/2024","Galapagocoris_-21292",88,0.00440110027506877
"g","Botanical Garden","PUF_BOT_06","26/07/2024","09/08/2024","Bembidion_60800",86,0.0043010752688172
"g","Botanical Garden","PUF_BOT_06","26/07/2024","09/08/2024","Aphis_80764",37,0.00185046261565391
"g","Botanical Garden","PUF_BOT_06","26/07/2024","09/08/2024","Tetramorium_30204",31,0.00155038759689922
"g","Botanical Garden","PUF_BOT_06","26/07/2024","09/08/2024","Harrisina_688409",24,0.00120030007501875
"g","Botanical Garden","PUF_BOT_06","26/07/2024","09/08/2024","Aethes_572702",23,0.00115028757189297
"g","Botanical Garden","PUF_BOT_06","26/07/2024","09/08/2024","Rhacognathus_1545358",22,0.00110027506876719
"g","Botanical Garden","PUF_BOT_06","26/07/2024","09/08/2024","Psectrocladius_288848",16,0.000800200050012503
"g","Botanical Garden","PUF_BOT_06","26/07/2024","09/08/2024","Pionidia_2613197",14,0.00070017504376094
"g","Botanical Garden","PUF_BOT_06","26/07/2024","09/08/2024","Sciurus_10001",12,0.000600150037509377
"g","Botanical Garden","PUF_BOT_06","26/07/2024","09/08/2024","Tydeus_1670773",8,0.000400100025006252
"g","Botanical Garden","PUF_BOT_06","26/07/2024","09/08/2024","Myzus_13163",5,0.000250062515628907
"g","Botanical Garden","PUF_BOT_06","26/07/2024","09/08/2024","Olibrus_442144",5,0.000250062515628907
"g","Botanical Garden","PUF_BOT_06","26/07/2024","09/08/2024","Triophytydeus_-3480",5,0.000250062515628907
"g","Botanical Garden","PUF_BOT_06","26/07/2024","09/08/2024","Glyptotendipes_33398",2,0.000100025006251563
"g","Botanical Garden","PUF_BOT_06","26/07/2024","09/08/2024","Megaselia_36165",2,0.000100025006251563
"g","Botanical Garden","PUF_BOT_06","26/07/2024","09/08/2024","Succinea_145426",2,0.000100025006251563
"g","Botanical Garden","PUF_BOT_06","26/07/2024","09/08/2024","Cethosia_127316",1,5.00125031257814e-05
"g","Botanical Garden","PUF_BOT_06","26/07/2024","09/08/2024","Copilia_545085",1,5.00125031257814e-05
"g","Botanical Garden","PUF_BOT_06","26/07/2024","09/08/2024","Daktulosphaira_58001",1,5.00125031257814e-05
"g","Botanical Garden","PUF_BOT_06","26/07/2024","09/08/2024","Gallus_9030",1,5.00125031257814e-05
"g","Botanical Garden","PUF_BOT_06","26/07/2024","09/08/2024","Matilella_1101120",1,5.00125031257814e-05
"g","Botanical Garden","PUF_BOT_07","09/08/2024","23/08/2024","Glypsus_-21471",1959,0.722611582441903
"g","Botanical Garden","PUF_BOT_07","09/08/2024","23/08/2024",NA,647,0.238657322021394
"g","Botanical Garden","PUF_BOT_07","09/08/2024","23/08/2024","Pionidia_2613197",43,0.015861305791221
"g","Botanical Garden","PUF_BOT_07","09/08/2024","23/08/2024","Homo_9605",17,0.00627074880118038
"g","Botanical Garden","PUF_BOT_07","09/08/2024","23/08/2024","Tydeus_1670773",17,0.00627074880118038
"g","Botanical Garden","PUF_BOT_07","09/08/2024","23/08/2024","Rhacognathus_1545358",16,0.00590188122464035
"g","Botanical Garden","PUF_BOT_07","09/08/2024","23/08/2024","Aceria_109362",8,0.00295094061232018
"g","Botanical Garden","PUF_BOT_07","09/08/2024","23/08/2024","Rynchobanchus_1905500",3,0.00110660272962007
"g","Botanical Garden","PUF_BOT_07","09/08/2024","23/08/2024","Haimbachia_1511198",1,0.000368867576540022
"g","Botanical Garden","PUF_BOT_08","23/08/2024","06/09/2024","Glypsus_-21471",571,0.456070287539936
"g","Botanical Garden","PUF_BOT_08","23/08/2024","06/09/2024",NA,527,0.420926517571885
"g","Botanical Garden","PUF_BOT_08","23/08/2024","06/09/2024","Lasius_7482",41,0.0327476038338658
"g","Botanical Garden","PUF_BOT_08","23/08/2024","06/09/2024","Aceria_109362",38,0.0303514376996805
"g","Botanical Garden","PUF_BOT_08","23/08/2024","06/09/2024","Tydeus_1670773",34,0.0271565495207668
"g","Botanical Garden","PUF_BOT_08","23/08/2024","06/09/2024","Pionidia_2613197",12,0.00958466453674121
"g","Botanical Garden","PUF_BOT_08","23/08/2024","06/09/2024","Melanoplus_30252",7,0.00559105431309904
"g","Botanical Garden","PUF_BOT_08","23/08/2024","06/09/2024","Homo_9605",6,0.00479233226837061
"g","Botanical Garden","PUF_BOT_08","23/08/2024","06/09/2024","Aphidoletes_95971",5,0.00399361022364217
"g","Botanical Garden","PUF_BOT_08","23/08/2024","06/09/2024","Dicranomyia_58260",5,0.00399361022364217
"g","Botanical Garden","PUF_BOT_08","23/08/2024","06/09/2024","Rhacognathus_1545358",3,0.0023961661341853
"g","Botanical Garden","PUF_BOT_08","23/08/2024","06/09/2024","Phylloxera_38120",2,0.00159744408945687
"g","Botanical Garden","PUF_BOT_08","23/08/2024","06/09/2024","Bos_9903",1,0.000798722044728434
"g","Botanical Garden","PUF_BOT_09","06/09/2024","20/09/2024","Glypsus_-21471",1107,0.735548172757475
"g","Botanical Garden","PUF_BOT_09","06/09/2024","20/09/2024",NA,202,0.13421926910299
"g","Botanical Garden","PUF_BOT_09","06/09/2024","20/09/2024","Pionidia_2613197",155,0.102990033222591
"g","Botanical Garden","PUF_BOT_09","06/09/2024","20/09/2024","Homo_9605",11,0.00730897009966777
"g","Botanical Garden","PUF_BOT_09","06/09/2024","20/09/2024","Rhacognathus_1545358",6,0.00398671096345515
"g","Botanical Garden","PUF_BOT_09","06/09/2024","20/09/2024","Abacarus_644136",5,0.00332225913621262
"g","Botanical Garden","PUF_BOT_09","06/09/2024","20/09/2024","Cantharis_41098",4,0.0026578073089701
"g","Botanical Garden","PUF_BOT_09","06/09/2024","20/09/2024","Erioptera_700840",4,0.0026578073089701
"g","Botanical Garden","PUF_BOT_09","06/09/2024","20/09/2024","Succinea_145426",3,0.00199335548172757
"g","Botanical Garden","PUF_BOT_09","06/09/2024","20/09/2024","Deroceras_145609",2,0.00132890365448505
"g","Botanical Garden","PUF_BOT_09","06/09/2024","20/09/2024","Sciurus_10001",2,0.00132890365448505
"g","Botanical Garden","PUF_BOT_09","06/09/2024","20/09/2024","Theridula_233492",2,0.00132890365448505
"g","Botanical Garden","PUF_BOT_09","06/09/2024","20/09/2024","Acyrthosiphon_7028",1,0.000664451827242525
"g","Botanical Garden","PUF_BOT_09","06/09/2024","20/09/2024","Formica_72766",1,0.000664451827242525
"g","Botanical Garden","PUF_BOT_10","20/09/2024","04/10/2024","Glypsus_-21471",2761,0.716584479626265
"g","Botanical Garden","PUF_BOT_10","20/09/2024","04/10/2024",NA,684,0.177524007267065
"g","Botanical Garden","PUF_BOT_10","20/09/2024","04/10/2024","Bos_9903",327,0.0848689332987283
"g","Botanical Garden","PUF_BOT_10","20/09/2024","04/10/2024","Pionidia_2613197",81,0.0210225798079419
"g","Boucherville","PUF_BOU_01","27/05/2024","10/06/2024",NA,243,0.964285714285714
"g","Boucherville","PUF_BOU_01","27/05/2024","10/06/2024","Corynoptera_1260849",3,0.0119047619047619
"g","Boucherville","PUF_BOU_01","27/05/2024","10/06/2024","Homo_9605",2,0.00793650793650794
"g","Boucherville","PUF_BOU_01","27/05/2024","10/06/2024","Pachypappa_330417",2,0.00793650793650794
"g","Boucherville","PUF_BOU_01","27/05/2024","10/06/2024","Rhacognathus_1545358",2,0.00793650793650794
"g","Boucherville","PUF_BOU_02","10/06/2024","24/06/2024",NA,525,0.495283018867925
"g","Boucherville","PUF_BOU_02","10/06/2024","24/06/2024","Deuterosminthurus_1304590",344,0.324528301886792
"g","Boucherville","PUF_BOU_02","10/06/2024","24/06/2024","Tyrophagus_41443",76,0.0716981132075472
"g","Boucherville","PUF_BOU_02","10/06/2024","24/06/2024","Homo_9605",34,0.0320754716981132
"g","Boucherville","PUF_BOU_02","10/06/2024","24/06/2024","Cantharis_41098",24,0.0226415094339623
"g","Boucherville","PUF_BOU_02","10/06/2024","24/06/2024","Pionidia_2613197",21,0.019811320754717
"g","Boucherville","PUF_BOU_02","10/06/2024","24/06/2024","Glypsus_-21471",18,0.0169811320754717
"g","Boucherville","PUF_BOU_02","10/06/2024","24/06/2024","Rhacognathus_1545358",17,0.0160377358490566
"g","Boucherville","PUF_BOU_02","10/06/2024","24/06/2024","Zygoribatula_1251916",1,0.000943396226415094
"g","Boucherville","PUF_BOU_03","24/06/2024","08/07/2024",NA,339,0.519142419601838
"g","Boucherville","PUF_BOU_03","24/06/2024","08/07/2024","Glypsus_-21471",115,0.176110260336907
"g","Boucherville","PUF_BOU_03","24/06/2024","08/07/2024","Deuterosminthurus_1304590",82,0.125574272588055
"g","Boucherville","PUF_BOU_03","24/06/2024","08/07/2024","Bos_9903",57,0.0872894333843798
"g","Boucherville","PUF_BOU_03","24/06/2024","08/07/2024","Tydeus_1670773",22,0.0336906584992343
"g","Boucherville","PUF_BOU_03","24/06/2024","08/07/2024","Pionidia_2613197",17,0.0260336906584992
"g","Boucherville","PUF_BOU_03","24/06/2024","08/07/2024","Rhacognathus_1545358",12,0.0183767228177642
"g","Boucherville","PUF_BOU_03","24/06/2024","08/07/2024","Melanoplus_30252",8,0.0122511485451761
"g","Boucherville","PUF_BOU_03","24/06/2024","08/07/2024","Bourletiella_574227",1,0.00153139356814701
"g","Boucherville","PUF_BOU_04","08/07/2024","22/07/2024","Glypsus_-21471",276,0.46
"g","Boucherville","PUF_BOU_04","08/07/2024","22/07/2024",NA,213,0.355
"g","Boucherville","PUF_BOU_04","08/07/2024","22/07/2024","Melanoplus_30252",32,0.0533333333333333
"g","Boucherville","PUF_BOU_04","08/07/2024","22/07/2024","Pionidia_2613197",24,0.04
"g","Boucherville","PUF_BOU_04","08/07/2024","22/07/2024","Cricotopus_153373",19,0.0316666666666667
"g","Boucherville","PUF_BOU_04","08/07/2024","22/07/2024","Deuterosminthurus_1304590",8,0.0133333333333333
"g","Boucherville","PUF_BOU_04","08/07/2024","22/07/2024","Tanytarsus_288802",8,0.0133333333333333
"g","Boucherville","PUF_BOU_04","08/07/2024","22/07/2024","Bembidion_60800",7,0.0116666666666667
"g","Boucherville","PUF_BOU_04","08/07/2024","22/07/2024","Rhacognathus_1545358",5,0.00833333333333333
"g","Boucherville","PUF_BOU_04","08/07/2024","22/07/2024","Homo_9605",4,0.00666666666666667
"g","Boucherville","PUF_BOU_04","08/07/2024","22/07/2024","Bos_9903",3,0.005
"g","Boucherville","PUF_BOU_04","08/07/2024","22/07/2024","Lasius_7482",1,0.00166666666666667
"g","Boucherville","PUF_BOU_05","22/07/2024","05/08/2024","Glypsus_-21471",1825,0.732637494981935
"g","Boucherville","PUF_BOU_05","22/07/2024","05/08/2024",NA,299,0.120032115616218
"g","Boucherville","PUF_BOU_05","22/07/2024","05/08/2024","Aphis_80764",155,0.0622240064231232
"g","Boucherville","PUF_BOU_05","22/07/2024","05/08/2024","Swammerdamella_3120128",37,0.0148534725010036
"g","Boucherville","PUF_BOU_05","22/07/2024","05/08/2024","Corynoptera_1260849",34,0.0136491368928141
"g","Boucherville","PUF_BOU_05","22/07/2024","05/08/2024","Ornithonyssus_224535",34,0.0136491368928141
"g","Boucherville","PUF_BOU_05","22/07/2024","05/08/2024","Mycodiplosis_996607",25,0.0100361300682457
"g","Boucherville","PUF_BOU_05","22/07/2024","05/08/2024","Cantharis_41098",19,0.00762745885186672
"g","Boucherville","PUF_BOU_05","22/07/2024","05/08/2024","Tydeus_1670773",19,0.00762745885186672
"g","Boucherville","PUF_BOU_05","22/07/2024","05/08/2024","Pionidia_2613197",17,0.00682456844640707
"g","Boucherville","PUF_BOU_05","22/07/2024","05/08/2024","Rhacognathus_1545358",16,0.00642312324367724
"g","Boucherville","PUF_BOU_05","22/07/2024","05/08/2024","Rynchobanchus_1905500",7,0.00281011641910879
"g","Boucherville","PUF_BOU_05","22/07/2024","05/08/2024","Homo_9605",2,0.000802890405459655
"g","Boucherville","PUF_BOU_05","22/07/2024","05/08/2024","Melanoplus_30252",1,0.000401445202729827
"g","Boucherville","PUF_BOU_05","22/07/2024","05/08/2024","Onychocorycaeus_1955584",1,0.000401445202729827
"g","Boucherville","PUF_BOU_06","05/08/2024","19/08/2024","Glypsus_-21471",563,0.640500568828214
"g","Boucherville","PUF_BOU_06","05/08/2024","19/08/2024",NA,212,0.241183162684869
"g","Boucherville","PUF_BOU_06","05/08/2024","19/08/2024","Pionidia_2613197",37,0.0420932878270762
"g","Boucherville","PUF_BOU_06","05/08/2024","19/08/2024","Artemia_6660",30,0.0341296928327645
"g","Boucherville","PUF_BOU_06","05/08/2024","19/08/2024","Ischnura_79456",18,0.0204778156996587
"g","Boucherville","PUF_BOU_06","05/08/2024","19/08/2024","Tetra_1310384",12,0.0136518771331058
"g","Boucherville","PUF_BOU_06","05/08/2024","19/08/2024","Deuterosminthurus_1304590",5,0.00568828213879408
"g","Boucherville","PUF_BOU_06","05/08/2024","19/08/2024","Dermatophagoides_6953",1,0.00113765642775882
"g","Boucherville","PUF_BOU_06","05/08/2024","19/08/2024","Homo_9605",1,0.00113765642775882
"g","Boucherville","PUF_BOU_07","19/08/2024","02/09/2024",NA,120,0.368098159509202
"g","Boucherville","PUF_BOU_07","19/08/2024","02/09/2024","Glypsus_-21471",92,0.282208588957055
"g","Boucherville","PUF_BOU_07","19/08/2024","02/09/2024","Bos_9903",60,0.184049079754601
"g","Boucherville","PUF_BOU_07","19/08/2024","02/09/2024","Deuterosminthurus_1304590",53,0.162576687116564
"g","Boucherville","PUF_BOU_07","19/08/2024","02/09/2024","Galapagocoris_-21292",1,0.00306748466257669
"g","Boucherville","PUF_BOU_08","02/09/2024","16/09/2024","Glypsus_-21471",1701,0.749669457910974
"g","Boucherville","PUF_BOU_08","02/09/2024","16/09/2024",NA,509,0.224327897752314
"g","Boucherville","PUF_BOU_08","02/09/2024","16/09/2024","Pionidia_2613197",22,0.00969590127809608
"g","Boucherville","PUF_BOU_08","02/09/2024","16/09/2024","Cricotopus_153373",17,0.00749228735125606
"g","Boucherville","PUF_BOU_08","02/09/2024","16/09/2024","Psychoda_7201",13,0.00572939620978405
"g","Boucherville","PUF_BOU_08","02/09/2024","16/09/2024","Homo_9605",3,0.00132216835610401
"g","Boucherville","PUF_BOU_08","02/09/2024","16/09/2024","Lasius_7482",2,0.000881445570736007
"g","Boucherville","PUF_BOU_08","02/09/2024","16/09/2024","Triophytydeus_-3480",2,0.000881445570736007
"g","Boucherville","PUF_BOU_09","16/09/2024","30/09/2024","Glypsus_-21471",1259,0.688730853391685
"g","Boucherville","PUF_BOU_09","16/09/2024","30/09/2024",NA,449,0.24562363238512
"g","Boucherville","PUF_BOU_09","16/09/2024","30/09/2024","Homo_9605",68,0.037199124726477
"g","Boucherville","PUF_BOU_09","16/09/2024","30/09/2024","Bembidion_60800",19,0.0103938730853392
"g","Boucherville","PUF_BOU_09","16/09/2024","30/09/2024","Pionidia_2613197",17,0.00929978118161926
"g","Boucherville","PUF_BOU_09","16/09/2024","30/09/2024","Deroceras_145609",10,0.00547045951859956
"g","Boucherville","PUF_BOU_09","16/09/2024","30/09/2024","Abacarus_644136",2,0.00109409190371991
"g","Boucherville","PUF_BOU_09","16/09/2024","30/09/2024","Allothrombium_92077",2,0.00109409190371991
"g","Boucherville","PUF_BOU_09","16/09/2024","30/09/2024","Rhacognathus_1545358",2,0.00109409190371991
"g","IPEX","PUF_IPEX_01","15/05/2024","29/05/2024","Glypsus_-21471",48,0.428571428571429
"g","IPEX","PUF_IPEX_01","15/05/2024","29/05/2024",NA,32,0.285714285714286
"g","IPEX","PUF_IPEX_01","15/05/2024","29/05/2024","Bos_9903",21,0.1875
"g","IPEX","PUF_IPEX_01","15/05/2024","29/05/2024","Homo_9605",7,0.0625
"g","IPEX","PUF_IPEX_01","15/05/2024","29/05/2024","Rhyncaphytoptus_1452700",3,0.0267857142857143
"g","IPEX","PUF_IPEX_01","15/05/2024","29/05/2024","Pionidia_2613197",1,0.00892857142857143
"g","IPEX","PUF_IPEX_02","29/05/2024","12/06/2024",NA,1379,0.749049429657795
"g","IPEX","PUF_IPEX_02","29/05/2024","12/06/2024","Abacarus_644136",125,0.0678978815860945
"g","IPEX","PUF_IPEX_02","29/05/2024","12/06/2024","Glypsus_-21471",90,0.048886474741988
"g","IPEX","PUF_IPEX_02","29/05/2024","12/06/2024","Rhacognathus_1545358",54,0.0293318848451928
"g","IPEX","PUF_IPEX_02","29/05/2024","12/06/2024","Tanytarsus_288802",47,0.0255296034763715
"g","IPEX","PUF_IPEX_02","29/05/2024","12/06/2024","Tetra_1310384",21,0.0114068441064639
"g","IPEX","PUF_IPEX_02","29/05/2024","12/06/2024","Triophytydeus_-3480",18,0.00977729494839761
"g","IPEX","PUF_IPEX_02","29/05/2024","12/06/2024","Cinara_97051",17,0.00923411189570885
"g","IPEX","PUF_IPEX_02","29/05/2024","12/06/2024","Pionidia_2613197",17,0.00923411189570885
"g","IPEX","PUF_IPEX_02","29/05/2024","12/06/2024","Hippodamia_64693",14,0.00760456273764259
"g","IPEX","PUF_IPEX_02","29/05/2024","12/06/2024","Chironomus_7150",10,0.00543183052688756
"g","IPEX","PUF_IPEX_02","29/05/2024","12/06/2024","Corynoneura_611344",10,0.00543183052688756
"g","IPEX","PUF_IPEX_02","29/05/2024","12/06/2024","Dasineura_240745",10,0.00543183052688756
"g","IPEX","PUF_IPEX_02","29/05/2024","12/06/2024","Cantharis_41098",9,0.0048886474741988
"g","IPEX","PUF_IPEX_02","29/05/2024","12/06/2024","Homo_9605",8,0.00434546442151005
"g","IPEX","PUF_IPEX_02","29/05/2024","12/06/2024","Cavariella_330420",6,0.00325909831613254
"g","IPEX","PUF_IPEX_02","29/05/2024","12/06/2024","Aculodes_644138",5,0.00271591526344378
"g","IPEX","PUF_IPEX_02","29/05/2024","12/06/2024","Choristoneura_7140",1,0.000543183052688756
"g","IPEX","PUF_IPEX_03","12/06/2024","26/06/2024","Larinioides_280405",9881,0.870342640711706
"g","IPEX","PUF_IPEX_03","12/06/2024","26/06/2024",NA,1111,0.0978595965824011
"g","IPEX","PUF_IPEX_03","12/06/2024","26/06/2024","Glypsus_-21471",175,0.0154144279045186
"g","IPEX","PUF_IPEX_03","12/06/2024","26/06/2024","Pionidia_2613197",73,0.00643001849731349
"g","IPEX","PUF_IPEX_03","12/06/2024","26/06/2024","Bos_9903",52,0.00458028714877125
"g","IPEX","PUF_IPEX_03","12/06/2024","26/06/2024","Galapagocoris_-21292",15,0.00132123667753017
"g","IPEX","PUF_IPEX_03","12/06/2024","26/06/2024","Bembidion_60800",13,0.00114507178719281
"g","IPEX","PUF_IPEX_03","12/06/2024","26/06/2024","Macrothrix_362306",12,0.00105698934202413
"g","IPEX","PUF_IPEX_03","12/06/2024","26/06/2024","Homo_9605",10,0.000880824451686779
"g","IPEX","PUF_IPEX_03","12/06/2024","26/06/2024","Bezzia_381082",6,0.000528494671012067
"g","IPEX","PUF_IPEX_03","12/06/2024","26/06/2024","Culicoides_41820",3,0.000264247335506034
"g","IPEX","PUF_IPEX_03","12/06/2024","26/06/2024","Dasyhelea_41822",1,8.80824451686779e-05
"g","IPEX","PUF_IPEX_03","12/06/2024","26/06/2024","Sceliphron_161220",1,8.80824451686779e-05
"g","IPEX","PUF_IPEX_04","26/06/2024","10/07/2024","Glypsus_-21471",888,0.425695110258869
"g","IPEX","PUF_IPEX_04","26/06/2024","10/07/2024",NA,702,0.336529242569511
"g","IPEX","PUF_IPEX_04","26/06/2024","10/07/2024","Tydeus_1670773",118,0.0565675934803452
"g","IPEX","PUF_IPEX_04","26/06/2024","10/07/2024","Rhacognathus_1545358",105,0.0503355704697987
"g","IPEX","PUF_IPEX_04","26/06/2024","10/07/2024","Pionidia_2613197",72,0.0345158197507191
"g","IPEX","PUF_IPEX_04","26/06/2024","10/07/2024","Petrophila_655076",66,0.0316395014381592
"g","IPEX","PUF_IPEX_04","26/06/2024","10/07/2024","Bos_9903",48,0.0230105465004794
"g","IPEX","PUF_IPEX_04","26/06/2024","10/07/2024","Abacarus_644136",28,0.0134228187919463
"g","IPEX","PUF_IPEX_04","26/06/2024","10/07/2024","Tyrophagus_41443",27,0.0129434324065197
"g","IPEX","PUF_IPEX_04","26/06/2024","10/07/2024","Rynchobanchus_1905500",17,0.00814956855225312
"g","IPEX","PUF_IPEX_04","26/06/2024","10/07/2024","Homo_9605",10,0.00479386385426654
"g","IPEX","PUF_IPEX_04","26/06/2024","10/07/2024","Delphacodes_173790",2,0.000958772770853308
"g","IPEX","PUF_IPEX_04","26/06/2024","10/07/2024","Tutelina_153445",2,0.000958772770853308
"g","IPEX","PUF_IPEX_04","26/06/2024","10/07/2024","Cepaea_28834",1,0.000479386385426654
"g","IPEX","PUF_IPEX_05","10/07/2024","24/07/2024","Glypsus_-21471",3774,0.625352112676056
"g","IPEX","PUF_IPEX_05","10/07/2024","24/07/2024",NA,1830,0.303231151615576
"g","IPEX","PUF_IPEX_05","10/07/2024","24/07/2024","Deuterosminthurus_1304590",121,0.020049710024855
"g","IPEX","PUF_IPEX_05","10/07/2024","24/07/2024","Rhacognathus_1545358",64,0.0106048053024027
"g","IPEX","PUF_IPEX_05","10/07/2024","24/07/2024","Homo_9605",51,0.00845070422535211
"g","IPEX","PUF_IPEX_05","10/07/2024","24/07/2024","Aculus_644140",37,0.00613090306545153
"g","IPEX","PUF_IPEX_05","10/07/2024","24/07/2024","Ceraclea_177832",27,0.00447390223695112
"g","IPEX","PUF_IPEX_05","10/07/2024","24/07/2024","Galapagocoris_-21292",23,0.00381110190555095
"g","IPEX","PUF_IPEX_05","10/07/2024","24/07/2024","Pionidia_2613197",15,0.00248550124275062
"g","IPEX","PUF_IPEX_05","10/07/2024","24/07/2024","Aeshna_12920",13,0.00215410107705054
"g","IPEX","PUF_IPEX_05","10/07/2024","24/07/2024","Artemia_6660",12,0.0019884009942005
"g","IPEX","PUF_IPEX_05","10/07/2024","24/07/2024","Cepaea_28834",12,0.0019884009942005
"g","IPEX","PUF_IPEX_05","10/07/2024","24/07/2024","Lasius_7482",12,0.0019884009942005
"g","IPEX","PUF_IPEX_05","10/07/2024","24/07/2024","Tydeus_1670773",8,0.00132560066280033
"g","IPEX","PUF_IPEX_05","10/07/2024","24/07/2024","Bembidion_60800",7,0.00115990057995029
"g","IPEX","PUF_IPEX_05","10/07/2024","24/07/2024","Abacarus_644136",6,0.000994200497100249
"g","IPEX","PUF_IPEX_05","10/07/2024","24/07/2024","Aphis_80764",6,0.000994200497100249
"g","IPEX","PUF_IPEX_05","10/07/2024","24/07/2024","Tetramorium_30204",4,0.000662800331400166
"g","IPEX","PUF_IPEX_05","10/07/2024","24/07/2024","Dasineura_240745",3,0.000497100248550124
"g","IPEX","PUF_IPEX_05","10/07/2024","24/07/2024","Erythemis_70378",3,0.000497100248550124
"g","IPEX","PUF_IPEX_05","10/07/2024","24/07/2024","Rhyncaphytoptus_1452700",3,0.000497100248550124
"g","IPEX","PUF_IPEX_05","10/07/2024","24/07/2024","Dorypteryx_209978",2,0.000331400165700083
"g","IPEX","PUF_IPEX_05","10/07/2024","24/07/2024","Acyrthosiphon_7028",1,0.000165700082850041
"g","IPEX","PUF_IPEX_05","10/07/2024","24/07/2024","Pigritia_347817",1,0.000165700082850041
"g","IPEX","PUF_IPEX_06","24/07/2024","07/08/2024","Glypsus_-21471",812,0.70060396893874
"g","IPEX","PUF_IPEX_06","24/07/2024","07/08/2024",NA,296,0.255392579810181
"g","IPEX","PUF_IPEX_06","24/07/2024","07/08/2024","Pionidia_2613197",20,0.0172562553925798
"g","IPEX","PUF_IPEX_06","24/07/2024","07/08/2024","Rhacognathus_1545358",15,0.0129421915444349
"g","IPEX","PUF_IPEX_06","24/07/2024","07/08/2024","Galapagocoris_-21292",6,0.00517687661777394
"g","IPEX","PUF_IPEX_06","24/07/2024","07/08/2024","Homo_9605",4,0.00345125107851596
"g","IPEX","PUF_IPEX_06","24/07/2024","07/08/2024","Nanocladius_611365",2,0.00172562553925798
"g","IPEX","PUF_IPEX_06","24/07/2024","07/08/2024","Choristoneura_7140",1,0.000862812769628991
"g","IPEX","PUF_IPEX_06","24/07/2024","07/08/2024","Deroceras_145609",1,0.000862812769628991
"g","IPEX","PUF_IPEX_06","24/07/2024","07/08/2024","Paratanytarsus_82133",1,0.000862812769628991
"g","IPEX","PUF_IPEX_06","24/07/2024","07/08/2024","Pollenia_229639",1,0.000862812769628991
"g","IPEX","PUF_IPEX_07","07/08/2024","21/08/2024","Glypsus_-21471",1045,0.570726379027854
"g","IPEX","PUF_IPEX_07","07/08/2024","21/08/2024",NA,675,0.368651010376843
"g","IPEX","PUF_IPEX_07","07/08/2024","21/08/2024","Pionidia_2613197",53,0.0289459311851447
"g","IPEX","PUF_IPEX_07","07/08/2024","21/08/2024","Rhacognathus_1545358",27,0.0147460404150737
"g","IPEX","PUF_IPEX_07","07/08/2024","21/08/2024","Rynchobanchus_1905500",13,0.0070999453850355
"g","IPEX","PUF_IPEX_07","07/08/2024","21/08/2024","Scatella_305595",9,0.00491534680502458
"g","IPEX","PUF_IPEX_07","07/08/2024","21/08/2024","Homo_9605",5,0.00273074822501365
"g","IPEX","PUF_IPEX_07","07/08/2024","21/08/2024","Acalitus_1452645",4,0.00218459858001092
"g","IPEX","PUF_IPEX_08","21/08/2024","04/09/2024","Glypsus_-21471",1468,0.613455913079816
"g","IPEX","PUF_IPEX_08","21/08/2024","04/09/2024",NA,753,0.314667781027998
"g","IPEX","PUF_IPEX_08","21/08/2024","04/09/2024","Bos_9903",70,0.029251984956122
"g","IPEX","PUF_IPEX_08","21/08/2024","04/09/2024","Mycodiplosis_996607",39,0.0162975344755537
"g","IPEX","PUF_IPEX_08","21/08/2024","04/09/2024","Rhacognathus_1545358",27,0.0112829084830756
"g","IPEX","PUF_IPEX_08","21/08/2024","04/09/2024","Eukiefferiella_288843",19,0.00793982448809026
"g","IPEX","PUF_IPEX_08","21/08/2024","04/09/2024","Homo_9605",17,0.00710405348934392
"g","IPEX","PUF_IPEX_09","04/09/2024","18/09/2024","Glypsus_-21471",962,0.731558935361217
"g","IPEX","PUF_IPEX_09","04/09/2024","18/09/2024",NA,266,0.202281368821293
"g","IPEX","PUF_IPEX_09","04/09/2024","18/09/2024","Pionidia_2613197",39,0.0296577946768061
"g","IPEX","PUF_IPEX_09","04/09/2024","18/09/2024","Rhacognathus_1545358",11,0.00836501901140684
"g","IPEX","PUF_IPEX_09","04/09/2024","18/09/2024","Uroleucon_87309",11,0.00836501901140684
"g","IPEX","PUF_IPEX_09","04/09/2024","18/09/2024","Anoecia_133066",8,0.00608365019011407
"g","IPEX","PUF_IPEX_09","04/09/2024","18/09/2024","Homo_9605",4,0.00304182509505703
"g","IPEX","PUF_IPEX_09","04/09/2024","18/09/2024","Acalitus_1452645",3,0.00228136882129278
"g","IPEX","PUF_IPEX_09","04/09/2024","18/09/2024","Lygus_30084",3,0.00228136882129278
"g","IPEX","PUF_IPEX_09","04/09/2024","18/09/2024","Ripiphorus_50534",3,0.00228136882129278
"g","IPEX","PUF_IPEX_09","04/09/2024","18/09/2024","Cepaea_28834",2,0.00152091254752852
"g","IPEX","PUF_IPEX_09","04/09/2024","18/09/2024","Setophaga_182948",2,0.00152091254752852
"g","IPEX","PUF_IPEX_09","04/09/2024","18/09/2024","Cladotanytarsus_288858",1,0.000760456273764259
"g","IPEX","PUF_IPEX_10","18/09/2024","02/10/2024","Glypsus_-21471",2651,0.590291694500111
"g","IPEX","PUF_IPEX_10","18/09/2024","02/10/2024",NA,883,0.196615453128479
"g","IPEX","PUF_IPEX_10","18/09/2024","02/10/2024","Liposcelis_160150",574,0.127811177911378
"g","IPEX","PUF_IPEX_10","18/09/2024","02/10/2024","Pionidia_2613197",161,0.0358494767312403
"g","IPEX","PUF_IPEX_10","18/09/2024","02/10/2024","Bryophaenocladius_611339",83,0.0184814072589624
"g","IPEX","PUF_IPEX_10","18/09/2024","02/10/2024","Rhacognathus_1545358",45,0.0100200400801603
"g","IPEX","PUF_IPEX_10","18/09/2024","02/10/2024","Agrotis_47766",23,0.00512135381874861
"g","IPEX","PUF_IPEX_10","18/09/2024","02/10/2024","Cylindroiulus_47131",20,0.00445335114673792
"g","IPEX","PUF_IPEX_10","18/09/2024","02/10/2024","Tetramorium_30204",20,0.00445335114673792
"g","IPEX","PUF_IPEX_10","18/09/2024","02/10/2024","Forda_133083",16,0.00356268091739034
"g","IPEX","PUF_IPEX_10","18/09/2024","02/10/2024","Acalitus_1452645",7,0.00155867290135827
"g","IPEX","PUF_IPEX_10","18/09/2024","02/10/2024","Deroceras_145609",4,0.000890670229347584
"g","IPEX","PUF_IPEX_10","18/09/2024","02/10/2024","Aphidounguis_387104",1,0.000222667557336896
"g","IPEX","PUF_IPEX_10","18/09/2024","02/10/2024","Homo_9605",1,0.000222667557336896
"g","IPEX","PUF_IPEX_10","18/09/2024","02/10/2024","Microtus_10053",1,0.000222667557336896
"g","IPEX","PUF_IPEX_10","18/09/2024","02/10/2024","Tanytarsus_288802",1,0.000222667557336896
"g","Insectarium","Insectarium_Cocoon","10/11/2025","24/11/2025","Tyrophagus_41443",123,0.45724907063197
"g","Insectarium","Insectarium_Cocoon","10/11/2025","24/11/2025","Bos_9903",73,0.271375464684015
"g","Insectarium","Insectarium_Cocoon","10/11/2025","24/11/2025","Artemia_6660",36,0.133828996282528
"g","Insectarium","Insectarium_Cocoon","10/11/2025","24/11/2025","Homo_9605",36,0.133828996282528
"g","Insectarium","Insectarium_Cocoon","10/11/2025","24/11/2025","Cylindroiulus_47131",1,0.00371747211895911
"g","Insectarium","Insectarium_Door","10/11/2025","24/11/2025","Bos_9903",48,0.979591836734694
"g","Insectarium","Insectarium_Door","10/11/2025","24/11/2025","Heliconius_33416",1,0.0204081632653061
"g","Insectarium","Insectarium_Up","10/11/2025","24/11/2025","Tyrophagus_41443",1884,1
"g","Jean-Drapeau","PUF_JD_01","22/05/2024","05/06/2024","Hypena_95218",6071,0.680605381165919
"g","Jean-Drapeau","PUF_JD_01","22/05/2024","05/06/2024","Anystis_66557",1435,0.160874439461883
"g","Jean-Drapeau","PUF_JD_01","22/05/2024","05/06/2024",NA,876,0.0982062780269058
"g","Jean-Drapeau","PUF_JD_01","22/05/2024","05/06/2024","Lasioseius_296243",114,0.012780269058296
"g","Jean-Drapeau","PUF_JD_01","22/05/2024","05/06/2024","Tetragnatha_27395",76,0.00852017937219731
"g","Jean-Drapeau","PUF_JD_01","22/05/2024","05/06/2024","Cricotopus_153373",62,0.00695067264573991
"g","Jean-Drapeau","PUF_JD_01","22/05/2024","05/06/2024","Glypsus_-21471",46,0.00515695067264574
"g","Jean-Drapeau","PUF_JD_01","22/05/2024","05/06/2024","Parakiefferiella_611371",43,0.00482062780269058
"g","Jean-Drapeau","PUF_JD_01","22/05/2024","05/06/2024","Tetramorium_30204",34,0.00381165919282511
"g","Jean-Drapeau","PUF_JD_01","22/05/2024","05/06/2024","Tydeus_1670773",32,0.00358744394618834
"g","Jean-Drapeau","PUF_JD_01","22/05/2024","05/06/2024","Pionidia_2613197",24,0.00269058295964126
"g","Jean-Drapeau","PUF_JD_01","22/05/2024","05/06/2024","Abacarus_644136",23,0.00257847533632287
"g","Jean-Drapeau","PUF_JD_01","22/05/2024","05/06/2024","Aphis_80764",16,0.00179372197309417
"g","Jean-Drapeau","PUF_JD_01","22/05/2024","05/06/2024","Plagiognathus_236934",16,0.00179372197309417
"g","Jean-Drapeau","PUF_JD_01","22/05/2024","05/06/2024","Homo_9605",13,0.00145739910313901
"g","Jean-Drapeau","PUF_JD_01","22/05/2024","05/06/2024","Stenacron_248190",13,0.00145739910313901
"g","Jean-Drapeau","PUF_JD_01","22/05/2024","05/06/2024","Rhacognathus_1545358",11,0.00123318385650224
"g","Jean-Drapeau","PUF_JD_01","22/05/2024","05/06/2024","Demodex_188544",7,0.0007847533632287
"g","Jean-Drapeau","PUF_JD_01","22/05/2024","05/06/2024","Pityophthorus_122830",3,0.000336322869955157
"g","Jean-Drapeau","PUF_JD_01","22/05/2024","05/06/2024","Cymoninus_257901",2,0.000224215246636771
"g","Jean-Drapeau","PUF_JD_01","22/05/2024","05/06/2024","Galapagocoris_-21292",2,0.000224215246636771
"g","Jean-Drapeau","PUF_JD_01","22/05/2024","05/06/2024","Cheumatopsyche_177865",1,0.000112107623318386
"g","Jean-Drapeau","PUF_JD_02","05/06/2024","19/06/2024","Pigritia_347817",13484,0.944257703081232
"g","Jean-Drapeau","PUF_JD_02","05/06/2024","19/06/2024",NA,308,0.0215686274509804
"g","Jean-Drapeau","PUF_JD_02","05/06/2024","19/06/2024","Xestia_320016",183,0.0128151260504202
"g","Jean-Drapeau","PUF_JD_02","05/06/2024","19/06/2024","Hydroptila_599788",94,0.00658263305322129
"g","Jean-Drapeau","PUF_JD_02","05/06/2024","19/06/2024","Hydropsyche_50443",46,0.00322128851540616
"g","Jean-Drapeau","PUF_JD_02","05/06/2024","19/06/2024","Tetragnatha_27395",28,0.00196078431372549
"g","Jean-Drapeau","PUF_JD_02","05/06/2024","19/06/2024","Pionidia_2613197",18,0.00126050420168067
"g","Jean-Drapeau","PUF_JD_02","05/06/2024","19/06/2024","Abacarus_644136",14,0.000980392156862745
"g","Jean-Drapeau","PUF_JD_02","05/06/2024","19/06/2024","Polypedilum_54968",14,0.000980392156862745
"g","Jean-Drapeau","PUF_JD_02","05/06/2024","19/06/2024","Philodromus_336567",13,0.000910364145658263
"g","Jean-Drapeau","PUF_JD_02","05/06/2024","19/06/2024","Tydeus_1670773",11,0.0007703081232493
"g","Jean-Drapeau","PUF_JD_02","05/06/2024","19/06/2024","Agelaius_9190",10,0.000700280112044818
"g","Jean-Drapeau","PUF_JD_02","05/06/2024","19/06/2024","Hyloniscus_115154",9,0.000630252100840336
"g","Jean-Drapeau","PUF_JD_02","05/06/2024","19/06/2024","Paratanytarsus_82133",8,0.000560224089635854
"g","Jean-Drapeau","PUF_JD_02","05/06/2024","19/06/2024","Cylindroiulus_47131",7,0.000490196078431373
"g","Jean-Drapeau","PUF_JD_02","05/06/2024","19/06/2024","Cricotopus_153373",6,0.000420168067226891
"g","Jean-Drapeau","PUF_JD_02","05/06/2024","19/06/2024","Larinioides_280405",6,0.000420168067226891
"g","Jean-Drapeau","PUF_JD_02","05/06/2024","19/06/2024","Glypsus_-21471",5,0.000350140056022409
"g","Jean-Drapeau","PUF_JD_02","05/06/2024","19/06/2024","Melanoplus_30252",5,0.000350140056022409
"g","Jean-Drapeau","PUF_JD_02","05/06/2024","19/06/2024","Homo_9605",4,0.000280112044817927
"g","Jean-Drapeau","PUF_JD_02","05/06/2024","19/06/2024","Prociphilus_133102",2,0.000140056022408964
"g","Jean-Drapeau","PUF_JD_02","05/06/2024","19/06/2024","Psectrocladius_288848",2,0.000140056022408964
"g","Jean-Drapeau","PUF_JD_02","05/06/2024","19/06/2024","Harpalus_41076",1,7.00280112044818e-05
"g","Jean-Drapeau","PUF_JD_02","05/06/2024","19/06/2024","Rhacognathus_1545358",1,7.00280112044818e-05
"g","Jean-Drapeau","PUF_JD_02","05/06/2024","19/06/2024","Tanytarsus_288802",1,7.00280112044818e-05
"g","Jean-Drapeau","PUF_JD_03","19/06/2024","03/07/2024",NA,347,0.323392357875116
"g","Jean-Drapeau","PUF_JD_03","19/06/2024","03/07/2024","Plagiognathus_236934",164,0.152842497670084
"g","Jean-Drapeau","PUF_JD_03","19/06/2024","03/07/2024","Glypsus_-21471",160,0.149114631873253
"g","Jean-Drapeau","PUF_JD_03","19/06/2024","03/07/2024","Homo_9605",100,0.0931966449207828
"g","Jean-Drapeau","PUF_JD_03","19/06/2024","03/07/2024","Thaumatomyia_333800",93,0.0866728797763281
"g","Jean-Drapeau","PUF_JD_03","19/06/2024","03/07/2024","Pionidia_2613197",60,0.0559179869524697
"g","Jean-Drapeau","PUF_JD_03","19/06/2024","03/07/2024","Chrysoperla_7521",31,0.0288909599254427
"g","Jean-Drapeau","PUF_JD_03","19/06/2024","03/07/2024","Oidaematophorus_688446",24,0.0223671947809879
"g","Jean-Drapeau","PUF_JD_03","19/06/2024","03/07/2024","Kosswigianella_984418",21,0.0195712954333644
"g","Jean-Drapeau","PUF_JD_03","19/06/2024","03/07/2024","Tanytarsus_288802",17,0.0158434296365331
"g","Jean-Drapeau","PUF_JD_03","19/06/2024","03/07/2024","Abacarus_644136",12,0.0111835973904939
"g","Jean-Drapeau","PUF_JD_03","19/06/2024","03/07/2024","Lasius_7482",11,0.0102516309412861
"g","Jean-Drapeau","PUF_JD_03","19/06/2024","03/07/2024","Lycoriella_170626",8,0.00745573159366263
"g","Jean-Drapeau","PUF_JD_03","19/06/2024","03/07/2024","Tydeus_1670773",8,0.00745573159366263
"g","Jean-Drapeau","PUF_JD_03","19/06/2024","03/07/2024","Cricotopus_153373",4,0.00372786579683131
"g","Jean-Drapeau","PUF_JD_03","19/06/2024","03/07/2024","Axarus_391757",3,0.00279589934762349
"g","Jean-Drapeau","PUF_JD_03","19/06/2024","03/07/2024","Emblyna_336649",3,0.00279589934762349
"g","Jean-Drapeau","PUF_JD_03","19/06/2024","03/07/2024","Rhacognathus_1545358",3,0.00279589934762349
"g","Jean-Drapeau","PUF_JD_03","19/06/2024","03/07/2024","Aceria_109362",2,0.00186393289841566
"g","Jean-Drapeau","PUF_JD_03","19/06/2024","03/07/2024","Bembidion_60800",1,0.000931966449207828
"g","Jean-Drapeau","PUF_JD_03","19/06/2024","03/07/2024","Rynchobanchus_1905500",1,0.000931966449207828
"g","Jean-Drapeau","PUF_JD_04","03/07/2024","17/07/2024","Glypsus_-21471",996,0.600361663652803
"g","Jean-Drapeau","PUF_JD_04","03/07/2024","17/07/2024","Bos_9903",219,0.132007233273056
"g","Jean-Drapeau","PUF_JD_04","03/07/2024","17/07/2024","Tetragnatha_27395",153,0.0922242314647378
"g","Jean-Drapeau","PUF_JD_04","03/07/2024","17/07/2024","Pionidia_2613197",149,0.0898131404460518
"g","Jean-Drapeau","PUF_JD_04","03/07/2024","17/07/2024",NA,129,0.0777576853526221
"g","Jean-Drapeau","PUF_JD_04","03/07/2024","17/07/2024","Homo_9605",7,0.00421940928270042
"g","Jean-Drapeau","PUF_JD_04","03/07/2024","17/07/2024","Bembidion_60800",6,0.00361663652802893
"g","Jean-Drapeau","PUF_JD_05","17/07/2024","31/07/2024","Tetragnatha_27395",1700,0.401132609721567
"g","Jean-Drapeau","PUF_JD_05","17/07/2024","31/07/2024","Glypsus_-21471",610,0.143935818782445
"g","Jean-Drapeau","PUF_JD_05","17/07/2024","31/07/2024",NA,574,0.135441245870694
"g","Jean-Drapeau","PUF_JD_05","17/07/2024","31/07/2024","Pemphigus_13192",435,0.102642756016989
"g","Jean-Drapeau","PUF_JD_05","17/07/2024","31/07/2024","Pionidia_2613197",297,0.0700802265219443
"g","Jean-Drapeau","PUF_JD_05","17/07/2024","31/07/2024","Cricotopus_153373",243,0.0573383671543181
"g","Jean-Drapeau","PUF_JD_05","17/07/2024","31/07/2024","Euschistus_437492",55,0.012977819726286
"g","Jean-Drapeau","PUF_JD_05","17/07/2024","31/07/2024","Tetra_1310384",50,0.0117980179329873
"g","Jean-Drapeau","PUF_JD_05","17/07/2024","31/07/2024","Artemia_6660",45,0.0106182161396885
"g","Jean-Drapeau","PUF_JD_05","17/07/2024","31/07/2024","Bos_9903",45,0.0106182161396885
"g","Jean-Drapeau","PUF_JD_05","17/07/2024","31/07/2024","Aphis_80764",42,0.0099103350637093
"g","Jean-Drapeau","PUF_JD_05","17/07/2024","31/07/2024","Melanophthalma_433122",38,0.00896649362907032
"g","Jean-Drapeau","PUF_JD_05","17/07/2024","31/07/2024","Endria_30119",37,0.00873053327041057
"g","Jean-Drapeau","PUF_JD_05","17/07/2024","31/07/2024","Polypedilum_54968",15,0.00353940537989618
"g","Jean-Drapeau","PUF_JD_05","17/07/2024","31/07/2024","Dasyhelea_41822",11,0.0025955639452572
"g","Jean-Drapeau","PUF_JD_05","17/07/2024","31/07/2024","Homo_9605",11,0.0025955639452572
"g","Jean-Drapeau","PUF_JD_05","17/07/2024","31/07/2024","Rhacognathus_1545358",11,0.0025955639452572
"g","Jean-Drapeau","PUF_JD_05","17/07/2024","31/07/2024","Parasteatoda_449632",7,0.00165172251061822
"g","Jean-Drapeau","PUF_JD_05","17/07/2024","31/07/2024","Larinioides_280405",5,0.00117980179329873
"g","Jean-Drapeau","PUF_JD_05","17/07/2024","31/07/2024","Sciurus_10001",4,0.000943841434638981
"g","Jean-Drapeau","PUF_JD_05","17/07/2024","31/07/2024","Aculops_644139",2,0.00047192071731949
"g","Jean-Drapeau","PUF_JD_05","17/07/2024","31/07/2024","Acalitus_1452645",1,0.000235960358659745
"g","Jean-Drapeau","PUF_JD_06","31/07/2024","14/08/2024","Glypsus_-21471",3495,0.861049519586105
"g","Jean-Drapeau","PUF_JD_06","31/07/2024","14/08/2024",NA,327,0.0805617147080562
"g","Jean-Drapeau","PUF_JD_06","31/07/2024","14/08/2024","Tetragnatha_27395",119,0.0293175659029318
"g","Jean-Drapeau","PUF_JD_06","31/07/2024","14/08/2024","Pionidia_2613197",38,0.00936191180093619
"g","Jean-Drapeau","PUF_JD_06","31/07/2024","14/08/2024","Cricotopus_153373",15,0.00369549150036955
"g","Jean-Drapeau","PUF_JD_06","31/07/2024","14/08/2024","Tydeus_1670773",11,0.002710027100271
"g","Jean-Drapeau","PUF_JD_06","31/07/2024","14/08/2024","Lasius_7482",10,0.00246366100024637
"g","Jean-Drapeau","PUF_JD_06","31/07/2024","14/08/2024","Tanytarsus_288802",7,0.00172456270017246
"g","Jean-Drapeau","PUF_JD_06","31/07/2024","14/08/2024","Oecanthus_208682",6,0.00147819660014782
"g","Jean-Drapeau","PUF_JD_06","31/07/2024","14/08/2024","Euschistus_437492",5,0.00123183050012318
"g","Jean-Drapeau","PUF_JD_06","31/07/2024","14/08/2024","Hydroptila_599788",5,0.00123183050012318
"g","Jean-Drapeau","PUF_JD_06","31/07/2024","14/08/2024","Paratanytarsus_82133",5,0.00123183050012318
"g","Jean-Drapeau","PUF_JD_06","31/07/2024","14/08/2024","Rhacognathus_1545358",5,0.00123183050012318
"g","Jean-Drapeau","PUF_JD_06","31/07/2024","14/08/2024","Phrurolithus_1226123",3,0.00073909830007391
"g","Jean-Drapeau","PUF_JD_06","31/07/2024","14/08/2024","Aphis_80764",2,0.000492732200049273
"g","Jean-Drapeau","PUF_JD_06","31/07/2024","14/08/2024","Demodex_188544",2,0.000492732200049273
"g","Jean-Drapeau","PUF_JD_06","31/07/2024","14/08/2024","Myzus_13163",2,0.000492732200049273
"g","Jean-Drapeau","PUF_JD_06","31/07/2024","14/08/2024","Alaus_225336",1,0.000246366100024637
"g","Jean-Drapeau","PUF_JD_06","31/07/2024","14/08/2024","Forficula_13067",1,0.000246366100024637
"g","Jean-Drapeau","PUF_JD_07","14/08/2024","28/08/2024","Glypsus_-21471",2271,0.489861949956859
"g","Jean-Drapeau","PUF_JD_07","14/08/2024","28/08/2024","Harmonia_115356",867,0.187014667817084
"g","Jean-Drapeau","PUF_JD_07","14/08/2024","28/08/2024","Hydropsyche_50443",592,0.127696289905091
"g","Jean-Drapeau","PUF_JD_07","14/08/2024","28/08/2024",NA,544,0.117342536669543
"g","Jean-Drapeau","PUF_JD_07","14/08/2024","28/08/2024","Aceria_109362",95,0.0204918032786885
"g","Jean-Drapeau","PUF_JD_07","14/08/2024","28/08/2024","Lygus_30084",79,0.0170405522001726
"g","Jean-Drapeau","PUF_JD_07","14/08/2024","28/08/2024","Larinioides_280405",53,0.0114322691975841
"g","Jean-Drapeau","PUF_JD_07","14/08/2024","28/08/2024","Pionidia_2613197",53,0.0114322691975841
"g","Jean-Drapeau","PUF_JD_07","14/08/2024","28/08/2024","Brachymyrmex_46650",25,0.00539257981018119
"g","Jean-Drapeau","PUF_JD_07","14/08/2024","28/08/2024","Deuterosminthurus_1304590",23,0.0049611734253667
"g","Jean-Drapeau","PUF_JD_07","14/08/2024","28/08/2024","Tetragnatha_27395",10,0.00215703192407248
"g","Jean-Drapeau","PUF_JD_07","14/08/2024","28/08/2024","Homo_9605",9,0.00194132873166523
"g","Jean-Drapeau","PUF_JD_07","14/08/2024","28/08/2024","Cantharis_41098",7,0.00150992234685073
"g","Jean-Drapeau","PUF_JD_07","14/08/2024","28/08/2024","Metaseiulus_34637",3,0.000647109577221743
"g","Jean-Drapeau","PUF_JD_07","14/08/2024","28/08/2024","Bembidion_60800",2,0.000431406384814495
"g","Jean-Drapeau","PUF_JD_07","14/08/2024","28/08/2024","Lasius_7482",2,0.000431406384814495
"g","Jean-Drapeau","PUF_JD_07","14/08/2024","28/08/2024","Aculus_644140",1,0.000215703192407248
"g","Jean-Drapeau","PUF_JD_08","28/08/2024","11/09/2024","Tetragnatha_27395",8583,0.976339438061654
"g","Jean-Drapeau","PUF_JD_08","28/08/2024","11/09/2024","Glypsus_-21471",95,0.010806506654533
"g","Jean-Drapeau","PUF_JD_08","28/08/2024","11/09/2024",NA,66,0.0075076783073598
"g","Jean-Drapeau","PUF_JD_08","28/08/2024","11/09/2024","Maiestas_1401779",20,0.00227505403253327
"g","Jean-Drapeau","PUF_JD_08","28/08/2024","11/09/2024","Pionidia_2613197",8,0.000910021613013309
"g","Jean-Drapeau","PUF_JD_08","28/08/2024","11/09/2024","Acalitus_1452645",6,0.000682516209759982
"g","Jean-Drapeau","PUF_JD_08","28/08/2024","11/09/2024","Rhacognathus_1545358",3,0.000341258104879991
"g","Jean-Drapeau","PUF_JD_08","28/08/2024","11/09/2024","Tanytarsus_288802",3,0.000341258104879991
"g","Jean-Drapeau","PUF_JD_08","28/08/2024","11/09/2024","Lumbricus_6397",2,0.000227505403253327
"g","Jean-Drapeau","PUF_JD_08","28/08/2024","11/09/2024","Ochlerotatus_190765",2,0.000227505403253327
"g","Jean-Drapeau","PUF_JD_08","28/08/2024","11/09/2024","Dolichovespula_7440",1,0.000113752701626664
"g","Jean-Drapeau","PUF_JD_08","28/08/2024","11/09/2024","Hydropsyche_50443",1,0.000113752701626664
"g","Jean-Drapeau","PUF_JD_08","28/08/2024","11/09/2024","Triophytydeus_-3480",1,0.000113752701626664
"g","Jean-Drapeau","PUF_JD_09","11/09/2024","25/09/2024","Glypsus_-21471",670,0.544715447154472
"g","Jean-Drapeau","PUF_JD_09","11/09/2024","25/09/2024","Pionidia_2613197",227,0.184552845528455
"g","Jean-Drapeau","PUF_JD_09","11/09/2024","25/09/2024",NA,212,0.172357723577236
"g","Jean-Drapeau","PUF_JD_09","11/09/2024","25/09/2024","Obus_279488",69,0.0560975609756098
"g","Jean-Drapeau","PUF_JD_09","11/09/2024","25/09/2024","Tetragnatha_27395",20,0.016260162601626
"g","Jean-Drapeau","PUF_JD_09","11/09/2024","25/09/2024","Sarcophaga_7384",10,0.00813008130081301
"g","Jean-Drapeau","PUF_JD_09","11/09/2024","25/09/2024","Sus_9822",10,0.00813008130081301
"g","Jean-Drapeau","PUF_JD_09","11/09/2024","25/09/2024","Lasius_7482",5,0.0040650406504065
"g","Jean-Drapeau","PUF_JD_09","11/09/2024","25/09/2024","Homo_9605",3,0.0024390243902439
"g","Jean-Drapeau","PUF_JD_09","11/09/2024","25/09/2024","Acalitus_1452645",2,0.0016260162601626
"g","Jean-Drapeau","PUF_JD_09","11/09/2024","25/09/2024","Bos_9903",1,0.000813008130081301
"g","Jean-Drapeau","PUF_JD_09","11/09/2024","25/09/2024","Deroceras_145609",1,0.000813008130081301
"g","Jean-Drapeau","PUF_JD_10","25/09/2024","09/10/2024","Capitophorus_527611",6147,0.700034164673727
"g","Jean-Drapeau","PUF_JD_10","25/09/2024","09/10/2024","Glypsus_-21471",1553,0.176859127661997
"g","Jean-Drapeau","PUF_JD_10","25/09/2024","09/10/2024",NA,282,0.032114793303724
"g","Jean-Drapeau","PUF_JD_10","25/09/2024","09/10/2024","Cricotopus_153373",243,0.0276733857191664
"g","Jean-Drapeau","PUF_JD_10","25/09/2024","09/10/2024","Tetragnatha_27395",219,0.0249402118209771
"g","Jean-Drapeau","PUF_JD_10","25/09/2024","09/10/2024","Pionidia_2613197",104,0.0118437535588202
"g","Jean-Drapeau","PUF_JD_10","25/09/2024","09/10/2024","Bos_9903",67,0.00763011046577839
"g","Jean-Drapeau","PUF_JD_10","25/09/2024","09/10/2024","Larinioides_280405",52,0.00592187677941009
"g","Jean-Drapeau","PUF_JD_10","25/09/2024","09/10/2024","Hydropsyche_50443",34,0.00387199635576814
"g","Jean-Drapeau","PUF_JD_10","25/09/2024","09/10/2024","Abacarus_644136",23,0.00261929165243139
"g","Jean-Drapeau","PUF_JD_10","25/09/2024","09/10/2024","Forficula_13067",23,0.00261929165243139
"g","Jean-Drapeau","PUF_JD_10","25/09/2024","09/10/2024","Typhlodromips_756256",13,0.00148046919485252
"g","Jean-Drapeau","PUF_JD_10","25/09/2024","09/10/2024","Agrochola_689302",12,0.00136658694909464
"g","Jean-Drapeau","PUF_JD_10","25/09/2024","09/10/2024","Homo_9605",8,0.000911057966063091
"g","Jean-Drapeau","PUF_JD_10","25/09/2024","09/10/2024","Sciurus_10001",1,0.000113882245757886
"g","Mont_Tremblant","Mont_Tremblant","30/08/2025","31/08/2025",NA,810,0.818181818181818
"g","Mont_Tremblant","Mont_Tremblant","30/08/2025","31/08/2025","Bos_9903",82,0.0828282828282828
"g","Mont_Tremblant","Mont_Tremblant","30/08/2025","31/08/2025","Glypsus_-21471",44,0.0444444444444444
"g","Mont_Tremblant","Mont_Tremblant","30/08/2025","31/08/2025","Homo_9605",34,0.0343434343434343
"g","Mont_Tremblant","Mont_Tremblant","30/08/2025","31/08/2025","Bembidion_60800",18,0.0181818181818182
"g","Mont_Tremblant","Mont_Tremblant","30/08/2025","31/08/2025","Tetramorium_30204",2,0.00202020202020202
"g",NA,NA,NA,NA,"Cethosia_127316",15391,0.508642056908688
"g",NA,NA,NA,NA,"Heliconius_33416",10784,0.356389834429426
"g",NA,NA,NA,NA,"Caligo_127325",2741,0.0905846194520638
"g",NA,NA,NA,NA,"Willowsia_181624",340,0.0112363263822334
"g",NA,NA,NA,NA,"Papilio_7145",306,0.01011269374401
"g",NA,NA,NA,NA,"Parthenos_191422",299,0.00988135761261112
"g",NA,NA,NA,NA,NA,118,0.00389966621501041
"g",NA,NA,NA,NA,"Hymenopus_267204",80,0.00264384150170197
"g",NA,NA,NA,NA,"Tyrophagus_41443",62,0.00204897716381903
"g",NA,NA,NA,NA,"Siproeta_64447",61,0.00201592914504775
"g",NA,NA,NA,NA,"Homo_9605",17,0.000561816319111669
"g",NA,NA,NA,NA,"Doleschallia_311082",16,0.000528768300340395
"g",NA,NA,NA,NA,"Megaselia_36165",12,0.000396576225255296
"g",NA,NA,NA,NA,"Hermetia_343581",11,0.000363528206484021
"g",NA,NA,NA,NA,"Hamadryas_127339",9,0.000297432168941472
"g",NA,NA,NA,NA,"Liposcelis_160150",4,0.000132192075085099
"g",NA,NA,NA,NA,"Pollenia_229639",4,0.000132192075085099
"g",NA,NA,NA,NA,"Rhacognathus_1545358",3,9.9144056313824e-05
"g",NA,NA,NA,NA,"Bembidion_60800",1,3.30480187712747e-05
"s","Bird Observatory","PUF_MBO_01","20/05/2024","03/06/2024",NA,1661,0.71043627031651
"s","Bird Observatory","PUF_MBO_01","20/05/2024","03/06/2024","Glypsus_conspicuus_-21472",128,0.0547476475620188
"s","Bird Observatory","PUF_MBO_01","20/05/2024","03/06/2024","Aculodes_mckenziei_644532",120,0.0513259195893926
"s","Bird Observatory","PUF_MBO_01","20/05/2024","03/06/2024","Abacarus_plumiger_2316514",85,0.0363558597091531
"s","Bird Observatory","PUF_MBO_01","20/05/2024","03/06/2024","Megaselia_hirticrus_1987627",72,0.0307955517536356
"s","Bird Observatory","PUF_MBO_01","20/05/2024","03/06/2024","Labidomera_clivicollis_131652",67,0.0286569717707442
"s","Bird Observatory","PUF_MBO_01","20/05/2024","03/06/2024","Aculus_schlechtendali_2813516",60,0.0256629597946963
"s","Bird Observatory","PUF_MBO_01","20/05/2024","03/06/2024","Abacarus_hystrix_644148",58,0.0248075278015398
"s","Bird Observatory","PUF_MBO_01","20/05/2024","03/06/2024","Bos_taurus_9913",45,0.0192472198460222
"s","Bird Observatory","PUF_MBO_01","20/05/2024","03/06/2024","Homo_sapiens_9606",14,0.00598802395209581
"s","Bird Observatory","PUF_MBO_01","20/05/2024","03/06/2024","Hydropsyche_alternans_3381222",7,0.0029940119760479
"s","Bird Observatory","PUF_MBO_01","20/05/2024","03/06/2024","Philaenus_spumarius_36667",7,0.0029940119760479
"s","Bird Observatory","PUF_MBO_01","20/05/2024","03/06/2024","Chironomus_lugubris_2723714",6,0.00256629597946963
"s","Bird Observatory","PUF_MBO_01","20/05/2024","03/06/2024","Rhacognathus_americanus_-21479",6,0.00256629597946963
"s","Bird Observatory","PUF_MBO_01","20/05/2024","03/06/2024","Empoasca_fabae_139595",2,0.000855431993156544
"s","Bird Observatory","PUF_MBO_02","03/06/2024","17/06/2024","Xestia_c-nigrum_987431",8006,0.518489735120782
"s","Bird Observatory","PUF_MBO_02","03/06/2024","17/06/2024",NA,7358,0.476523541221423
"s","Bird Observatory","PUF_MBO_02","03/06/2024","17/06/2024","Glypsus_conspicuus_-21472",51,0.00330289489022732
"s","Bird Observatory","PUF_MBO_02","03/06/2024","17/06/2024","Nanocladius_anderseni_611548",16,0.00103620231850269
"s","Bird Observatory","PUF_MBO_02","03/06/2024","17/06/2024","Harpalus_rufipes_247442",4,0.000259050579625672
"s","Bird Observatory","PUF_MBO_02","03/06/2024","17/06/2024","Cepaea_nemoralis_28835",2,0.000129525289812836
"s","Bird Observatory","PUF_MBO_02","03/06/2024","17/06/2024","Bos_primigenius_9909",1,6.4762644906418e-05
"s","Bird Observatory","PUF_MBO_02","03/06/2024","17/06/2024","Homo_sapiens_9606",1,6.4762644906418e-05
"s","Bird Observatory","PUF_MBO_02","03/06/2024","17/06/2024","Xestia_dolosa_688495",1,6.4762644906418e-05
"s","Bird Observatory","PUF_MBO_02","03/06/2024","17/06/2024","Xestia_kollari_1344721",1,6.4762644906418e-05
"s","Bird Observatory","PUF_MBO_03","17/06/2024","01/07/2024",NA,371,0.426436781609195
"s","Bird Observatory","PUF_MBO_03","17/06/2024","01/07/2024","Glypsus_conspicuus_-21472",305,0.350574712643678
"s","Bird Observatory","PUF_MBO_03","17/06/2024","01/07/2024","Philodromus_rufus_336570",139,0.159770114942529
"s","Bird Observatory","PUF_MBO_03","17/06/2024","01/07/2024","Abacarus_hystrix_644148",18,0.0206896551724138
"s","Bird Observatory","PUF_MBO_03","17/06/2024","01/07/2024","Homo_sapiens_9606",12,0.0137931034482759
"s","Bird Observatory","PUF_MBO_03","17/06/2024","01/07/2024","Neoseiulus_fallacis_84385",9,0.0103448275862069
"s","Bird Observatory","PUF_MBO_03","17/06/2024","01/07/2024","Aculodes_mckenziei_644532",5,0.00574712643678161
"s","Bird Observatory","PUF_MBO_03","17/06/2024","01/07/2024","Lemnaphila_scotlandae_3070947",5,0.00574712643678161
"s","Bird Observatory","PUF_MBO_03","17/06/2024","01/07/2024","Phrurolithus_goodnighti_-1975",3,0.00344827586206897
"s","Bird Observatory","PUF_MBO_03","17/06/2024","01/07/2024","Stangeia_rapae_-57489",2,0.00229885057471264
"s","Bird Observatory","PUF_MBO_03","17/06/2024","01/07/2024","Bembidion_flebile_-5823",1,0.00114942528735632
"s","Bird Observatory","PUF_MBO_04","01/07/2024","15/07/2024","Glypsus_conspicuus_-21472",398,0.349736379613357
"s","Bird Observatory","PUF_MBO_04","01/07/2024","15/07/2024",NA,310,0.272407732864675
"s","Bird Observatory","PUF_MBO_04","01/07/2024","15/07/2024","Bos_taurus_9913",308,0.270650263620387
"s","Bird Observatory","PUF_MBO_04","01/07/2024","15/07/2024","Rhacognathus_americanus_-21479",116,0.101933216168717
"s","Bird Observatory","PUF_MBO_04","01/07/2024","15/07/2024","Homo_sapiens_9606",5,0.00439367311072056
"s","Bird Observatory","PUF_MBO_04","01/07/2024","15/07/2024","Bos_primigenius_9909",1,0.000878734622144112
"s","Bird Observatory","PUF_MBO_05","15/07/2024","29/07/2024","Choristoneura_rosaceana_27543",8556,0.908569608155464
"s","Bird Observatory","PUF_MBO_05","15/07/2024","29/07/2024","Glypsus_conspicuus_-21472",368,0.039078262716364
"s","Bird Observatory","PUF_MBO_05","15/07/2024","29/07/2024",NA,311,0.0330253796325794
"s","Bird Observatory","PUF_MBO_05","15/07/2024","29/07/2024","Rhacognathus_americanus_-21479",57,0.00605288308378464
"s","Bird Observatory","PUF_MBO_05","15/07/2024","29/07/2024","Succinea_putris_145427",55,0.00584050122119571
"s","Bird Observatory","PUF_MBO_05","15/07/2024","29/07/2024","Ochlerotatus_trivittatus_228918",26,0.00276096421365615
"s","Bird Observatory","PUF_MBO_05","15/07/2024","29/07/2024","Homo_sapiens_9606",20,0.00212381862588935
"s","Bird Observatory","PUF_MBO_05","15/07/2024","29/07/2024","Galapagocoris_crockeri_-21293",14,0.00148667303812254
"s","Bird Observatory","PUF_MBO_05","15/07/2024","29/07/2024","Abacarus_plumiger_2316514",10,0.00106190931294467
"s","Bird Observatory","PUF_MBO_06","29/07/2024","12/08/2024","Glypsus_conspicuus_-21472",588,0.519893899204244
"s","Bird Observatory","PUF_MBO_06","29/07/2024","12/08/2024",NA,498,0.440318302387268
"s","Bird Observatory","PUF_MBO_06","29/07/2024","12/08/2024","Rhacognathus_americanus_-21479",29,0.0256410256410256
"s","Bird Observatory","PUF_MBO_06","29/07/2024","12/08/2024","Galapagocoris_crockeri_-21293",14,0.0123784261715296
"s","Bird Observatory","PUF_MBO_06","29/07/2024","12/08/2024","Myzocallis_asclepiadis_527761",2,0.0017683465959328
"s","Bird Observatory","PUF_MBO_07","12/08/2024","26/08/2024","Glypsus_conspicuus_-21472",1124,0.518928901200369
"s","Bird Observatory","PUF_MBO_07","12/08/2024","26/08/2024",NA,940,0.433979686057248
"s","Bird Observatory","PUF_MBO_07","12/08/2024","26/08/2024","Rhacognathus_americanus_-21479",44,0.0203139427516159
"s","Bird Observatory","PUF_MBO_07","12/08/2024","26/08/2024","Deuterosminthurus_bicinctus_2041938",18,0.00831024930747922
"s","Bird Observatory","PUF_MBO_07","12/08/2024","26/08/2024","Harrisina_americana_688410",12,0.00554016620498615
"s","Bird Observatory","PUF_MBO_07","12/08/2024","26/08/2024","Aedes_vexans_7163",7,0.00323176361957525
"s","Bird Observatory","PUF_MBO_07","12/08/2024","26/08/2024","Erioptera_caliptera_700841",5,0.0023084025854109
"s","Bird Observatory","PUF_MBO_07","12/08/2024","26/08/2024","Rynchobanchus_minomensis_1905501",5,0.0023084025854109
"s","Bird Observatory","PUF_MBO_07","12/08/2024","26/08/2024","Acyrthosiphon_pisum_7029",3,0.00138504155124654
"s","Bird Observatory","PUF_MBO_07","12/08/2024","26/08/2024","Neodartus_acocephaloides_2901490",3,0.00138504155124654
"s","Bird Observatory","PUF_MBO_07","12/08/2024","26/08/2024","Bembidion_flebile_-5823",2,0.000923361034164358
"s","Bird Observatory","PUF_MBO_07","12/08/2024","26/08/2024","Haimbachia_arizonensis_-32734",1,0.000461680517082179
"s","Bird Observatory","PUF_MBO_07","12/08/2024","26/08/2024","Orthoperus_scutellaris_1710424",1,0.000461680517082179
"s","Bird Observatory","PUF_MBO_07","12/08/2024","26/08/2024","Toxomerus_geminatus_115328",1,0.000461680517082179
"s","Bird Observatory","PUF_MBO_08","26/08/2024","09/09/2024","Glypsus_conspicuus_-21472",1253,0.621527777777778
"s","Bird Observatory","PUF_MBO_08","26/08/2024","09/09/2024",NA,733,0.36359126984127
"s","Bird Observatory","PUF_MBO_08","26/08/2024","09/09/2024","Succinea_putris_145427",8,0.00396825396825397
"s","Bird Observatory","PUF_MBO_08","26/08/2024","09/09/2024","Ochlerotatus_trivittatus_228918",7,0.00347222222222222
"s","Bird Observatory","PUF_MBO_08","26/08/2024","09/09/2024","Phrurolithus_goodnighti_-1975",7,0.00347222222222222
"s","Bird Observatory","PUF_MBO_08","26/08/2024","09/09/2024","Homo_sapiens_9606",3,0.00148809523809524
"s","Bird Observatory","PUF_MBO_08","26/08/2024","09/09/2024","Rhacognathus_americanus_-21479",3,0.00148809523809524
"s","Bird Observatory","PUF_MBO_08","26/08/2024","09/09/2024","Abacarus_plumiger_2316514",2,0.000992063492063492
"s","Bird Observatory","PUF_MBO_09","09/09/2024","23/09/2024","Glypsus_conspicuus_-21472",1901,0.648362892223738
"s","Bird Observatory","PUF_MBO_09","09/09/2024","23/09/2024",NA,955,0.325716234652115
"s","Bird Observatory","PUF_MBO_09","09/09/2024","23/09/2024","Bos_taurus_9913",47,0.0160300136425648
"s","Bird Observatory","PUF_MBO_09","09/09/2024","23/09/2024","Homo_sapiens_9606",9,0.00306957708049113
"s","Bird Observatory","PUF_MBO_09","09/09/2024","23/09/2024","Rhacognathus_americanus_-21479",7,0.00238744884038199
"s","Bird Observatory","PUF_MBO_09","09/09/2024","23/09/2024","Sycophila_flavicollis_3113891",7,0.00238744884038199
"s","Bird Observatory","PUF_MBO_09","09/09/2024","23/09/2024","Succinea_putris_145427",6,0.00204638472032742
"s","Bird Observatory","PUF_MBO_10","23/09/2024","07/10/2024",NA,851,0.49824355971897
"s","Bird Observatory","PUF_MBO_10","23/09/2024","07/10/2024","Glypsus_conspicuus_-21472",801,0.468969555035129
"s","Bird Observatory","PUF_MBO_10","23/09/2024","07/10/2024","Haimbachia_arizonensis_-32734",22,0.0128805620608899
"s","Bird Observatory","PUF_MBO_10","23/09/2024","07/10/2024","Sminthurinus_reticulatus_1725403",12,0.00702576112412178
"s","Bird Observatory","PUF_MBO_10","23/09/2024","07/10/2024","Rhacognathus_americanus_-21479",11,0.00644028103044497
"s","Bird Observatory","PUF_MBO_10","23/09/2024","07/10/2024","Bembidion_flebile_-5823",5,0.00292740046838408
"s","Bird Observatory","PUF_MBO_10","23/09/2024","07/10/2024","Homo_sapiens_9606",3,0.00175644028103044
"s","Bird Observatory","PUF_MBO_10","23/09/2024","07/10/2024","Trichoribates_trimaculatus_503651",3,0.00175644028103044
"s","Botanical Garden","PUF_BOT_01","17/05/2024","31/05/2024",NA,648,0.784503631961259
"s","Botanical Garden","PUF_BOT_01","17/05/2024","31/05/2024","Trisetacus_thujae_2695370",75,0.0907990314769976
"s","Botanical Garden","PUF_BOT_01","17/05/2024","31/05/2024","Eriosoma_americanum_527649",36,0.0435835351089588
"s","Botanical Garden","PUF_BOT_01","17/05/2024","31/05/2024","Homo_sapiens_9606",36,0.0435835351089588
"s","Botanical Garden","PUF_BOT_01","17/05/2024","31/05/2024","Cheumatopsyche_campyla_692082",25,0.0302663438256659
"s","Botanical Garden","PUF_BOT_01","17/05/2024","31/05/2024","Phrurolithus_goodnighti_-1975",6,0.00726392251815981
"s","Botanical Garden","PUF_BOT_02","31/05/2024","14/06/2024",NA,2092,0.860905349794239
"s","Botanical Garden","PUF_BOT_02","31/05/2024","14/06/2024","Glypsus_conspicuus_-21472",121,0.0497942386831276
"s","Botanical Garden","PUF_BOT_02","31/05/2024","14/06/2024","Xestia_c-nigrum_987431",109,0.0448559670781893
"s","Botanical Garden","PUF_BOT_02","31/05/2024","14/06/2024","Aculus_populi_2920999",37,0.0152263374485597
"s","Botanical Garden","PUF_BOT_02","31/05/2024","14/06/2024","Phrurolithus_goodnighti_-1975",21,0.00864197530864197
"s","Botanical Garden","PUF_BOT_02","31/05/2024","14/06/2024","Homo_sapiens_9606",17,0.00699588477366255
"s","Botanical Garden","PUF_BOT_02","31/05/2024","14/06/2024","Rhacognathus_americanus_-21479",13,0.00534979423868313
"s","Botanical Garden","PUF_BOT_02","31/05/2024","14/06/2024","Muscina_levida_559660",8,0.00329218106995885
"s","Botanical Garden","PUF_BOT_02","31/05/2024","14/06/2024","Galapagocoris_crockeri_-21293",7,0.00288065843621399
"s","Botanical Garden","PUF_BOT_02","31/05/2024","14/06/2024","Agelaius_phoeniceus_39638",2,0.000823045267489712
"s","Botanical Garden","PUF_BOT_02","31/05/2024","14/06/2024","Formica_schaufussi_374456",1,0.000411522633744856
"s","Botanical Garden","PUF_BOT_02","31/05/2024","14/06/2024","Procyon_lotor_9654",1,0.000411522633744856
"s","Botanical Garden","PUF_BOT_02","31/05/2024","14/06/2024","Toxomerus_marginatus_115329",1,0.000411522633744856
"s","Botanical Garden","PUF_BOT_03","24/06/2024","28/06/2024","Bos_taurus_9913",88,1
"s","Botanical Garden","PUF_BOT_04","28/06/2024","12/07/2024","Glypsus_conspicuus_-21472",524,0.54869109947644
"s","Botanical Garden","PUF_BOT_04","28/06/2024","12/07/2024",NA,279,0.292146596858639
"s","Botanical Garden","PUF_BOT_04","28/06/2024","12/07/2024","Asteia_amoena_716597",140,0.146596858638743
"s","Botanical Garden","PUF_BOT_04","28/06/2024","12/07/2024","Harmonia_axyridis_115357",8,0.00837696335078534
"s","Botanical Garden","PUF_BOT_04","28/06/2024","12/07/2024","Homo_sapiens_9606",3,0.0031413612565445
"s","Botanical Garden","PUF_BOT_04","28/06/2024","12/07/2024","Bos_frontalis_30520",1,0.00104712041884817
"s","Botanical Garden","PUF_BOT_05","12/07/2024","26/07/2024",NA,859,0.553122987765615
"s","Botanical Garden","PUF_BOT_05","12/07/2024","26/07/2024","Glypsus_conspicuus_-21472",569,0.366387636831938
"s","Botanical Garden","PUF_BOT_05","12/07/2024","26/07/2024","Bos_taurus_9913",61,0.0392788151963941
"s","Botanical Garden","PUF_BOT_05","12/07/2024","26/07/2024","Shevtchenkella_serrata_2883626",31,0.0199613650998068
"s","Botanical Garden","PUF_BOT_05","12/07/2024","26/07/2024","Aceria_tosichella_561515",18,0.0115904700579523
"s","Botanical Garden","PUF_BOT_05","12/07/2024","26/07/2024","Maladera_castanea_1254970",4,0.0025756600128783
"s","Botanical Garden","PUF_BOT_05","12/07/2024","26/07/2024","Asteia_amoena_716597",3,0.00193174500965873
"s","Botanical Garden","PUF_BOT_05","12/07/2024","26/07/2024","Homo_sapiens_9606",3,0.00193174500965873
"s","Botanical Garden","PUF_BOT_05","12/07/2024","26/07/2024","Pyla_fusca_683886",3,0.00193174500965873
"s","Botanical Garden","PUF_BOT_05","12/07/2024","26/07/2024","Aphis_fabae_191316",2,0.00128783000643915
"s","Botanical Garden","PUF_BOT_06","26/07/2024","09/08/2024","Pyla_fusca_683886",17783,0.889372343085771
"s","Botanical Garden","PUF_BOT_06","26/07/2024","09/08/2024","Glypsus_conspicuus_-21472",800,0.0400100025006252
"s","Botanical Garden","PUF_BOT_06","26/07/2024","09/08/2024","Homo_sapiens_9606",715,0.0357589397349337
"s","Botanical Garden","PUF_BOT_06","26/07/2024","09/08/2024",NA,339,0.0169542385596399
"s","Botanical Garden","PUF_BOT_06","26/07/2024","09/08/2024","Galapagocoris_crockeri_-21293",88,0.00440110027506877
"s","Botanical Garden","PUF_BOT_06","26/07/2024","09/08/2024","Bembidion_flebile_-5823",86,0.0043010752688172
"s","Botanical Garden","PUF_BOT_06","26/07/2024","09/08/2024","Tetramorium_immigrans_2164160",31,0.00155038759689922
"s","Botanical Garden","PUF_BOT_06","26/07/2024","09/08/2024","Harrisina_americana_688410",24,0.00120030007501875
"s","Botanical Garden","PUF_BOT_06","26/07/2024","09/08/2024","Aethes_atomocella_-63317",23,0.00115028757189297
"s","Botanical Garden","PUF_BOT_06","26/07/2024","09/08/2024","Rhacognathus_americanus_-21479",22,0.00110027506876719
"s","Botanical Garden","PUF_BOT_06","26/07/2024","09/08/2024","Aphis_impatientis_527571",18,0.000900225056264066
"s","Botanical Garden","PUF_BOT_06","26/07/2024","09/08/2024","Psectrocladius_simulans_611615",16,0.000800200050012503
"s","Botanical Garden","PUF_BOT_06","26/07/2024","09/08/2024","Sciurus_carolinensis_30640",12,0.000600150037509377
"s","Botanical Garden","PUF_BOT_06","26/07/2024","09/08/2024","Aphis_fabae_191316",11,0.000550137534383596
"s","Botanical Garden","PUF_BOT_06","26/07/2024","09/08/2024","Myzus_lythri_527766",5,0.000250062515628907
"s","Botanical Garden","PUF_BOT_06","26/07/2024","09/08/2024","Olibrus_semistriatus_1720719",5,0.000250062515628907
"s","Botanical Garden","PUF_BOT_06","26/07/2024","09/08/2024","Aphis_glycines_307491",3,0.000150037509377344
"s","Botanical Garden","PUF_BOT_06","26/07/2024","09/08/2024","Aphis_neogillettei_527579",3,0.000150037509377344
"s","Botanical Garden","PUF_BOT_06","26/07/2024","09/08/2024","Aphis_spiraecola_224527",2,0.000100025006251563
"s","Botanical Garden","PUF_BOT_06","26/07/2024","09/08/2024","Glyptotendipes_glaucus_1051991",2,0.000100025006251563
"s","Botanical Garden","PUF_BOT_06","26/07/2024","09/08/2024","Succinea_putris_145427",2,0.000100025006251563
"s","Botanical Garden","PUF_BOT_06","26/07/2024","09/08/2024","Cethosia_biblis_876379",1,5.00125031257814e-05
"s","Botanical Garden","PUF_BOT_06","26/07/2024","09/08/2024","Copilia_quadrata_1870803",1,5.00125031257814e-05
"s","Botanical Garden","PUF_BOT_06","26/07/2024","09/08/2024","Daktulosphaira_vitifoliae_58002",1,5.00125031257814e-05
"s","Botanical Garden","PUF_BOT_06","26/07/2024","09/08/2024","Gallus_gallus_9031",1,5.00125031257814e-05
"s","Botanical Garden","PUF_BOT_06","26/07/2024","09/08/2024","Matilella_fusca_1101121",1,5.00125031257814e-05
"s","Botanical Garden","PUF_BOT_07","09/08/2024","23/08/2024","Glypsus_conspicuus_-21472",1959,0.722611582441903
"s","Botanical Garden","PUF_BOT_07","09/08/2024","23/08/2024",NA,707,0.260789376613796
"s","Botanical Garden","PUF_BOT_07","09/08/2024","23/08/2024","Homo_sapiens_9606",17,0.00627074880118038
"s","Botanical Garden","PUF_BOT_07","09/08/2024","23/08/2024","Rhacognathus_americanus_-21479",16,0.00590188122464035
"s","Botanical Garden","PUF_BOT_07","09/08/2024","23/08/2024","Aceria_fraxiniflora_2837636",8,0.00295094061232018
"s","Botanical Garden","PUF_BOT_07","09/08/2024","23/08/2024","Rynchobanchus_minomensis_1905501",3,0.00110660272962007
"s","Botanical Garden","PUF_BOT_07","09/08/2024","23/08/2024","Haimbachia_arizonensis_-32734",1,0.000368867576540022
"s","Botanical Garden","PUF_BOT_08","23/08/2024","06/09/2024",NA,580,0.463258785942492
"s","Botanical Garden","PUF_BOT_08","23/08/2024","06/09/2024","Glypsus_conspicuus_-21472",571,0.456070287539936
"s","Botanical Garden","PUF_BOT_08","23/08/2024","06/09/2024","Lasius_nearcticus_488575",41,0.0327476038338658
"s","Botanical Garden","PUF_BOT_08","23/08/2024","06/09/2024","Aceria_fraxiniflora_2837636",38,0.0303514376996805
"s","Botanical Garden","PUF_BOT_08","23/08/2024","06/09/2024","Melanoplus_bivittatus_103633",7,0.00559105431309904
"s","Botanical Garden","PUF_BOT_08","23/08/2024","06/09/2024","Aphidoletes_aphidimyza_95972",5,0.00399361022364217
"s","Botanical Garden","PUF_BOT_08","23/08/2024","06/09/2024","Homo_sapiens_9606",5,0.00399361022364217
"s","Botanical Garden","PUF_BOT_08","23/08/2024","06/09/2024","Rhacognathus_americanus_-21479",3,0.0023961661341853
"s","Botanical Garden","PUF_BOT_08","23/08/2024","06/09/2024","Bos_primigenius_9909",1,0.000798722044728434
"s","Botanical Garden","PUF_BOT_08","23/08/2024","06/09/2024","Homo_denisova_-68859",1,0.000798722044728434
"s","Botanical Garden","PUF_BOT_09","06/09/2024","20/09/2024","Glypsus_conspicuus_-21472",1107,0.735548172757475
"s","Botanical Garden","PUF_BOT_09","06/09/2024","20/09/2024",NA,362,0.240531561461794
"s","Botanical Garden","PUF_BOT_09","06/09/2024","20/09/2024","Homo_sapiens_9606",11,0.00730897009966777
"s","Botanical Garden","PUF_BOT_09","06/09/2024","20/09/2024","Rhacognathus_americanus_-21479",6,0.00398671096345515
"s","Botanical Garden","PUF_BOT_09","06/09/2024","20/09/2024","Cantharis_versicolor_-4961",4,0.0026578073089701
"s","Botanical Garden","PUF_BOT_09","06/09/2024","20/09/2024","Erioptera_septemtrionis_700842",4,0.0026578073089701
"s","Botanical Garden","PUF_BOT_09","06/09/2024","20/09/2024","Succinea_putris_145427",3,0.00199335548172757
"s","Botanical Garden","PUF_BOT_09","06/09/2024","20/09/2024","Deroceras_laeve_147581",2,0.00132890365448505
"s","Botanical Garden","PUF_BOT_09","06/09/2024","20/09/2024","Sciurus_carolinensis_30640",2,0.00132890365448505
"s","Botanical Garden","PUF_BOT_09","06/09/2024","20/09/2024","Theridula_emertoni_449627",2,0.00132890365448505
"s","Botanical Garden","PUF_BOT_09","06/09/2024","20/09/2024","Acyrthosiphon_lactucae_527514",1,0.000664451827242525
"s","Botanical Garden","PUF_BOT_09","06/09/2024","20/09/2024","Formica_incerta_609806",1,0.000664451827242525
"s","Botanical Garden","PUF_BOT_10","20/09/2024","04/10/2024","Glypsus_conspicuus_-21472",2761,0.716584479626265
"s","Botanical Garden","PUF_BOT_10","20/09/2024","04/10/2024",NA,765,0.198546587075006
"s","Botanical Garden","PUF_BOT_10","20/09/2024","04/10/2024","Bos_taurus_9913",327,0.0848689332987283
"s","Boucherville","PUF_BOU_01","27/05/2024","10/06/2024",NA,243,0.964285714285714
"s","Boucherville","PUF_BOU_01","27/05/2024","10/06/2024","Corynoptera_cursor_1887982",3,0.0119047619047619
"s","Boucherville","PUF_BOU_01","27/05/2024","10/06/2024","Homo_sapiens_9606",2,0.00793650793650794
"s","Boucherville","PUF_BOU_01","27/05/2024","10/06/2024","Pachypappa_pseudobyrsa_527812",2,0.00793650793650794
"s","Boucherville","PUF_BOU_01","27/05/2024","10/06/2024","Rhacognathus_americanus_-21479",2,0.00793650793650794
"s","Boucherville","PUF_BOU_02","10/06/2024","24/06/2024",NA,547,0.516037735849057
"s","Boucherville","PUF_BOU_02","10/06/2024","24/06/2024","Deuterosminthurus_bicinctus_2041938",344,0.324528301886792
"s","Boucherville","PUF_BOU_02","10/06/2024","24/06/2024","Tyrophagus_putrescentiae_59818",76,0.0716981132075472
"s","Boucherville","PUF_BOU_02","10/06/2024","24/06/2024","Homo_sapiens_9606",34,0.0320754716981132
"s","Boucherville","PUF_BOU_02","10/06/2024","24/06/2024","Cantharis_versicolor_-4961",24,0.0226415094339623
"s","Boucherville","PUF_BOU_02","10/06/2024","24/06/2024","Glypsus_conspicuus_-21472",18,0.0169811320754717
"s","Boucherville","PUF_BOU_02","10/06/2024","24/06/2024","Rhacognathus_americanus_-21479",17,0.0160377358490566
"s","Boucherville","PUF_BOU_03","24/06/2024","08/07/2024",NA,380,0.581929555895865
"s","Boucherville","PUF_BOU_03","24/06/2024","08/07/2024","Glypsus_conspicuus_-21472",115,0.176110260336907
"s","Boucherville","PUF_BOU_03","24/06/2024","08/07/2024","Deuterosminthurus_bicinctus_2041938",82,0.125574272588055
"s","Boucherville","PUF_BOU_03","24/06/2024","08/07/2024","Bos_taurus_9913",57,0.0872894333843798
"s","Boucherville","PUF_BOU_03","24/06/2024","08/07/2024","Rhacognathus_americanus_-21479",12,0.0183767228177642
"s","Boucherville","PUF_BOU_03","24/06/2024","08/07/2024","Melanoplus_washingtonius_-64865",7,0.0107197549770291
"s","Boucherville","PUF_BOU_04","08/07/2024","22/07/2024","Glypsus_conspicuus_-21472",276,0.46
"s","Boucherville","PUF_BOU_04","08/07/2024","22/07/2024",NA,264,0.44
"s","Boucherville","PUF_BOU_04","08/07/2024","22/07/2024","Melanoplus_femurrubrum_103640",32,0.0533333333333333
"s","Boucherville","PUF_BOU_04","08/07/2024","22/07/2024","Deuterosminthurus_bicinctus_2041938",8,0.0133333333333333
"s","Boucherville","PUF_BOU_04","08/07/2024","22/07/2024","Bembidion_flebile_-5823",7,0.0116666666666667
"s","Boucherville","PUF_BOU_04","08/07/2024","22/07/2024","Rhacognathus_americanus_-21479",5,0.00833333333333333
"s","Boucherville","PUF_BOU_04","08/07/2024","22/07/2024","Homo_sapiens_9606",4,0.00666666666666667
"s","Boucherville","PUF_BOU_04","08/07/2024","22/07/2024","Bos_grunniens_30521",3,0.005
"s","Boucherville","PUF_BOU_04","08/07/2024","22/07/2024","Lasius_niger_67767",1,0.00166666666666667
"s","Boucherville","PUF_BOU_05","22/07/2024","05/08/2024","Glypsus_conspicuus_-21472",1825,0.732637494981935
"s","Boucherville","PUF_BOU_05","22/07/2024","05/08/2024",NA,410,0.164592533119229
"s","Boucherville","PUF_BOU_05","22/07/2024","05/08/2024","Aphis_glycines_307491",141,0.0566037735849057
"s","Boucherville","PUF_BOU_05","22/07/2024","05/08/2024","Corynoptera_bicuspidata_1720649",34,0.0136491368928141
"s","Boucherville","PUF_BOU_05","22/07/2024","05/08/2024","Ornithonyssus_sylviarum_224536",34,0.0136491368928141
"s","Boucherville","PUF_BOU_05","22/07/2024","05/08/2024","Cantharis_versicolor_-4961",19,0.00762745885186672
"s","Boucherville","PUF_BOU_05","22/07/2024","05/08/2024","Rhacognathus_americanus_-21479",16,0.00642312324367724
"s","Boucherville","PUF_BOU_05","22/07/2024","05/08/2024","Rynchobanchus_minomensis_1905501",7,0.00281011641910879
"s","Boucherville","PUF_BOU_05","22/07/2024","05/08/2024","Homo_sapiens_9606",2,0.000802890405459655
"s","Boucherville","PUF_BOU_05","22/07/2024","05/08/2024","Aphis_craccivora_307492",1,0.000401445202729827
"s","Boucherville","PUF_BOU_05","22/07/2024","05/08/2024","Melanoplus_femurrubrum_103640",1,0.000401445202729827
"s","Boucherville","PUF_BOU_05","22/07/2024","05/08/2024","Onychocorycaeus_catus_1955585",1,0.000401445202729827
"s","Boucherville","PUF_BOU_06","05/08/2024","19/08/2024","Glypsus_conspicuus_-21472",563,0.640500568828214
"s","Boucherville","PUF_BOU_06","05/08/2024","19/08/2024",NA,250,0.284414106939704
"s","Boucherville","PUF_BOU_06","05/08/2024","19/08/2024","Artemia_sorgeloosi_3034414",30,0.0341296928327645
"s","Boucherville","PUF_BOU_06","05/08/2024","19/08/2024","Ischnura_verticalis_88053",18,0.0204778156996587
"s","Boucherville","PUF_BOU_06","05/08/2024","19/08/2024","Tetra_lobulifera_2837686",12,0.0136518771331058
"s","Boucherville","PUF_BOU_06","05/08/2024","19/08/2024","Deuterosminthurus_bicinctus_2041938",5,0.00568828213879408
"s","Boucherville","PUF_BOU_06","05/08/2024","19/08/2024","Homo_sapiens_9606",1,0.00113765642775882
"s","Boucherville","PUF_BOU_07","19/08/2024","02/09/2024",NA,120,0.368098159509202
"s","Boucherville","PUF_BOU_07","19/08/2024","02/09/2024","Glypsus_conspicuus_-21472",92,0.282208588957055
"s","Boucherville","PUF_BOU_07","19/08/2024","02/09/2024","Bos_taurus_9913",60,0.184049079754601
"s","Boucherville","PUF_BOU_07","19/08/2024","02/09/2024","Deuterosminthurus_bicinctus_2041938",53,0.162576687116564
"s","Boucherville","PUF_BOU_07","19/08/2024","02/09/2024","Galapagocoris_crockeri_-21293",1,0.00306748466257669
"s","Boucherville","PUF_BOU_08","02/09/2024","16/09/2024","Glypsus_conspicuus_-21472",1701,0.749669457910974
"s","Boucherville","PUF_BOU_08","02/09/2024","16/09/2024",NA,550,0.242397531952402
"s","Boucherville","PUF_BOU_08","02/09/2024","16/09/2024","Psychoda_alternata_114594",13,0.00572939620978405
"s","Boucherville","PUF_BOU_08","02/09/2024","16/09/2024","Homo_sapiens_9606",3,0.00132216835610401
"s","Boucherville","PUF_BOU_08","02/09/2024","16/09/2024","Lasius_minutus_-26140",2,0.000881445570736007
"s","Boucherville","PUF_BOU_09","16/09/2024","30/09/2024","Glypsus_conspicuus_-21472",1259,0.688730853391685
"s","Boucherville","PUF_BOU_09","16/09/2024","30/09/2024",NA,468,0.25601750547046
"s","Boucherville","PUF_BOU_09","16/09/2024","30/09/2024","Homo_sapiens_9606",68,0.037199124726477
"s","Boucherville","PUF_BOU_09","16/09/2024","30/09/2024","Bembidion_flebile_-5823",19,0.0103938730853392
"s","Boucherville","PUF_BOU_09","16/09/2024","30/09/2024","Deroceras_laeve_147581",10,0.00547045951859956
"s","Boucherville","PUF_BOU_09","16/09/2024","30/09/2024","Abacarus_hystrix_644148",2,0.00109409190371991
"s","Boucherville","PUF_BOU_09","16/09/2024","30/09/2024","Rhacognathus_americanus_-21479",2,0.00109409190371991
"s","IPEX","PUF_IPEX_01","15/05/2024","29/05/2024","Glypsus_conspicuus_-21472",48,0.428571428571429
"s","IPEX","PUF_IPEX_01","15/05/2024","29/05/2024",NA,33,0.294642857142857
"s","IPEX","PUF_IPEX_01","15/05/2024","29/05/2024","Bos_grunniens_30521",21,0.1875
"s","IPEX","PUF_IPEX_01","15/05/2024","29/05/2024","Homo_sapiens_9606",7,0.0625
"s","IPEX","PUF_IPEX_01","15/05/2024","29/05/2024","Rhyncaphytoptus_amplus_2837673",3,0.0267857142857143
"s","IPEX","PUF_IPEX_02","29/05/2024","12/06/2024",NA,1465,0.795763172189028
"s","IPEX","PUF_IPEX_02","29/05/2024","12/06/2024","Abacarus_hystrix_644148",125,0.0678978815860945
"s","IPEX","PUF_IPEX_02","29/05/2024","12/06/2024","Glypsus_conspicuus_-21472",90,0.048886474741988
"s","IPEX","PUF_IPEX_02","29/05/2024","12/06/2024","Rhacognathus_americanus_-21479",54,0.0293318848451928
"s","IPEX","PUF_IPEX_02","29/05/2024","12/06/2024","Tetra_lobulifera_2837686",21,0.0114068441064639
"s","IPEX","PUF_IPEX_02","29/05/2024","12/06/2024","Cinara_laricifex_527606",17,0.00923411189570885
"s","IPEX","PUF_IPEX_02","29/05/2024","12/06/2024","Hippodamia_variegata_703264",14,0.00760456273764259
"s","IPEX","PUF_IPEX_02","29/05/2024","12/06/2024","Tanytarsus_guerlus_994302",11,0.00597501357957632
"s","IPEX","PUF_IPEX_02","29/05/2024","12/06/2024","Corynoneura_scutellata_611450",10,0.00543183052688756
"s","IPEX","PUF_IPEX_02","29/05/2024","12/06/2024","Cantharis_versicolor_-4961",9,0.0048886474741988
"s","IPEX","PUF_IPEX_02","29/05/2024","12/06/2024","Homo_sapiens_9606",8,0.00434546442151005
"s","IPEX","PUF_IPEX_02","29/05/2024","12/06/2024","Cavariella_aegopodii_330421",6,0.00325909831613254
"s","IPEX","PUF_IPEX_02","29/05/2024","12/06/2024","Aculodes_mckenziei_644532",5,0.00271591526344378
"s","IPEX","PUF_IPEX_02","29/05/2024","12/06/2024","Chironomus_decorus_-13480",5,0.00271591526344378
"s","IPEX","PUF_IPEX_02","29/05/2024","12/06/2024","Choristoneura_rosaceana_27543",1,0.000543183052688756
"s","IPEX","PUF_IPEX_03","12/06/2024","26/06/2024","Larinioides_sclopetarius_280406",9582,0.844005989606271
"s","IPEX","PUF_IPEX_03","12/06/2024","26/06/2024",NA,1495,0.131683255527173
"s","IPEX","PUF_IPEX_03","12/06/2024","26/06/2024","Glypsus_conspicuus_-21472",175,0.0154144279045186
"s","IPEX","PUF_IPEX_03","12/06/2024","26/06/2024","Bos_taurus_9913",52,0.00458028714877125
"s","IPEX","PUF_IPEX_03","12/06/2024","26/06/2024","Galapagocoris_crockeri_-21293",15,0.00132123667753017
"s","IPEX","PUF_IPEX_03","12/06/2024","26/06/2024","Bembidion_flebile_-5823",13,0.00114507178719281
"s","IPEX","PUF_IPEX_03","12/06/2024","26/06/2024","Homo_sapiens_9606",10,0.000880824451686779
"s","IPEX","PUF_IPEX_03","12/06/2024","26/06/2024","Bezzia_nobilis_1887968",6,0.000528494671012067
"s","IPEX","PUF_IPEX_03","12/06/2024","26/06/2024","Culicoides_crepuscularis_1806767",3,0.000264247335506034
"s","IPEX","PUF_IPEX_03","12/06/2024","26/06/2024","Dasyhelea_arenivaga_1890568",1,8.80824451686779e-05
"s","IPEX","PUF_IPEX_03","12/06/2024","26/06/2024","Sceliphron_caementarium_253855",1,8.80824451686779e-05
"s","IPEX","PUF_IPEX_04","26/06/2024","10/07/2024",NA,958,0.459252157238734
"s","IPEX","PUF_IPEX_04","26/06/2024","10/07/2024","Glypsus_conspicuus_-21472",888,0.425695110258869
"s","IPEX","PUF_IPEX_04","26/06/2024","10/07/2024","Rhacognathus_americanus_-21479",105,0.0503355704697987
"s","IPEX","PUF_IPEX_04","26/06/2024","10/07/2024","Bos_taurus_9913",48,0.0230105465004794
"s","IPEX","PUF_IPEX_04","26/06/2024","10/07/2024","Abacarus_hystrix_644148",28,0.0134228187919463
"s","IPEX","PUF_IPEX_04","26/06/2024","10/07/2024","Tyrophagus_putrescentiae_59818",27,0.0129434324065197
"s","IPEX","PUF_IPEX_04","26/06/2024","10/07/2024","Rynchobanchus_minomensis_1905501",17,0.00814956855225312
"s","IPEX","PUF_IPEX_04","26/06/2024","10/07/2024","Homo_sapiens_9606",10,0.00479386385426654
"s","IPEX","PUF_IPEX_04","26/06/2024","10/07/2024","Delphacodes_stramineosa_1656413",2,0.000958772770853308
"s","IPEX","PUF_IPEX_04","26/06/2024","10/07/2024","Tutelina_similis_1109751",2,0.000958772770853308
"s","IPEX","PUF_IPEX_04","26/06/2024","10/07/2024","Cepaea_nemoralis_28835",1,0.000479386385426654
"s","IPEX","PUF_IPEX_05","10/07/2024","24/07/2024","Glypsus_conspicuus_-21472",3774,0.625352112676056
"s","IPEX","PUF_IPEX_05","10/07/2024","24/07/2024",NA,1859,0.308036454018227
"s","IPEX","PUF_IPEX_05","10/07/2024","24/07/2024","Deuterosminthurus_bicinctus_2041938",121,0.020049710024855
"s","IPEX","PUF_IPEX_05","10/07/2024","24/07/2024","Rhacognathus_americanus_-21479",64,0.0106048053024027
"s","IPEX","PUF_IPEX_05","10/07/2024","24/07/2024","Homo_sapiens_9606",50,0.00828500414250207
"s","IPEX","PUF_IPEX_05","10/07/2024","24/07/2024","Aculus_populi_2920999",37,0.00613090306545153
"s","IPEX","PUF_IPEX_05","10/07/2024","24/07/2024","Ceraclea_cancellata_763285",27,0.00447390223695112
"s","IPEX","PUF_IPEX_05","10/07/2024","24/07/2024","Galapagocoris_crockeri_-21293",23,0.00381110190555095
"s","IPEX","PUF_IPEX_05","10/07/2024","24/07/2024","Aeshna_umbrosa_1081897",13,0.00215410107705054
"s","IPEX","PUF_IPEX_05","10/07/2024","24/07/2024","Artemia_sorgeloosi_3034414",12,0.0019884009942005
"s","IPEX","PUF_IPEX_05","10/07/2024","24/07/2024","Cepaea_nemoralis_28835",12,0.0019884009942005
"s","IPEX","PUF_IPEX_05","10/07/2024","24/07/2024","Lasius_niger_67767",12,0.0019884009942005
"s","IPEX","PUF_IPEX_05","10/07/2024","24/07/2024","Bembidion_flebile_-5823",7,0.00115990057995029
"s","IPEX","PUF_IPEX_05","10/07/2024","24/07/2024","Aphis_craccivora_307492",6,0.000994200497100249
"s","IPEX","PUF_IPEX_05","10/07/2024","24/07/2024","Tetramorium_immigrans_2164160",4,0.000662800331400166
"s","IPEX","PUF_IPEX_05","10/07/2024","24/07/2024","Dasineura_leguminicola_2341165",3,0.000497100248550124
"s","IPEX","PUF_IPEX_05","10/07/2024","24/07/2024","Erythemis_simplicicollis_70384",3,0.000497100248550124
"s","IPEX","PUF_IPEX_05","10/07/2024","24/07/2024","Rhyncaphytoptus_amplus_2837673",3,0.000497100248550124
"s","IPEX","PUF_IPEX_05","10/07/2024","24/07/2024","Dorypteryx_domestica_209979",2,0.000331400165700083
"s","IPEX","PUF_IPEX_05","10/07/2024","24/07/2024","Acyrthosiphon_pisum_7029",1,0.000165700082850041
"s","IPEX","PUF_IPEX_05","10/07/2024","24/07/2024","Homo_denisova_-68859",1,0.000165700082850041
"s","IPEX","PUF_IPEX_05","10/07/2024","24/07/2024","Pigritia_fidella_1473675",1,0.000165700082850041
"s","IPEX","PUF_IPEX_06","24/07/2024","07/08/2024","Glypsus_conspicuus_-21472",812,0.70060396893874
"s","IPEX","PUF_IPEX_06","24/07/2024","07/08/2024",NA,317,0.27351164797239
"s","IPEX","PUF_IPEX_06","24/07/2024","07/08/2024","Rhacognathus_americanus_-21479",15,0.0129421915444349
"s","IPEX","PUF_IPEX_06","24/07/2024","07/08/2024","Galapagocoris_crockeri_-21293",6,0.00517687661777394
"s","IPEX","PUF_IPEX_06","24/07/2024","07/08/2024","Homo_sapiens_9606",4,0.00345125107851596
"s","IPEX","PUF_IPEX_06","24/07/2024","07/08/2024","Nanocladius_anderseni_611548",2,0.00172562553925798
"s","IPEX","PUF_IPEX_06","24/07/2024","07/08/2024","Choristoneura_rosaceana_27543",1,0.000862812769628991
"s","IPEX","PUF_IPEX_06","24/07/2024","07/08/2024","Deroceras_reticulatum_145610",1,0.000862812769628991
"s","IPEX","PUF_IPEX_06","24/07/2024","07/08/2024","Pollenia_pediculata_1266492",1,0.000862812769628991
"s","IPEX","PUF_IPEX_07","07/08/2024","21/08/2024","Glypsus_conspicuus_-21472",1045,0.570726379027854
"s","IPEX","PUF_IPEX_07","07/08/2024","21/08/2024",NA,728,0.397596941561988
"s","IPEX","PUF_IPEX_07","07/08/2024","21/08/2024","Rhacognathus_americanus_-21479",27,0.0147460404150737
"s","IPEX","PUF_IPEX_07","07/08/2024","21/08/2024","Rynchobanchus_minomensis_1905501",13,0.0070999453850355
"s","IPEX","PUF_IPEX_07","07/08/2024","21/08/2024","Scatella_tenuicosta_1473685",9,0.00491534680502458
"s","IPEX","PUF_IPEX_07","07/08/2024","21/08/2024","Homo_sapiens_9606",5,0.00273074822501365
"s","IPEX","PUF_IPEX_07","07/08/2024","21/08/2024","Acalitus_vaccinii_1602339",4,0.00218459858001092
"s","IPEX","PUF_IPEX_08","21/08/2024","04/09/2024","Glypsus_conspicuus_-21472",1468,0.613455913079816
"s","IPEX","PUF_IPEX_08","21/08/2024","04/09/2024",NA,792,0.330965315503552
"s","IPEX","PUF_IPEX_08","21/08/2024","04/09/2024","Bos_taurus_9913",70,0.029251984956122
"s","IPEX","PUF_IPEX_08","21/08/2024","04/09/2024","Rhacognathus_americanus_-21479",27,0.0112829084830756
"s","IPEX","PUF_IPEX_08","21/08/2024","04/09/2024","Eukiefferiella_brevicalcar_2881961",19,0.00793982448809026
"s","IPEX","PUF_IPEX_08","21/08/2024","04/09/2024","Homo_sapiens_9606",17,0.00710405348934392
"s","IPEX","PUF_IPEX_09","04/09/2024","18/09/2024","Glypsus_conspicuus_-21472",962,0.731558935361217
"s","IPEX","PUF_IPEX_09","04/09/2024","18/09/2024",NA,306,0.232699619771863
"s","IPEX","PUF_IPEX_09","04/09/2024","18/09/2024","Rhacognathus_americanus_-21479",11,0.00836501901140684
"s","IPEX","PUF_IPEX_09","04/09/2024","18/09/2024","Uroleucon_anomalae_527891",11,0.00836501901140684
"s","IPEX","PUF_IPEX_09","04/09/2024","18/09/2024","Anoecia_corni_874299",8,0.00608365019011407
"s","IPEX","PUF_IPEX_09","04/09/2024","18/09/2024","Homo_sapiens_9606",4,0.00304182509505703
"s","IPEX","PUF_IPEX_09","04/09/2024","18/09/2024","Acalitus_vaccinii_1602339",3,0.00228136882129278
"s","IPEX","PUF_IPEX_09","04/09/2024","18/09/2024","Lygus_lineolaris_50650",3,0.00228136882129278
"s","IPEX","PUF_IPEX_09","04/09/2024","18/09/2024","Ripiphorus_fasciatus_50535",3,0.00228136882129278
"s","IPEX","PUF_IPEX_09","04/09/2024","18/09/2024","Cepaea_nemoralis_28835",2,0.00152091254752852
"s","IPEX","PUF_IPEX_09","04/09/2024","18/09/2024","Setophaga_magnolia_92121",2,0.00152091254752852
"s","IPEX","PUF_IPEX_10","18/09/2024","02/10/2024","Glypsus_conspicuus_-21472",2651,0.590291694500111
"s","IPEX","PUF_IPEX_10","18/09/2024","02/10/2024",NA,1061,0.236250278334447
"s","IPEX","PUF_IPEX_10","18/09/2024","02/10/2024","Liposcelis_paeta_209927",574,0.127811177911378
"s","IPEX","PUF_IPEX_10","18/09/2024","02/10/2024","Bryophaenocladius_terrestris_3042047",83,0.0184814072589624
"s","IPEX","PUF_IPEX_10","18/09/2024","02/10/2024","Rhacognathus_americanus_-21479",45,0.0100200400801603
"s","IPEX","PUF_IPEX_10","18/09/2024","02/10/2024","Agrotis_venerabilis_689057",23,0.00512135381874861
"s","IPEX","PUF_IPEX_10","18/09/2024","02/10/2024","Cylindroiulus_caeruleocinctus_438504",20,0.00445335114673792
"s","IPEX","PUF_IPEX_10","18/09/2024","02/10/2024","Tetramorium_immigrans_2164160",20,0.00445335114673792
"s","IPEX","PUF_IPEX_10","18/09/2024","02/10/2024","Acalitus_vaccinii_1602339",7,0.00155867290135827
"s","IPEX","PUF_IPEX_10","18/09/2024","02/10/2024","Deroceras_laeve_147581",4,0.000890670229347584
"s","IPEX","PUF_IPEX_10","18/09/2024","02/10/2024","Aphidounguis_mali_527522",1,0.000222667557336896
"s","IPEX","PUF_IPEX_10","18/09/2024","02/10/2024","Homo_sapiens_9606",1,0.000222667557336896
"s","IPEX","PUF_IPEX_10","18/09/2024","02/10/2024","Microtus_pennsylvanicus_10058",1,0.000222667557336896
"s","Insectarium","Insectarium_Cocoon","10/11/2025","24/11/2025","Tyrophagus_putrescentiae_59818",123,0.45724907063197
"s","Insectarium","Insectarium_Cocoon","10/11/2025","24/11/2025","Bos_taurus_9913",73,0.271375464684015
"s","Insectarium","Insectarium_Cocoon","10/11/2025","24/11/2025","Artemia_sorgeloosi_3034414",36,0.133828996282528
"s","Insectarium","Insectarium_Cocoon","10/11/2025","24/11/2025","Homo_sapiens_9606",36,0.133828996282528
"s","Insectarium","Insectarium_Cocoon","10/11/2025","24/11/2025","Cylindroiulus_caeruleocinctus_438504",1,0.00371747211895911
"s","Insectarium","Insectarium_Door","10/11/2025","24/11/2025","Bos_taurus_9913",48,0.979591836734694
"s","Insectarium","Insectarium_Door","10/11/2025","24/11/2025","Heliconius_doris_33455",1,0.0204081632653061
"s","Insectarium","Insectarium_Up","10/11/2025","24/11/2025","Tyrophagus_putrescentiae_59818",1884,1
"s","Jean-Drapeau","PUF_JD_01","22/05/2024","05/06/2024","Hypena_scabra_95219",6071,0.680605381165919
"s","Jean-Drapeau","PUF_JD_01","22/05/2024","05/06/2024","Anystis_baccarum_2250316",1435,0.160874439461883
"s","Jean-Drapeau","PUF_JD_01","22/05/2024","05/06/2024",NA,1174,0.131614349775785
"s","Jean-Drapeau","PUF_JD_01","22/05/2024","05/06/2024","Tetragnatha_shoshone_1659988",76,0.00852017937219731
"s","Jean-Drapeau","PUF_JD_01","22/05/2024","05/06/2024","Glypsus_conspicuus_-21472",46,0.00515695067264574
"s","Jean-Drapeau","PUF_JD_01","22/05/2024","05/06/2024","Tetramorium_immigrans_2164160",34,0.00381165919282511
"s","Jean-Drapeau","PUF_JD_01","22/05/2024","05/06/2024","Aphis_pomi_527582",16,0.00179372197309417
"s","Jean-Drapeau","PUF_JD_01","22/05/2024","05/06/2024","Homo_sapiens_9606",13,0.00145739910313901
"s","Jean-Drapeau","PUF_JD_01","22/05/2024","05/06/2024","Stenacron_gildersleevei_603688",13,0.00145739910313901
"s","Jean-Drapeau","PUF_JD_01","22/05/2024","05/06/2024","Plagiognathus_obscurus_881741",11,0.00123318385650224
"s","Jean-Drapeau","PUF_JD_01","22/05/2024","05/06/2024","Rhacognathus_americanus_-21479",11,0.00123318385650224
"s","Jean-Drapeau","PUF_JD_01","22/05/2024","05/06/2024","Demodex_folliculorum_481310",7,0.0007847533632287
"s","Jean-Drapeau","PUF_JD_01","22/05/2024","05/06/2024","Plagiognathus_davisi_1657116",5,0.000560538116591928
"s","Jean-Drapeau","PUF_JD_01","22/05/2024","05/06/2024","Pityophthorus_cariniceps_2109450",3,0.000336322869955157
"s","Jean-Drapeau","PUF_JD_01","22/05/2024","05/06/2024","Cymoninus_notabilis_257902",2,0.000224215246636771
"s","Jean-Drapeau","PUF_JD_01","22/05/2024","05/06/2024","Galapagocoris_crockeri_-21293",2,0.000224215246636771
"s","Jean-Drapeau","PUF_JD_01","22/05/2024","05/06/2024","Cheumatopsyche_ela_763292",1,0.000112107623318386
"s","Jean-Drapeau","PUF_JD_02","05/06/2024","19/06/2024","Pigritia_fidella_1473675",13484,0.944257703081232
"s","Jean-Drapeau","PUF_JD_02","05/06/2024","19/06/2024",NA,368,0.0257703081232493
"s","Jean-Drapeau","PUF_JD_02","05/06/2024","19/06/2024","Xestia_c-nigrum_987431",183,0.0128151260504202
"s","Jean-Drapeau","PUF_JD_02","05/06/2024","19/06/2024","Hydroptila_spatulata_692086",94,0.00658263305322129
"s","Jean-Drapeau","PUF_JD_02","05/06/2024","19/06/2024","Hydropsyche_alternans_3381222",46,0.00322128851540616
"s","Jean-Drapeau","PUF_JD_02","05/06/2024","19/06/2024","Tetragnatha_guatemalensis_336607",28,0.00196078431372549
"s","Jean-Drapeau","PUF_JD_02","05/06/2024","19/06/2024","Philodromus_cespitum_336569",13,0.000910364145658263
"s","Jean-Drapeau","PUF_JD_02","05/06/2024","19/06/2024","Agelaius_phoeniceus_39638",10,0.000700280112044818
"s","Jean-Drapeau","PUF_JD_02","05/06/2024","19/06/2024","Hyloniscus_riparius_115155",9,0.000630252100840336
"s","Jean-Drapeau","PUF_JD_02","05/06/2024","19/06/2024","Cylindroiulus_caeruleocinctus_438504",7,0.000490196078431373
"s","Jean-Drapeau","PUF_JD_02","05/06/2024","19/06/2024","Cricotopus_trifascia_401643",6,0.000420168067226891
"s","Jean-Drapeau","PUF_JD_02","05/06/2024","19/06/2024","Larinioides_cornutus_336591",6,0.000420168067226891
"s","Jean-Drapeau","PUF_JD_02","05/06/2024","19/06/2024","Polypedilum_illinoense_2768667",6,0.000420168067226891
"s","Jean-Drapeau","PUF_JD_02","05/06/2024","19/06/2024","Glypsus_conspicuus_-21472",5,0.000350140056022409
"s","Jean-Drapeau","PUF_JD_02","05/06/2024","19/06/2024","Melanoplus_bivittatus_103633",5,0.000350140056022409
"s","Jean-Drapeau","PUF_JD_02","05/06/2024","19/06/2024","Homo_sapiens_9606",4,0.000280112044817927
"s","Jean-Drapeau","PUF_JD_02","05/06/2024","19/06/2024","Prociphilus_fraxinifolii_133103",2,0.000140056022408964
"s","Jean-Drapeau","PUF_JD_02","05/06/2024","19/06/2024","Psectrocladius_simulans_611615",2,0.000140056022408964
"s","Jean-Drapeau","PUF_JD_02","05/06/2024","19/06/2024","Harpalus_rufipes_247442",1,7.00280112044818e-05
"s","Jean-Drapeau","PUF_JD_02","05/06/2024","19/06/2024","Rhacognathus_americanus_-21479",1,7.00280112044818e-05
"s","Jean-Drapeau","PUF_JD_03","19/06/2024","03/07/2024",NA,548,0.51071761416589
"s","Jean-Drapeau","PUF_JD_03","19/06/2024","03/07/2024","Plagiognathus_obscurus_881741",163,0.151910531220876
"s","Jean-Drapeau","PUF_JD_03","19/06/2024","03/07/2024","Glypsus_conspicuus_-21472",160,0.149114631873253
"s","Jean-Drapeau","PUF_JD_03","19/06/2024","03/07/2024","Homo_sapiens_9606",100,0.0931966449207828
"s","Jean-Drapeau","PUF_JD_03","19/06/2024","03/07/2024","Chrysoperla_adamsi_76812",31,0.0288909599254427
"s","Jean-Drapeau","PUF_JD_03","19/06/2024","03/07/2024","Oidaematophorus_homodactylus_688447",24,0.0223671947809879
"s","Jean-Drapeau","PUF_JD_03","19/06/2024","03/07/2024","Kosswigianella_wasatchi_1863055",21,0.0195712954333644
"s","Jean-Drapeau","PUF_JD_03","19/06/2024","03/07/2024","Lasius_neoniger_611257",11,0.0102516309412861
"s","Jean-Drapeau","PUF_JD_03","19/06/2024","03/07/2024","Cricotopus_vierriensis_1720656",4,0.00372786579683131
"s","Jean-Drapeau","PUF_JD_03","19/06/2024","03/07/2024","Emblyna_sublata_1100094",3,0.00279589934762349
"s","Jean-Drapeau","PUF_JD_03","19/06/2024","03/07/2024","Rhacognathus_americanus_-21479",3,0.00279589934762349
"s","Jean-Drapeau","PUF_JD_03","19/06/2024","03/07/2024","Aceria_tosichella_561515",2,0.00186393289841566
"s","Jean-Drapeau","PUF_JD_03","19/06/2024","03/07/2024","Bembidion_flebile_-5823",1,0.000931966449207828
"s","Jean-Drapeau","PUF_JD_03","19/06/2024","03/07/2024","Plagiognathus_shoshonea_881743",1,0.000931966449207828
"s","Jean-Drapeau","PUF_JD_03","19/06/2024","03/07/2024","Rynchobanchus_minomensis_1905501",1,0.000931966449207828
"s","Jean-Drapeau","PUF_JD_04","03/07/2024","17/07/2024","Glypsus_conspicuus_-21472",996,0.600361663652803
"s","Jean-Drapeau","PUF_JD_04","03/07/2024","17/07/2024",NA,278,0.167570825798674
"s","Jean-Drapeau","PUF_JD_04","03/07/2024","17/07/2024","Bos_taurus_9913",217,0.130801687763713
"s","Jean-Drapeau","PUF_JD_04","03/07/2024","17/07/2024","Tetragnatha_guatemalensis_336607",153,0.0922242314647378
"s","Jean-Drapeau","PUF_JD_04","03/07/2024","17/07/2024","Homo_sapiens_9606",7,0.00421940928270042
"s","Jean-Drapeau","PUF_JD_04","03/07/2024","17/07/2024","Bembidion_flebile_-5823",6,0.00361663652802893
"s","Jean-Drapeau","PUF_JD_04","03/07/2024","17/07/2024","Bos_primigenius_9909",2,0.00120554550934298
"s","Jean-Drapeau","PUF_JD_05","17/07/2024","31/07/2024","Tetragnatha_guatemalensis_336607",1700,0.401132609721567
"s","Jean-Drapeau","PUF_JD_05","17/07/2024","31/07/2024",NA,1179,0.27819726285984
"s","Jean-Drapeau","PUF_JD_05","17/07/2024","31/07/2024","Glypsus_conspicuus_-21472",610,0.143935818782445
"s","Jean-Drapeau","PUF_JD_05","17/07/2024","31/07/2024","Pemphigus_populitransversus_220090",429,0.101226993865031
"s","Jean-Drapeau","PUF_JD_05","17/07/2024","31/07/2024","Euschistus_servus_756488",55,0.012977819726286
"s","Jean-Drapeau","PUF_JD_05","17/07/2024","31/07/2024","Tetra_lobulifera_2837686",50,0.0117980179329873
"s","Jean-Drapeau","PUF_JD_05","17/07/2024","31/07/2024","Bos_taurus_9913",45,0.0106182161396885
"s","Jean-Drapeau","PUF_JD_05","17/07/2024","31/07/2024","Aphis_glycines_307491",42,0.0099103350637093
"s","Jean-Drapeau","PUF_JD_05","17/07/2024","31/07/2024","Melanophthalma_pumila_2083628",38,0.00896649362907032
"s","Jean-Drapeau","PUF_JD_05","17/07/2024","31/07/2024","Endria_inimicus_-19763",37,0.00873053327041057
"s","Jean-Drapeau","PUF_JD_05","17/07/2024","31/07/2024","Artemia_tibetiana_351233",12,0.00283152430391694
"s","Jean-Drapeau","PUF_JD_05","17/07/2024","31/07/2024","Homo_sapiens_9606",11,0.0025955639452572
"s","Jean-Drapeau","PUF_JD_05","17/07/2024","31/07/2024","Rhacognathus_americanus_-21479",11,0.0025955639452572
"s","Jean-Drapeau","PUF_JD_05","17/07/2024","31/07/2024","Parasteatoda_tabulata_1112459",7,0.00165172251061822
"s","Jean-Drapeau","PUF_JD_05","17/07/2024","31/07/2024","Larinioides_sclopetarius_280406",5,0.00117980179329873
"s","Jean-Drapeau","PUF_JD_05","17/07/2024","31/07/2024","Sciurus_carolinensis_30640",4,0.000943841434638981
"s","Jean-Drapeau","PUF_JD_05","17/07/2024","31/07/2024","Aculops_ulmi_2837647",2,0.00047192071731949
"s","Jean-Drapeau","PUF_JD_05","17/07/2024","31/07/2024","Acalitus_vaccinii_1602339",1,0.000235960358659745
"s","Jean-Drapeau","PUF_JD_06","31/07/2024","14/08/2024","Glypsus_conspicuus_-21472",3495,0.861049519586105
"s","Jean-Drapeau","PUF_JD_06","31/07/2024","14/08/2024",NA,381,0.0938654841093866
"s","Jean-Drapeau","PUF_JD_06","31/07/2024","14/08/2024","Tetragnatha_guatemalensis_336607",119,0.0293175659029318
"s","Jean-Drapeau","PUF_JD_06","31/07/2024","14/08/2024","Cricotopus_trifascia_401643",15,0.00369549150036955
"s","Jean-Drapeau","PUF_JD_06","31/07/2024","14/08/2024","Lasius_flavus_67763",10,0.00246366100024637
"s","Jean-Drapeau","PUF_JD_06","31/07/2024","14/08/2024","Tanytarsus_allicis_684726",7,0.00172456270017246
"s","Jean-Drapeau","PUF_JD_06","31/07/2024","14/08/2024","Oecanthus_niveus_1425302",6,0.00147819660014782
"s","Jean-Drapeau","PUF_JD_06","31/07/2024","14/08/2024","Euschistus_servus_756488",5,0.00123183050012318
"s","Jean-Drapeau","PUF_JD_06","31/07/2024","14/08/2024","Hydroptila_spatulata_692086",5,0.00123183050012318
"s","Jean-Drapeau","PUF_JD_06","31/07/2024","14/08/2024","Rhacognathus_americanus_-21479",5,0.00123183050012318
"s","Jean-Drapeau","PUF_JD_06","31/07/2024","14/08/2024","Phrurolithus_goodnighti_-1975",3,0.00073909830007391
"s","Jean-Drapeau","PUF_JD_06","31/07/2024","14/08/2024","Aphis_glycines_307491",2,0.000492732200049273
"s","Jean-Drapeau","PUF_JD_06","31/07/2024","14/08/2024","Demodex_folliculorum_481310",2,0.000492732200049273
"s","Jean-Drapeau","PUF_JD_06","31/07/2024","14/08/2024","Myzus_lythri_527766",2,0.000492732200049273
"s","Jean-Drapeau","PUF_JD_06","31/07/2024","14/08/2024","Alaus_melanops_-8622",1,0.000246366100024637
"s","Jean-Drapeau","PUF_JD_06","31/07/2024","14/08/2024","Forficula_auricularia_13068",1,0.000246366100024637
"s","Jean-Drapeau","PUF_JD_07","14/08/2024","28/08/2024","Glypsus_conspicuus_-21472",2271,0.489861949956859
"s","Jean-Drapeau","PUF_JD_07","14/08/2024","28/08/2024","Harmonia_axyridis_115357",867,0.187014667817084
"s","Jean-Drapeau","PUF_JD_07","14/08/2024","28/08/2024",NA,600,0.129421915444349
"s","Jean-Drapeau","PUF_JD_07","14/08/2024","28/08/2024","Hydropsyche_alternans_3381222",592,0.127696289905091
"s","Jean-Drapeau","PUF_JD_07","14/08/2024","28/08/2024","Aceria_fraxiniflora_2837636",95,0.0204918032786885
"s","Jean-Drapeau","PUF_JD_07","14/08/2024","28/08/2024","Lygus_lineolaris_50650",79,0.0170405522001726
"s","Jean-Drapeau","PUF_JD_07","14/08/2024","28/08/2024","Larinioides_sclopetarius_280406",53,0.0114322691975841
"s","Jean-Drapeau","PUF_JD_07","14/08/2024","28/08/2024","Brachymyrmex_depilis_354278",25,0.00539257981018119
"s","Jean-Drapeau","PUF_JD_07","14/08/2024","28/08/2024","Deuterosminthurus_bicinctus_2041938",23,0.0049611734253667
"s","Jean-Drapeau","PUF_JD_07","14/08/2024","28/08/2024","Tetragnatha_guatemalensis_336607",10,0.00215703192407248
"s","Jean-Drapeau","PUF_JD_07","14/08/2024","28/08/2024","Homo_sapiens_9606",9,0.00194132873166523
"s","Jean-Drapeau","PUF_JD_07","14/08/2024","28/08/2024","Cantharis_versicolor_-4961",7,0.00150992234685073
"s","Jean-Drapeau","PUF_JD_07","14/08/2024","28/08/2024","Bembidion_flebile_-5823",2,0.000431406384814495
"s","Jean-Drapeau","PUF_JD_07","14/08/2024","28/08/2024","Lasius_umbratus_262031",2,0.000431406384814495
"s","Jean-Drapeau","PUF_JD_07","14/08/2024","28/08/2024","Aculus_amygdali_1638169",1,0.000215703192407248
"s","Jean-Drapeau","PUF_JD_08","28/08/2024","11/09/2024","Tetragnatha_guatemalensis_336607",8583,0.976339438061654
"s","Jean-Drapeau","PUF_JD_08","28/08/2024","11/09/2024","Glypsus_conspicuus_-21472",95,0.010806506654533
"s","Jean-Drapeau","PUF_JD_08","28/08/2024","11/09/2024",NA,78,0.00887271072687976
"s","Jean-Drapeau","PUF_JD_08","28/08/2024","11/09/2024","Maiestas_rostriformis_2771410",20,0.00227505403253327
"s","Jean-Drapeau","PUF_JD_08","28/08/2024","11/09/2024","Acalitus_vaccinii_1602339",6,0.000682516209759982
"s","Jean-Drapeau","PUF_JD_08","28/08/2024","11/09/2024","Rhacognathus_americanus_-21479",3,0.000341258104879991
"s","Jean-Drapeau","PUF_JD_08","28/08/2024","11/09/2024","Lumbricus_terrestris_6398",2,0.000227505403253327
"s","Jean-Drapeau","PUF_JD_08","28/08/2024","11/09/2024","Ochlerotatus_trivittatus_228918",2,0.000227505403253327
"s","Jean-Drapeau","PUF_JD_08","28/08/2024","11/09/2024","Dolichovespula_saxonica_85443",1,0.000113752701626664
"s","Jean-Drapeau","PUF_JD_08","28/08/2024","11/09/2024","Hydropsyche_scalaris_763301",1,0.000113752701626664
"s","Jean-Drapeau","PUF_JD_09","11/09/2024","25/09/2024","Glypsus_conspicuus_-21472",670,0.544715447154472
"s","Jean-Drapeau","PUF_JD_09","11/09/2024","25/09/2024",NA,509,0.413821138211382
"s","Jean-Drapeau","PUF_JD_09","11/09/2024","25/09/2024","Tetragnatha_guatemalensis_336607",20,0.016260162601626
"s","Jean-Drapeau","PUF_JD_09","11/09/2024","25/09/2024","Sarcophaga_sinuata_2795684",10,0.00813008130081301
"s","Jean-Drapeau","PUF_JD_09","11/09/2024","25/09/2024","Sus_scrofa_9823",9,0.00731707317073171
"s","Jean-Drapeau","PUF_JD_09","11/09/2024","25/09/2024","Lasius_niger_67767",5,0.0040650406504065
"s","Jean-Drapeau","PUF_JD_09","11/09/2024","25/09/2024","Homo_sapiens_9606",3,0.0024390243902439
"s","Jean-Drapeau","PUF_JD_09","11/09/2024","25/09/2024","Acalitus_vaccinii_1602339",2,0.0016260162601626
"s","Jean-Drapeau","PUF_JD_09","11/09/2024","25/09/2024","Bos_primigenius_9909",1,0.000813008130081301
"s","Jean-Drapeau","PUF_JD_09","11/09/2024","25/09/2024","Deroceras_reticulatum_145610",1,0.000813008130081301
"s","Jean-Drapeau","PUF_JD_10","25/09/2024","09/10/2024","Capitophorus_elaeagni_527612",6147,0.700034164673727
"s","Jean-Drapeau","PUF_JD_10","25/09/2024","09/10/2024","Glypsus_conspicuus_-21472",1553,0.176859127661997
"s","Jean-Drapeau","PUF_JD_10","25/09/2024","09/10/2024",NA,422,0.048058307709828
"s","Jean-Drapeau","PUF_JD_10","25/09/2024","09/10/2024","Cricotopus_trifascia_401643",243,0.0276733857191664
"s","Jean-Drapeau","PUF_JD_10","25/09/2024","09/10/2024","Tetragnatha_shoshone_1659988",215,0.0244846828379456
"s","Jean-Drapeau","PUF_JD_10","25/09/2024","09/10/2024","Bos_taurus_9913",67,0.00763011046577839
"s","Jean-Drapeau","PUF_JD_10","25/09/2024","09/10/2024","Larinioides_patagiatus_336592",46,0.00523858330486277
"s","Jean-Drapeau","PUF_JD_10","25/09/2024","09/10/2024","Hydropsyche_alternans_3381222",34,0.00387199635576814
"s","Jean-Drapeau","PUF_JD_10","25/09/2024","09/10/2024","Forficula_auricularia_13068",23,0.00261929165243139
"s","Jean-Drapeau","PUF_JD_10","25/09/2024","09/10/2024","Agrochola_bicolorago_689303",12,0.00136658694909464
"s","Jean-Drapeau","PUF_JD_10","25/09/2024","09/10/2024","Homo_sapiens_9606",8,0.000911057966063091
"s","Jean-Drapeau","PUF_JD_10","25/09/2024","09/10/2024","Larinioides_sclopetarius_280406",6,0.000683293474547318
"s","Jean-Drapeau","PUF_JD_10","25/09/2024","09/10/2024","Tetragnatha_guatemalensis_336607",3,0.000341646737273659
"s","Jean-Drapeau","PUF_JD_10","25/09/2024","09/10/2024","Sciurus_carolinensis_30640",1,0.000113882245757886
"s","Jean-Drapeau","PUF_JD_10","25/09/2024","09/10/2024","Tetragnatha_versicolor_156854",1,0.000113882245757886
"s","Mont_Tremblant","Mont_Tremblant","30/08/2025","31/08/2025",NA,810,0.818181818181818
"s","Mont_Tremblant","Mont_Tremblant","30/08/2025","31/08/2025","Bos_taurus_9913",82,0.0828282828282828
"s","Mont_Tremblant","Mont_Tremblant","30/08/2025","31/08/2025","Glypsus_conspicuus_-21472",44,0.0444444444444444
"s","Mont_Tremblant","Mont_Tremblant","30/08/2025","31/08/2025","Homo_sapiens_9606",34,0.0343434343434343
"s","Mont_Tremblant","Mont_Tremblant","30/08/2025","31/08/2025","Bembidion_flebile_-5823",18,0.0181818181818182
"s","Mont_Tremblant","Mont_Tremblant","30/08/2025","31/08/2025","Tetramorium_semilaeve_291733",2,0.00202020202020202
"s",NA,NA,NA,NA,"Cethosia_biblis_876379",15391,0.508642056908688
"s",NA,NA,NA,NA,"Heliconius_doris_33455",10772,0.355993258204171
"s",NA,NA,NA,NA,"Caligo_brasiliensis_1005066",2710,0.0895601308701543
"s",NA,NA,NA,NA,"Willowsia_buskii_1458441",340,0.0112363263822334
"s",NA,NA,NA,NA,"Parthenos_sylvia_3150745",299,0.00988135761261112
"s",NA,NA,NA,NA,"Papilio_rumanzovia_262663",226,0.00746885224230807
"s",NA,NA,NA,NA,NA,149,0.00492415479691993
"s",NA,NA,NA,NA,"Hymenopus_coronatus_267205",80,0.00264384150170197
"s",NA,NA,NA,NA,"Tyrophagus_putrescentiae_59818",62,0.00204897716381903
"s",NA,NA,NA,NA,"Siproeta_epaphus_311052",61,0.00201592914504775
"s",NA,NA,NA,NA,"Papilio_demoleus_76202",50,0.00165240093856373
"s",NA,NA,NA,NA,"Papilio_memnon_76198",25,0.000826200469281867
"s",NA,NA,NA,NA,"Homo_sapiens_9606",17,0.000561816319111669
"s",NA,NA,NA,NA,"Doleschallia_bisaltide_311083",16,0.000528768300340395
"s",NA,NA,NA,NA,"Megaselia_scalaris_36166",12,0.000396576225255296
"s",NA,NA,NA,NA,"Hermetia_illucens_343691",11,0.000363528206484021
"s",NA,NA,NA,NA,"Heliconius_sara_33443",10,0.000330480187712747
"s",NA,NA,NA,NA,"Hamadryas_laodamia_741408",9,0.000297432168941472
"s",NA,NA,NA,NA,"Liposcelis_paeta_209927",4,0.000132192075085099
"s",NA,NA,NA,NA,"Papilio_polytes_76194",4,0.000132192075085099
"s",NA,NA,NA,NA,"Pollenia_pediculata_1266492",4,0.000132192075085099
"s",NA,NA,NA,NA,"Rhacognathus_americanus_-21479",3,9.9144056313824e-05
"s",NA,NA,NA,NA,"Heliconius_viridis_-56019",2,6.60960375425493e-05
"s",NA,NA,NA,NA,"Bembidion_flebile_-5823",1,3.30480187712747e-05
"s",NA,NA,NA,NA,"Papilio_deiphobus_996772",1,3.30480187712747e-05
