"Level","site","ID_order","from","to","Taxon","Reads","Fx"
"k","Bird Observatory","PUF_MBO_01","20/05/2024","03/06/2024","Metazoa_33208",2307,1
"k","Bird Observatory","PUF_MBO_02","03/06/2024","17/06/2024","Metazoa_33208",15353,1
"k","Bird Observatory","PUF_MBO_03","17/06/2024","01/07/2024","Metazoa_33208",704,1
"k","Bird Observatory","PUF_MBO_04","01/07/2024","15/07/2024","Metazoa_33208",1115,1
"k","Bird Observatory","PUF_MBO_05","15/07/2024","29/07/2024","Metazoa_33208",9283,1
"k","Bird Observatory","PUF_MBO_06","29/07/2024","12/08/2024","Metazoa_33208",960,1
"k","Bird Observatory","PUF_MBO_07","12/08/2024","26/08/2024","Metazoa_33208",1791,1
"k","Bird Observatory","PUF_MBO_08","26/08/2024","09/09/2024","Metazoa_33208",1735,1
"k","Bird Observatory","PUF_MBO_09","09/09/2024","23/09/2024","Metazoa_33208",2843,1
"k","Bird Observatory","PUF_MBO_10","23/09/2024","07/10/2024","Metazoa_33208",1619,1
"k","Botanical Garden","PUF_BOT_01","17/05/2024","31/05/2024","Metazoa_33208",818,1
"k","Botanical Garden","PUF_BOT_02","31/05/2024","14/06/2024","Metazoa_33208",2401,1
"k","Botanical Garden","PUF_BOT_03","24/06/2024","28/06/2024","Metazoa_33208",88,1
"k","Botanical Garden","PUF_BOT_04","28/06/2024","12/07/2024","Metazoa_33208",935,1
"k","Botanical Garden","PUF_BOT_05","12/07/2024","26/07/2024","Metazoa_33208",1521,1
"k","Botanical Garden","PUF_BOT_06","26/07/2024","09/08/2024","Metazoa_33208",19787,1
"k","Botanical Garden","PUF_BOT_07","09/08/2024","23/08/2024","Metazoa_33208",2647,1
"k","Botanical Garden","PUF_BOT_08","23/08/2024","06/09/2024","Metazoa_33208",1184,1
"k","Botanical Garden","PUF_BOT_09","06/09/2024","20/09/2024","Metazoa_33208",1463,1
"k","Botanical Garden","PUF_BOT_10","20/09/2024","04/10/2024","Metazoa_33208",3853,1
"k","Boucherville","PUF_BOU_01","27/05/2024","10/06/2024","Metazoa_33208",252,1
"k","Boucherville","PUF_BOU_02","10/06/2024","24/06/2024","Metazoa_33208",1056,1
"k","Boucherville","PUF_BOU_03","24/06/2024","08/07/2024","Metazoa_33208",642,1
"k","Boucherville","PUF_BOU_04","08/07/2024","22/07/2024","Metazoa_33208",588,1
"k","Boucherville","PUF_BOU_05","22/07/2024","05/08/2024","Metazoa_33208",2445,1
"k","Boucherville","PUF_BOU_06","05/08/2024","19/08/2024","Metazoa_33208",846,1
"k","Boucherville","PUF_BOU_07","19/08/2024","02/09/2024","Metazoa_33208",326,1
"k","Boucherville","PUF_BOU_08","02/09/2024","16/09/2024","Metazoa_33208",2232,1
"k","Boucherville","PUF_BOU_09","16/09/2024","30/09/2024","Metazoa_33208",1799,1
"k","IPEX","PUF_IPEX_01","15/05/2024","29/05/2024","Metazoa_33208",112,1
"k","IPEX","PUF_IPEX_02","29/05/2024","12/06/2024","Metazoa_33208",1773,1
"k","IPEX","PUF_IPEX_03","12/06/2024","26/06/2024","Metazoa_33208",11282,1
"k","IPEX","PUF_IPEX_04","26/06/2024","10/07/2024","Metazoa_33208",1986,1
"k","IPEX","PUF_IPEX_05","10/07/2024","24/07/2024","Metazoa_33208",5721,1
"k","IPEX","PUF_IPEX_06","24/07/2024","07/08/2024","Metazoa_33208",1027,1
"k","IPEX","PUF_IPEX_07","07/08/2024","21/08/2024","Metazoa_33208",1730,1
"k","IPEX","PUF_IPEX_08","21/08/2024","04/09/2024","Metazoa_33208",2349,1
"k","IPEX","PUF_IPEX_09","04/09/2024","18/09/2024","Metazoa_33208",1148,1
"k","IPEX","PUF_IPEX_10","18/09/2024","02/10/2024","Metazoa_33208",4304,1
"k","Jean-Drapeau","PUF_JD_01","22/05/2024","05/06/2024","Metazoa_33208",8900,1
"k","Jean-Drapeau","PUF_JD_02","05/06/2024","19/06/2024","Metazoa_33208",14176,1
"k","Jean-Drapeau","PUF_JD_03","19/06/2024","03/07/2024","Metazoa_33208",1011,1
"k","Jean-Drapeau","PUF_JD_04","03/07/2024","17/07/2024","Metazoa_33208",1648,1
"k","Jean-Drapeau","PUF_JD_05","17/07/2024","31/07/2024","Metazoa_33208",4193,1
"k","Jean-Drapeau","PUF_JD_06","31/07/2024","14/08/2024","Metazoa_33208",3956,1
"k","Jean-Drapeau","PUF_JD_07","14/08/2024","28/08/2024","Metazoa_33208",4529,1
"k","Jean-Drapeau","PUF_JD_08","28/08/2024","11/09/2024","Metazoa_33208",8717,1
"k","Jean-Drapeau","PUF_JD_09","11/09/2024","25/09/2024","Metazoa_33208",1209,1
"k","Jean-Drapeau","PUF_JD_10","25/09/2024","09/10/2024","Metazoa_33208",8637,1
"k",NA,NA,NA,NA,"Metazoa_33208",30140,1
"p","Bird Observatory","PUF_MBO_01","20/05/2024","03/06/2024","Arthropoda_6656",2236,0.969224100563502
"p","Bird Observatory","PUF_MBO_01","20/05/2024","03/06/2024","Chordata_7711",59,0.0255743389683572
"p","Bird Observatory","PUF_MBO_01","20/05/2024","03/06/2024","Cnidaria_6073",12,0.00520156046814044
"p","Bird Observatory","PUF_MBO_02","03/06/2024","17/06/2024","Arthropoda_6656",15325,0.998176252198267
"p","Bird Observatory","PUF_MBO_02","03/06/2024","17/06/2024","Cnidaria_6073",28,0.00182374780173256
"p","Bird Observatory","PUF_MBO_03","17/06/2024","01/07/2024","Arthropoda_6656",663,0.941761363636364
"p","Bird Observatory","PUF_MBO_03","17/06/2024","01/07/2024","Chordata_7711",21,0.0298295454545455
"p","Bird Observatory","PUF_MBO_03","17/06/2024","01/07/2024","Cnidaria_6073",20,0.0284090909090909
"p","Bird Observatory","PUF_MBO_04","01/07/2024","15/07/2024","Arthropoda_6656",807,0.723766816143498
"p","Bird Observatory","PUF_MBO_04","01/07/2024","15/07/2024","Chordata_7711",308,0.276233183856502
"p","Bird Observatory","PUF_MBO_05","15/07/2024","29/07/2024","Arthropoda_6656",9174,0.988258106215663
"p","Bird Observatory","PUF_MBO_05","15/07/2024","29/07/2024","Mollusca_6447",72,0.00775611332543359
"p","Bird Observatory","PUF_MBO_05","15/07/2024","29/07/2024","Chordata_7711",20,0.00215447592373155
"p","Bird Observatory","PUF_MBO_05","15/07/2024","29/07/2024","Cnidaria_6073",17,0.00183130453517182
"p","Bird Observatory","PUF_MBO_06","29/07/2024","12/08/2024","Arthropoda_6656",906,0.94375
"p","Bird Observatory","PUF_MBO_06","29/07/2024","12/08/2024","Cnidaria_6073",30,0.03125
"p","Bird Observatory","PUF_MBO_06","29/07/2024","12/08/2024","Mollusca_6447",24,0.025
"p","Bird Observatory","PUF_MBO_07","12/08/2024","26/08/2024","Arthropoda_6656",1660,0.926856504745952
"p","Bird Observatory","PUF_MBO_07","12/08/2024","26/08/2024","Cnidaria_6073",131,0.073143495254048
"p","Bird Observatory","PUF_MBO_08","26/08/2024","09/09/2024","Arthropoda_6656",1656,0.954466858789625
"p","Bird Observatory","PUF_MBO_08","26/08/2024","09/09/2024","Cnidaria_6073",71,0.0409221902017291
"p","Bird Observatory","PUF_MBO_08","26/08/2024","09/09/2024","Mollusca_6447",8,0.00461095100864553
"p","Bird Observatory","PUF_MBO_09","09/09/2024","23/09/2024","Arthropoda_6656",2596,0.913119943721421
"p","Bird Observatory","PUF_MBO_09","09/09/2024","23/09/2024","Cnidaria_6073",97,0.0341188884980654
"p","Bird Observatory","PUF_MBO_09","09/09/2024","23/09/2024","Mollusca_6447",94,0.0330636651424552
"p","Bird Observatory","PUF_MBO_09","09/09/2024","23/09/2024","Chordata_7711",56,0.0196975026380584
"p","Bird Observatory","PUF_MBO_10","23/09/2024","07/10/2024","Arthropoda_6656",1497,0.924644842495367
"p","Bird Observatory","PUF_MBO_10","23/09/2024","07/10/2024","Cnidaria_6073",116,0.0716491661519457
"p","Bird Observatory","PUF_MBO_10","23/09/2024","07/10/2024","Mollusca_6447",6,0.00370599135268684
"p","Botanical Garden","PUF_BOT_01","17/05/2024","31/05/2024","Arthropoda_6656",748,0.914425427872861
"p","Botanical Garden","PUF_BOT_01","17/05/2024","31/05/2024","Chordata_7711",36,0.0440097799511002
"p","Botanical Garden","PUF_BOT_01","17/05/2024","31/05/2024","Cnidaria_6073",34,0.0415647921760391
"p","Botanical Garden","PUF_BOT_02","31/05/2024","14/06/2024","Arthropoda_6656",2346,0.977092877967514
"p","Botanical Garden","PUF_BOT_02","31/05/2024","14/06/2024","Chordata_7711",37,0.0154102457309454
"p","Botanical Garden","PUF_BOT_02","31/05/2024","14/06/2024","Cnidaria_6073",18,0.00749687630154102
"p","Botanical Garden","PUF_BOT_03","24/06/2024","28/06/2024","Chordata_7711",88,1
"p","Botanical Garden","PUF_BOT_04","28/06/2024","12/07/2024","Arthropoda_6656",899,0.961497326203209
"p","Botanical Garden","PUF_BOT_04","28/06/2024","12/07/2024","Cnidaria_6073",33,0.0352941176470588
"p","Botanical Garden","PUF_BOT_04","28/06/2024","12/07/2024","Chordata_7711",3,0.00320855614973262
"p","Botanical Garden","PUF_BOT_05","12/07/2024","26/07/2024","Arthropoda_6656",1380,0.907297830374753
"p","Botanical Garden","PUF_BOT_05","12/07/2024","26/07/2024","Chordata_7711",61,0.0401051939513478
"p","Botanical Garden","PUF_BOT_05","12/07/2024","26/07/2024","Mollusca_6447",47,0.0309007232084155
"p","Botanical Garden","PUF_BOT_05","12/07/2024","26/07/2024","Cnidaria_6073",33,0.0216962524654832
"p","Botanical Garden","PUF_BOT_06","26/07/2024","09/08/2024","Arthropoda_6656",19057,0.963107090513974
"p","Botanical Garden","PUF_BOT_06","26/07/2024","09/08/2024","Chordata_7711",717,0.0362359124677819
"p","Botanical Garden","PUF_BOT_06","26/07/2024","09/08/2024","Cnidaria_6073",13,0.000656997018244302
"p","Botanical Garden","PUF_BOT_07","09/08/2024","23/08/2024","Arthropoda_6656",2570,0.970910464676993
"p","Botanical Garden","PUF_BOT_07","09/08/2024","23/08/2024","Cnidaria_6073",60,0.022667170381564
"p","Botanical Garden","PUF_BOT_07","09/08/2024","23/08/2024","Chordata_7711",17,0.00642236494144314
"p","Botanical Garden","PUF_BOT_08","23/08/2024","06/09/2024","Arthropoda_6656",1143,0.965371621621622
"p","Botanical Garden","PUF_BOT_08","23/08/2024","06/09/2024","Cnidaria_6073",41,0.0346283783783784
"p","Botanical Garden","PUF_BOT_09","06/09/2024","20/09/2024","Arthropoda_6656",1415,0.967190704032809
"p","Botanical Garden","PUF_BOT_09","06/09/2024","20/09/2024","Cnidaria_6073",20,0.0136705399863295
"p","Botanical Garden","PUF_BOT_09","06/09/2024","20/09/2024","Mollusca_6447",17,0.01161995898838
"p","Botanical Garden","PUF_BOT_09","06/09/2024","20/09/2024","Chordata_7711",11,0.0075187969924812
"p","Botanical Garden","PUF_BOT_10","20/09/2024","04/10/2024","Arthropoda_6656",3526,0.915131066701272
"p","Botanical Garden","PUF_BOT_10","20/09/2024","04/10/2024","Chordata_7711",327,0.0848689332987283
"p","Boucherville","PUF_BOU_01","27/05/2024","10/06/2024","Arthropoda_6656",247,0.98015873015873
"p","Boucherville","PUF_BOU_01","27/05/2024","10/06/2024","Chordata_7711",2,0.00793650793650794
"p","Boucherville","PUF_BOU_01","27/05/2024","10/06/2024","Cnidaria_6073",2,0.00793650793650794
"p","Boucherville","PUF_BOU_01","27/05/2024","10/06/2024","Mollusca_6447",1,0.00396825396825397
"p","Boucherville","PUF_BOU_02","10/06/2024","24/06/2024","Arthropoda_6656",994,0.941287878787879
"p","Boucherville","PUF_BOU_02","10/06/2024","24/06/2024","Chordata_7711",42,0.0397727272727273
"p","Boucherville","PUF_BOU_02","10/06/2024","24/06/2024","Cnidaria_6073",20,0.0189393939393939
"p","Boucherville","PUF_BOU_03","24/06/2024","08/07/2024","Arthropoda_6656",544,0.847352024922118
"p","Boucherville","PUF_BOU_03","24/06/2024","08/07/2024","Chordata_7711",57,0.088785046728972
"p","Boucherville","PUF_BOU_03","24/06/2024","08/07/2024","Cnidaria_6073",41,0.0638629283489097
"p","Boucherville","PUF_BOU_04","08/07/2024","22/07/2024","Arthropoda_6656",581,0.988095238095238
"p","Boucherville","PUF_BOU_04","08/07/2024","22/07/2024","Chordata_7711",7,0.0119047619047619
"p","Boucherville","PUF_BOU_05","22/07/2024","05/08/2024","Arthropoda_6656",2355,0.96319018404908
"p","Boucherville","PUF_BOU_05","22/07/2024","05/08/2024","Cnidaria_6073",79,0.0323108384458078
"p","Boucherville","PUF_BOU_05","22/07/2024","05/08/2024","Mollusca_6447",11,0.00449897750511247
"p","Boucherville","PUF_BOU_06","05/08/2024","19/08/2024","Arthropoda_6656",801,0.946808510638298
"p","Boucherville","PUF_BOU_06","05/08/2024","19/08/2024","Cnidaria_6073",24,0.0283687943262411
"p","Boucherville","PUF_BOU_06","05/08/2024","19/08/2024","Mollusca_6447",21,0.024822695035461
"p","Boucherville","PUF_BOU_07","19/08/2024","02/09/2024","Arthropoda_6656",220,0.674846625766871
"p","Boucherville","PUF_BOU_07","19/08/2024","02/09/2024","Chordata_7711",60,0.184049079754601
"p","Boucherville","PUF_BOU_07","19/08/2024","02/09/2024","Mollusca_6447",24,0.0736196319018405
"p","Boucherville","PUF_BOU_07","19/08/2024","02/09/2024","Cnidaria_6073",22,0.0674846625766871
"p","Boucherville","PUF_BOU_08","02/09/2024","16/09/2024","Arthropoda_6656",2109,0.94489247311828
"p","Boucherville","PUF_BOU_08","02/09/2024","16/09/2024","Cnidaria_6073",61,0.0273297491039427
"p","Boucherville","PUF_BOU_08","02/09/2024","16/09/2024","Chordata_7711",32,0.014336917562724
"p","Boucherville","PUF_BOU_08","02/09/2024","16/09/2024","Mollusca_6447",30,0.0134408602150538
"p","Boucherville","PUF_BOU_09","16/09/2024","30/09/2024","Arthropoda_6656",1693,0.941078376876042
"p","Boucherville","PUF_BOU_09","16/09/2024","30/09/2024","Chordata_7711",86,0.0478043357420789
"p","Boucherville","PUF_BOU_09","16/09/2024","30/09/2024","Cnidaria_6073",10,0.00555864369093941
"p","Boucherville","PUF_BOU_09","16/09/2024","30/09/2024","Mollusca_6447",10,0.00555864369093941
"p","IPEX","PUF_IPEX_01","15/05/2024","29/05/2024","Arthropoda_6656",84,0.75
"p","IPEX","PUF_IPEX_01","15/05/2024","29/05/2024","Chordata_7711",28,0.25
"p","IPEX","PUF_IPEX_02","29/05/2024","12/06/2024","Arthropoda_6656",1678,0.946418499717992
"p","IPEX","PUF_IPEX_02","29/05/2024","12/06/2024","Cnidaria_6073",88,0.0496333897349126
"p","IPEX","PUF_IPEX_02","29/05/2024","12/06/2024","Chordata_7711",7,0.00394811054709532
"p","IPEX","PUF_IPEX_03","12/06/2024","26/06/2024","Arthropoda_6656",11108,0.984577202623648
"p","IPEX","PUF_IPEX_03","12/06/2024","26/06/2024","Cnidaria_6073",114,0.0101045913845063
"p","IPEX","PUF_IPEX_03","12/06/2024","26/06/2024","Chordata_7711",60,0.00531820599184542
"p","IPEX","PUF_IPEX_04","26/06/2024","10/07/2024","Arthropoda_6656",1720,0.866062437059416
"p","IPEX","PUF_IPEX_04","26/06/2024","10/07/2024","Cnidaria_6073",187,0.094159113796576
"p","IPEX","PUF_IPEX_04","26/06/2024","10/07/2024","Chordata_7711",79,0.0397784491440081
"p","IPEX","PUF_IPEX_05","10/07/2024","24/07/2024","Arthropoda_6656",5439,0.95070791819612
"p","IPEX","PUF_IPEX_05","10/07/2024","24/07/2024","Cnidaria_6073",221,0.0386296102080056
"p","IPEX","PUF_IPEX_05","10/07/2024","24/07/2024","Chordata_7711",49,0.00856493619996504
"p","IPEX","PUF_IPEX_05","10/07/2024","24/07/2024","Mollusca_6447",12,0.00209753539590981
"p","IPEX","PUF_IPEX_06","24/07/2024","07/08/2024","Arthropoda_6656",996,0.969814995131451
"p","IPEX","PUF_IPEX_06","24/07/2024","07/08/2024","Cnidaria_6073",31,0.0301850048685492
"p","IPEX","PUF_IPEX_07","07/08/2024","21/08/2024","Arthropoda_6656",1550,0.895953757225434
"p","IPEX","PUF_IPEX_07","07/08/2024","21/08/2024","Cnidaria_6073",165,0.0953757225433526
"p","IPEX","PUF_IPEX_07","07/08/2024","21/08/2024","Chordata_7711",15,0.00867052023121387
"p","IPEX","PUF_IPEX_08","21/08/2024","04/09/2024","Arthropoda_6656",2093,0.891017454235845
"p","IPEX","PUF_IPEX_08","21/08/2024","04/09/2024","Cnidaria_6073",169,0.0719455087271179
"p","IPEX","PUF_IPEX_08","21/08/2024","04/09/2024","Chordata_7711",87,0.037037037037037
"p","IPEX","PUF_IPEX_09","04/09/2024","18/09/2024","Arthropoda_6656",1114,0.970383275261324
"p","IPEX","PUF_IPEX_09","04/09/2024","18/09/2024","Cnidaria_6073",34,0.029616724738676
"p","IPEX","PUF_IPEX_10","18/09/2024","02/10/2024","Arthropoda_6656",4117,0.956552044609665
"p","IPEX","PUF_IPEX_10","18/09/2024","02/10/2024","Cnidaria_6073",187,0.0434479553903346
"p","Jean-Drapeau","PUF_JD_01","22/05/2024","05/06/2024","Arthropoda_6656",8887,0.998539325842697
"p","Jean-Drapeau","PUF_JD_01","22/05/2024","05/06/2024","Chordata_7711",13,0.00146067415730337
"p","Jean-Drapeau","PUF_JD_02","05/06/2024","19/06/2024","Arthropoda_6656",14166,0.999294582392777
"p","Jean-Drapeau","PUF_JD_02","05/06/2024","19/06/2024","Chordata_7711",10,0.000705417607223476
"p","Jean-Drapeau","PUF_JD_03","19/06/2024","03/07/2024","Arthropoda_6656",881,0.871414441147379
"p","Jean-Drapeau","PUF_JD_03","19/06/2024","03/07/2024","Chordata_7711",100,0.0989119683481701
"p","Jean-Drapeau","PUF_JD_03","19/06/2024","03/07/2024","Cnidaria_6073",30,0.029673590504451
"p","Jean-Drapeau","PUF_JD_04","03/07/2024","17/07/2024","Arthropoda_6656",1418,0.860436893203884
"p","Jean-Drapeau","PUF_JD_04","03/07/2024","17/07/2024","Chordata_7711",224,0.135922330097087
"p","Jean-Drapeau","PUF_JD_04","03/07/2024","17/07/2024","Mollusca_6447",6,0.00364077669902913
"p","Jean-Drapeau","PUF_JD_05","17/07/2024","31/07/2024","Arthropoda_6656",4087,0.974719771046983
"p","Jean-Drapeau","PUF_JD_05","17/07/2024","31/07/2024","Chordata_7711",56,0.013355592654424
"p","Jean-Drapeau","PUF_JD_05","17/07/2024","31/07/2024","Cnidaria_6073",50,0.0119246362985929
"p","Jean-Drapeau","PUF_JD_06","31/07/2024","14/08/2024","Arthropoda_6656",3918,0.990394337714864
"p","Jean-Drapeau","PUF_JD_06","31/07/2024","14/08/2024","Cnidaria_6073",38,0.0096056622851365
"p","Jean-Drapeau","PUF_JD_07","14/08/2024","28/08/2024","Arthropoda_6656",4322,0.954294546257452
"p","Jean-Drapeau","PUF_JD_07","14/08/2024","28/08/2024","Cnidaria_6073",207,0.045705453742548
"p","Jean-Drapeau","PUF_JD_08","28/08/2024","11/09/2024","Arthropoda_6656",8709,0.999082253068716
"p","Jean-Drapeau","PUF_JD_08","28/08/2024","11/09/2024","Cnidaria_6073",8,0.000917746931283698
"p","Jean-Drapeau","PUF_JD_09","11/09/2024","25/09/2024","Arthropoda_6656",1137,0.940446650124069
"p","Jean-Drapeau","PUF_JD_09","11/09/2024","25/09/2024","Cnidaria_6073",63,0.0521091811414392
"p","Jean-Drapeau","PUF_JD_09","11/09/2024","25/09/2024","Chordata_7711",9,0.00744416873449132
"p","Jean-Drapeau","PUF_JD_10","25/09/2024","09/10/2024","Arthropoda_6656",8543,0.989116591409054
"p","Jean-Drapeau","PUF_JD_10","25/09/2024","09/10/2024","Chordata_7711",67,0.0077573231446104
"p","Jean-Drapeau","PUF_JD_10","25/09/2024","09/10/2024","Cnidaria_6073",27,0.00312608544633553
"p",NA,NA,NA,NA,"Arthropoda_6656",30133,0.999767750497678
"p",NA,NA,NA,NA,"Chordata_7711",7,0.000232249502322495
"c","Bird Observatory","PUF_MBO_01","20/05/2024","03/06/2024","Arachnida_6854",1417,0.614217598612917
"c","Bird Observatory","PUF_MBO_01","20/05/2024","03/06/2024","Insecta_50557",715,0.309926311226701
"c","Bird Observatory","PUF_MBO_01","20/05/2024","03/06/2024",NA,111,0.0481144343302991
"c","Bird Observatory","PUF_MBO_01","20/05/2024","03/06/2024","Mammalia_40674",59,0.0255743389683572
"c","Bird Observatory","PUF_MBO_01","20/05/2024","03/06/2024","Hydrozoa_6074",5,0.00216731686172518
"c","Bird Observatory","PUF_MBO_02","03/06/2024","17/06/2024","Insecta_50557",8072,0.525760437699472
"c","Bird Observatory","PUF_MBO_02","03/06/2024","17/06/2024","Arachnida_6854",7253,0.472415814498795
"c","Bird Observatory","PUF_MBO_02","03/06/2024","17/06/2024",NA,28,0.00182374780173256
"c","Bird Observatory","PUF_MBO_03","17/06/2024","01/07/2024","Insecta_50557",359,0.509943181818182
"c","Bird Observatory","PUF_MBO_03","17/06/2024","01/07/2024","Arachnida_6854",290,0.411931818181818
"c","Bird Observatory","PUF_MBO_03","17/06/2024","01/07/2024",NA,34,0.0482954545454545
"c","Bird Observatory","PUF_MBO_03","17/06/2024","01/07/2024","Mammalia_40674",21,0.0298295454545455
"c","Bird Observatory","PUF_MBO_04","01/07/2024","15/07/2024","Insecta_50557",542,0.48609865470852
"c","Bird Observatory","PUF_MBO_04","01/07/2024","15/07/2024","Mammalia_40674",308,0.276233183856502
"c","Bird Observatory","PUF_MBO_04","01/07/2024","15/07/2024","Arachnida_6854",265,0.237668161434978
"c","Bird Observatory","PUF_MBO_05","15/07/2024","29/07/2024","Insecta_50557",9043,0.974146288915221
"c","Bird Observatory","PUF_MBO_05","15/07/2024","29/07/2024","Arachnida_6854",131,0.0141118173004417
"c","Bird Observatory","PUF_MBO_05","15/07/2024","29/07/2024","Gastropoda_6448",72,0.00775611332543359
"c","Bird Observatory","PUF_MBO_05","15/07/2024","29/07/2024","Mammalia_40674",20,0.00215447592373155
"c","Bird Observatory","PUF_MBO_05","15/07/2024","29/07/2024",NA,17,0.00183130453517182
"c","Bird Observatory","PUF_MBO_06","29/07/2024","12/08/2024","Insecta_50557",699,0.728125
"c","Bird Observatory","PUF_MBO_06","29/07/2024","12/08/2024","Arachnida_6854",181,0.188541666666667
"c","Bird Observatory","PUF_MBO_06","29/07/2024","12/08/2024",NA,56,0.0583333333333333
"c","Bird Observatory","PUF_MBO_06","29/07/2024","12/08/2024","Gastropoda_6448",24,0.025
"c","Bird Observatory","PUF_MBO_07","12/08/2024","26/08/2024","Insecta_50557",1360,0.759352317141262
"c","Bird Observatory","PUF_MBO_07","12/08/2024","26/08/2024","Arachnida_6854",255,0.142378559463987
"c","Bird Observatory","PUF_MBO_07","12/08/2024","26/08/2024",NA,158,0.0882188721384701
"c","Bird Observatory","PUF_MBO_07","12/08/2024","26/08/2024","Collembola_30001",18,0.0100502512562814
"c","Bird Observatory","PUF_MBO_08","26/08/2024","09/09/2024","Insecta_50557",1352,0.779250720461095
"c","Bird Observatory","PUF_MBO_08","26/08/2024","09/09/2024","Arachnida_6854",258,0.148703170028818
"c","Bird Observatory","PUF_MBO_08","26/08/2024","09/09/2024",NA,117,0.0674351585014409
"c","Bird Observatory","PUF_MBO_08","26/08/2024","09/09/2024","Gastropoda_6448",8,0.00461095100864553
"c","Bird Observatory","PUF_MBO_09","09/09/2024","23/09/2024","Insecta_50557",1992,0.70066830812522
"c","Bird Observatory","PUF_MBO_09","09/09/2024","23/09/2024","Arachnida_6854",550,0.193457615195216
"c","Bird Observatory","PUF_MBO_09","09/09/2024","23/09/2024",NA,151,0.0531129088990503
"c","Bird Observatory","PUF_MBO_09","09/09/2024","23/09/2024","Gastropoda_6448",94,0.0330636651424552
"c","Bird Observatory","PUF_MBO_09","09/09/2024","23/09/2024","Mammalia_40674",56,0.0196975026380584
"c","Bird Observatory","PUF_MBO_10","23/09/2024","07/10/2024","Insecta_50557",921,0.56886967263743
"c","Bird Observatory","PUF_MBO_10","23/09/2024","07/10/2024","Arachnida_6854",449,0.277331686226065
"c","Bird Observatory","PUF_MBO_10","23/09/2024","07/10/2024",NA,232,0.143298332303891
"c","Bird Observatory","PUF_MBO_10","23/09/2024","07/10/2024","Collembola_30001",11,0.00679431747992588
"c","Bird Observatory","PUF_MBO_10","23/09/2024","07/10/2024","Gastropoda_6448",6,0.00370599135268684
"c","Botanical Garden","PUF_BOT_01","17/05/2024","31/05/2024","Arachnida_6854",407,0.497555012224939
"c","Botanical Garden","PUF_BOT_01","17/05/2024","31/05/2024","Insecta_50557",302,0.36919315403423
"c","Botanical Garden","PUF_BOT_01","17/05/2024","31/05/2024",NA,73,0.089242053789731
"c","Botanical Garden","PUF_BOT_01","17/05/2024","31/05/2024","Mammalia_40674",36,0.0440097799511002
"c","Botanical Garden","PUF_BOT_02","31/05/2024","14/06/2024","Arachnida_6854",1951,0.812578092461474
"c","Botanical Garden","PUF_BOT_02","31/05/2024","14/06/2024","Insecta_50557",328,0.136609745939192
"c","Botanical Garden","PUF_BOT_02","31/05/2024","14/06/2024",NA,48,0.0199916701374427
"c","Botanical Garden","PUF_BOT_02","31/05/2024","14/06/2024","Collembola_30001",37,0.0154102457309454
"c","Botanical Garden","PUF_BOT_02","31/05/2024","14/06/2024","Mammalia_40674",37,0.0154102457309454
"c","Botanical Garden","PUF_BOT_03","24/06/2024","28/06/2024","Mammalia_40674",88,1
"c","Botanical Garden","PUF_BOT_04","28/06/2024","12/07/2024","Insecta_50557",748,0.8
"c","Botanical Garden","PUF_BOT_04","28/06/2024","12/07/2024","Arachnida_6854",120,0.128342245989305
"c","Botanical Garden","PUF_BOT_04","28/06/2024","12/07/2024",NA,64,0.0684491978609626
"c","Botanical Garden","PUF_BOT_04","28/06/2024","12/07/2024","Mammalia_40674",3,0.00320855614973262
"c","Botanical Garden","PUF_BOT_05","12/07/2024","26/07/2024","Insecta_50557",1035,0.680473372781065
"c","Botanical Garden","PUF_BOT_05","12/07/2024","26/07/2024","Arachnida_6854",336,0.220907297830375
"c","Botanical Garden","PUF_BOT_05","12/07/2024","26/07/2024","Mammalia_40674",61,0.0401051939513478
"c","Botanical Garden","PUF_BOT_05","12/07/2024","26/07/2024","Gastropoda_6448",47,0.0309007232084155
"c","Botanical Garden","PUF_BOT_05","12/07/2024","26/07/2024",NA,42,0.0276134122287968
"c","Botanical Garden","PUF_BOT_06","26/07/2024","09/08/2024","Insecta_50557",18906,0.955475817455905
"c","Botanical Garden","PUF_BOT_06","26/07/2024","09/08/2024","Mammalia_40674",717,0.0362359124677819
"c","Botanical Garden","PUF_BOT_06","26/07/2024","09/08/2024","Arachnida_6854",151,0.00763127305806843
"c","Botanical Garden","PUF_BOT_06","26/07/2024","09/08/2024",NA,13,0.000656997018244302
"c","Botanical Garden","PUF_BOT_07","09/08/2024","23/08/2024","Insecta_50557",2143,0.809595768794862
"c","Botanical Garden","PUF_BOT_07","09/08/2024","23/08/2024","Arachnida_6854",381,0.143936531922932
"c","Botanical Garden","PUF_BOT_07","09/08/2024","23/08/2024",NA,106,0.0400453343407631
"c","Botanical Garden","PUF_BOT_07","09/08/2024","23/08/2024","Mammalia_40674",17,0.00642236494144314
"c","Botanical Garden","PUF_BOT_08","23/08/2024","06/09/2024","Insecta_50557",691,0.583614864864865
"c","Botanical Garden","PUF_BOT_08","23/08/2024","06/09/2024","Arachnida_6854",401,0.338682432432432
"c","Botanical Garden","PUF_BOT_08","23/08/2024","06/09/2024",NA,92,0.0777027027027027
"c","Botanical Garden","PUF_BOT_09","06/09/2024","20/09/2024","Insecta_50557",1287,0.879699248120301
"c","Botanical Garden","PUF_BOT_09","06/09/2024","20/09/2024","Arachnida_6854",128,0.0874914559125086
"c","Botanical Garden","PUF_BOT_09","06/09/2024","20/09/2024",NA,20,0.0136705399863295
"c","Botanical Garden","PUF_BOT_09","06/09/2024","20/09/2024","Gastropoda_6448",17,0.01161995898838
"c","Botanical Garden","PUF_BOT_09","06/09/2024","20/09/2024","Mammalia_40674",11,0.0075187969924812
"c","Botanical Garden","PUF_BOT_10","20/09/2024","04/10/2024","Insecta_50557",2860,0.742278743835972
"c","Botanical Garden","PUF_BOT_10","20/09/2024","04/10/2024","Arachnida_6854",647,0.167921100441215
"c","Botanical Garden","PUF_BOT_10","20/09/2024","04/10/2024","Mammalia_40674",327,0.0848689332987283
"c","Botanical Garden","PUF_BOT_10","20/09/2024","04/10/2024",NA,19,0.00493122242408513
"c","Boucherville","PUF_BOU_01","27/05/2024","10/06/2024","Arachnida_6854",214,0.849206349206349
"c","Boucherville","PUF_BOU_01","27/05/2024","10/06/2024","Insecta_50557",32,0.126984126984127
"c","Boucherville","PUF_BOU_01","27/05/2024","10/06/2024",NA,3,0.0119047619047619
"c","Boucherville","PUF_BOU_01","27/05/2024","10/06/2024","Mammalia_40674",2,0.00793650793650794
"c","Boucherville","PUF_BOU_01","27/05/2024","10/06/2024","Gastropoda_6448",1,0.00396825396825397
"c","Boucherville","PUF_BOU_02","10/06/2024","24/06/2024","Collembola_30001",401,0.379734848484849
"c","Boucherville","PUF_BOU_02","10/06/2024","24/06/2024","Insecta_50557",336,0.318181818181818
"c","Boucherville","PUF_BOU_02","10/06/2024","24/06/2024","Arachnida_6854",242,0.229166666666667
"c","Boucherville","PUF_BOU_02","10/06/2024","24/06/2024","Mammalia_40674",42,0.0397727272727273
"c","Boucherville","PUF_BOU_02","10/06/2024","24/06/2024",NA,35,0.0331439393939394
"c","Boucherville","PUF_BOU_03","24/06/2024","08/07/2024","Collembola_30001",275,0.428348909657321
"c","Boucherville","PUF_BOU_03","24/06/2024","08/07/2024","Insecta_50557",199,0.309968847352025
"c","Boucherville","PUF_BOU_03","24/06/2024","08/07/2024","Arachnida_6854",70,0.109034267912773
"c","Boucherville","PUF_BOU_03","24/06/2024","08/07/2024","Mammalia_40674",57,0.088785046728972
"c","Boucherville","PUF_BOU_03","24/06/2024","08/07/2024",NA,41,0.0638629283489097
"c","Boucherville","PUF_BOU_04","08/07/2024","22/07/2024","Insecta_50557",484,0.82312925170068
"c","Boucherville","PUF_BOU_04","08/07/2024","22/07/2024","Arachnida_6854",92,0.156462585034014
"c","Boucherville","PUF_BOU_04","08/07/2024","22/07/2024","Mammalia_40674",7,0.0119047619047619
"c","Boucherville","PUF_BOU_04","08/07/2024","22/07/2024","Collembola_30001",5,0.00850340136054422
"c","Boucherville","PUF_BOU_05","22/07/2024","05/08/2024","Insecta_50557",2169,0.887116564417178
"c","Boucherville","PUF_BOU_05","22/07/2024","05/08/2024","Arachnida_6854",167,0.0683026584867076
"c","Boucherville","PUF_BOU_05","22/07/2024","05/08/2024",NA,98,0.040081799591002
"c","Boucherville","PUF_BOU_05","22/07/2024","05/08/2024","Gastropoda_6448",11,0.00449897750511247
"c","Boucherville","PUF_BOU_06","05/08/2024","19/08/2024","Insecta_50557",640,0.756501182033097
"c","Boucherville","PUF_BOU_06","05/08/2024","19/08/2024","Arachnida_6854",105,0.124113475177305
"c","Boucherville","PUF_BOU_06","05/08/2024","19/08/2024",NA,45,0.0531914893617021
"c","Boucherville","PUF_BOU_06","05/08/2024","19/08/2024","Branchiopoda_6658",30,0.0354609929078014
"c","Boucherville","PUF_BOU_06","05/08/2024","19/08/2024","Gastropoda_6448",21,0.024822695035461
"c","Boucherville","PUF_BOU_06","05/08/2024","19/08/2024","Collembola_30001",5,0.00591016548463357
"c","Boucherville","PUF_BOU_07","19/08/2024","02/09/2024","Insecta_50557",101,0.309815950920245
"c","Boucherville","PUF_BOU_07","19/08/2024","02/09/2024","Arachnida_6854",66,0.202453987730061
"c","Boucherville","PUF_BOU_07","19/08/2024","02/09/2024","Mammalia_40674",60,0.184049079754601
"c","Boucherville","PUF_BOU_07","19/08/2024","02/09/2024","Collembola_30001",53,0.162576687116564
"c","Boucherville","PUF_BOU_07","19/08/2024","02/09/2024","Gastropoda_6448",24,0.0736196319018405
"c","Boucherville","PUF_BOU_07","19/08/2024","02/09/2024",NA,22,0.0674846625766871
"c","Boucherville","PUF_BOU_08","02/09/2024","16/09/2024","Insecta_50557",1822,0.816308243727599
"c","Boucherville","PUF_BOU_08","02/09/2024","16/09/2024","Arachnida_6854",261,0.116935483870968
"c","Boucherville","PUF_BOU_08","02/09/2024","16/09/2024",NA,87,0.0389784946236559
"c","Boucherville","PUF_BOU_08","02/09/2024","16/09/2024","Mammalia_40674",32,0.014336917562724
"c","Boucherville","PUF_BOU_08","02/09/2024","16/09/2024","Gastropoda_6448",30,0.0134408602150538
"c","Boucherville","PUF_BOU_09","16/09/2024","30/09/2024","Insecta_50557",1295,0.719844357976654
"c","Boucherville","PUF_BOU_09","16/09/2024","30/09/2024","Arachnida_6854",390,0.216787103946637
"c","Boucherville","PUF_BOU_09","16/09/2024","30/09/2024","Mammalia_40674",86,0.0478043357420789
"c","Boucherville","PUF_BOU_09","16/09/2024","30/09/2024",NA,18,0.0100055586436909
"c","Boucherville","PUF_BOU_09","16/09/2024","30/09/2024","Gastropoda_6448",10,0.00555864369093941
"c","IPEX","PUF_IPEX_01","15/05/2024","29/05/2024","Insecta_50557",49,0.4375
"c","IPEX","PUF_IPEX_01","15/05/2024","29/05/2024","Arachnida_6854",35,0.3125
"c","IPEX","PUF_IPEX_01","15/05/2024","29/05/2024","Mammalia_40674",28,0.25
"c","IPEX","PUF_IPEX_02","29/05/2024","12/06/2024","Arachnida_6854",1183,0.667230682459109
"c","IPEX","PUF_IPEX_02","29/05/2024","12/06/2024","Insecta_50557",416,0.23463056965595
"c","IPEX","PUF_IPEX_02","29/05/2024","12/06/2024",NA,160,0.0902425267907501
"c","IPEX","PUF_IPEX_02","29/05/2024","12/06/2024","Collembola_30001",7,0.00394811054709532
"c","IPEX","PUF_IPEX_02","29/05/2024","12/06/2024","Mammalia_40674",7,0.00394811054709532
"c","IPEX","PUF_IPEX_03","12/06/2024","26/06/2024","Arachnida_6854",10389,0.920847367488034
"c","IPEX","PUF_IPEX_03","12/06/2024","26/06/2024","Insecta_50557",443,0.0392660875731253
"c","IPEX","PUF_IPEX_03","12/06/2024","26/06/2024",NA,263,0.0233114695975891
"c","IPEX","PUF_IPEX_03","12/06/2024","26/06/2024","Collembola_30001",73,0.00647048395674526
"c","IPEX","PUF_IPEX_03","12/06/2024","26/06/2024","Mammalia_40674",60,0.00531820599184542
"c","IPEX","PUF_IPEX_03","12/06/2024","26/06/2024","Hydrozoa_6074",42,0.00372274419429179
"c","IPEX","PUF_IPEX_03","12/06/2024","26/06/2024","Branchiopoda_6658",12,0.00106364119836908
"c","IPEX","PUF_IPEX_04","26/06/2024","10/07/2024","Insecta_50557",1217,0.612789526686808
"c","IPEX","PUF_IPEX_04","26/06/2024","10/07/2024","Arachnida_6854",428,0.215508559919436
"c","IPEX","PUF_IPEX_04","26/06/2024","10/07/2024",NA,262,0.131923464249748
"c","IPEX","PUF_IPEX_04","26/06/2024","10/07/2024","Mammalia_40674",79,0.0397784491440081
"c","IPEX","PUF_IPEX_05","10/07/2024","24/07/2024","Insecta_50557",4010,0.700926411466527
"c","IPEX","PUF_IPEX_05","10/07/2024","24/07/2024","Arachnida_6854",1275,0.222863135815417
"c","IPEX","PUF_IPEX_05","10/07/2024","24/07/2024",NA,254,0.0443978325467576
"c","IPEX","PUF_IPEX_05","10/07/2024","24/07/2024","Collembola_30001",121,0.0211501485754239
"c","IPEX","PUF_IPEX_05","10/07/2024","24/07/2024","Mammalia_40674",49,0.00856493619996504
"c","IPEX","PUF_IPEX_05","10/07/2024","24/07/2024","Gastropoda_6448",12,0.00209753539590981
"c","IPEX","PUF_IPEX_06","24/07/2024","07/08/2024","Insecta_50557",848,0.82570593962999
"c","IPEX","PUF_IPEX_06","24/07/2024","07/08/2024","Arachnida_6854",139,0.135345666991237
"c","IPEX","PUF_IPEX_06","24/07/2024","07/08/2024",NA,40,0.0389483933787731
"c","IPEX","PUF_IPEX_07","07/08/2024","21/08/2024","Insecta_50557",1289,0.745086705202312
"c","IPEX","PUF_IPEX_07","07/08/2024","21/08/2024",NA,259,0.14971098265896
"c","IPEX","PUF_IPEX_07","07/08/2024","21/08/2024","Arachnida_6854",167,0.0965317919075144
"c","IPEX","PUF_IPEX_07","07/08/2024","21/08/2024","Mammalia_40674",15,0.00867052023121387
"c","IPEX","PUF_IPEX_08","21/08/2024","04/09/2024","Insecta_50557",1566,0.666666666666667
"c","IPEX","PUF_IPEX_08","21/08/2024","04/09/2024","Arachnida_6854",407,0.173265219242231
"c","IPEX","PUF_IPEX_08","21/08/2024","04/09/2024",NA,289,0.123031077054066
"c","IPEX","PUF_IPEX_08","21/08/2024","04/09/2024","Mammalia_40674",87,0.037037037037037
"c","IPEX","PUF_IPEX_09","04/09/2024","18/09/2024","Insecta_50557",1037,0.903310104529617
"c","IPEX","PUF_IPEX_09","04/09/2024","18/09/2024","Arachnida_6854",77,0.0670731707317073
"c","IPEX","PUF_IPEX_09","04/09/2024","18/09/2024",NA,34,0.029616724738676
"c","IPEX","PUF_IPEX_10","18/09/2024","02/10/2024","Insecta_50557",3627,0.842704460966543
"c","IPEX","PUF_IPEX_10","18/09/2024","02/10/2024","Arachnida_6854",350,0.0813197026022305
"c","IPEX","PUF_IPEX_10","18/09/2024","02/10/2024",NA,310,0.0720260223048327
"c","IPEX","PUF_IPEX_10","18/09/2024","02/10/2024","Diplopoda_7553",17,0.00394981412639405
"c","Jean-Drapeau","PUF_JD_01","22/05/2024","05/06/2024","Insecta_50557",6331,0.711348314606742
"c","Jean-Drapeau","PUF_JD_01","22/05/2024","05/06/2024","Arachnida_6854",2556,0.287191011235955
"c","Jean-Drapeau","PUF_JD_01","22/05/2024","05/06/2024","Mammalia_40674",13,0.00146067415730337
"c","Jean-Drapeau","PUF_JD_02","05/06/2024","19/06/2024","Insecta_50557",13833,0.975804176072235
"c","Jean-Drapeau","PUF_JD_02","05/06/2024","19/06/2024","Arachnida_6854",324,0.0228555304740406
"c","Jean-Drapeau","PUF_JD_02","05/06/2024","19/06/2024","Aves_8782",10,0.000705417607223476
"c","Jean-Drapeau","PUF_JD_02","05/06/2024","19/06/2024","Malacostraca_6681",9,0.000634875846501129
"c","Jean-Drapeau","PUF_JD_03","19/06/2024","03/07/2024","Insecta_50557",708,0.700296735905044
"c","Jean-Drapeau","PUF_JD_03","19/06/2024","03/07/2024","Arachnida_6854",146,0.144411473788328
"c","Jean-Drapeau","PUF_JD_03","19/06/2024","03/07/2024","Mammalia_40674",100,0.0989119683481701
"c","Jean-Drapeau","PUF_JD_03","19/06/2024","03/07/2024",NA,57,0.056379821958457
"c","Jean-Drapeau","PUF_JD_04","03/07/2024","17/07/2024","Insecta_50557",1166,0.70752427184466
"c","Jean-Drapeau","PUF_JD_04","03/07/2024","17/07/2024","Arachnida_6854",252,0.152912621359223
"c","Jean-Drapeau","PUF_JD_04","03/07/2024","17/07/2024","Mammalia_40674",224,0.135922330097087
"c","Jean-Drapeau","PUF_JD_04","03/07/2024","17/07/2024","Gastropoda_6448",6,0.00364077669902913
"c","Jean-Drapeau","PUF_JD_05","17/07/2024","31/07/2024","Insecta_50557",2109,0.502981159074648
"c","Jean-Drapeau","PUF_JD_05","17/07/2024","31/07/2024","Arachnida_6854",1928,0.459813975673742
"c","Jean-Drapeau","PUF_JD_05","17/07/2024","31/07/2024","Mammalia_40674",56,0.013355592654424
"c","Jean-Drapeau","PUF_JD_05","17/07/2024","31/07/2024",NA,55,0.0131170999284522
"c","Jean-Drapeau","PUF_JD_05","17/07/2024","31/07/2024","Branchiopoda_6658",45,0.0107321726687336
"c","Jean-Drapeau","PUF_JD_06","31/07/2024","14/08/2024","Insecta_50557",3729,0.942618806875632
"c","Jean-Drapeau","PUF_JD_06","31/07/2024","14/08/2024","Arachnida_6854",189,0.0477755308392315
"c","Jean-Drapeau","PUF_JD_06","31/07/2024","14/08/2024",NA,38,0.0096056622851365
"c","Jean-Drapeau","PUF_JD_07","14/08/2024","28/08/2024","Insecta_50557",4021,0.887833958931331
"c","Jean-Drapeau","PUF_JD_07","14/08/2024","28/08/2024","Arachnida_6854",244,0.0538750275999117
"c","Jean-Drapeau","PUF_JD_07","14/08/2024","28/08/2024",NA,241,0.0532126297195849
"c","Jean-Drapeau","PUF_JD_07","14/08/2024","28/08/2024","Collembola_30001",23,0.005078383749172
"c","Jean-Drapeau","PUF_JD_08","28/08/2024","11/09/2024","Arachnida_6854",8594,0.985889640931513
"c","Jean-Drapeau","PUF_JD_08","28/08/2024","11/09/2024","Insecta_50557",115,0.0131926121372032
"c","Jean-Drapeau","PUF_JD_08","28/08/2024","11/09/2024",NA,8,0.000917746931283698
"c","Jean-Drapeau","PUF_JD_09","11/09/2024","25/09/2024","Insecta_50557",1079,0.89247311827957
"c","Jean-Drapeau","PUF_JD_09","11/09/2024","25/09/2024",NA,63,0.0521091811414392
"c","Jean-Drapeau","PUF_JD_09","11/09/2024","25/09/2024","Arachnida_6854",58,0.0479735318444996
"c","Jean-Drapeau","PUF_JD_09","11/09/2024","25/09/2024","Mammalia_40674",9,0.00744416873449132
"c","Jean-Drapeau","PUF_JD_10","25/09/2024","09/10/2024","Insecta_50557",8115,0.939562348037513
"c","Jean-Drapeau","PUF_JD_10","25/09/2024","09/10/2024","Arachnida_6854",428,0.049554243371541
"c","Jean-Drapeau","PUF_JD_10","25/09/2024","09/10/2024","Mammalia_40674",67,0.0077573231446104
"c","Jean-Drapeau","PUF_JD_10","25/09/2024","09/10/2024",NA,27,0.00312608544633553
"c",NA,NA,NA,NA,"Insecta_50557",29645,0.983576642335766
"c",NA,NA,NA,NA,"Collembola_30001",356,0.0118115461181155
"c",NA,NA,NA,NA,"Arachnida_6854",132,0.00437956204379562
"c",NA,NA,NA,NA,"Mammalia_40674",7,0.000232249502322495
"o","Bird Observatory","PUF_MBO_01","20/05/2024","03/06/2024","Trombidiformes_83136",1005,0.435630689206762
"o","Bird Observatory","PUF_MBO_01","20/05/2024","03/06/2024",NA,497,0.215431296055483
"o","Bird Observatory","PUF_MBO_01","20/05/2024","03/06/2024","Diptera_7147",410,0.177719982661465
"o","Bird Observatory","PUF_MBO_01","20/05/2024","03/06/2024","Hemiptera_7524",210,0.0910273081924577
"o","Bird Observatory","PUF_MBO_01","20/05/2024","03/06/2024","Coleoptera_7041",67,0.0290420459471175
"o","Bird Observatory","PUF_MBO_01","20/05/2024","03/06/2024","Artiodactyla_91561",45,0.0195058517555267
"o","Bird Observatory","PUF_MBO_01","20/05/2024","03/06/2024","Sarcoptiformes_83137",31,0.0134373645426961
"o","Bird Observatory","PUF_MBO_01","20/05/2024","03/06/2024","Lepidoptera_7088",21,0.00910273081924577
"o","Bird Observatory","PUF_MBO_01","20/05/2024","03/06/2024","Primates_9443",14,0.00606848721283052
"o","Bird Observatory","PUF_MBO_01","20/05/2024","03/06/2024","Trichoptera_30263",7,0.00303424360641526
"o","Bird Observatory","PUF_MBO_02","03/06/2024","17/06/2024","Lepidoptera_7088",8006,0.521461603595389
"o","Bird Observatory","PUF_MBO_02","03/06/2024","17/06/2024","Trombidiformes_83136",7029,0.457825832084935
"o","Bird Observatory","PUF_MBO_02","03/06/2024","17/06/2024",NA,252,0.016413730215593
"o","Bird Observatory","PUF_MBO_02","03/06/2024","17/06/2024","Hemiptera_7524",50,0.00325669250309386
"o","Bird Observatory","PUF_MBO_02","03/06/2024","17/06/2024","Diptera_7147",16,0.00104214160099003
"o","Bird Observatory","PUF_MBO_03","17/06/2024","01/07/2024","Hemiptera_7524",317,0.450284090909091
"o","Bird Observatory","PUF_MBO_03","17/06/2024","01/07/2024","Araneae_6893",139,0.197443181818182
"o","Bird Observatory","PUF_MBO_03","17/06/2024","01/07/2024",NA,104,0.147727272727273
"o","Bird Observatory","PUF_MBO_03","17/06/2024","01/07/2024","Mesostigmata_34634",56,0.0795454545454545
"o","Bird Observatory","PUF_MBO_03","17/06/2024","01/07/2024","Lepidoptera_7088",27,0.0383522727272727
"o","Bird Observatory","PUF_MBO_03","17/06/2024","01/07/2024","Trombidiformes_83136",25,0.0355113636363636
"o","Bird Observatory","PUF_MBO_03","17/06/2024","01/07/2024","Hymenoptera_7399",15,0.0213068181818182
"o","Bird Observatory","PUF_MBO_03","17/06/2024","01/07/2024","Primates_9443",12,0.0170454545454545
"o","Bird Observatory","PUF_MBO_03","17/06/2024","01/07/2024","Rodentia_9989",9,0.0127840909090909
"o","Bird Observatory","PUF_MBO_04","01/07/2024","15/07/2024","Hemiptera_7524",542,0.48609865470852
"o","Bird Observatory","PUF_MBO_04","01/07/2024","15/07/2024","Artiodactyla_91561",308,0.276233183856502
"o","Bird Observatory","PUF_MBO_04","01/07/2024","15/07/2024",NA,265,0.237668161434978
"o","Bird Observatory","PUF_MBO_05","15/07/2024","29/07/2024","Lepidoptera_7088",8565,0.922654314338037
"o","Bird Observatory","PUF_MBO_05","15/07/2024","29/07/2024","Hemiptera_7524",452,0.0486911558763331
"o","Bird Observatory","PUF_MBO_05","15/07/2024","29/07/2024",NA,155,0.0166971884089195
"o","Bird Observatory","PUF_MBO_05","15/07/2024","29/07/2024","Stylommatophora_6527",55,0.00592480879026177
"o","Bird Observatory","PUF_MBO_05","15/07/2024","29/07/2024","Diptera_7147",26,0.00280081870085102
"o","Bird Observatory","PUF_MBO_05","15/07/2024","29/07/2024","Primates_9443",20,0.00215447592373155
"o","Bird Observatory","PUF_MBO_05","15/07/2024","29/07/2024","Trombidiformes_83136",10,0.00107723796186578
"o","Bird Observatory","PUF_MBO_06","29/07/2024","12/08/2024","Hemiptera_7524",659,0.686458333333333
"o","Bird Observatory","PUF_MBO_06","29/07/2024","12/08/2024",NA,261,0.271875
"o","Bird Observatory","PUF_MBO_06","29/07/2024","12/08/2024","Hymenoptera_7399",40,0.0416666666666667
"o","Bird Observatory","PUF_MBO_07","12/08/2024","26/08/2024","Hemiptera_7524",1252,0.699050809603573
"o","Bird Observatory","PUF_MBO_07","12/08/2024","26/08/2024",NA,413,0.230597431602457
"o","Bird Observatory","PUF_MBO_07","12/08/2024","26/08/2024","Lepidoptera_7088",67,0.0374092685650475
"o","Bird Observatory","PUF_MBO_07","12/08/2024","26/08/2024","Hymenoptera_7399",41,0.022892238972641
"o","Bird Observatory","PUF_MBO_07","12/08/2024","26/08/2024","Symphypleona_79705",18,0.0100502512562814
"o","Bird Observatory","PUF_MBO_08","26/08/2024","09/09/2024","Hemiptera_7524",1307,0.753314121037464
"o","Bird Observatory","PUF_MBO_08","26/08/2024","09/09/2024",NA,362,0.20864553314121
"o","Bird Observatory","PUF_MBO_08","26/08/2024","09/09/2024","Lepidoptera_7088",20,0.0115273775216138
"o","Bird Observatory","PUF_MBO_08","26/08/2024","09/09/2024","Hymenoptera_7399",17,0.00979827089337176
"o","Bird Observatory","PUF_MBO_08","26/08/2024","09/09/2024","Trombidiformes_83136",13,0.00749279538904899
"o","Bird Observatory","PUF_MBO_08","26/08/2024","09/09/2024","Neuroptera_7516",8,0.00461095100864553
"o","Bird Observatory","PUF_MBO_08","26/08/2024","09/09/2024","Stylommatophora_6527",8,0.00461095100864553
"o","Bird Observatory","PUF_MBO_09","09/09/2024","23/09/2024","Hemiptera_7524",1962,0.690116074569117
"o","Bird Observatory","PUF_MBO_09","09/09/2024","23/09/2024",NA,795,0.279634189236722
"o","Bird Observatory","PUF_MBO_09","09/09/2024","23/09/2024","Artiodactyla_91561",47,0.0165318325712276
"o","Bird Observatory","PUF_MBO_09","09/09/2024","23/09/2024","Lepidoptera_7088",30,0.0105522335561027
"o","Bird Observatory","PUF_MBO_09","09/09/2024","23/09/2024","Primates_9443",9,0.00316567006683081
"o","Bird Observatory","PUF_MBO_10","23/09/2024","07/10/2024","Hemiptera_7524",890,0.549722050648549
"o","Bird Observatory","PUF_MBO_10","23/09/2024","07/10/2024",NA,687,0.424336009882644
"o","Bird Observatory","PUF_MBO_10","23/09/2024","07/10/2024","Lepidoptera_7088",22,0.0135886349598518
"o","Bird Observatory","PUF_MBO_10","23/09/2024","07/10/2024","Symphypleona_79705",11,0.00679431747992588
"o","Bird Observatory","PUF_MBO_10","23/09/2024","07/10/2024","Hymenoptera_7399",9,0.00555898702903027
"o","Botanical Garden","PUF_BOT_01","17/05/2024","31/05/2024",NA,400,0.488997555012225
"o","Botanical Garden","PUF_BOT_01","17/05/2024","31/05/2024","Hemiptera_7524",94,0.114914425427873
"o","Botanical Garden","PUF_BOT_01","17/05/2024","31/05/2024","Lepidoptera_7088",92,0.112469437652812
"o","Botanical Garden","PUF_BOT_01","17/05/2024","31/05/2024","Trombidiformes_83136",75,0.0916870415647922
"o","Botanical Garden","PUF_BOT_01","17/05/2024","31/05/2024","Hymenoptera_7399",49,0.0599022004889976
"o","Botanical Garden","PUF_BOT_01","17/05/2024","31/05/2024","Diptera_7147",42,0.0513447432762836
"o","Botanical Garden","PUF_BOT_01","17/05/2024","31/05/2024","Primates_9443",36,0.0440097799511002
"o","Botanical Garden","PUF_BOT_01","17/05/2024","31/05/2024","Trichoptera_30263",25,0.0305623471882641
"o","Botanical Garden","PUF_BOT_01","17/05/2024","31/05/2024","Araneae_6893",5,0.00611246943765281
"o","Botanical Garden","PUF_BOT_02","31/05/2024","14/06/2024",NA,1884,0.784673052894627
"o","Botanical Garden","PUF_BOT_02","31/05/2024","14/06/2024","Hemiptera_7524",149,0.0620574760516451
"o","Botanical Garden","PUF_BOT_02","31/05/2024","14/06/2024","Lepidoptera_7088",127,0.0528946272386506
"o","Botanical Garden","PUF_BOT_02","31/05/2024","14/06/2024","Trombidiformes_83136",94,0.0391503540191587
"o","Botanical Garden","PUF_BOT_02","31/05/2024","14/06/2024","Hymenoptera_7399",39,0.0162432319866722
"o","Botanical Garden","PUF_BOT_02","31/05/2024","14/06/2024","Symphypleona_79705",37,0.0154102457309454
"o","Botanical Garden","PUF_BOT_02","31/05/2024","14/06/2024","Araneae_6893",21,0.0087463556851312
"o","Botanical Garden","PUF_BOT_02","31/05/2024","14/06/2024","Rodentia_9989",20,0.00832986255726781
"o","Botanical Garden","PUF_BOT_02","31/05/2024","14/06/2024","Primates_9443",17,0.00708038317367763
"o","Botanical Garden","PUF_BOT_02","31/05/2024","14/06/2024","Diptera_7147",13,0.00541441066222407
"o","Botanical Garden","PUF_BOT_03","24/06/2024","28/06/2024","Artiodactyla_91561",88,1
"o","Botanical Garden","PUF_BOT_04","28/06/2024","12/07/2024","Hemiptera_7524",547,0.585026737967914
"o","Botanical Garden","PUF_BOT_04","28/06/2024","12/07/2024",NA,184,0.196791443850267
"o","Botanical Garden","PUF_BOT_04","28/06/2024","12/07/2024","Diptera_7147",144,0.154010695187166
"o","Botanical Garden","PUF_BOT_04","28/06/2024","12/07/2024","Lepidoptera_7088",41,0.0438502673796791
"o","Botanical Garden","PUF_BOT_04","28/06/2024","12/07/2024","Coleoptera_7041",8,0.00855614973262032
"o","Botanical Garden","PUF_BOT_04","28/06/2024","12/07/2024","Hymenoptera_7399",8,0.00855614973262032
"o","Botanical Garden","PUF_BOT_04","28/06/2024","12/07/2024","Primates_9443",3,0.00320855614973262
"o","Botanical Garden","PUF_BOT_05","12/07/2024","26/07/2024","Hemiptera_7524",595,0.391190006574622
"o","Botanical Garden","PUF_BOT_05","12/07/2024","26/07/2024","Diptera_7147",381,0.250493096646943
"o","Botanical Garden","PUF_BOT_05","12/07/2024","26/07/2024",NA,367,0.241288625904011
"o","Botanical Garden","PUF_BOT_05","12/07/2024","26/07/2024","Artiodactyla_91561",61,0.0401051939513478
"o","Botanical Garden","PUF_BOT_05","12/07/2024","26/07/2024","Trombidiformes_83136",58,0.0381328073635766
"o","Botanical Garden","PUF_BOT_05","12/07/2024","26/07/2024","Lepidoptera_7088",52,0.0341880341880342
"o","Botanical Garden","PUF_BOT_05","12/07/2024","26/07/2024","Hymenoptera_7399",7,0.00460223537146614
"o","Botanical Garden","PUF_BOT_06","26/07/2024","09/08/2024","Lepidoptera_7088",17844,0.901804214888563
"o","Botanical Garden","PUF_BOT_06","26/07/2024","09/08/2024","Hemiptera_7524",919,0.0464446353666549
"o","Botanical Garden","PUF_BOT_06","26/07/2024","09/08/2024","Primates_9443",705,0.0356294536817102
"o","Botanical Garden","PUF_BOT_06","26/07/2024","09/08/2024",NA,177,0.00894526709455703
"o","Botanical Garden","PUF_BOT_06","26/07/2024","09/08/2024","Coleoptera_7041",86,0.00434628796684692
"o","Botanical Garden","PUF_BOT_06","26/07/2024","09/08/2024","Hymenoptera_7399",31,0.0015666851973518
"o","Botanical Garden","PUF_BOT_06","26/07/2024","09/08/2024","Diptera_7147",13,0.000656997018244302
"o","Botanical Garden","PUF_BOT_06","26/07/2024","09/08/2024","Rodentia_9989",12,0.000606458786071663
"o","Botanical Garden","PUF_BOT_07","09/08/2024","23/08/2024","Hemiptera_7524",2083,0.786928598413298
"o","Botanical Garden","PUF_BOT_07","09/08/2024","23/08/2024",NA,374,0.141292028711749
"o","Botanical Garden","PUF_BOT_07","09/08/2024","23/08/2024","Trombidiformes_83136",113,0.0426898375519456
"o","Botanical Garden","PUF_BOT_07","09/08/2024","23/08/2024","Lepidoptera_7088",43,0.0162448054401209
"o","Botanical Garden","PUF_BOT_07","09/08/2024","23/08/2024","Hymenoptera_7399",17,0.00642236494144314
"o","Botanical Garden","PUF_BOT_07","09/08/2024","23/08/2024","Primates_9443",17,0.00642236494144314
"o","Botanical Garden","PUF_BOT_08","23/08/2024","06/09/2024","Hemiptera_7524",594,0.501689189189189
"o","Botanical Garden","PUF_BOT_08","23/08/2024","06/09/2024",NA,365,0.308277027027027
"o","Botanical Garden","PUF_BOT_08","23/08/2024","06/09/2024","Trombidiformes_83136",128,0.108108108108108
"o","Botanical Garden","PUF_BOT_08","23/08/2024","06/09/2024","Hymenoptera_7399",41,0.0346283783783784
"o","Botanical Garden","PUF_BOT_08","23/08/2024","06/09/2024","Diptera_7147",40,0.0337837837837838
"o","Botanical Garden","PUF_BOT_08","23/08/2024","06/09/2024","Lepidoptera_7088",12,0.0101351351351351
"o","Botanical Garden","PUF_BOT_08","23/08/2024","06/09/2024","Orthoptera_6993",4,0.00337837837837838
"o","Botanical Garden","PUF_BOT_09","06/09/2024","20/09/2024","Hemiptera_7524",1128,0.771018455228981
"o","Botanical Garden","PUF_BOT_09","06/09/2024","20/09/2024",NA,160,0.109364319890636
"o","Botanical Garden","PUF_BOT_09","06/09/2024","20/09/2024","Lepidoptera_7088",155,0.105946684894053
"o","Botanical Garden","PUF_BOT_09","06/09/2024","20/09/2024","Primates_9443",11,0.0075187969924812
"o","Botanical Garden","PUF_BOT_09","06/09/2024","20/09/2024","Trombidiformes_83136",5,0.00341763499658236
"o","Botanical Garden","PUF_BOT_09","06/09/2024","20/09/2024","Diptera_7147",4,0.00273410799726589
"o","Botanical Garden","PUF_BOT_10","20/09/2024","04/10/2024","Hemiptera_7524",2761,0.716584479626265
"o","Botanical Garden","PUF_BOT_10","20/09/2024","04/10/2024",NA,666,0.1728523228653
"o","Botanical Garden","PUF_BOT_10","20/09/2024","04/10/2024","Artiodactyla_91561",327,0.0848689332987283
"o","Botanical Garden","PUF_BOT_10","20/09/2024","04/10/2024","Lepidoptera_7088",81,0.0210225798079419
"o","Botanical Garden","PUF_BOT_10","20/09/2024","04/10/2024","Hymenoptera_7399",18,0.00467168440176486
"o","Boucherville","PUF_BOU_01","27/05/2024","10/06/2024",NA,218,0.865079365079365
"o","Boucherville","PUF_BOU_01","27/05/2024","10/06/2024","Hemiptera_7524",23,0.0912698412698413
"o","Boucherville","PUF_BOU_01","27/05/2024","10/06/2024","Diptera_7147",9,0.0357142857142857
"o","Boucherville","PUF_BOU_01","27/05/2024","10/06/2024","Primates_9443",2,0.00793650793650794
"o","Boucherville","PUF_BOU_02","10/06/2024","24/06/2024","Symphypleona_79705",401,0.379734848484849
"o","Boucherville","PUF_BOU_02","10/06/2024","24/06/2024","Diptera_7147",238,0.225378787878788
"o","Boucherville","PUF_BOU_02","10/06/2024","24/06/2024",NA,192,0.181818181818182
"o","Boucherville","PUF_BOU_02","10/06/2024","24/06/2024","Sarcoptiformes_83137",76,0.071969696969697
"o","Boucherville","PUF_BOU_02","10/06/2024","24/06/2024","Hemiptera_7524",51,0.0482954545454545
"o","Boucherville","PUF_BOU_02","10/06/2024","24/06/2024","Primates_9443",34,0.0321969696969697
"o","Boucherville","PUF_BOU_02","10/06/2024","24/06/2024","Coleoptera_7041",24,0.0227272727272727
"o","Boucherville","PUF_BOU_02","10/06/2024","24/06/2024","Lepidoptera_7088",21,0.0198863636363636
"o","Boucherville","PUF_BOU_02","10/06/2024","24/06/2024","Trombidiformes_83136",9,0.00852272727272727
"o","Boucherville","PUF_BOU_02","10/06/2024","24/06/2024","Rodentia_9989",8,0.00757575757575758
"o","Boucherville","PUF_BOU_02","10/06/2024","24/06/2024","Hymenoptera_7399",2,0.00189393939393939
"o","Boucherville","PUF_BOU_03","24/06/2024","08/07/2024","Symphypleona_79705",275,0.428348909657321
"o","Boucherville","PUF_BOU_03","24/06/2024","08/07/2024","Hemiptera_7524",175,0.272585669781931
"o","Boucherville","PUF_BOU_03","24/06/2024","08/07/2024",NA,79,0.123052959501558
"o","Boucherville","PUF_BOU_03","24/06/2024","08/07/2024","Artiodactyla_91561",57,0.088785046728972
"o","Boucherville","PUF_BOU_03","24/06/2024","08/07/2024","Trombidiformes_83136",32,0.0498442367601246
"o","Boucherville","PUF_BOU_03","24/06/2024","08/07/2024","Lepidoptera_7088",17,0.0264797507788162
"o","Boucherville","PUF_BOU_03","24/06/2024","08/07/2024","Orthoptera_6993",7,0.0109034267912773
"o","Boucherville","PUF_BOU_04","08/07/2024","22/07/2024","Hemiptera_7524",343,0.583333333333333
"o","Boucherville","PUF_BOU_04","08/07/2024","22/07/2024",NA,92,0.156462585034014
"o","Boucherville","PUF_BOU_04","08/07/2024","22/07/2024","Diptera_7147",45,0.076530612244898
"o","Boucherville","PUF_BOU_04","08/07/2024","22/07/2024","Hymenoptera_7399",33,0.0561224489795918
"o","Boucherville","PUF_BOU_04","08/07/2024","22/07/2024","Orthoptera_6993",32,0.054421768707483
"o","Boucherville","PUF_BOU_04","08/07/2024","22/07/2024","Lepidoptera_7088",24,0.0408163265306122
"o","Boucherville","PUF_BOU_04","08/07/2024","22/07/2024","Coleoptera_7041",7,0.0119047619047619
"o","Boucherville","PUF_BOU_04","08/07/2024","22/07/2024","Symphypleona_79705",5,0.00850340136054422
"o","Boucherville","PUF_BOU_04","08/07/2024","22/07/2024","Primates_9443",4,0.00680272108843537
"o","Boucherville","PUF_BOU_04","08/07/2024","22/07/2024","Artiodactyla_91561",3,0.00510204081632653
"o","Boucherville","PUF_BOU_05","22/07/2024","05/08/2024","Hemiptera_7524",2011,0.822494887525562
"o","Boucherville","PUF_BOU_05","22/07/2024","05/08/2024",NA,223,0.0912065439672802
"o","Boucherville","PUF_BOU_05","22/07/2024","05/08/2024","Diptera_7147",102,0.0417177914110429
"o","Boucherville","PUF_BOU_05","22/07/2024","05/08/2024","Mesostigmata_34634",34,0.0139059304703476
"o","Boucherville","PUF_BOU_05","22/07/2024","05/08/2024","Hymenoptera_7399",20,0.0081799591002045
"o","Boucherville","PUF_BOU_05","22/07/2024","05/08/2024","Coleoptera_7041",19,0.00777096114519427
"o","Boucherville","PUF_BOU_05","22/07/2024","05/08/2024","Trombidiformes_83136",19,0.00777096114519427
"o","Boucherville","PUF_BOU_05","22/07/2024","05/08/2024","Lepidoptera_7088",17,0.00695296523517382
"o","Boucherville","PUF_BOU_06","05/08/2024","19/08/2024","Hemiptera_7524",566,0.66903073286052
"o","Boucherville","PUF_BOU_06","05/08/2024","19/08/2024",NA,159,0.187943262411348
"o","Boucherville","PUF_BOU_06","05/08/2024","19/08/2024","Lepidoptera_7088",35,0.041371158392435
"o","Boucherville","PUF_BOU_06","05/08/2024","19/08/2024","Anostraca_6659",30,0.0354609929078014
"o","Boucherville","PUF_BOU_06","05/08/2024","19/08/2024","Odonata_6961",18,0.0212765957446809
"o","Boucherville","PUF_BOU_06","05/08/2024","19/08/2024","Hymenoptera_7399",13,0.0153664302600473
"o","Boucherville","PUF_BOU_06","05/08/2024","19/08/2024","Trombidiformes_83136",12,0.0141843971631206
"o","Boucherville","PUF_BOU_06","05/08/2024","19/08/2024","Diptera_7147",8,0.00945626477541371
"o","Boucherville","PUF_BOU_06","05/08/2024","19/08/2024","Symphypleona_79705",5,0.00591016548463357
"o","Boucherville","PUF_BOU_07","19/08/2024","02/09/2024",NA,112,0.343558282208589
"o","Boucherville","PUF_BOU_07","19/08/2024","02/09/2024","Hemiptera_7524",101,0.309815950920245
"o","Boucherville","PUF_BOU_07","19/08/2024","02/09/2024","Artiodactyla_91561",60,0.184049079754601
"o","Boucherville","PUF_BOU_07","19/08/2024","02/09/2024","Symphypleona_79705",53,0.162576687116564
"o","Boucherville","PUF_BOU_08","02/09/2024","16/09/2024","Hemiptera_7524",1740,0.779569892473118
"o","Boucherville","PUF_BOU_08","02/09/2024","16/09/2024",NA,378,0.169354838709677
"o","Boucherville","PUF_BOU_08","02/09/2024","16/09/2024","Rodentia_9989",32,0.014336917562724
"o","Boucherville","PUF_BOU_08","02/09/2024","16/09/2024","Diptera_7147",30,0.0134408602150538
"o","Boucherville","PUF_BOU_08","02/09/2024","16/09/2024","Hymenoptera_7399",30,0.0134408602150538
"o","Boucherville","PUF_BOU_08","02/09/2024","16/09/2024","Lepidoptera_7088",22,0.00985663082437276
"o","Boucherville","PUF_BOU_09","16/09/2024","30/09/2024","Hemiptera_7524",1259,0.699833240689272
"o","Boucherville","PUF_BOU_09","16/09/2024","30/09/2024",NA,293,0.162868260144525
"o","Boucherville","PUF_BOU_09","16/09/2024","30/09/2024","Trombidiformes_83136",115,0.0639244024458032
"o","Boucherville","PUF_BOU_09","16/09/2024","30/09/2024","Primates_9443",65,0.0361311839911062
"o","Boucherville","PUF_BOU_09","16/09/2024","30/09/2024","Rodentia_9989",21,0.0116731517509728
"o","Boucherville","PUF_BOU_09","16/09/2024","30/09/2024","Coleoptera_7041",19,0.0105614230127849
"o","Boucherville","PUF_BOU_09","16/09/2024","30/09/2024","Lepidoptera_7088",17,0.009449694274597
"o","Boucherville","PUF_BOU_09","16/09/2024","30/09/2024","Stylommatophora_6527",10,0.00555864369093941
"o","IPEX","PUF_IPEX_01","15/05/2024","29/05/2024","Hemiptera_7524",48,0.428571428571429
"o","IPEX","PUF_IPEX_01","15/05/2024","29/05/2024",NA,32,0.285714285714286
"o","IPEX","PUF_IPEX_01","15/05/2024","29/05/2024","Artiodactyla_91561",21,0.1875
"o","IPEX","PUF_IPEX_01","15/05/2024","29/05/2024","Primates_9443",7,0.0625
"o","IPEX","PUF_IPEX_01","15/05/2024","29/05/2024","Trombidiformes_83136",3,0.0267857142857143
"o","IPEX","PUF_IPEX_01","15/05/2024","29/05/2024","Lepidoptera_7088",1,0.00892857142857143
"o","IPEX","PUF_IPEX_02","29/05/2024","12/06/2024",NA,1179,0.66497461928934
"o","IPEX","PUF_IPEX_02","29/05/2024","12/06/2024","Hemiptera_7524",177,0.0998307952622673
"o","IPEX","PUF_IPEX_02","29/05/2024","12/06/2024","Trombidiformes_83136",164,0.0924985899605189
"o","IPEX","PUF_IPEX_02","29/05/2024","12/06/2024","Diptera_7147",143,0.0806542583192329
"o","IPEX","PUF_IPEX_02","29/05/2024","12/06/2024","Hymenoptera_7399",59,0.0332769317540891
"o","IPEX","PUF_IPEX_02","29/05/2024","12/06/2024","Coleoptera_7041",23,0.0129723632261703
"o","IPEX","PUF_IPEX_02","29/05/2024","12/06/2024","Lepidoptera_7088",14,0.00789622109419064
"o","IPEX","PUF_IPEX_02","29/05/2024","12/06/2024","Primates_9443",7,0.00394811054709532
"o","IPEX","PUF_IPEX_02","29/05/2024","12/06/2024","Symphypleona_79705",7,0.00394811054709532
"o","IPEX","PUF_IPEX_03","12/06/2024","26/06/2024","Araneae_6893",9871,0.874933522425102
"o","IPEX","PUF_IPEX_03","12/06/2024","26/06/2024",NA,710,0.0629321042368374
"o","IPEX","PUF_IPEX_03","12/06/2024","26/06/2024","Hemiptera_7524",357,0.0316433256514802
"o","IPEX","PUF_IPEX_03","12/06/2024","26/06/2024","Trombidiformes_83136",96,0.00850912958695267
"o","IPEX","PUF_IPEX_03","12/06/2024","26/06/2024","Lepidoptera_7088",73,0.00647048395674526
"o","IPEX","PUF_IPEX_03","12/06/2024","26/06/2024","Symphypleona_79705",73,0.00647048395674526
"o","IPEX","PUF_IPEX_03","12/06/2024","26/06/2024","Artiodactyla_91561",52,0.00460911185959936
"o","IPEX","PUF_IPEX_03","12/06/2024","26/06/2024","Mesostigmata_34634",17,0.00150682503102287
"o","IPEX","PUF_IPEX_03","12/06/2024","26/06/2024","Coleoptera_7041",13,0.00115227796489984
"o","IPEX","PUF_IPEX_03","12/06/2024","26/06/2024","Diplostraca_84337",12,0.00106364119836908
"o","IPEX","PUF_IPEX_03","12/06/2024","26/06/2024","Primates_9443",8,0.000709094132246056
"o","IPEX","PUF_IPEX_04","26/06/2024","10/07/2024","Hemiptera_7524",1052,0.529707955689829
"o","IPEX","PUF_IPEX_04","26/06/2024","10/07/2024",NA,405,0.20392749244713
"o","IPEX","PUF_IPEX_04","26/06/2024","10/07/2024","Trombidiformes_83136",258,0.129909365558912
"o","IPEX","PUF_IPEX_04","26/06/2024","10/07/2024","Lepidoptera_7088",138,0.0694864048338369
"o","IPEX","PUF_IPEX_04","26/06/2024","10/07/2024","Artiodactyla_91561",48,0.0241691842900302
"o","IPEX","PUF_IPEX_04","26/06/2024","10/07/2024","Hymenoptera_7399",27,0.013595166163142
"o","IPEX","PUF_IPEX_04","26/06/2024","10/07/2024","Sarcoptiformes_83137",27,0.013595166163142
"o","IPEX","PUF_IPEX_04","26/06/2024","10/07/2024","Rodentia_9989",22,0.0110775427995972
"o","IPEX","PUF_IPEX_04","26/06/2024","10/07/2024","Primates_9443",9,0.00453172205438067
"o","IPEX","PUF_IPEX_05","10/07/2024","24/07/2024","Hemiptera_7524",3919,0.685020101380877
"o","IPEX","PUF_IPEX_05","10/07/2024","24/07/2024","Trombidiformes_83136",1059,0.18510749868904
"o","IPEX","PUF_IPEX_05","10/07/2024","24/07/2024",NA,470,0.0821534696731341
"o","IPEX","PUF_IPEX_05","10/07/2024","24/07/2024","Symphypleona_79705",121,0.0211501485754239
"o","IPEX","PUF_IPEX_05","10/07/2024","24/07/2024","Hymenoptera_7399",51,0.00891452543261667
"o","IPEX","PUF_IPEX_05","10/07/2024","24/07/2024","Primates_9443",49,0.00856493619996504
"o","IPEX","PUF_IPEX_05","10/07/2024","24/07/2024","Trichoptera_30263",27,0.00471945464079706
"o","IPEX","PUF_IPEX_05","10/07/2024","24/07/2024","Odonata_6961",13,0.00227233001223562
"o","IPEX","PUF_IPEX_05","10/07/2024","24/07/2024","Stylommatophora_6527",12,0.00209753539590981
"o","IPEX","PUF_IPEX_06","24/07/2024","07/08/2024","Hemiptera_7524",824,0.802336903602726
"o","IPEX","PUF_IPEX_06","24/07/2024","07/08/2024",NA,179,0.17429406037001
"o","IPEX","PUF_IPEX_06","24/07/2024","07/08/2024","Lepidoptera_7088",18,0.0175267770204479
"o","IPEX","PUF_IPEX_06","24/07/2024","07/08/2024","Hymenoptera_7399",6,0.00584225900681597
"o","IPEX","PUF_IPEX_07","07/08/2024","21/08/2024","Hemiptera_7524",1144,0.661271676300578
"o","IPEX","PUF_IPEX_07","07/08/2024","21/08/2024",NA,420,0.242774566473988
"o","IPEX","PUF_IPEX_07","07/08/2024","21/08/2024","Hymenoptera_7399",83,0.0479768786127168
"o","IPEX","PUF_IPEX_07","07/08/2024","21/08/2024","Lepidoptera_7088",53,0.030635838150289
"o","IPEX","PUF_IPEX_07","07/08/2024","21/08/2024","Rodentia_9989",10,0.00578034682080925
"o","IPEX","PUF_IPEX_07","07/08/2024","21/08/2024","Diptera_7147",9,0.00520231213872832
"o","IPEX","PUF_IPEX_07","07/08/2024","21/08/2024","Trombidiformes_83136",6,0.00346820809248555
"o","IPEX","PUF_IPEX_07","07/08/2024","21/08/2024","Primates_9443",5,0.00289017341040462
"o","IPEX","PUF_IPEX_08","21/08/2024","04/09/2024","Hemiptera_7524",1493,0.635589612601107
"o","IPEX","PUF_IPEX_08","21/08/2024","04/09/2024",NA,696,0.296296296296296
"o","IPEX","PUF_IPEX_08","21/08/2024","04/09/2024","Artiodactyla_91561",70,0.0297999148573861
"o","IPEX","PUF_IPEX_08","21/08/2024","04/09/2024","Diptera_7147",58,0.0246913580246914
"o","IPEX","PUF_IPEX_08","21/08/2024","04/09/2024","Primates_9443",17,0.00723712217965092
"o","IPEX","PUF_IPEX_08","21/08/2024","04/09/2024","Hymenoptera_7399",15,0.00638569604086846
"o","IPEX","PUF_IPEX_09","04/09/2024","18/09/2024","Hemiptera_7524",1006,0.876306620209059
"o","IPEX","PUF_IPEX_09","04/09/2024","18/09/2024",NA,111,0.0966898954703833
"o","IPEX","PUF_IPEX_09","04/09/2024","18/09/2024","Lepidoptera_7088",31,0.0270034843205575
"o","IPEX","PUF_IPEX_10","18/09/2024","02/10/2024","Hemiptera_7524",2749,0.638708178438662
"o","IPEX","PUF_IPEX_10","18/09/2024","02/10/2024",NA,660,0.153345724907063
"o","IPEX","PUF_IPEX_10","18/09/2024","02/10/2024","Psocoptera_30259",574,0.133364312267658
"o","IPEX","PUF_IPEX_10","18/09/2024","02/10/2024","Lepidoptera_7088",184,0.0427509293680297
"o","IPEX","PUF_IPEX_10","18/09/2024","02/10/2024","Diptera_7147",83,0.0192843866171004
"o","IPEX","PUF_IPEX_10","18/09/2024","02/10/2024","Hymenoptera_7399",37,0.00859665427509294
"o","IPEX","PUF_IPEX_10","18/09/2024","02/10/2024","Julida_41448",17,0.00394981412639405
"o","Jean-Drapeau","PUF_JD_01","22/05/2024","05/06/2024","Lepidoptera_7088",6095,0.684831460674157
"o","Jean-Drapeau","PUF_JD_01","22/05/2024","05/06/2024","Trombidiformes_83136",1516,0.170337078651685
"o","Jean-Drapeau","PUF_JD_01","22/05/2024","05/06/2024",NA,850,0.0955056179775281
"o","Jean-Drapeau","PUF_JD_01","22/05/2024","05/06/2024","Mesostigmata_34634",114,0.0128089887640449
"o","Jean-Drapeau","PUF_JD_01","22/05/2024","05/06/2024","Diptera_7147",105,0.0117977528089888
"o","Jean-Drapeau","PUF_JD_01","22/05/2024","05/06/2024","Hemiptera_7524",84,0.00943820224719101
"o","Jean-Drapeau","PUF_JD_01","22/05/2024","05/06/2024","Araneae_6893",76,0.00853932584269663
"o","Jean-Drapeau","PUF_JD_01","22/05/2024","05/06/2024","Hymenoptera_7399",34,0.00382022471910112
"o","Jean-Drapeau","PUF_JD_01","22/05/2024","05/06/2024","Ephemeroptera_30073",13,0.00146067415730337
"o","Jean-Drapeau","PUF_JD_01","22/05/2024","05/06/2024","Primates_9443",13,0.00146067415730337
"o","Jean-Drapeau","PUF_JD_02","05/06/2024","19/06/2024","Lepidoptera_7088",13685,0.965363995485327
"o","Jean-Drapeau","PUF_JD_02","05/06/2024","19/06/2024",NA,264,0.0186230248306998
"o","Jean-Drapeau","PUF_JD_02","05/06/2024","19/06/2024","Trichoptera_30263",140,0.00987584650112867
"o","Jean-Drapeau","PUF_JD_02","05/06/2024","19/06/2024","Araneae_6893",41,0.00289221218961625
"o","Jean-Drapeau","PUF_JD_02","05/06/2024","19/06/2024","Trombidiformes_83136",19,0.0013402934537246
"o","Jean-Drapeau","PUF_JD_02","05/06/2024","19/06/2024","Passeriformes_9126",10,0.000705417607223476
"o","Jean-Drapeau","PUF_JD_02","05/06/2024","19/06/2024","Isopoda_29979",9,0.000634875846501129
"o","Jean-Drapeau","PUF_JD_02","05/06/2024","19/06/2024","Diptera_7147",8,0.000564334085778781
"o","Jean-Drapeau","PUF_JD_03","19/06/2024","03/07/2024","Hemiptera_7524",452,0.447082096933729
"o","Jean-Drapeau","PUF_JD_03","19/06/2024","03/07/2024",NA,163,0.161226508407517
"o","Jean-Drapeau","PUF_JD_03","19/06/2024","03/07/2024","Diptera_7147",124,0.122650840751731
"o","Jean-Drapeau","PUF_JD_03","19/06/2024","03/07/2024","Primates_9443",100,0.0989119683481701
"o","Jean-Drapeau","PUF_JD_03","19/06/2024","03/07/2024","Lepidoptera_7088",84,0.0830860534124629
"o","Jean-Drapeau","PUF_JD_03","19/06/2024","03/07/2024","Trombidiformes_83136",40,0.039564787339268
"o","Jean-Drapeau","PUF_JD_03","19/06/2024","03/07/2024","Neuroptera_7516",31,0.0306627101879327
"o","Jean-Drapeau","PUF_JD_03","19/06/2024","03/07/2024","Hymenoptera_7399",17,0.0168150346191889
"o","Jean-Drapeau","PUF_JD_04","03/07/2024","17/07/2024","Hemiptera_7524",996,0.604368932038835
"o","Jean-Drapeau","PUF_JD_04","03/07/2024","17/07/2024","Artiodactyla_91561",217,0.131674757281553
"o","Jean-Drapeau","PUF_JD_04","03/07/2024","17/07/2024","Araneae_6893",153,0.0928398058252427
"o","Jean-Drapeau","PUF_JD_04","03/07/2024","17/07/2024","Lepidoptera_7088",149,0.0904126213592233
"o","Jean-Drapeau","PUF_JD_04","03/07/2024","17/07/2024",NA,105,0.0637135922330097
"o","Jean-Drapeau","PUF_JD_04","03/07/2024","17/07/2024","Hymenoptera_7399",16,0.00970873786407767
"o","Jean-Drapeau","PUF_JD_04","03/07/2024","17/07/2024","Primates_9443",7,0.00424757281553398
"o","Jean-Drapeau","PUF_JD_04","03/07/2024","17/07/2024","Coleoptera_7041",5,0.00303398058252427
"o","Jean-Drapeau","PUF_JD_05","17/07/2024","31/07/2024","Araneae_6893",1707,0.407107083233961
"o","Jean-Drapeau","PUF_JD_05","17/07/2024","31/07/2024","Hemiptera_7524",1475,0.35177677080849
"o","Jean-Drapeau","PUF_JD_05","17/07/2024","31/07/2024","Lepidoptera_7088",297,0.0708323396136418
"o","Jean-Drapeau","PUF_JD_05","17/07/2024","31/07/2024","Diptera_7147",267,0.063677557834486
"o","Jean-Drapeau","PUF_JD_05","17/07/2024","31/07/2024",NA,147,0.0350584307178631
"o","Jean-Drapeau","PUF_JD_05","17/07/2024","31/07/2024","Trombidiformes_83136",129,0.0307655616503697
"o","Jean-Drapeau","PUF_JD_05","17/07/2024","31/07/2024","Anostraca_6659",45,0.0107321726687336
"o","Jean-Drapeau","PUF_JD_05","17/07/2024","31/07/2024","Artiodactyla_91561",45,0.0107321726687336
"o","Jean-Drapeau","PUF_JD_05","17/07/2024","31/07/2024","Coleoptera_7041",38,0.0090627235869306
"o","Jean-Drapeau","PUF_JD_05","17/07/2024","31/07/2024","Hymenoptera_7399",32,0.00763176723109945
"o","Jean-Drapeau","PUF_JD_05","17/07/2024","31/07/2024","Primates_9443",11,0.00262341998569044
"o","Jean-Drapeau","PUF_JD_06","31/07/2024","14/08/2024","Hemiptera_7524",3559,0.899646107178969
"o","Jean-Drapeau","PUF_JD_06","31/07/2024","14/08/2024","Araneae_6893",119,0.0300808897876643
"o","Jean-Drapeau","PUF_JD_06","31/07/2024","14/08/2024",NA,97,0.0245197168857432
"o","Jean-Drapeau","PUF_JD_06","31/07/2024","14/08/2024","Diptera_7147",85,0.0214863498483316
"o","Jean-Drapeau","PUF_JD_06","31/07/2024","14/08/2024","Hymenoptera_7399",47,0.0118806875631951
"o","Jean-Drapeau","PUF_JD_06","31/07/2024","14/08/2024","Lepidoptera_7088",38,0.0096056622851365
"o","Jean-Drapeau","PUF_JD_06","31/07/2024","14/08/2024","Trombidiformes_83136",11,0.00278058645096057
"o","Jean-Drapeau","PUF_JD_07","14/08/2024","28/08/2024","Hemiptera_7524",2445,0.539854272466328
"o","Jean-Drapeau","PUF_JD_07","14/08/2024","28/08/2024","Coleoptera_7041",867,0.19143298741444
"o","Jean-Drapeau","PUF_JD_07","14/08/2024","28/08/2024","Trichoptera_30263",592,0.130713181717819
"o","Jean-Drapeau","PUF_JD_07","14/08/2024","28/08/2024",NA,337,0.074409361890042
"o","Jean-Drapeau","PUF_JD_07","14/08/2024","28/08/2024","Trombidiformes_83136",95,0.0209759328770148
"o","Jean-Drapeau","PUF_JD_07","14/08/2024","28/08/2024","Hymenoptera_7399",64,0.0141311547803047
"o","Jean-Drapeau","PUF_JD_07","14/08/2024","28/08/2024","Araneae_6893",53,0.0117023625524398
"o","Jean-Drapeau","PUF_JD_07","14/08/2024","28/08/2024","Lepidoptera_7088",53,0.0117023625524398
"o","Jean-Drapeau","PUF_JD_07","14/08/2024","28/08/2024","Symphypleona_79705",23,0.005078383749172
"o","Jean-Drapeau","PUF_JD_08","28/08/2024","11/09/2024","Araneae_6893",8581,0.984398302168177
"o","Jean-Drapeau","PUF_JD_08","28/08/2024","11/09/2024","Hemiptera_7524",115,0.0131926121372032
"o","Jean-Drapeau","PUF_JD_08","28/08/2024","11/09/2024",NA,15,0.00172077549615693
"o","Jean-Drapeau","PUF_JD_08","28/08/2024","11/09/2024","Trombidiformes_83136",6,0.000688310198462774
"o","Jean-Drapeau","PUF_JD_09","11/09/2024","25/09/2024","Hemiptera_7524",746,0.617038875103391
"o","Jean-Drapeau","PUF_JD_09","11/09/2024","25/09/2024","Lepidoptera_7088",227,0.187758478081059
"o","Jean-Drapeau","PUF_JD_09","11/09/2024","25/09/2024",NA,101,0.0835401157981803
"o","Jean-Drapeau","PUF_JD_09","11/09/2024","25/09/2024","Neuroptera_7516",69,0.0570719602977667
"o","Jean-Drapeau","PUF_JD_09","11/09/2024","25/09/2024","Diptera_7147",34,0.0281224152191894
"o","Jean-Drapeau","PUF_JD_09","11/09/2024","25/09/2024","Araneae_6893",20,0.0165425971877585
"o","Jean-Drapeau","PUF_JD_09","11/09/2024","25/09/2024","Artiodactyla_91561",9,0.00744416873449132
"o","Jean-Drapeau","PUF_JD_09","11/09/2024","25/09/2024","Hymenoptera_7399",3,0.00248138957816377
"o","Jean-Drapeau","PUF_JD_10","25/09/2024","09/10/2024","Hemiptera_7524",7699,0.891397475975454
"o","Jean-Drapeau","PUF_JD_10","25/09/2024","09/10/2024","Araneae_6893",261,0.0302188259812435
"o","Jean-Drapeau","PUF_JD_10","25/09/2024","09/10/2024","Diptera_7147",243,0.0281347690170198
"o","Jean-Drapeau","PUF_JD_10","25/09/2024","09/10/2024",NA,171,0.019798541160125
"o","Jean-Drapeau","PUF_JD_10","25/09/2024","09/10/2024","Lepidoptera_7088",96,0.0111149704758597
"o","Jean-Drapeau","PUF_JD_10","25/09/2024","09/10/2024","Artiodactyla_91561",67,0.0077573231446104
"o","Jean-Drapeau","PUF_JD_10","25/09/2024","09/10/2024","Trichoptera_30263",34,0.00393655204353363
"o","Jean-Drapeau","PUF_JD_10","25/09/2024","09/10/2024","Dermaptera_27434",23,0.00266296167650805
"o","Jean-Drapeau","PUF_JD_10","25/09/2024","09/10/2024","Trombidiformes_83136",23,0.00266296167650805
"o","Jean-Drapeau","PUF_JD_10","25/09/2024","09/10/2024","Hymenoptera_7399",20,0.00231561884913743
"o",NA,NA,NA,NA,"Lepidoptera_7088",29557,0.980656934306569
"o",NA,NA,NA,NA,"Entomobryomorpha_730330",356,0.0118115461181155
"o",NA,NA,NA,NA,"Mantodea_7504",76,0.00252156602521566
"o",NA,NA,NA,NA,"Sarcoptiformes_83137",62,0.00205706702057067
"o",NA,NA,NA,NA,"Trombidiformes_83136",48,0.00159256801592568
"o",NA,NA,NA,NA,NA,22,0.00072992700729927
"o",NA,NA,NA,NA,"Diptera_7147",12,0.00039814200398142
"o",NA,NA,NA,NA,"Primates_9443",7,0.000232249502322495
"f","Bird Observatory","PUF_MBO_01","20/05/2024","03/06/2024","Tydeidae_708320",621,0.269180754226268
"f","Bird Observatory","PUF_MBO_01","20/05/2024","03/06/2024",NA,546,0.23667100130039
"f","Bird Observatory","PUF_MBO_01","20/05/2024","03/06/2024","Eriophyidae_70320",384,0.166449934980494
"f","Bird Observatory","PUF_MBO_01","20/05/2024","03/06/2024","Chironomidae_7149",228,0.0988296488946684
"f","Bird Observatory","PUF_MBO_01","20/05/2024","03/06/2024","Pentatomidae_160513",128,0.0554833116601647
"f","Bird Observatory","PUF_MBO_01","20/05/2024","03/06/2024","Cecidomyiidae_33406",110,0.0476809709579541
"f","Bird Observatory","PUF_MBO_01","20/05/2024","03/06/2024","Phoridae_36164",72,0.0312093628088427
"f","Bird Observatory","PUF_MBO_01","20/05/2024","03/06/2024","Chrysomelidae_27439",67,0.0290420459471175
"f","Bird Observatory","PUF_MBO_01","20/05/2024","03/06/2024","Bovidae_9895",45,0.0195058517555267
"f","Bird Observatory","PUF_MBO_01","20/05/2024","03/06/2024","Liebstadiidae_1427579",31,0.0134373645426961
"f","Bird Observatory","PUF_MBO_01","20/05/2024","03/06/2024","Cicadellidae_30102",28,0.012136974425661
"f","Bird Observatory","PUF_MBO_01","20/05/2024","03/06/2024","Pyralidae_7135",21,0.00910273081924577
"f","Bird Observatory","PUF_MBO_01","20/05/2024","03/06/2024","Hominidae_9604",14,0.00606848721283052
"f","Bird Observatory","PUF_MBO_01","20/05/2024","03/06/2024","Hydropsychidae_41030",7,0.00303424360641526
"f","Bird Observatory","PUF_MBO_01","20/05/2024","03/06/2024","Aphrophoridae_36666",5,0.00216731686172518
"f","Bird Observatory","PUF_MBO_02","03/06/2024","17/06/2024","Noctuidae_7100",8006,0.521461603595389
"f","Bird Observatory","PUF_MBO_02","03/06/2024","17/06/2024","Trombidiidae_83144",7029,0.457825832084935
"f","Bird Observatory","PUF_MBO_02","03/06/2024","17/06/2024",NA,252,0.016413730215593
"f","Bird Observatory","PUF_MBO_02","03/06/2024","17/06/2024","Pentatomidae_160513",50,0.00325669250309386
"f","Bird Observatory","PUF_MBO_02","03/06/2024","17/06/2024","Chironomidae_7149",16,0.00104214160099003
"f","Bird Observatory","PUF_MBO_03","17/06/2024","01/07/2024","Pentatomidae_160513",305,0.433238636363636
"f","Bird Observatory","PUF_MBO_03","17/06/2024","01/07/2024","Philodromidae_243501",139,0.197443181818182
"f","Bird Observatory","PUF_MBO_03","17/06/2024","01/07/2024",NA,130,0.184659090909091
"f","Bird Observatory","PUF_MBO_03","17/06/2024","01/07/2024","Phytoseiidae_34636",56,0.0795454545454545
"f","Bird Observatory","PUF_MBO_03","17/06/2024","01/07/2024","Pyralidae_7135",27,0.0383522727272727
"f","Bird Observatory","PUF_MBO_03","17/06/2024","01/07/2024","Eriophyidae_70320",18,0.0255681818181818
"f","Bird Observatory","PUF_MBO_03","17/06/2024","01/07/2024","Hominidae_9604",12,0.0170454545454545
"f","Bird Observatory","PUF_MBO_03","17/06/2024","01/07/2024","Dipodidae_30648",9,0.0127840909090909
"f","Bird Observatory","PUF_MBO_03","17/06/2024","01/07/2024","Braconidae_7402",8,0.0113636363636364
"f","Bird Observatory","PUF_MBO_04","01/07/2024","15/07/2024","Pentatomidae_160513",514,0.460986547085202
"f","Bird Observatory","PUF_MBO_04","01/07/2024","15/07/2024","Bovidae_9895",308,0.276233183856502
"f","Bird Observatory","PUF_MBO_04","01/07/2024","15/07/2024",NA,293,0.262780269058296
"f","Bird Observatory","PUF_MBO_05","15/07/2024","29/07/2024","Tortricidae_7139",8556,0.921684800172358
"f","Bird Observatory","PUF_MBO_05","15/07/2024","29/07/2024","Pentatomidae_160513",419,0.045136270602176
"f","Bird Observatory","PUF_MBO_05","15/07/2024","29/07/2024",NA,174,0.0187439405364645
"f","Bird Observatory","PUF_MBO_05","15/07/2024","29/07/2024","Succineidae_73114",55,0.00592480879026177
"f","Bird Observatory","PUF_MBO_05","15/07/2024","29/07/2024","Culicidae_7157",26,0.00280081870085102
"f","Bird Observatory","PUF_MBO_05","15/07/2024","29/07/2024","Hominidae_9604",20,0.00215447592373155
"f","Bird Observatory","PUF_MBO_05","15/07/2024","29/07/2024","Miridae_30083",14,0.00150813314661209
"f","Bird Observatory","PUF_MBO_05","15/07/2024","29/07/2024","Eriophyidae_70320",10,0.00107723796186578
"f","Bird Observatory","PUF_MBO_05","15/07/2024","29/07/2024","Pyralidae_7135",9,0.000969514165679199
"f","Bird Observatory","PUF_MBO_06","29/07/2024","12/08/2024","Pentatomidae_160513",613,0.638541666666667
"f","Bird Observatory","PUF_MBO_06","29/07/2024","12/08/2024",NA,333,0.346875
"f","Bird Observatory","PUF_MBO_06","29/07/2024","12/08/2024","Miridae_30083",14,0.0145833333333333
"f","Bird Observatory","PUF_MBO_07","12/08/2024","26/08/2024","Pentatomidae_160513",1167,0.651591289782245
"f","Bird Observatory","PUF_MBO_07","12/08/2024","26/08/2024",NA,539,0.300949190396427
"f","Bird Observatory","PUF_MBO_07","12/08/2024","26/08/2024","Pyralidae_7135",55,0.0307091010608599
"f","Bird Observatory","PUF_MBO_07","12/08/2024","26/08/2024","Bourletiellidae_187607",18,0.0100502512562814
"f","Bird Observatory","PUF_MBO_07","12/08/2024","26/08/2024","Zygaenidae_115354",12,0.0067001675041876
"f","Bird Observatory","PUF_MBO_08","26/08/2024","09/09/2024","Pentatomidae_160513",1252,0.721613832853026
"f","Bird Observatory","PUF_MBO_08","26/08/2024","09/09/2024",NA,447,0.257636887608069
"f","Bird Observatory","PUF_MBO_08","26/08/2024","09/09/2024","Pyralidae_7135",20,0.0115273775216138
"f","Bird Observatory","PUF_MBO_08","26/08/2024","09/09/2024","Myrmeleontidae_27427",8,0.00461095100864553
"f","Bird Observatory","PUF_MBO_08","26/08/2024","09/09/2024","Succineidae_73114",8,0.00461095100864553
"f","Bird Observatory","PUF_MBO_09","09/09/2024","23/09/2024","Pentatomidae_160513",1901,0.668659866338375
"f","Bird Observatory","PUF_MBO_09","09/09/2024","23/09/2024",NA,856,0.301090397467464
"f","Bird Observatory","PUF_MBO_09","09/09/2024","23/09/2024","Bovidae_9895",47,0.0165318325712276
"f","Bird Observatory","PUF_MBO_09","09/09/2024","23/09/2024","Pyralidae_7135",30,0.0105522335561027
"f","Bird Observatory","PUF_MBO_09","09/09/2024","23/09/2024","Hominidae_9604",9,0.00316567006683081
"f","Bird Observatory","PUF_MBO_10","23/09/2024","07/10/2024","Pentatomidae_160513",810,0.500308832612724
"f","Bird Observatory","PUF_MBO_10","23/09/2024","07/10/2024",NA,776,0.479308214947498
"f","Bird Observatory","PUF_MBO_10","23/09/2024","07/10/2024","Crambidae_268499",22,0.0135886349598518
"f","Bird Observatory","PUF_MBO_10","23/09/2024","07/10/2024","Katiannidae_187603",11,0.00679431747992588
"f","Botanical Garden","PUF_BOT_01","17/05/2024","31/05/2024",NA,507,0.619804400977995
"f","Botanical Garden","PUF_BOT_01","17/05/2024","31/05/2024","Pyralidae_7135",92,0.112469437652812
"f","Botanical Garden","PUF_BOT_01","17/05/2024","31/05/2024","Phytoptidae_1221082",75,0.0916870415647922
"f","Botanical Garden","PUF_BOT_01","17/05/2024","31/05/2024","Chironomidae_7149",42,0.0513447432762836
"f","Botanical Garden","PUF_BOT_01","17/05/2024","31/05/2024","Aphididae_27482",36,0.0440097799511002
"f","Botanical Garden","PUF_BOT_01","17/05/2024","31/05/2024","Hominidae_9604",36,0.0440097799511002
"f","Botanical Garden","PUF_BOT_01","17/05/2024","31/05/2024","Hydropsychidae_41030",25,0.0305623471882641
"f","Botanical Garden","PUF_BOT_01","17/05/2024","31/05/2024","Corinnidae_243491",5,0.00611246943765281
"f","Botanical Garden","PUF_BOT_02","31/05/2024","14/06/2024",NA,1932,0.80466472303207
"f","Botanical Garden","PUF_BOT_02","31/05/2024","14/06/2024","Pentatomidae_160513",133,0.0553935860058309
"f","Botanical Garden","PUF_BOT_02","31/05/2024","14/06/2024","Noctuidae_7100",109,0.0453977509371095
"f","Botanical Garden","PUF_BOT_02","31/05/2024","14/06/2024","Tydeidae_708320",53,0.0220741357767597
"f","Botanical Garden","PUF_BOT_02","31/05/2024","14/06/2024","Eriophyidae_70320",41,0.017076218242399
"f","Botanical Garden","PUF_BOT_02","31/05/2024","14/06/2024","Corinnidae_243491",21,0.0087463556851312
"f","Botanical Garden","PUF_BOT_02","31/05/2024","14/06/2024","Dipodidae_30648",20,0.00832986255726781
"f","Botanical Garden","PUF_BOT_02","31/05/2024","14/06/2024","Bourletiellidae_187607",19,0.00791336942940441
"f","Botanical Garden","PUF_BOT_02","31/05/2024","14/06/2024","Pyralidae_7135",18,0.00749687630154102
"f","Botanical Garden","PUF_BOT_02","31/05/2024","14/06/2024","Sminthurididae_187696",18,0.00749687630154102
"f","Botanical Garden","PUF_BOT_02","31/05/2024","14/06/2024","Hominidae_9604",17,0.00708038317367763
"f","Botanical Garden","PUF_BOT_02","31/05/2024","14/06/2024","Muscidae_7366",8,0.00333194502290712
"f","Botanical Garden","PUF_BOT_02","31/05/2024","14/06/2024","Miridae_30083",7,0.00291545189504373
"f","Botanical Garden","PUF_BOT_02","31/05/2024","14/06/2024","Chironomidae_7149",5,0.00208246563931695
"f","Botanical Garden","PUF_BOT_03","24/06/2024","28/06/2024","Bovidae_9895",88,1
"f","Botanical Garden","PUF_BOT_04","28/06/2024","12/07/2024","Pentatomidae_160513",524,0.560427807486631
"f","Botanical Garden","PUF_BOT_04","28/06/2024","12/07/2024",NA,215,0.229946524064171
"f","Botanical Garden","PUF_BOT_04","28/06/2024","12/07/2024","Asteiidae_286485",138,0.147593582887701
"f","Botanical Garden","PUF_BOT_04","28/06/2024","12/07/2024","Pyralidae_7135",41,0.0438502673796791
"f","Botanical Garden","PUF_BOT_04","28/06/2024","12/07/2024","Coccinellidae_7080",8,0.00855614973262032
"f","Botanical Garden","PUF_BOT_04","28/06/2024","12/07/2024","Chironomidae_7149",6,0.00641711229946524
"f","Botanical Garden","PUF_BOT_04","28/06/2024","12/07/2024","Hominidae_9604",3,0.00320855614973262
"f","Botanical Garden","PUF_BOT_05","12/07/2024","26/07/2024","Pentatomidae_160513",569,0.374095989480605
"f","Botanical Garden","PUF_BOT_05","12/07/2024","26/07/2024",NA,400,0.262984878369494
"f","Botanical Garden","PUF_BOT_05","12/07/2024","26/07/2024","Cecidomyiidae_33406",381,0.250493096646943
"f","Botanical Garden","PUF_BOT_05","12/07/2024","26/07/2024","Bovidae_9895",61,0.0401051939513478
"f","Botanical Garden","PUF_BOT_05","12/07/2024","26/07/2024","Pyralidae_7135",52,0.0341880341880342
"f","Botanical Garden","PUF_BOT_05","12/07/2024","26/07/2024","Eriophyidae_70320",49,0.032215647600263
"f","Botanical Garden","PUF_BOT_05","12/07/2024","26/07/2024","Triophtydeidae_2461247",9,0.00591715976331361
"f","Botanical Garden","PUF_BOT_06","26/07/2024","09/08/2024","Pyralidae_7135",17797,0.899428917976449
"f","Botanical Garden","PUF_BOT_06","26/07/2024","09/08/2024","Pentatomidae_160513",813,0.0410875827563552
"f","Botanical Garden","PUF_BOT_06","26/07/2024","09/08/2024","Hominidae_9604",705,0.0356294536817102
"f","Botanical Garden","PUF_BOT_06","26/07/2024","09/08/2024",NA,177,0.00894526709455703
"f","Botanical Garden","PUF_BOT_06","26/07/2024","09/08/2024","Miridae_30083",88,0.0044473644311922
"f","Botanical Garden","PUF_BOT_06","26/07/2024","09/08/2024","Carabidae_41073",86,0.00434628796684692
"f","Botanical Garden","PUF_BOT_06","26/07/2024","09/08/2024","Formicidae_36668",31,0.0015666851973518
"f","Botanical Garden","PUF_BOT_06","26/07/2024","09/08/2024","Zygaenidae_115354",24,0.00121291757214333
"f","Botanical Garden","PUF_BOT_06","26/07/2024","09/08/2024","Tortricidae_7139",23,0.00116237933997069
"f","Botanical Garden","PUF_BOT_06","26/07/2024","09/08/2024","Aphididae_27482",18,0.000909688179107495
"f","Botanical Garden","PUF_BOT_06","26/07/2024","09/08/2024","Chironomidae_7149",13,0.000656997018244302
"f","Botanical Garden","PUF_BOT_06","26/07/2024","09/08/2024","Sciuridae_55153",12,0.000606458786071663
"f","Botanical Garden","PUF_BOT_07","09/08/2024","23/08/2024","Pentatomidae_160513",1975,0.746127691726483
"f","Botanical Garden","PUF_BOT_07","09/08/2024","23/08/2024",NA,499,0.188515300340008
"f","Botanical Garden","PUF_BOT_07","09/08/2024","23/08/2024","Tarsonemidae_133229",96,0.0362674726105025
"f","Botanical Garden","PUF_BOT_07","09/08/2024","23/08/2024","Pyralidae_7135",43,0.0162448054401209
"f","Botanical Garden","PUF_BOT_07","09/08/2024","23/08/2024","Hominidae_9604",17,0.00642236494144314
"f","Botanical Garden","PUF_BOT_07","09/08/2024","23/08/2024","Tydeidae_708320",17,0.00642236494144314
"f","Botanical Garden","PUF_BOT_08","23/08/2024","06/09/2024","Pentatomidae_160513",571,0.482263513513513
"f","Botanical Garden","PUF_BOT_08","23/08/2024","06/09/2024",NA,420,0.35472972972973
"f","Botanical Garden","PUF_BOT_08","23/08/2024","06/09/2024","Eriophyidae_70320",64,0.0540540540540541
"f","Botanical Garden","PUF_BOT_08","23/08/2024","06/09/2024","Formicidae_36668",41,0.0346283783783784
"f","Botanical Garden","PUF_BOT_08","23/08/2024","06/09/2024","Tydeidae_708320",32,0.027027027027027
"f","Botanical Garden","PUF_BOT_08","23/08/2024","06/09/2024","Cecidomyiidae_33406",29,0.0244932432432432
"f","Botanical Garden","PUF_BOT_08","23/08/2024","06/09/2024","Pyralidae_7135",12,0.0101351351351351
"f","Botanical Garden","PUF_BOT_08","23/08/2024","06/09/2024","Ulidiidae_43848",7,0.00591216216216216
"f","Botanical Garden","PUF_BOT_08","23/08/2024","06/09/2024","Acrididae_7002",4,0.00337837837837838
"f","Botanical Garden","PUF_BOT_08","23/08/2024","06/09/2024","Limoniidae_43823",4,0.00337837837837838
"f","Botanical Garden","PUF_BOT_09","06/09/2024","20/09/2024","Pentatomidae_160513",1113,0.760765550239234
"f","Botanical Garden","PUF_BOT_09","06/09/2024","20/09/2024",NA,175,0.119617224880383
"f","Botanical Garden","PUF_BOT_09","06/09/2024","20/09/2024","Pyralidae_7135",155,0.105946684894053
"f","Botanical Garden","PUF_BOT_09","06/09/2024","20/09/2024","Hominidae_9604",11,0.0075187969924812
"f","Botanical Garden","PUF_BOT_09","06/09/2024","20/09/2024","Eriophyidae_70320",5,0.00341763499658236
"f","Botanical Garden","PUF_BOT_09","06/09/2024","20/09/2024","Limoniidae_43823",4,0.00273410799726589
"f","Botanical Garden","PUF_BOT_10","20/09/2024","04/10/2024","Pentatomidae_160513",2761,0.716584479626265
"f","Botanical Garden","PUF_BOT_10","20/09/2024","04/10/2024",NA,684,0.177524007267065
"f","Botanical Garden","PUF_BOT_10","20/09/2024","04/10/2024","Bovidae_9895",327,0.0848689332987283
"f","Botanical Garden","PUF_BOT_10","20/09/2024","04/10/2024","Pyralidae_7135",81,0.0210225798079419
"f","Boucherville","PUF_BOU_01","27/05/2024","10/06/2024",NA,237,0.94047619047619
"f","Boucherville","PUF_BOU_01","27/05/2024","10/06/2024","Chironomidae_7149",6,0.0238095238095238
"f","Boucherville","PUF_BOU_01","27/05/2024","10/06/2024","Sciaridae_7184",3,0.0119047619047619
"f","Boucherville","PUF_BOU_01","27/05/2024","10/06/2024","Aphididae_27482",2,0.00793650793650794
"f","Boucherville","PUF_BOU_01","27/05/2024","10/06/2024","Hominidae_9604",2,0.00793650793650794
"f","Boucherville","PUF_BOU_01","27/05/2024","10/06/2024","Pentatomidae_160513",2,0.00793650793650794
"f","Boucherville","PUF_BOU_02","10/06/2024","24/06/2024","Bourletiellidae_187607",344,0.325757575757576
"f","Boucherville","PUF_BOU_02","10/06/2024","24/06/2024",NA,267,0.252840909090909
"f","Boucherville","PUF_BOU_02","10/06/2024","24/06/2024","Tipulidae_41042",238,0.225378787878788
"f","Boucherville","PUF_BOU_02","10/06/2024","24/06/2024","Acaridae_41442",76,0.071969696969697
"f","Boucherville","PUF_BOU_02","10/06/2024","24/06/2024","Pentatomidae_160513",35,0.0331439393939394
"f","Boucherville","PUF_BOU_02","10/06/2024","24/06/2024","Hominidae_9604",34,0.0321969696969697
"f","Boucherville","PUF_BOU_02","10/06/2024","24/06/2024","Cantharidae_41097",24,0.0227272727272727
"f","Boucherville","PUF_BOU_02","10/06/2024","24/06/2024","Pyralidae_7135",21,0.0198863636363636
"f","Boucherville","PUF_BOU_02","10/06/2024","24/06/2024","Eriophyidae_70320",9,0.00852272727272727
"f","Boucherville","PUF_BOU_02","10/06/2024","24/06/2024","Dipodidae_30648",8,0.00757575757575758
"f","Boucherville","PUF_BOU_03","24/06/2024","08/07/2024",NA,320,0.498442367601246
"f","Boucherville","PUF_BOU_03","24/06/2024","08/07/2024","Pentatomidae_160513",127,0.197819314641745
"f","Boucherville","PUF_BOU_03","24/06/2024","08/07/2024","Bourletiellidae_187607",82,0.127725856697819
"f","Boucherville","PUF_BOU_03","24/06/2024","08/07/2024","Bovidae_9895",57,0.088785046728972
"f","Boucherville","PUF_BOU_03","24/06/2024","08/07/2024","Tydeidae_708320",21,0.0327102803738318
"f","Boucherville","PUF_BOU_03","24/06/2024","08/07/2024","Pyralidae_7135",17,0.0264797507788162
"f","Boucherville","PUF_BOU_03","24/06/2024","08/07/2024","Eriophyidae_70320",11,0.0171339563862928
"f","Boucherville","PUF_BOU_03","24/06/2024","08/07/2024","Acrididae_7002",7,0.0109034267912773
"f","Boucherville","PUF_BOU_04","08/07/2024","22/07/2024","Pentatomidae_160513",281,0.477891156462585
"f","Boucherville","PUF_BOU_04","08/07/2024","22/07/2024",NA,187,0.318027210884354
"f","Boucherville","PUF_BOU_04","08/07/2024","22/07/2024","Chironomidae_7149",45,0.076530612244898
"f","Boucherville","PUF_BOU_04","08/07/2024","22/07/2024","Acrididae_7002",32,0.054421768707483
"f","Boucherville","PUF_BOU_04","08/07/2024","22/07/2024","Pyralidae_7135",24,0.0408163265306122
"f","Boucherville","PUF_BOU_04","08/07/2024","22/07/2024","Carabidae_41073",7,0.0119047619047619
"f","Boucherville","PUF_BOU_04","08/07/2024","22/07/2024","Bourletiellidae_187607",5,0.00850340136054422
"f","Boucherville","PUF_BOU_04","08/07/2024","22/07/2024","Hominidae_9604",4,0.00680272108843537
"f","Boucherville","PUF_BOU_04","08/07/2024","22/07/2024","Bovidae_9895",3,0.00510204081632653
"f","Boucherville","PUF_BOU_05","22/07/2024","05/08/2024","Pentatomidae_160513",1841,0.752965235173824
"f","Boucherville","PUF_BOU_05","22/07/2024","05/08/2024",NA,253,0.103476482617587
"f","Boucherville","PUF_BOU_05","22/07/2024","05/08/2024","Aphididae_27482",153,0.0625766871165644
"f","Boucherville","PUF_BOU_05","22/07/2024","05/08/2024","Scatopsidae_52749",37,0.0151329243353783
"f","Boucherville","PUF_BOU_05","22/07/2024","05/08/2024","Macronyssidae_224534",34,0.0139059304703476
"f","Boucherville","PUF_BOU_05","22/07/2024","05/08/2024","Sciaridae_7184",34,0.0139059304703476
"f","Boucherville","PUF_BOU_05","22/07/2024","05/08/2024","Cecidomyiidae_33406",31,0.012678936605317
"f","Boucherville","PUF_BOU_05","22/07/2024","05/08/2024","Cantharidae_41097",19,0.00777096114519427
"f","Boucherville","PUF_BOU_05","22/07/2024","05/08/2024","Tydeidae_708320",19,0.00777096114519427
"f","Boucherville","PUF_BOU_05","22/07/2024","05/08/2024","Pyralidae_7135",17,0.00695296523517382
"f","Boucherville","PUF_BOU_05","22/07/2024","05/08/2024","Ichneumonidae_7408",7,0.00286298568507157
"f","Boucherville","PUF_BOU_06","05/08/2024","19/08/2024","Pentatomidae_160513",563,0.66548463356974
"f","Boucherville","PUF_BOU_06","05/08/2024","19/08/2024",NA,175,0.206855791962175
"f","Boucherville","PUF_BOU_06","05/08/2024","19/08/2024","Pyralidae_7135",35,0.041371158392435
"f","Boucherville","PUF_BOU_06","05/08/2024","19/08/2024","Artemiidae_38009",30,0.0354609929078014
"f","Boucherville","PUF_BOU_06","05/08/2024","19/08/2024","Coenagrionidae_70895",18,0.0212765957446809
"f","Boucherville","PUF_BOU_06","05/08/2024","19/08/2024","Eriophyidae_70320",12,0.0141843971631206
"f","Boucherville","PUF_BOU_06","05/08/2024","19/08/2024","Chironomidae_7149",8,0.00945626477541371
"f","Boucherville","PUF_BOU_06","05/08/2024","19/08/2024","Bourletiellidae_187607",5,0.00591016548463357
"f","Boucherville","PUF_BOU_07","19/08/2024","02/09/2024",NA,120,0.368098159509202
"f","Boucherville","PUF_BOU_07","19/08/2024","02/09/2024","Pentatomidae_160513",92,0.282208588957055
"f","Boucherville","PUF_BOU_07","19/08/2024","02/09/2024","Bovidae_9895",60,0.184049079754601
"f","Boucherville","PUF_BOU_07","19/08/2024","02/09/2024","Bourletiellidae_187607",53,0.162576687116564
"f","Boucherville","PUF_BOU_07","19/08/2024","02/09/2024","Miridae_30083",1,0.00306748466257669
"f","Boucherville","PUF_BOU_08","02/09/2024","16/09/2024","Pentatomidae_160513",1701,0.762096774193548
"f","Boucherville","PUF_BOU_08","02/09/2024","16/09/2024",NA,428,0.191756272401434
"f","Boucherville","PUF_BOU_08","02/09/2024","16/09/2024","Dipodidae_30648",32,0.014336917562724
"f","Boucherville","PUF_BOU_08","02/09/2024","16/09/2024","Pyralidae_7135",22,0.00985663082437276
"f","Boucherville","PUF_BOU_08","02/09/2024","16/09/2024","Braconidae_7402",19,0.00851254480286738
"f","Boucherville","PUF_BOU_08","02/09/2024","16/09/2024","Chironomidae_7149",17,0.00761648745519713
"f","Boucherville","PUF_BOU_08","02/09/2024","16/09/2024","Psychodidae_7197",13,0.00582437275985663
"f","Boucherville","PUF_BOU_09","16/09/2024","30/09/2024","Pentatomidae_160513",1259,0.699833240689272
"f","Boucherville","PUF_BOU_09","16/09/2024","30/09/2024",NA,293,0.162868260144525
"f","Boucherville","PUF_BOU_09","16/09/2024","30/09/2024","Eriophyidae_70320",115,0.0639244024458032
"f","Boucherville","PUF_BOU_09","16/09/2024","30/09/2024","Hominidae_9604",65,0.0361311839911062
"f","Boucherville","PUF_BOU_09","16/09/2024","30/09/2024","Dipodidae_30648",21,0.0116731517509728
"f","Boucherville","PUF_BOU_09","16/09/2024","30/09/2024","Carabidae_41073",19,0.0105614230127849
"f","Boucherville","PUF_BOU_09","16/09/2024","30/09/2024","Pyralidae_7135",17,0.009449694274597
"f","Boucherville","PUF_BOU_09","16/09/2024","30/09/2024","Agriolimacidae_147582",10,0.00555864369093941
"f","IPEX","PUF_IPEX_01","15/05/2024","29/05/2024","Pentatomidae_160513",48,0.428571428571429
"f","IPEX","PUF_IPEX_01","15/05/2024","29/05/2024",NA,32,0.285714285714286
"f","IPEX","PUF_IPEX_01","15/05/2024","29/05/2024","Bovidae_9895",21,0.1875
"f","IPEX","PUF_IPEX_01","15/05/2024","29/05/2024","Hominidae_9604",7,0.0625
"f","IPEX","PUF_IPEX_01","15/05/2024","29/05/2024","Diptilomiopidae_1336387",3,0.0267857142857143
"f","IPEX","PUF_IPEX_01","15/05/2024","29/05/2024","Pyralidae_7135",1,0.00892857142857143
"f","IPEX","PUF_IPEX_02","29/05/2024","12/06/2024",NA,1250,0.705019740552736
"f","IPEX","PUF_IPEX_02","29/05/2024","12/06/2024","Eriophyidae_70320",146,0.0823463056965595
"f","IPEX","PUF_IPEX_02","29/05/2024","12/06/2024","Pentatomidae_160513",142,0.0800902425267908
"f","IPEX","PUF_IPEX_02","29/05/2024","12/06/2024","Cecidomyiidae_33406",76,0.0428652002256063
"f","IPEX","PUF_IPEX_02","29/05/2024","12/06/2024","Chironomidae_7149",67,0.0377890580936266
"f","IPEX","PUF_IPEX_02","29/05/2024","12/06/2024","Aphididae_27482",23,0.0129723632261703
"f","IPEX","PUF_IPEX_02","29/05/2024","12/06/2024","Triophtydeidae_2461247",18,0.0101522842639594
"f","IPEX","PUF_IPEX_02","29/05/2024","12/06/2024","Coccinellidae_7080",14,0.00789622109419064
"f","IPEX","PUF_IPEX_02","29/05/2024","12/06/2024","Pyralidae_7135",14,0.00789622109419064
"f","IPEX","PUF_IPEX_02","29/05/2024","12/06/2024","Cantharidae_41097",9,0.0050761421319797
"f","IPEX","PUF_IPEX_02","29/05/2024","12/06/2024","Bourletiellidae_187607",7,0.00394811054709532
"f","IPEX","PUF_IPEX_02","29/05/2024","12/06/2024","Hominidae_9604",7,0.00394811054709532
"f","IPEX","PUF_IPEX_03","12/06/2024","26/06/2024","Araneidae_6913",9871,0.874933522425102
"f","IPEX","PUF_IPEX_03","12/06/2024","26/06/2024",NA,994,0.0881049459315724
"f","IPEX","PUF_IPEX_03","12/06/2024","26/06/2024","Pentatomidae_160513",174,0.0154227973763517
"f","IPEX","PUF_IPEX_03","12/06/2024","26/06/2024","Pyralidae_7135",73,0.00647048395674526
"f","IPEX","PUF_IPEX_03","12/06/2024","26/06/2024","Bovidae_9895",52,0.00460911185959936
"f","IPEX","PUF_IPEX_03","12/06/2024","26/06/2024","Eriophyidae_70320",46,0.00407729126041482
"f","IPEX","PUF_IPEX_03","12/06/2024","26/06/2024","Gerridae_36161",24,0.00212728239673817
"f","IPEX","PUF_IPEX_03","12/06/2024","26/06/2024","Miridae_30083",15,0.00132955149796135
"f","IPEX","PUF_IPEX_03","12/06/2024","26/06/2024","Carabidae_41073",13,0.00115227796489984
"f","IPEX","PUF_IPEX_03","12/06/2024","26/06/2024","Macrotrichidae_77757",12,0.00106364119836908
"f","IPEX","PUF_IPEX_03","12/06/2024","26/06/2024","Hominidae_9604",8,0.000709094132246056
"f","IPEX","PUF_IPEX_04","26/06/2024","10/07/2024","Pentatomidae_160513",993,0.5
"f","IPEX","PUF_IPEX_04","26/06/2024","10/07/2024",NA,474,0.238670694864048
"f","IPEX","PUF_IPEX_04","26/06/2024","10/07/2024","Eriophyidae_70320",142,0.0715005035246727
"f","IPEX","PUF_IPEX_04","26/06/2024","10/07/2024","Tydeidae_708320",116,0.0584088620342397
"f","IPEX","PUF_IPEX_04","26/06/2024","10/07/2024","Pyralidae_7135",72,0.0362537764350453
"f","IPEX","PUF_IPEX_04","26/06/2024","10/07/2024","Crambidae_268499",66,0.0332326283987915
"f","IPEX","PUF_IPEX_04","26/06/2024","10/07/2024","Bovidae_9895",48,0.0241691842900302
"f","IPEX","PUF_IPEX_04","26/06/2024","10/07/2024","Acaridae_41442",27,0.013595166163142
"f","IPEX","PUF_IPEX_04","26/06/2024","10/07/2024","Dipodidae_30648",22,0.0110775427995972
"f","IPEX","PUF_IPEX_04","26/06/2024","10/07/2024","Ichneumonidae_7408",17,0.00855991943605237
"f","IPEX","PUF_IPEX_04","26/06/2024","10/07/2024","Hominidae_9604",9,0.00453172205438067
"f","IPEX","PUF_IPEX_05","10/07/2024","24/07/2024","Pentatomidae_160513",3831,0.669638175144206
"f","IPEX","PUF_IPEX_05","10/07/2024","24/07/2024","Pygmephoridae_1253854",996,0.174095437860514
"f","IPEX","PUF_IPEX_05","10/07/2024","24/07/2024",NA,574,0.100332109771019
"f","IPEX","PUF_IPEX_05","10/07/2024","24/07/2024","Bourletiellidae_187607",121,0.0211501485754239
"f","IPEX","PUF_IPEX_05","10/07/2024","24/07/2024","Eriophyidae_70320",63,0.0110120608285265
"f","IPEX","PUF_IPEX_05","10/07/2024","24/07/2024","Hominidae_9604",49,0.00856493619996504
"f","IPEX","PUF_IPEX_05","10/07/2024","24/07/2024","Leptoceridae_50642",27,0.00471945464079706
"f","IPEX","PUF_IPEX_05","10/07/2024","24/07/2024","Miridae_30083",23,0.00402027617549379
"f","IPEX","PUF_IPEX_05","10/07/2024","24/07/2024","Aeshnidae_50509",13,0.00227233001223562
"f","IPEX","PUF_IPEX_05","10/07/2024","24/07/2024","Formicidae_36668",12,0.00209753539590981
"f","IPEX","PUF_IPEX_05","10/07/2024","24/07/2024","Helicidae_6533",12,0.00209753539590981
"f","IPEX","PUF_IPEX_06","24/07/2024","07/08/2024","Pentatomidae_160513",818,0.79649464459591
"f","IPEX","PUF_IPEX_06","24/07/2024","07/08/2024",NA,185,0.180136319376826
"f","IPEX","PUF_IPEX_06","24/07/2024","07/08/2024","Pyralidae_7135",18,0.0175267770204479
"f","IPEX","PUF_IPEX_06","24/07/2024","07/08/2024","Miridae_30083",6,0.00584225900681597
"f","IPEX","PUF_IPEX_07","07/08/2024","21/08/2024","Pentatomidae_160513",1072,0.619653179190751
"f","IPEX","PUF_IPEX_07","07/08/2024","21/08/2024",NA,568,0.328323699421965
"f","IPEX","PUF_IPEX_07","07/08/2024","21/08/2024","Pyralidae_7135",53,0.030635838150289
"f","IPEX","PUF_IPEX_07","07/08/2024","21/08/2024","Ichneumonidae_7408",13,0.00751445086705202
"f","IPEX","PUF_IPEX_07","07/08/2024","21/08/2024","Dipodidae_30648",10,0.00578034682080925
"f","IPEX","PUF_IPEX_07","07/08/2024","21/08/2024","Ephydridae_48991",9,0.00520231213872832
"f","IPEX","PUF_IPEX_07","07/08/2024","21/08/2024","Hominidae_9604",5,0.00289017341040462
"f","IPEX","PUF_IPEX_08","21/08/2024","04/09/2024","Pentatomidae_160513",1493,0.635589612601107
"f","IPEX","PUF_IPEX_08","21/08/2024","04/09/2024",NA,711,0.302681992337165
"f","IPEX","PUF_IPEX_08","21/08/2024","04/09/2024","Bovidae_9895",70,0.0297999148573861
"f","IPEX","PUF_IPEX_08","21/08/2024","04/09/2024","Cecidomyiidae_33406",39,0.016602809706258
"f","IPEX","PUF_IPEX_08","21/08/2024","04/09/2024","Chironomidae_7149",19,0.00808854831843338
"f","IPEX","PUF_IPEX_08","21/08/2024","04/09/2024","Hominidae_9604",17,0.00723712217965092
"f","IPEX","PUF_IPEX_09","04/09/2024","18/09/2024","Pentatomidae_160513",969,0.844076655052265
"f","IPEX","PUF_IPEX_09","04/09/2024","18/09/2024",NA,130,0.113240418118467
"f","IPEX","PUF_IPEX_09","04/09/2024","18/09/2024","Pyralidae_7135",31,0.0270034843205575
"f","IPEX","PUF_IPEX_09","04/09/2024","18/09/2024","Aphididae_27482",11,0.00958188153310104
"f","IPEX","PUF_IPEX_09","04/09/2024","18/09/2024","Anoeciidae_133074",7,0.00609756097560976
"f","IPEX","PUF_IPEX_10","18/09/2024","02/10/2024","Pentatomidae_160513",2696,0.62639405204461
"f","IPEX","PUF_IPEX_10","18/09/2024","02/10/2024",NA,718,0.16682156133829
"f","IPEX","PUF_IPEX_10","18/09/2024","02/10/2024","Liposcelididae_2545764",574,0.133364312267658
"f","IPEX","PUF_IPEX_10","18/09/2024","02/10/2024","Pyralidae_7135",161,0.037407063197026
"f","IPEX","PUF_IPEX_10","18/09/2024","02/10/2024","Chironomidae_7149",83,0.0192843866171004
"f","IPEX","PUF_IPEX_10","18/09/2024","02/10/2024","Noctuidae_7100",23,0.00534386617100372
"f","IPEX","PUF_IPEX_10","18/09/2024","02/10/2024","Formicidae_36668",20,0.00464684014869888
"f","IPEX","PUF_IPEX_10","18/09/2024","02/10/2024","Julidae_41449",17,0.00394981412639405
"f","IPEX","PUF_IPEX_10","18/09/2024","02/10/2024","Aphididae_27482",12,0.00278810408921933
"f","Jean-Drapeau","PUF_JD_01","22/05/2024","05/06/2024","Erebidae_695564",6071,0.682134831460674
"f","Jean-Drapeau","PUF_JD_01","22/05/2024","05/06/2024","Anystidae_92248",1435,0.16123595505618
"f","Jean-Drapeau","PUF_JD_01","22/05/2024","05/06/2024",NA,850,0.0955056179775281
"f","Jean-Drapeau","PUF_JD_01","22/05/2024","05/06/2024","Blattisociidae_1251892",114,0.0128089887640449
"f","Jean-Drapeau","PUF_JD_01","22/05/2024","05/06/2024","Chironomidae_7149",105,0.0117977528089888
"f","Jean-Drapeau","PUF_JD_01","22/05/2024","05/06/2024","Tetragnathidae_27394",76,0.00853932584269663
"f","Jean-Drapeau","PUF_JD_01","22/05/2024","05/06/2024","Pentatomidae_160513",57,0.00640449438202247
"f","Jean-Drapeau","PUF_JD_01","22/05/2024","05/06/2024","Eriophyidae_70320",42,0.00471910112359551
"f","Jean-Drapeau","PUF_JD_01","22/05/2024","05/06/2024","Formicidae_36668",34,0.00382022471910112
"f","Jean-Drapeau","PUF_JD_01","22/05/2024","05/06/2024","Tydeidae_708320",32,0.00359550561797753
"f","Jean-Drapeau","PUF_JD_01","22/05/2024","05/06/2024","Pyralidae_7135",24,0.00269662921348315
"f","Jean-Drapeau","PUF_JD_01","22/05/2024","05/06/2024","Aphididae_27482",16,0.00179775280898876
"f","Jean-Drapeau","PUF_JD_01","22/05/2024","05/06/2024","Heptageniidae_178295",13,0.00146067415730337
"f","Jean-Drapeau","PUF_JD_01","22/05/2024","05/06/2024","Hominidae_9604",13,0.00146067415730337
"f","Jean-Drapeau","PUF_JD_01","22/05/2024","05/06/2024","Miridae_30083",11,0.00123595505617978
"f","Jean-Drapeau","PUF_JD_01","22/05/2024","05/06/2024","Demodicidae_188543",7,0.000786516853932584
"f","Jean-Drapeau","PUF_JD_02","05/06/2024","19/06/2024","Blastobasidae_173649",13484,0.951185101580135
"f","Jean-Drapeau","PUF_JD_02","05/06/2024","19/06/2024",NA,264,0.0186230248306998
"f","Jean-Drapeau","PUF_JD_02","05/06/2024","19/06/2024","Noctuidae_7100",183,0.0129091422121896
"f","Jean-Drapeau","PUF_JD_02","05/06/2024","19/06/2024","Hydroptilidae_57995",94,0.00663092550790068
"f","Jean-Drapeau","PUF_JD_02","05/06/2024","19/06/2024","Hydropsychidae_41030",46,0.00324492099322799
"f","Jean-Drapeau","PUF_JD_02","05/06/2024","19/06/2024","Tetragnathidae_27394",28,0.00197516930022573
"f","Jean-Drapeau","PUF_JD_02","05/06/2024","19/06/2024","Pyralidae_7135",18,0.00126975169300226
"f","Jean-Drapeau","PUF_JD_02","05/06/2024","19/06/2024","Philodromidae_243501",13,0.000917042889390519
"f","Jean-Drapeau","PUF_JD_02","05/06/2024","19/06/2024","Tydeidae_708320",11,0.000775959367945824
"f","Jean-Drapeau","PUF_JD_02","05/06/2024","19/06/2024","Icteridae_164646",10,0.000705417607223476
"f","Jean-Drapeau","PUF_JD_02","05/06/2024","19/06/2024","Trichoniscidae_33328",9,0.000634875846501129
"f","Jean-Drapeau","PUF_JD_02","05/06/2024","19/06/2024","Chironomidae_7149",8,0.000564334085778781
"f","Jean-Drapeau","PUF_JD_02","05/06/2024","19/06/2024","Eriophyidae_70320",8,0.000564334085778781
"f","Jean-Drapeau","PUF_JD_03","19/06/2024","03/07/2024",NA,286,0.282888229475767
"f","Jean-Drapeau","PUF_JD_03","19/06/2024","03/07/2024","Miridae_30083",163,0.161226508407517
"f","Jean-Drapeau","PUF_JD_03","19/06/2024","03/07/2024","Pentatomidae_160513",160,0.158259149357072
"f","Jean-Drapeau","PUF_JD_03","19/06/2024","03/07/2024","Hominidae_9604",100,0.0989119683481701
"f","Jean-Drapeau","PUF_JD_03","19/06/2024","03/07/2024","Chloropidae_29032",93,0.0919881305637982
"f","Jean-Drapeau","PUF_JD_03","19/06/2024","03/07/2024","Pyralidae_7135",60,0.0593471810089021
"f","Jean-Drapeau","PUF_JD_03","19/06/2024","03/07/2024","Chrysopidae_7520",31,0.0306627101879327
"f","Jean-Drapeau","PUF_JD_03","19/06/2024","03/07/2024","Pterophoridae_186111",24,0.0237388724035608
"f","Jean-Drapeau","PUF_JD_03","19/06/2024","03/07/2024","Chironomidae_7149",23,0.0227497527200791
"f","Jean-Drapeau","PUF_JD_03","19/06/2024","03/07/2024","Delphacidae_33362",18,0.0178041543026706
"f","Jean-Drapeau","PUF_JD_03","19/06/2024","03/07/2024","Eriophyidae_70320",16,0.0158259149357072
"f","Jean-Drapeau","PUF_JD_03","19/06/2024","03/07/2024","Pygmephoridae_1253854",12,0.0118694362017804
"f","Jean-Drapeau","PUF_JD_03","19/06/2024","03/07/2024","Formicidae_36668",11,0.0108803165182987
"f","Jean-Drapeau","PUF_JD_03","19/06/2024","03/07/2024","Sciaridae_7184",8,0.00791295746785361
"f","Jean-Drapeau","PUF_JD_03","19/06/2024","03/07/2024","Tydeidae_708320",6,0.00593471810089021
"f","Jean-Drapeau","PUF_JD_04","03/07/2024","17/07/2024","Pentatomidae_160513",996,0.604368932038835
"f","Jean-Drapeau","PUF_JD_04","03/07/2024","17/07/2024","Bovidae_9895",217,0.131674757281553
"f","Jean-Drapeau","PUF_JD_04","03/07/2024","17/07/2024","Tetragnathidae_27394",153,0.0928398058252427
"f","Jean-Drapeau","PUF_JD_04","03/07/2024","17/07/2024","Pyralidae_7135",149,0.0904126213592233
"f","Jean-Drapeau","PUF_JD_04","03/07/2024","17/07/2024",NA,121,0.0734223300970874
"f","Jean-Drapeau","PUF_JD_04","03/07/2024","17/07/2024","Hominidae_9604",7,0.00424757281553398
"f","Jean-Drapeau","PUF_JD_04","03/07/2024","17/07/2024","Carabidae_41073",5,0.00303398058252427
"f","Jean-Drapeau","PUF_JD_05","17/07/2024","31/07/2024","Tetragnathidae_27394",1700,0.405437634152158
"f","Jean-Drapeau","PUF_JD_05","17/07/2024","31/07/2024","Pentatomidae_160513",675,0.160982590031004
"f","Jean-Drapeau","PUF_JD_05","17/07/2024","31/07/2024","Aphididae_27482",477,0.113761030288576
"f","Jean-Drapeau","PUF_JD_05","17/07/2024","31/07/2024",NA,465,0.110899117576914
"f","Jean-Drapeau","PUF_JD_05","17/07/2024","31/07/2024","Pyralidae_7135",297,0.0708323396136418
"f","Jean-Drapeau","PUF_JD_05","17/07/2024","31/07/2024","Chironomidae_7149",258,0.0615311233007393
"f","Jean-Drapeau","PUF_JD_05","17/07/2024","31/07/2024","Eriophyidae_70320",129,0.0307655616503697
"f","Jean-Drapeau","PUF_JD_05","17/07/2024","31/07/2024","Artemiidae_38009",45,0.0107321726687336
"f","Jean-Drapeau","PUF_JD_05","17/07/2024","31/07/2024","Bovidae_9895",45,0.0107321726687336
"f","Jean-Drapeau","PUF_JD_05","17/07/2024","31/07/2024","Latridiidae_196999",38,0.0090627235869306
"f","Jean-Drapeau","PUF_JD_05","17/07/2024","31/07/2024","Cicadellidae_30102",37,0.00882423086095874
"f","Jean-Drapeau","PUF_JD_05","17/07/2024","31/07/2024","Hominidae_9604",11,0.00262341998569044
"f","Jean-Drapeau","PUF_JD_05","17/07/2024","31/07/2024","Ceratopogonidae_41819",9,0.00214643453374672
"f","Jean-Drapeau","PUF_JD_05","17/07/2024","31/07/2024","Theridiidae_34643",7,0.00166944908180301
"f","Jean-Drapeau","PUF_JD_06","31/07/2024","14/08/2024","Pentatomidae_160513",3494,0.883215369059656
"f","Jean-Drapeau","PUF_JD_06","31/07/2024","14/08/2024",NA,199,0.0503033367037412
"f","Jean-Drapeau","PUF_JD_06","31/07/2024","14/08/2024","Tetragnathidae_27394",119,0.0300808897876643
"f","Jean-Drapeau","PUF_JD_06","31/07/2024","14/08/2024","Chironomidae_7149",85,0.0214863498483316
"f","Jean-Drapeau","PUF_JD_06","31/07/2024","14/08/2024","Pyralidae_7135",38,0.0096056622851365
"f","Jean-Drapeau","PUF_JD_06","31/07/2024","14/08/2024","Tydeidae_708320",11,0.00278058645096057
"f","Jean-Drapeau","PUF_JD_06","31/07/2024","14/08/2024","Formicidae_36668",10,0.00252780586450961
"f","Jean-Drapeau","PUF_JD_07","14/08/2024","28/08/2024","Pentatomidae_160513",2271,0.501435195407375
"f","Jean-Drapeau","PUF_JD_07","14/08/2024","28/08/2024","Coccinellidae_7080",867,0.19143298741444
"f","Jean-Drapeau","PUF_JD_07","14/08/2024","28/08/2024","Hydropsychidae_41030",592,0.130713181717819
"f","Jean-Drapeau","PUF_JD_07","14/08/2024","28/08/2024",NA,471,0.103996467211305
"f","Jean-Drapeau","PUF_JD_07","14/08/2024","28/08/2024","Eriophyidae_70320",95,0.0209759328770148
"f","Jean-Drapeau","PUF_JD_07","14/08/2024","28/08/2024","Miridae_30083",79,0.0174431441819386
"f","Jean-Drapeau","PUF_JD_07","14/08/2024","28/08/2024","Araneidae_6913",53,0.0117023625524398
"f","Jean-Drapeau","PUF_JD_07","14/08/2024","28/08/2024","Pyralidae_7135",53,0.0117023625524398
"f","Jean-Drapeau","PUF_JD_07","14/08/2024","28/08/2024","Formicidae_36668",25,0.00551998233605652
"f","Jean-Drapeau","PUF_JD_07","14/08/2024","28/08/2024","Bourletiellidae_187607",23,0.005078383749172
"f","Jean-Drapeau","PUF_JD_08","28/08/2024","11/09/2024","Tetragnathidae_27394",8581,0.984398302168177
"f","Jean-Drapeau","PUF_JD_08","28/08/2024","11/09/2024","Pentatomidae_160513",95,0.0108982448089939
"f","Jean-Drapeau","PUF_JD_08","28/08/2024","11/09/2024","Cicadellidae_30102",20,0.00229436732820925
"f","Jean-Drapeau","PUF_JD_08","28/08/2024","11/09/2024",NA,15,0.00172077549615693
"f","Jean-Drapeau","PUF_JD_08","28/08/2024","11/09/2024","Eriophyidae_70320",6,0.000688310198462774
"f","Jean-Drapeau","PUF_JD_09","11/09/2024","25/09/2024","Pentatomidae_160513",670,0.554177005789909
"f","Jean-Drapeau","PUF_JD_09","11/09/2024","25/09/2024","Pyralidae_7135",227,0.187758478081059
"f","Jean-Drapeau","PUF_JD_09","11/09/2024","25/09/2024",NA,177,0.146401985111663
"f","Jean-Drapeau","PUF_JD_09","11/09/2024","25/09/2024","Myrmeleontidae_27427",69,0.0570719602977667
"f","Jean-Drapeau","PUF_JD_09","11/09/2024","25/09/2024","Sciaridae_7184",24,0.0198511166253102
"f","Jean-Drapeau","PUF_JD_09","11/09/2024","25/09/2024","Tetragnathidae_27394",20,0.0165425971877585
"f","Jean-Drapeau","PUF_JD_09","11/09/2024","25/09/2024","Sarcophagidae_7381",10,0.00827129859387924
"f","Jean-Drapeau","PUF_JD_09","11/09/2024","25/09/2024","Suidae_9821",9,0.00744416873449132
"f","Jean-Drapeau","PUF_JD_09","11/09/2024","25/09/2024","Formicidae_36668",3,0.00248138957816377
"f","Jean-Drapeau","PUF_JD_10","25/09/2024","09/10/2024","Aphididae_27482",6147,0.71170545328239
"f","Jean-Drapeau","PUF_JD_10","25/09/2024","09/10/2024","Pentatomidae_160513",1552,0.179692022693065
"f","Jean-Drapeau","PUF_JD_10","25/09/2024","09/10/2024","Chironomidae_7149",243,0.0281347690170198
"f","Jean-Drapeau","PUF_JD_10","25/09/2024","09/10/2024","Tetragnathidae_27394",215,0.0248929026282274
"f","Jean-Drapeau","PUF_JD_10","25/09/2024","09/10/2024",NA,191,0.0221141600092625
"f","Jean-Drapeau","PUF_JD_10","25/09/2024","09/10/2024","Pyralidae_7135",96,0.0111149704758597
"f","Jean-Drapeau","PUF_JD_10","25/09/2024","09/10/2024","Bovidae_9895",67,0.0077573231446104
"f","Jean-Drapeau","PUF_JD_10","25/09/2024","09/10/2024","Araneidae_6913",46,0.00532592335301609
"f","Jean-Drapeau","PUF_JD_10","25/09/2024","09/10/2024","Hydropsychidae_41030",34,0.00393655204353363
"f","Jean-Drapeau","PUF_JD_10","25/09/2024","09/10/2024","Eriophyidae_70320",23,0.00266296167650805
"f","Jean-Drapeau","PUF_JD_10","25/09/2024","09/10/2024","Forficulidae_27437",23,0.00266296167650805
"f",NA,NA,NA,NA,"Nymphalidae_33415",29263,0.970902455209025
"f",NA,NA,NA,NA,"Entomobryidae_48704",356,0.0118115461181155
"f",NA,NA,NA,NA,"Papilionidae_7143",294,0.00975447909754479
"f",NA,NA,NA,NA,"Hymenopodidae_119670",76,0.00252156602521566
"f",NA,NA,NA,NA,"Acaridae_41442",62,0.00205706702057067
"f",NA,NA,NA,NA,"Eupodidae_393868",48,0.00159256801592568
"f",NA,NA,NA,NA,NA,22,0.00072992700729927
"f",NA,NA,NA,NA,"Phoridae_36164",12,0.00039814200398142
"f",NA,NA,NA,NA,"Hominidae_9604",7,0.000232249502322495
"g","Bird Observatory","PUF_MBO_01","20/05/2024","03/06/2024",NA,1082,0.46900736887733
"g","Bird Observatory","PUF_MBO_01","20/05/2024","03/06/2024","Tydeus_1670773",216,0.093628088426528
"g","Bird Observatory","PUF_MBO_01","20/05/2024","03/06/2024","Abacarus_644136",199,0.0862592110966623
"g","Bird Observatory","PUF_MBO_01","20/05/2024","03/06/2024","Limnophyes_190098",141,0.0611183355006502
"g","Bird Observatory","PUF_MBO_01","20/05/2024","03/06/2024","Glypsus_-21471",128,0.0554833116601647
"g","Bird Observatory","PUF_MBO_01","20/05/2024","03/06/2024","Aculodes_644138",120,0.0520156046814044
"g","Bird Observatory","PUF_MBO_01","20/05/2024","03/06/2024","Megaselia_36165",72,0.0312093628088427
"g","Bird Observatory","PUF_MBO_01","20/05/2024","03/06/2024","Labidomera_131651",67,0.0290420459471175
"g","Bird Observatory","PUF_MBO_01","20/05/2024","03/06/2024","Aprionus_1819779",66,0.0286085825747724
"g","Bird Observatory","PUF_MBO_01","20/05/2024","03/06/2024","Aculus_644140",60,0.0260078023407022
"g","Bird Observatory","PUF_MBO_01","20/05/2024","03/06/2024","Bos_9903",45,0.0195058517555267
"g","Bird Observatory","PUF_MBO_01","20/05/2024","03/06/2024","Liebstadia_229865",31,0.0134373645426961
"g","Bird Observatory","PUF_MBO_01","20/05/2024","03/06/2024","Erythroneura_38083",28,0.012136974425661
"g","Bird Observatory","PUF_MBO_01","20/05/2024","03/06/2024","Pionidia_2613197",21,0.00910273081924577
"g","Bird Observatory","PUF_MBO_01","20/05/2024","03/06/2024","Homo_9605",14,0.00606848721283052
"g","Bird Observatory","PUF_MBO_01","20/05/2024","03/06/2024","Hydropsyche_50443",7,0.00303424360641526
"g","Bird Observatory","PUF_MBO_01","20/05/2024","03/06/2024","Chironomus_7150",5,0.00216731686172518
"g","Bird Observatory","PUF_MBO_01","20/05/2024","03/06/2024","Philaenus_30087",5,0.00216731686172518
"g","Bird Observatory","PUF_MBO_02","03/06/2024","17/06/2024","Xestia_320016",8006,0.521461603595389
"g","Bird Observatory","PUF_MBO_02","03/06/2024","17/06/2024","Allothrombium_92077",7029,0.457825832084935
"g","Bird Observatory","PUF_MBO_02","03/06/2024","17/06/2024",NA,252,0.016413730215593
"g","Bird Observatory","PUF_MBO_02","03/06/2024","17/06/2024","Glypsus_-21471",50,0.00325669250309386
"g","Bird Observatory","PUF_MBO_02","03/06/2024","17/06/2024","Nanocladius_611365",16,0.00104214160099003
"g","Bird Observatory","PUF_MBO_03","17/06/2024","01/07/2024","Glypsus_-21471",305,0.433238636363636
"g","Bird Observatory","PUF_MBO_03","17/06/2024","01/07/2024",NA,147,0.208806818181818
"g","Bird Observatory","PUF_MBO_03","17/06/2024","01/07/2024","Philodromus_336567",139,0.197443181818182
"g","Bird Observatory","PUF_MBO_03","17/06/2024","01/07/2024","Typhlodromips_756256",47,0.0667613636363636
"g","Bird Observatory","PUF_MBO_03","17/06/2024","01/07/2024","Pionidia_2613197",27,0.0383522727272727
"g","Bird Observatory","PUF_MBO_03","17/06/2024","01/07/2024","Abacarus_644136",18,0.0255681818181818
"g","Bird Observatory","PUF_MBO_03","17/06/2024","01/07/2024","Homo_9605",12,0.0170454545454545
"g","Bird Observatory","PUF_MBO_03","17/06/2024","01/07/2024","Neoseiulus_84381",9,0.0127840909090909
"g","Bird Observatory","PUF_MBO_04","01/07/2024","15/07/2024","Glypsus_-21471",398,0.35695067264574
"g","Bird Observatory","PUF_MBO_04","01/07/2024","15/07/2024","Bos_9903",308,0.276233183856502
"g","Bird Observatory","PUF_MBO_04","01/07/2024","15/07/2024",NA,293,0.262780269058296
"g","Bird Observatory","PUF_MBO_04","01/07/2024","15/07/2024","Rhacognathus_1545358",116,0.104035874439462
"g","Bird Observatory","PUF_MBO_05","15/07/2024","29/07/2024","Choristoneura_7140",8556,0.921684800172358
"g","Bird Observatory","PUF_MBO_05","15/07/2024","29/07/2024","Glypsus_-21471",368,0.0396423569966606
"g","Bird Observatory","PUF_MBO_05","15/07/2024","29/07/2024",NA,174,0.0187439405364645
"g","Bird Observatory","PUF_MBO_05","15/07/2024","29/07/2024","Succinea_145426",55,0.00592480879026177
"g","Bird Observatory","PUF_MBO_05","15/07/2024","29/07/2024","Rhacognathus_1545358",51,0.00549391360551546
"g","Bird Observatory","PUF_MBO_05","15/07/2024","29/07/2024","Ochlerotatus_190765",26,0.00280081870085102
"g","Bird Observatory","PUF_MBO_05","15/07/2024","29/07/2024","Homo_9605",20,0.00215447592373155
"g","Bird Observatory","PUF_MBO_05","15/07/2024","29/07/2024","Galapagocoris_-21292",14,0.00150813314661209
"g","Bird Observatory","PUF_MBO_05","15/07/2024","29/07/2024","Abacarus_644136",10,0.00107723796186578
"g","Bird Observatory","PUF_MBO_05","15/07/2024","29/07/2024","Pionidia_2613197",9,0.000969514165679199
"g","Bird Observatory","PUF_MBO_06","29/07/2024","12/08/2024","Glypsus_-21471",588,0.6125
"g","Bird Observatory","PUF_MBO_06","29/07/2024","12/08/2024",NA,333,0.346875
"g","Bird Observatory","PUF_MBO_06","29/07/2024","12/08/2024","Rhacognathus_1545358",25,0.0260416666666667
"g","Bird Observatory","PUF_MBO_06","29/07/2024","12/08/2024","Galapagocoris_-21292",14,0.0145833333333333
"g","Bird Observatory","PUF_MBO_07","12/08/2024","26/08/2024","Glypsus_-21471",1123,0.627024008933557
"g","Bird Observatory","PUF_MBO_07","12/08/2024","26/08/2024",NA,539,0.300949190396427
"g","Bird Observatory","PUF_MBO_07","12/08/2024","26/08/2024","Pionidia_2613197",55,0.0307091010608599
"g","Bird Observatory","PUF_MBO_07","12/08/2024","26/08/2024","Rhacognathus_1545358",44,0.0245672808486879
"g","Bird Observatory","PUF_MBO_07","12/08/2024","26/08/2024","Deuterosminthurus_1304590",18,0.0100502512562814
"g","Bird Observatory","PUF_MBO_07","12/08/2024","26/08/2024","Harrisina_688409",12,0.0067001675041876
"g","Bird Observatory","PUF_MBO_08","26/08/2024","09/09/2024","Glypsus_-21471",1252,0.721613832853026
"g","Bird Observatory","PUF_MBO_08","26/08/2024","09/09/2024",NA,447,0.257636887608069
"g","Bird Observatory","PUF_MBO_08","26/08/2024","09/09/2024","Pionidia_2613197",20,0.0115273775216138
"g","Bird Observatory","PUF_MBO_08","26/08/2024","09/09/2024","Obus_279488",8,0.00461095100864553
"g","Bird Observatory","PUF_MBO_08","26/08/2024","09/09/2024","Succinea_145426",8,0.00461095100864553
"g","Bird Observatory","PUF_MBO_09","09/09/2024","23/09/2024","Glypsus_-21471",1901,0.668659866338375
"g","Bird Observatory","PUF_MBO_09","09/09/2024","23/09/2024",NA,856,0.301090397467464
"g","Bird Observatory","PUF_MBO_09","09/09/2024","23/09/2024","Bos_9903",47,0.0165318325712276
"g","Bird Observatory","PUF_MBO_09","09/09/2024","23/09/2024","Pionidia_2613197",30,0.0105522335561027
"g","Bird Observatory","PUF_MBO_09","09/09/2024","23/09/2024","Homo_9605",9,0.00316567006683081
"g","Bird Observatory","PUF_MBO_10","23/09/2024","07/10/2024","Glypsus_-21471",800,0.494132180358246
"g","Bird Observatory","PUF_MBO_10","23/09/2024","07/10/2024",NA,776,0.479308214947498
"g","Bird Observatory","PUF_MBO_10","23/09/2024","07/10/2024","Haimbachia_1511198",22,0.0135886349598518
"g","Bird Observatory","PUF_MBO_10","23/09/2024","07/10/2024","Sminthurinus_187717",11,0.00679431747992588
"g","Bird Observatory","PUF_MBO_10","23/09/2024","07/10/2024","Rhacognathus_1545358",10,0.00617665225447807
"g","Botanical Garden","PUF_BOT_01","17/05/2024","31/05/2024",NA,507,0.619804400977995
"g","Botanical Garden","PUF_BOT_01","17/05/2024","31/05/2024","Pionidia_2613197",92,0.112469437652812
"g","Botanical Garden","PUF_BOT_01","17/05/2024","31/05/2024","Trisetacus_1227674",75,0.0916870415647922
"g","Botanical Garden","PUF_BOT_01","17/05/2024","31/05/2024","Eriosoma_133081",36,0.0440097799511002
"g","Botanical Garden","PUF_BOT_01","17/05/2024","31/05/2024","Homo_9605",36,0.0440097799511002
"g","Botanical Garden","PUF_BOT_01","17/05/2024","31/05/2024","Heleniella_611355",30,0.0366748166259169
"g","Botanical Garden","PUF_BOT_01","17/05/2024","31/05/2024","Cheumatopsyche_177865",25,0.0305623471882641
"g","Botanical Garden","PUF_BOT_01","17/05/2024","31/05/2024","Parakiefferiella_611371",12,0.0146699266503667
"g","Botanical Garden","PUF_BOT_01","17/05/2024","31/05/2024","Phrurolithus_1226123",5,0.00611246943765281
"g","Botanical Garden","PUF_BOT_02","31/05/2024","14/06/2024",NA,1989,0.828404831320283
"g","Botanical Garden","PUF_BOT_02","31/05/2024","14/06/2024","Glypsus_-21471",121,0.0503956684714702
"g","Botanical Garden","PUF_BOT_02","31/05/2024","14/06/2024","Xestia_320016",109,0.0453977509371095
"g","Botanical Garden","PUF_BOT_02","31/05/2024","14/06/2024","Tydeus_1670773",53,0.0220741357767597
"g","Botanical Garden","PUF_BOT_02","31/05/2024","14/06/2024","Aculus_644140",37,0.0154102457309454
"g","Botanical Garden","PUF_BOT_02","31/05/2024","14/06/2024","Phrurolithus_1226123",21,0.0087463556851312
"g","Botanical Garden","PUF_BOT_02","31/05/2024","14/06/2024","Pionidia_2613197",18,0.00749687630154102
"g","Botanical Garden","PUF_BOT_02","31/05/2024","14/06/2024","Homo_9605",17,0.00708038317367763
"g","Botanical Garden","PUF_BOT_02","31/05/2024","14/06/2024","Rhacognathus_1545358",12,0.00499791753436068
"g","Botanical Garden","PUF_BOT_02","31/05/2024","14/06/2024","Muscina_57892",8,0.00333194502290712
"g","Botanical Garden","PUF_BOT_02","31/05/2024","14/06/2024","Galapagocoris_-21292",7,0.00291545189504373
"g","Botanical Garden","PUF_BOT_02","31/05/2024","14/06/2024","Cricotopus_153373",5,0.00208246563931695
"g","Botanical Garden","PUF_BOT_02","31/05/2024","14/06/2024","Abacarus_644136",4,0.00166597251145356
"g","Botanical Garden","PUF_BOT_03","24/06/2024","28/06/2024","Bos_9903",88,1
"g","Botanical Garden","PUF_BOT_04","28/06/2024","12/07/2024","Glypsus_-21471",524,0.560427807486631
"g","Botanical Garden","PUF_BOT_04","28/06/2024","12/07/2024",NA,215,0.229946524064171
"g","Botanical Garden","PUF_BOT_04","28/06/2024","12/07/2024","Asteia_305551",138,0.147593582887701
"g","Botanical Garden","PUF_BOT_04","28/06/2024","12/07/2024","Pionidia_2613197",41,0.0438502673796791
"g","Botanical Garden","PUF_BOT_04","28/06/2024","12/07/2024","Harmonia_115356",8,0.00855614973262032
"g","Botanical Garden","PUF_BOT_04","28/06/2024","12/07/2024","Cricotopus_153373",6,0.00641711229946524
"g","Botanical Garden","PUF_BOT_04","28/06/2024","12/07/2024","Homo_9605",3,0.00320855614973262
"g","Botanical Garden","PUF_BOT_05","12/07/2024","26/07/2024","Glypsus_-21471",569,0.374095989480605
"g","Botanical Garden","PUF_BOT_05","12/07/2024","26/07/2024",NA,400,0.262984878369494
"g","Botanical Garden","PUF_BOT_05","12/07/2024","26/07/2024","Dasineura_240745",381,0.250493096646943
"g","Botanical Garden","PUF_BOT_05","12/07/2024","26/07/2024","Bos_9903",61,0.0401051939513478
"g","Botanical Garden","PUF_BOT_05","12/07/2024","26/07/2024","Pionidia_2613197",52,0.0341880341880342
"g","Botanical Garden","PUF_BOT_05","12/07/2024","26/07/2024","Shevtchenkella_1452708",31,0.0203813280736358
"g","Botanical Garden","PUF_BOT_05","12/07/2024","26/07/2024","Aceria_109362",18,0.0118343195266272
"g","Botanical Garden","PUF_BOT_05","12/07/2024","26/07/2024","Triophytydeus_-3480",9,0.00591715976331361
"g","Botanical Garden","PUF_BOT_06","26/07/2024","09/08/2024","Pyla_683885",17783,0.898721382726032
"g","Botanical Garden","PUF_BOT_06","26/07/2024","09/08/2024","Glypsus_-21471",800,0.0404305857381109
"g","Botanical Garden","PUF_BOT_06","26/07/2024","09/08/2024","Homo_9605",705,0.0356294536817102
"g","Botanical Garden","PUF_BOT_06","26/07/2024","09/08/2024",NA,177,0.00894526709455703
"g","Botanical Garden","PUF_BOT_06","26/07/2024","09/08/2024","Galapagocoris_-21292",88,0.0044473644311922
"g","Botanical Garden","PUF_BOT_06","26/07/2024","09/08/2024","Bembidion_60800",86,0.00434628796684692
"g","Botanical Garden","PUF_BOT_06","26/07/2024","09/08/2024","Tetramorium_30204",31,0.0015666851973518
"g","Botanical Garden","PUF_BOT_06","26/07/2024","09/08/2024","Harrisina_688409",24,0.00121291757214333
"g","Botanical Garden","PUF_BOT_06","26/07/2024","09/08/2024","Aethes_572702",23,0.00116237933997069
"g","Botanical Garden","PUF_BOT_06","26/07/2024","09/08/2024","Aphis_80764",18,0.000909688179107495
"g","Botanical Garden","PUF_BOT_06","26/07/2024","09/08/2024","Pionidia_2613197",14,0.00070753525041694
"g","Botanical Garden","PUF_BOT_06","26/07/2024","09/08/2024","Psectrocladius_288848",13,0.000656997018244302
"g","Botanical Garden","PUF_BOT_06","26/07/2024","09/08/2024","Rhacognathus_1545358",13,0.000656997018244302
"g","Botanical Garden","PUF_BOT_06","26/07/2024","09/08/2024","Sciurus_10001",12,0.000606458786071663
"g","Botanical Garden","PUF_BOT_07","09/08/2024","23/08/2024","Glypsus_-21471",1959,0.740083112958066
"g","Botanical Garden","PUF_BOT_07","09/08/2024","23/08/2024",NA,595,0.22478277295051
"g","Botanical Garden","PUF_BOT_07","09/08/2024","23/08/2024","Pionidia_2613197",43,0.0162448054401209
"g","Botanical Garden","PUF_BOT_07","09/08/2024","23/08/2024","Homo_9605",17,0.00642236494144314
"g","Botanical Garden","PUF_BOT_07","09/08/2024","23/08/2024","Tydeus_1670773",17,0.00642236494144314
"g","Botanical Garden","PUF_BOT_07","09/08/2024","23/08/2024","Rhacognathus_1545358",16,0.00604457876841708
"g","Botanical Garden","PUF_BOT_08","23/08/2024","06/09/2024","Glypsus_-21471",571,0.482263513513513
"g","Botanical Garden","PUF_BOT_08","23/08/2024","06/09/2024",NA,477,0.402871621621622
"g","Botanical Garden","PUF_BOT_08","23/08/2024","06/09/2024","Lasius_7482",41,0.0346283783783784
"g","Botanical Garden","PUF_BOT_08","23/08/2024","06/09/2024","Aceria_109362",38,0.0320945945945946
"g","Botanical Garden","PUF_BOT_08","23/08/2024","06/09/2024","Tydeus_1670773",32,0.027027027027027
"g","Botanical Garden","PUF_BOT_08","23/08/2024","06/09/2024","Pionidia_2613197",12,0.0101351351351351
"g","Botanical Garden","PUF_BOT_08","23/08/2024","06/09/2024","Aphidoletes_95971",5,0.00422297297297297
"g","Botanical Garden","PUF_BOT_08","23/08/2024","06/09/2024","Dicranomyia_58260",4,0.00337837837837838
"g","Botanical Garden","PUF_BOT_08","23/08/2024","06/09/2024","Melanoplus_30252",4,0.00337837837837838
"g","Botanical Garden","PUF_BOT_09","06/09/2024","20/09/2024","Glypsus_-21471",1107,0.756664388243336
"g","Botanical Garden","PUF_BOT_09","06/09/2024","20/09/2024",NA,175,0.119617224880383
"g","Botanical Garden","PUF_BOT_09","06/09/2024","20/09/2024","Pionidia_2613197",155,0.105946684894053
"g","Botanical Garden","PUF_BOT_09","06/09/2024","20/09/2024","Homo_9605",11,0.0075187969924812
"g","Botanical Garden","PUF_BOT_09","06/09/2024","20/09/2024","Rhacognathus_1545358",6,0.00410116199589884
"g","Botanical Garden","PUF_BOT_09","06/09/2024","20/09/2024","Abacarus_644136",5,0.00341763499658236
"g","Botanical Garden","PUF_BOT_09","06/09/2024","20/09/2024","Erioptera_700840",4,0.00273410799726589
"g","Botanical Garden","PUF_BOT_10","20/09/2024","04/10/2024","Glypsus_-21471",2761,0.716584479626265
"g","Botanical Garden","PUF_BOT_10","20/09/2024","04/10/2024",NA,684,0.177524007267065
"g","Botanical Garden","PUF_BOT_10","20/09/2024","04/10/2024","Bos_9903",327,0.0848689332987283
"g","Botanical Garden","PUF_BOT_10","20/09/2024","04/10/2024","Pionidia_2613197",81,0.0210225798079419
"g","Boucherville","PUF_BOU_01","27/05/2024","10/06/2024",NA,243,0.964285714285714
"g","Boucherville","PUF_BOU_01","27/05/2024","10/06/2024","Corynoptera_1260849",3,0.0119047619047619
"g","Boucherville","PUF_BOU_01","27/05/2024","10/06/2024","Homo_9605",2,0.00793650793650794
"g","Boucherville","PUF_BOU_01","27/05/2024","10/06/2024","Pachypappa_330417",2,0.00793650793650794
"g","Boucherville","PUF_BOU_01","27/05/2024","10/06/2024","Rhacognathus_1545358",2,0.00793650793650794
"g","Boucherville","PUF_BOU_02","10/06/2024","24/06/2024",NA,522,0.494318181818182
"g","Boucherville","PUF_BOU_02","10/06/2024","24/06/2024","Deuterosminthurus_1304590",344,0.325757575757576
"g","Boucherville","PUF_BOU_02","10/06/2024","24/06/2024","Tyrophagus_41443",76,0.071969696969697
"g","Boucherville","PUF_BOU_02","10/06/2024","24/06/2024","Homo_9605",34,0.0321969696969697
"g","Boucherville","PUF_BOU_02","10/06/2024","24/06/2024","Cantharis_41098",24,0.0227272727272727
"g","Boucherville","PUF_BOU_02","10/06/2024","24/06/2024","Pionidia_2613197",21,0.0198863636363636
"g","Boucherville","PUF_BOU_02","10/06/2024","24/06/2024","Glypsus_-21471",18,0.0170454545454545
"g","Boucherville","PUF_BOU_02","10/06/2024","24/06/2024","Rhacognathus_1545358",17,0.0160984848484848
"g","Boucherville","PUF_BOU_03","24/06/2024","08/07/2024",NA,331,0.515576323987539
"g","Boucherville","PUF_BOU_03","24/06/2024","08/07/2024","Glypsus_-21471",115,0.179127725856698
"g","Boucherville","PUF_BOU_03","24/06/2024","08/07/2024","Deuterosminthurus_1304590",82,0.127725856697819
"g","Boucherville","PUF_BOU_03","24/06/2024","08/07/2024","Bos_9903",57,0.088785046728972
"g","Boucherville","PUF_BOU_03","24/06/2024","08/07/2024","Tydeus_1670773",21,0.0327102803738318
"g","Boucherville","PUF_BOU_03","24/06/2024","08/07/2024","Pionidia_2613197",17,0.0264797507788162
"g","Boucherville","PUF_BOU_03","24/06/2024","08/07/2024","Rhacognathus_1545358",12,0.0186915887850467
"g","Boucherville","PUF_BOU_03","24/06/2024","08/07/2024","Melanoplus_30252",7,0.0109034267912773
"g","Boucherville","PUF_BOU_04","08/07/2024","22/07/2024","Glypsus_-21471",276,0.469387755102041
"g","Boucherville","PUF_BOU_04","08/07/2024","22/07/2024",NA,206,0.350340136054422
"g","Boucherville","PUF_BOU_04","08/07/2024","22/07/2024","Melanoplus_30252",32,0.054421768707483
"g","Boucherville","PUF_BOU_04","08/07/2024","22/07/2024","Pionidia_2613197",24,0.0408163265306122
"g","Boucherville","PUF_BOU_04","08/07/2024","22/07/2024","Cricotopus_153373",18,0.0306122448979592
"g","Boucherville","PUF_BOU_04","08/07/2024","22/07/2024","Tanytarsus_288802",8,0.0136054421768707
"g","Boucherville","PUF_BOU_04","08/07/2024","22/07/2024","Bembidion_60800",7,0.0119047619047619
"g","Boucherville","PUF_BOU_04","08/07/2024","22/07/2024","Deuterosminthurus_1304590",5,0.00850340136054422
"g","Boucherville","PUF_BOU_04","08/07/2024","22/07/2024","Rhacognathus_1545358",5,0.00850340136054422
"g","Boucherville","PUF_BOU_04","08/07/2024","22/07/2024","Homo_9605",4,0.00680272108843537
"g","Boucherville","PUF_BOU_04","08/07/2024","22/07/2024","Bos_9903",3,0.00510204081632653
"g","Boucherville","PUF_BOU_05","22/07/2024","05/08/2024","Glypsus_-21471",1825,0.74642126789366
"g","Boucherville","PUF_BOU_05","22/07/2024","05/08/2024",NA,259,0.105930470347648
"g","Boucherville","PUF_BOU_05","22/07/2024","05/08/2024","Aphis_80764",153,0.0625766871165644
"g","Boucherville","PUF_BOU_05","22/07/2024","05/08/2024","Swammerdamella_3120128",37,0.0151329243353783
"g","Boucherville","PUF_BOU_05","22/07/2024","05/08/2024","Corynoptera_1260849",34,0.0139059304703476
"g","Boucherville","PUF_BOU_05","22/07/2024","05/08/2024","Ornithonyssus_224535",34,0.0139059304703476
"g","Boucherville","PUF_BOU_05","22/07/2024","05/08/2024","Mycodiplosis_996607",25,0.0102249488752556
"g","Boucherville","PUF_BOU_05","22/07/2024","05/08/2024","Cantharis_41098",19,0.00777096114519427
"g","Boucherville","PUF_BOU_05","22/07/2024","05/08/2024","Tydeus_1670773",19,0.00777096114519427
"g","Boucherville","PUF_BOU_05","22/07/2024","05/08/2024","Pionidia_2613197",17,0.00695296523517382
"g","Boucherville","PUF_BOU_05","22/07/2024","05/08/2024","Rhacognathus_1545358",16,0.0065439672801636
"g","Boucherville","PUF_BOU_05","22/07/2024","05/08/2024","Rynchobanchus_1905500",7,0.00286298568507157
"g","Boucherville","PUF_BOU_06","05/08/2024","19/08/2024","Glypsus_-21471",563,0.66548463356974
"g","Boucherville","PUF_BOU_06","05/08/2024","19/08/2024",NA,183,0.216312056737589
"g","Boucherville","PUF_BOU_06","05/08/2024","19/08/2024","Pionidia_2613197",35,0.041371158392435
"g","Boucherville","PUF_BOU_06","05/08/2024","19/08/2024","Artemia_6660",30,0.0354609929078014
"g","Boucherville","PUF_BOU_06","05/08/2024","19/08/2024","Ischnura_79456",18,0.0212765957446809
"g","Boucherville","PUF_BOU_06","05/08/2024","19/08/2024","Tetra_1310384",12,0.0141843971631206
"g","Boucherville","PUF_BOU_06","05/08/2024","19/08/2024","Deuterosminthurus_1304590",5,0.00591016548463357
"g","Boucherville","PUF_BOU_07","19/08/2024","02/09/2024",NA,120,0.368098159509202
"g","Boucherville","PUF_BOU_07","19/08/2024","02/09/2024","Glypsus_-21471",92,0.282208588957055
"g","Boucherville","PUF_BOU_07","19/08/2024","02/09/2024","Bos_9903",60,0.184049079754601
"g","Boucherville","PUF_BOU_07","19/08/2024","02/09/2024","Deuterosminthurus_1304590",53,0.162576687116564
"g","Boucherville","PUF_BOU_07","19/08/2024","02/09/2024","Galapagocoris_-21292",1,0.00306748466257669
"g","Boucherville","PUF_BOU_08","02/09/2024","16/09/2024","Glypsus_-21471",1701,0.762096774193548
"g","Boucherville","PUF_BOU_08","02/09/2024","16/09/2024",NA,479,0.214605734767025
"g","Boucherville","PUF_BOU_08","02/09/2024","16/09/2024","Pionidia_2613197",22,0.00985663082437276
"g","Boucherville","PUF_BOU_08","02/09/2024","16/09/2024","Cricotopus_153373",17,0.00761648745519713
"g","Boucherville","PUF_BOU_08","02/09/2024","16/09/2024","Psychoda_7201",13,0.00582437275985663
"g","Boucherville","PUF_BOU_09","16/09/2024","30/09/2024","Glypsus_-21471",1259,0.699833240689272
"g","Boucherville","PUF_BOU_09","16/09/2024","30/09/2024",NA,429,0.238465814341301
"g","Boucherville","PUF_BOU_09","16/09/2024","30/09/2024","Homo_9605",65,0.0361311839911062
"g","Boucherville","PUF_BOU_09","16/09/2024","30/09/2024","Bembidion_60800",19,0.0105614230127849
"g","Boucherville","PUF_BOU_09","16/09/2024","30/09/2024","Pionidia_2613197",17,0.009449694274597
"g","Boucherville","PUF_BOU_09","16/09/2024","30/09/2024","Deroceras_145609",10,0.00555864369093941
"g","IPEX","PUF_IPEX_01","15/05/2024","29/05/2024","Glypsus_-21471",48,0.428571428571429
"g","IPEX","PUF_IPEX_01","15/05/2024","29/05/2024",NA,32,0.285714285714286
"g","IPEX","PUF_IPEX_01","15/05/2024","29/05/2024","Bos_9903",21,0.1875
"g","IPEX","PUF_IPEX_01","15/05/2024","29/05/2024","Homo_9605",7,0.0625
"g","IPEX","PUF_IPEX_01","15/05/2024","29/05/2024","Rhyncaphytoptus_1452700",3,0.0267857142857143
"g","IPEX","PUF_IPEX_01","15/05/2024","29/05/2024","Pionidia_2613197",1,0.00892857142857143
"g","IPEX","PUF_IPEX_02","29/05/2024","12/06/2024",NA,1323,0.746192893401015
"g","IPEX","PUF_IPEX_02","29/05/2024","12/06/2024","Abacarus_644136",125,0.0705019740552735
"g","IPEX","PUF_IPEX_02","29/05/2024","12/06/2024","Glypsus_-21471",90,0.050761421319797
"g","IPEX","PUF_IPEX_02","29/05/2024","12/06/2024","Rhacognathus_1545358",52,0.0293288212069938
"g","IPEX","PUF_IPEX_02","29/05/2024","12/06/2024","Tanytarsus_288802",47,0.0265087422447829
"g","IPEX","PUF_IPEX_02","29/05/2024","12/06/2024","Tetra_1310384",21,0.011844331641286
"g","IPEX","PUF_IPEX_02","29/05/2024","12/06/2024","Triophytydeus_-3480",18,0.0101522842639594
"g","IPEX","PUF_IPEX_02","29/05/2024","12/06/2024","Cinara_97051",17,0.0095882684715172
"g","IPEX","PUF_IPEX_02","29/05/2024","12/06/2024","Hippodamia_64693",14,0.00789622109419064
"g","IPEX","PUF_IPEX_02","29/05/2024","12/06/2024","Pionidia_2613197",14,0.00789622109419064
"g","IPEX","PUF_IPEX_02","29/05/2024","12/06/2024","Chironomus_7150",10,0.00564015792442188
"g","IPEX","PUF_IPEX_02","29/05/2024","12/06/2024","Corynoneura_611344",10,0.00564015792442188
"g","IPEX","PUF_IPEX_02","29/05/2024","12/06/2024","Dasineura_240745",10,0.00564015792442188
"g","IPEX","PUF_IPEX_02","29/05/2024","12/06/2024","Cantharis_41098",9,0.0050761421319797
"g","IPEX","PUF_IPEX_02","29/05/2024","12/06/2024","Homo_9605",7,0.00394811054709532
"g","IPEX","PUF_IPEX_02","29/05/2024","12/06/2024","Cavariella_330420",6,0.00338409475465313
"g","IPEX","PUF_IPEX_03","12/06/2024","26/06/2024","Larinioides_280405",9871,0.874933522425102
"g","IPEX","PUF_IPEX_03","12/06/2024","26/06/2024",NA,1064,0.0943095195887254
"g","IPEX","PUF_IPEX_03","12/06/2024","26/06/2024","Glypsus_-21471",174,0.0154227973763517
"g","IPEX","PUF_IPEX_03","12/06/2024","26/06/2024","Pionidia_2613197",73,0.00647048395674526
"g","IPEX","PUF_IPEX_03","12/06/2024","26/06/2024","Bos_9903",52,0.00460911185959936
"g","IPEX","PUF_IPEX_03","12/06/2024","26/06/2024","Galapagocoris_-21292",15,0.00132955149796135
"g","IPEX","PUF_IPEX_03","12/06/2024","26/06/2024","Bembidion_60800",13,0.00115227796489984
"g","IPEX","PUF_IPEX_03","12/06/2024","26/06/2024","Macrothrix_362306",12,0.00106364119836908
"g","IPEX","PUF_IPEX_03","12/06/2024","26/06/2024","Homo_9605",8,0.000709094132246056
"g","IPEX","PUF_IPEX_04","26/06/2024","10/07/2024","Glypsus_-21471",888,0.447129909365559
"g","IPEX","PUF_IPEX_04","26/06/2024","10/07/2024",NA,610,0.307150050352467
"g","IPEX","PUF_IPEX_04","26/06/2024","10/07/2024","Tydeus_1670773",116,0.0584088620342397
"g","IPEX","PUF_IPEX_04","26/06/2024","10/07/2024","Rhacognathus_1545358",105,0.0528700906344411
"g","IPEX","PUF_IPEX_04","26/06/2024","10/07/2024","Pionidia_2613197",72,0.0362537764350453
"g","IPEX","PUF_IPEX_04","26/06/2024","10/07/2024","Petrophila_655076",66,0.0332326283987915
"g","IPEX","PUF_IPEX_04","26/06/2024","10/07/2024","Bos_9903",48,0.0241691842900302
"g","IPEX","PUF_IPEX_04","26/06/2024","10/07/2024","Abacarus_644136",28,0.014098690835851
"g","IPEX","PUF_IPEX_04","26/06/2024","10/07/2024","Tyrophagus_41443",27,0.013595166163142
"g","IPEX","PUF_IPEX_04","26/06/2024","10/07/2024","Rynchobanchus_1905500",17,0.00855991943605237
"g","IPEX","PUF_IPEX_04","26/06/2024","10/07/2024","Homo_9605",9,0.00453172205438067
"g","IPEX","PUF_IPEX_05","10/07/2024","24/07/2024","Glypsus_-21471",3773,0.659500087397308
"g","IPEX","PUF_IPEX_05","10/07/2024","24/07/2024",NA,1596,0.278972207656004
"g","IPEX","PUF_IPEX_05","10/07/2024","24/07/2024","Deuterosminthurus_1304590",121,0.0211501485754239
"g","IPEX","PUF_IPEX_05","10/07/2024","24/07/2024","Rhacognathus_1545358",58,0.0101380877468974
"g","IPEX","PUF_IPEX_05","10/07/2024","24/07/2024","Homo_9605",49,0.00856493619996504
"g","IPEX","PUF_IPEX_05","10/07/2024","24/07/2024","Aculus_644140",37,0.00646740080405524
"g","IPEX","PUF_IPEX_05","10/07/2024","24/07/2024","Ceraclea_177832",27,0.00471945464079706
"g","IPEX","PUF_IPEX_05","10/07/2024","24/07/2024","Galapagocoris_-21292",23,0.00402027617549379
"g","IPEX","PUF_IPEX_05","10/07/2024","24/07/2024","Aeshna_12920",13,0.00227233001223562
"g","IPEX","PUF_IPEX_05","10/07/2024","24/07/2024","Cepaea_28834",12,0.00209753539590981
"g","IPEX","PUF_IPEX_05","10/07/2024","24/07/2024","Lasius_7482",12,0.00209753539590981
"g","IPEX","PUF_IPEX_06","24/07/2024","07/08/2024","Glypsus_-21471",812,0.790652385589094
"g","IPEX","PUF_IPEX_06","24/07/2024","07/08/2024",NA,185,0.180136319376826
"g","IPEX","PUF_IPEX_06","24/07/2024","07/08/2024","Pionidia_2613197",18,0.0175267770204479
"g","IPEX","PUF_IPEX_06","24/07/2024","07/08/2024","Galapagocoris_-21292",6,0.00584225900681597
"g","IPEX","PUF_IPEX_06","24/07/2024","07/08/2024","Rhacognathus_1545358",6,0.00584225900681597
"g","IPEX","PUF_IPEX_07","07/08/2024","21/08/2024","Glypsus_-21471",1045,0.604046242774566
"g","IPEX","PUF_IPEX_07","07/08/2024","21/08/2024",NA,578,0.334104046242775
"g","IPEX","PUF_IPEX_07","07/08/2024","21/08/2024","Pionidia_2613197",53,0.030635838150289
"g","IPEX","PUF_IPEX_07","07/08/2024","21/08/2024","Rhacognathus_1545358",27,0.015606936416185
"g","IPEX","PUF_IPEX_07","07/08/2024","21/08/2024","Rynchobanchus_1905500",13,0.00751445086705202
"g","IPEX","PUF_IPEX_07","07/08/2024","21/08/2024","Scatella_305595",9,0.00520231213872832
"g","IPEX","PUF_IPEX_07","07/08/2024","21/08/2024","Homo_9605",5,0.00289017341040462
"g","IPEX","PUF_IPEX_08","21/08/2024","04/09/2024","Glypsus_-21471",1466,0.624095359727544
"g","IPEX","PUF_IPEX_08","21/08/2024","04/09/2024",NA,711,0.302681992337165
"g","IPEX","PUF_IPEX_08","21/08/2024","04/09/2024","Bos_9903",70,0.0297999148573861
"g","IPEX","PUF_IPEX_08","21/08/2024","04/09/2024","Mycodiplosis_996607",39,0.016602809706258
"g","IPEX","PUF_IPEX_08","21/08/2024","04/09/2024","Rhacognathus_1545358",27,0.0114942528735632
"g","IPEX","PUF_IPEX_08","21/08/2024","04/09/2024","Eukiefferiella_288843",19,0.00808854831843338
"g","IPEX","PUF_IPEX_08","21/08/2024","04/09/2024","Homo_9605",17,0.00723712217965092
"g","IPEX","PUF_IPEX_09","04/09/2024","18/09/2024","Glypsus_-21471",962,0.837979094076655
"g","IPEX","PUF_IPEX_09","04/09/2024","18/09/2024",NA,130,0.113240418118467
"g","IPEX","PUF_IPEX_09","04/09/2024","18/09/2024","Pionidia_2613197",31,0.0270034843205575
"g","IPEX","PUF_IPEX_09","04/09/2024","18/09/2024","Uroleucon_87309",11,0.00958188153310104
"g","IPEX","PUF_IPEX_09","04/09/2024","18/09/2024","Anoecia_133066",7,0.00609756097560976
"g","IPEX","PUF_IPEX_09","04/09/2024","18/09/2024","Rhacognathus_1545358",7,0.00609756097560976
"g","IPEX","PUF_IPEX_10","18/09/2024","02/10/2024","Glypsus_-21471",2651,0.615938661710037
"g","IPEX","PUF_IPEX_10","18/09/2024","02/10/2024",NA,718,0.16682156133829
"g","IPEX","PUF_IPEX_10","18/09/2024","02/10/2024","Liposcelis_160150",574,0.133364312267658
"g","IPEX","PUF_IPEX_10","18/09/2024","02/10/2024","Pionidia_2613197",161,0.037407063197026
"g","IPEX","PUF_IPEX_10","18/09/2024","02/10/2024","Bryophaenocladius_611339",83,0.0192843866171004
"g","IPEX","PUF_IPEX_10","18/09/2024","02/10/2024","Rhacognathus_1545358",45,0.0104553903345725
"g","IPEX","PUF_IPEX_10","18/09/2024","02/10/2024","Agrotis_47766",23,0.00534386617100372
"g","IPEX","PUF_IPEX_10","18/09/2024","02/10/2024","Tetramorium_30204",20,0.00464684014869888
"g","IPEX","PUF_IPEX_10","18/09/2024","02/10/2024","Cylindroiulus_47131",17,0.00394981412639405
"g","IPEX","PUF_IPEX_10","18/09/2024","02/10/2024","Forda_133083",12,0.00278810408921933
"g","Jean-Drapeau","PUF_JD_01","22/05/2024","05/06/2024","Hypena_95218",6071,0.682134831460674
"g","Jean-Drapeau","PUF_JD_01","22/05/2024","05/06/2024","Anystis_66557",1435,0.16123595505618
"g","Jean-Drapeau","PUF_JD_01","22/05/2024","05/06/2024",NA,869,0.0976404494382022
"g","Jean-Drapeau","PUF_JD_01","22/05/2024","05/06/2024","Lasioseius_296243",114,0.0128089887640449
"g","Jean-Drapeau","PUF_JD_01","22/05/2024","05/06/2024","Tetragnatha_27395",76,0.00853932584269663
"g","Jean-Drapeau","PUF_JD_01","22/05/2024","05/06/2024","Cricotopus_153373",62,0.00696629213483146
"g","Jean-Drapeau","PUF_JD_01","22/05/2024","05/06/2024","Glypsus_-21471",46,0.0051685393258427
"g","Jean-Drapeau","PUF_JD_01","22/05/2024","05/06/2024","Parakiefferiella_611371",43,0.0048314606741573
"g","Jean-Drapeau","PUF_JD_01","22/05/2024","05/06/2024","Tetramorium_30204",34,0.00382022471910112
"g","Jean-Drapeau","PUF_JD_01","22/05/2024","05/06/2024","Tydeus_1670773",32,0.00359550561797753
"g","Jean-Drapeau","PUF_JD_01","22/05/2024","05/06/2024","Pionidia_2613197",24,0.00269662921348315
"g","Jean-Drapeau","PUF_JD_01","22/05/2024","05/06/2024","Abacarus_644136",23,0.00258426966292135
"g","Jean-Drapeau","PUF_JD_01","22/05/2024","05/06/2024","Aphis_80764",16,0.00179775280898876
"g","Jean-Drapeau","PUF_JD_01","22/05/2024","05/06/2024","Homo_9605",13,0.00146067415730337
"g","Jean-Drapeau","PUF_JD_01","22/05/2024","05/06/2024","Stenacron_248190",13,0.00146067415730337
"g","Jean-Drapeau","PUF_JD_01","22/05/2024","05/06/2024","Plagiognathus_236934",11,0.00123595505617978
"g","Jean-Drapeau","PUF_JD_01","22/05/2024","05/06/2024","Rhacognathus_1545358",11,0.00123595505617978
"g","Jean-Drapeau","PUF_JD_01","22/05/2024","05/06/2024","Demodex_188544",7,0.000786516853932584
"g","Jean-Drapeau","PUF_JD_02","05/06/2024","19/06/2024","Pigritia_347817",13484,0.951185101580135
"g","Jean-Drapeau","PUF_JD_02","05/06/2024","19/06/2024",NA,264,0.0186230248306998
"g","Jean-Drapeau","PUF_JD_02","05/06/2024","19/06/2024","Xestia_320016",183,0.0129091422121896
"g","Jean-Drapeau","PUF_JD_02","05/06/2024","19/06/2024","Hydroptila_599788",94,0.00663092550790068
"g","Jean-Drapeau","PUF_JD_02","05/06/2024","19/06/2024","Hydropsyche_50443",46,0.00324492099322799
"g","Jean-Drapeau","PUF_JD_02","05/06/2024","19/06/2024","Tetragnatha_27395",28,0.00197516930022573
"g","Jean-Drapeau","PUF_JD_02","05/06/2024","19/06/2024","Pionidia_2613197",18,0.00126975169300226
"g","Jean-Drapeau","PUF_JD_02","05/06/2024","19/06/2024","Philodromus_336567",13,0.000917042889390519
"g","Jean-Drapeau","PUF_JD_02","05/06/2024","19/06/2024","Tydeus_1670773",11,0.000775959367945824
"g","Jean-Drapeau","PUF_JD_02","05/06/2024","19/06/2024","Agelaius_9190",10,0.000705417607223476
"g","Jean-Drapeau","PUF_JD_02","05/06/2024","19/06/2024","Hyloniscus_115154",9,0.000634875846501129
"g","Jean-Drapeau","PUF_JD_02","05/06/2024","19/06/2024","Abacarus_644136",8,0.000564334085778781
"g","Jean-Drapeau","PUF_JD_02","05/06/2024","19/06/2024","Polypedilum_54968",8,0.000564334085778781
"g","Jean-Drapeau","PUF_JD_03","19/06/2024","03/07/2024",NA,312,0.308605341246291
"g","Jean-Drapeau","PUF_JD_03","19/06/2024","03/07/2024","Plagiognathus_236934",163,0.161226508407517
"g","Jean-Drapeau","PUF_JD_03","19/06/2024","03/07/2024","Glypsus_-21471",160,0.158259149357072
"g","Jean-Drapeau","PUF_JD_03","19/06/2024","03/07/2024","Homo_9605",100,0.0989119683481701
"g","Jean-Drapeau","PUF_JD_03","19/06/2024","03/07/2024","Thaumatomyia_333800",93,0.0919881305637982
"g","Jean-Drapeau","PUF_JD_03","19/06/2024","03/07/2024","Pionidia_2613197",60,0.0593471810089021
"g","Jean-Drapeau","PUF_JD_03","19/06/2024","03/07/2024","Chrysoperla_7521",31,0.0306627101879327
"g","Jean-Drapeau","PUF_JD_03","19/06/2024","03/07/2024","Oidaematophorus_688446",24,0.0237388724035608
"g","Jean-Drapeau","PUF_JD_03","19/06/2024","03/07/2024","Kosswigianella_984418",18,0.0178041543026706
"g","Jean-Drapeau","PUF_JD_03","19/06/2024","03/07/2024","Tanytarsus_288802",13,0.0128585558852621
"g","Jean-Drapeau","PUF_JD_03","19/06/2024","03/07/2024","Abacarus_644136",12,0.0118694362017804
"g","Jean-Drapeau","PUF_JD_03","19/06/2024","03/07/2024","Lasius_7482",11,0.0108803165182987
"g","Jean-Drapeau","PUF_JD_03","19/06/2024","03/07/2024","Lycoriella_170626",8,0.00791295746785361
"g","Jean-Drapeau","PUF_JD_03","19/06/2024","03/07/2024","Tydeus_1670773",6,0.00593471810089021
"g","Jean-Drapeau","PUF_JD_04","03/07/2024","17/07/2024","Glypsus_-21471",996,0.604368932038835
"g","Jean-Drapeau","PUF_JD_04","03/07/2024","17/07/2024","Bos_9903",217,0.131674757281553
"g","Jean-Drapeau","PUF_JD_04","03/07/2024","17/07/2024","Tetragnatha_27395",153,0.0928398058252427
"g","Jean-Drapeau","PUF_JD_04","03/07/2024","17/07/2024","Pionidia_2613197",149,0.0904126213592233
"g","Jean-Drapeau","PUF_JD_04","03/07/2024","17/07/2024",NA,121,0.0734223300970874
"g","Jean-Drapeau","PUF_JD_04","03/07/2024","17/07/2024","Homo_9605",7,0.00424757281553398
"g","Jean-Drapeau","PUF_JD_04","03/07/2024","17/07/2024","Bembidion_60800",5,0.00303398058252427
"g","Jean-Drapeau","PUF_JD_05","17/07/2024","31/07/2024","Tetragnatha_27395",1700,0.405437634152158
"g","Jean-Drapeau","PUF_JD_05","17/07/2024","31/07/2024","Glypsus_-21471",609,0.145242070116861
"g","Jean-Drapeau","PUF_JD_05","17/07/2024","31/07/2024",NA,544,0.129740042928691
"g","Jean-Drapeau","PUF_JD_05","17/07/2024","31/07/2024","Pemphigus_13192",435,0.103744335797758
"g","Jean-Drapeau","PUF_JD_05","17/07/2024","31/07/2024","Pionidia_2613197",297,0.0708323396136418
"g","Jean-Drapeau","PUF_JD_05","17/07/2024","31/07/2024","Cricotopus_153373",243,0.0579537324111615
"g","Jean-Drapeau","PUF_JD_05","17/07/2024","31/07/2024","Euschistus_437492",55,0.0131170999284522
"g","Jean-Drapeau","PUF_JD_05","17/07/2024","31/07/2024","Tetra_1310384",50,0.0119246362985929
"g","Jean-Drapeau","PUF_JD_05","17/07/2024","31/07/2024","Artemia_6660",45,0.0107321726687336
"g","Jean-Drapeau","PUF_JD_05","17/07/2024","31/07/2024","Bos_9903",45,0.0107321726687336
"g","Jean-Drapeau","PUF_JD_05","17/07/2024","31/07/2024","Aphis_80764",42,0.010016694490818
"g","Jean-Drapeau","PUF_JD_05","17/07/2024","31/07/2024","Melanophthalma_433122",38,0.0090627235869306
"g","Jean-Drapeau","PUF_JD_05","17/07/2024","31/07/2024","Endria_30119",37,0.00882423086095874
"g","Jean-Drapeau","PUF_JD_05","17/07/2024","31/07/2024","Polypedilum_54968",15,0.00357739088957787
"g","Jean-Drapeau","PUF_JD_05","17/07/2024","31/07/2024","Homo_9605",11,0.00262341998569044
"g","Jean-Drapeau","PUF_JD_05","17/07/2024","31/07/2024","Rhacognathus_1545358",11,0.00262341998569044
"g","Jean-Drapeau","PUF_JD_05","17/07/2024","31/07/2024","Dasyhelea_41822",9,0.00214643453374672
"g","Jean-Drapeau","PUF_JD_05","17/07/2024","31/07/2024","Parasteatoda_449632",7,0.00166944908180301
"g","Jean-Drapeau","PUF_JD_06","31/07/2024","14/08/2024","Glypsus_-21471",3494,0.883215369059656
"g","Jean-Drapeau","PUF_JD_06","31/07/2024","14/08/2024",NA,262,0.0662285136501517
"g","Jean-Drapeau","PUF_JD_06","31/07/2024","14/08/2024","Tetragnatha_27395",119,0.0300808897876643
"g","Jean-Drapeau","PUF_JD_06","31/07/2024","14/08/2024","Pionidia_2613197",38,0.0096056622851365
"g","Jean-Drapeau","PUF_JD_06","31/07/2024","14/08/2024","Cricotopus_153373",15,0.00379170879676441
"g","Jean-Drapeau","PUF_JD_06","31/07/2024","14/08/2024","Tydeus_1670773",11,0.00278058645096057
"g","Jean-Drapeau","PUF_JD_06","31/07/2024","14/08/2024","Lasius_7482",10,0.00252780586450961
"g","Jean-Drapeau","PUF_JD_06","31/07/2024","14/08/2024","Tanytarsus_288802",7,0.00176946410515672
"g","Jean-Drapeau","PUF_JD_07","14/08/2024","28/08/2024","Glypsus_-21471",2271,0.501435195407375
"g","Jean-Drapeau","PUF_JD_07","14/08/2024","28/08/2024","Harmonia_115356",867,0.19143298741444
"g","Jean-Drapeau","PUF_JD_07","14/08/2024","28/08/2024","Hydropsyche_50443",592,0.130713181717819
"g","Jean-Drapeau","PUF_JD_07","14/08/2024","28/08/2024",NA,471,0.103996467211305
"g","Jean-Drapeau","PUF_JD_07","14/08/2024","28/08/2024","Aceria_109362",95,0.0209759328770148
"g","Jean-Drapeau","PUF_JD_07","14/08/2024","28/08/2024","Lygus_30084",79,0.0174431441819386
"g","Jean-Drapeau","PUF_JD_07","14/08/2024","28/08/2024","Larinioides_280405",53,0.0117023625524398
"g","Jean-Drapeau","PUF_JD_07","14/08/2024","28/08/2024","Pionidia_2613197",53,0.0117023625524398
"g","Jean-Drapeau","PUF_JD_07","14/08/2024","28/08/2024","Brachymyrmex_46650",25,0.00551998233605652
"g","Jean-Drapeau","PUF_JD_07","14/08/2024","28/08/2024","Deuterosminthurus_1304590",23,0.005078383749172
"g","Jean-Drapeau","PUF_JD_08","28/08/2024","11/09/2024","Tetragnatha_27395",8581,0.984398302168177
"g","Jean-Drapeau","PUF_JD_08","28/08/2024","11/09/2024","Glypsus_-21471",95,0.0108982448089939
"g","Jean-Drapeau","PUF_JD_08","28/08/2024","11/09/2024","Maiestas_1401779",20,0.00229436732820925
"g","Jean-Drapeau","PUF_JD_08","28/08/2024","11/09/2024",NA,15,0.00172077549615693
"g","Jean-Drapeau","PUF_JD_08","28/08/2024","11/09/2024","Acalitus_1452645",6,0.000688310198462774
"g","Jean-Drapeau","PUF_JD_09","11/09/2024","25/09/2024","Glypsus_-21471",670,0.554177005789909
"g","Jean-Drapeau","PUF_JD_09","11/09/2024","25/09/2024","Pionidia_2613197",227,0.187758478081059
"g","Jean-Drapeau","PUF_JD_09","11/09/2024","25/09/2024",NA,201,0.166253101736973
"g","Jean-Drapeau","PUF_JD_09","11/09/2024","25/09/2024","Obus_279488",69,0.0570719602977667
"g","Jean-Drapeau","PUF_JD_09","11/09/2024","25/09/2024","Tetragnatha_27395",20,0.0165425971877585
"g","Jean-Drapeau","PUF_JD_09","11/09/2024","25/09/2024","Sarcophaga_7384",10,0.00827129859387924
"g","Jean-Drapeau","PUF_JD_09","11/09/2024","25/09/2024","Sus_9822",9,0.00744416873449132
"g","Jean-Drapeau","PUF_JD_09","11/09/2024","25/09/2024","Lasius_7482",3,0.00248138957816377
"g","Jean-Drapeau","PUF_JD_10","25/09/2024","09/10/2024","Capitophorus_527611",6147,0.71170545328239
"g","Jean-Drapeau","PUF_JD_10","25/09/2024","09/10/2024","Glypsus_-21471",1552,0.179692022693065
"g","Jean-Drapeau","PUF_JD_10","25/09/2024","09/10/2024","Cricotopus_153373",243,0.0281347690170198
"g","Jean-Drapeau","PUF_JD_10","25/09/2024","09/10/2024","Tetragnatha_27395",215,0.0248929026282274
"g","Jean-Drapeau","PUF_JD_10","25/09/2024","09/10/2024",NA,191,0.0221141600092625
"g","Jean-Drapeau","PUF_JD_10","25/09/2024","09/10/2024","Pionidia_2613197",96,0.0111149704758597
"g","Jean-Drapeau","PUF_JD_10","25/09/2024","09/10/2024","Bos_9903",67,0.0077573231446104
"g","Jean-Drapeau","PUF_JD_10","25/09/2024","09/10/2024","Larinioides_280405",46,0.00532592335301609
"g","Jean-Drapeau","PUF_JD_10","25/09/2024","09/10/2024","Hydropsyche_50443",34,0.00393655204353363
"g","Jean-Drapeau","PUF_JD_10","25/09/2024","09/10/2024","Abacarus_644136",23,0.00266296167650805
"g","Jean-Drapeau","PUF_JD_10","25/09/2024","09/10/2024","Forficula_13067",23,0.00266296167650805
"g",NA,NA,NA,NA,"Cethosia_127316",15388,0.510550763105508
"g",NA,NA,NA,NA,"Heliconius_33416",10768,0.357266091572661
"g",NA,NA,NA,NA,"Caligo_127325",2741,0.0909422694094227
"g",NA,NA,NA,NA,"Willowsia_181624",340,0.0112806901128069
"g",NA,NA,NA,NA,"Parthenos_191422",299,0.00992037159920372
"g",NA,NA,NA,NA,"Papilio_7145",294,0.00975447909754479
"g",NA,NA,NA,NA,NA,86,0.00285335102853351
"g",NA,NA,NA,NA,"Hymenopus_267204",76,0.00252156602521566
"g",NA,NA,NA,NA,"Tyrophagus_41443",62,0.00205706702057067
"g",NA,NA,NA,NA,"Siproeta_64447",51,0.00169210351692104
"g",NA,NA,NA,NA,"Doleschallia_311082",16,0.00053085600530856
"g",NA,NA,NA,NA,"Megaselia_36165",12,0.00039814200398142
"g",NA,NA,NA,NA,"Homo_9605",7,0.000232249502322495
"s","Bird Observatory","PUF_MBO_01","20/05/2024","03/06/2024",NA,1642,0.711746857390551
"s","Bird Observatory","PUF_MBO_01","20/05/2024","03/06/2024","Glypsus_conspicuus_-21472",128,0.0554833116601647
"s","Bird Observatory","PUF_MBO_01","20/05/2024","03/06/2024","Aculodes_mckenziei_644532",120,0.0520156046814044
"s","Bird Observatory","PUF_MBO_01","20/05/2024","03/06/2024","Abacarus_plumiger_2316514",84,0.0364109232769831
"s","Bird Observatory","PUF_MBO_01","20/05/2024","03/06/2024","Megaselia_hirticrus_1987627",72,0.0312093628088427
"s","Bird Observatory","PUF_MBO_01","20/05/2024","03/06/2024","Labidomera_clivicollis_131652",67,0.0290420459471175
"s","Bird Observatory","PUF_MBO_01","20/05/2024","03/06/2024","Aculus_schlechtendali_2813516",60,0.0260078023407022
"s","Bird Observatory","PUF_MBO_01","20/05/2024","03/06/2024","Abacarus_hystrix_644148",58,0.0251408755960121
"s","Bird Observatory","PUF_MBO_01","20/05/2024","03/06/2024","Bos_taurus_9913",45,0.0195058517555267
"s","Bird Observatory","PUF_MBO_01","20/05/2024","03/06/2024","Homo_sapiens_9606",14,0.00606848721283052
"s","Bird Observatory","PUF_MBO_01","20/05/2024","03/06/2024","Hydropsyche_alternans_3381222",7,0.00303424360641526
"s","Bird Observatory","PUF_MBO_01","20/05/2024","03/06/2024","Chironomus_lugubris_2723714",5,0.00216731686172518
"s","Bird Observatory","PUF_MBO_01","20/05/2024","03/06/2024","Philaenus_spumarius_36667",5,0.00216731686172518
"s","Bird Observatory","PUF_MBO_02","03/06/2024","17/06/2024","Xestia_c-nigrum_987431",8006,0.521461603595389
"s","Bird Observatory","PUF_MBO_02","03/06/2024","17/06/2024",NA,7281,0.474239562300528
"s","Bird Observatory","PUF_MBO_02","03/06/2024","17/06/2024","Glypsus_conspicuus_-21472",50,0.00325669250309386
"s","Bird Observatory","PUF_MBO_02","03/06/2024","17/06/2024","Nanocladius_anderseni_611548",16,0.00104214160099003
"s","Bird Observatory","PUF_MBO_03","17/06/2024","01/07/2024","Glypsus_conspicuus_-21472",305,0.433238636363636
"s","Bird Observatory","PUF_MBO_03","17/06/2024","01/07/2024",NA,221,0.313920454545455
"s","Bird Observatory","PUF_MBO_03","17/06/2024","01/07/2024","Philodromus_rufus_336570",139,0.197443181818182
"s","Bird Observatory","PUF_MBO_03","17/06/2024","01/07/2024","Abacarus_hystrix_644148",18,0.0255681818181818
"s","Bird Observatory","PUF_MBO_03","17/06/2024","01/07/2024","Homo_sapiens_9606",12,0.0170454545454545
"s","Bird Observatory","PUF_MBO_03","17/06/2024","01/07/2024","Neoseiulus_fallacis_84385",9,0.0127840909090909
"s","Bird Observatory","PUF_MBO_04","01/07/2024","15/07/2024","Glypsus_conspicuus_-21472",398,0.35695067264574
"s","Bird Observatory","PUF_MBO_04","01/07/2024","15/07/2024","Bos_taurus_9913",308,0.276233183856502
"s","Bird Observatory","PUF_MBO_04","01/07/2024","15/07/2024",NA,293,0.262780269058296
"s","Bird Observatory","PUF_MBO_04","01/07/2024","15/07/2024","Rhacognathus_americanus_-21479",116,0.104035874439462
"s","Bird Observatory","PUF_MBO_05","15/07/2024","29/07/2024","Choristoneura_rosaceana_27543",8556,0.921684800172358
"s","Bird Observatory","PUF_MBO_05","15/07/2024","29/07/2024","Glypsus_conspicuus_-21472",368,0.0396423569966606
"s","Bird Observatory","PUF_MBO_05","15/07/2024","29/07/2024",NA,183,0.0197134547021437
"s","Bird Observatory","PUF_MBO_05","15/07/2024","29/07/2024","Succinea_putris_145427",55,0.00592480879026177
"s","Bird Observatory","PUF_MBO_05","15/07/2024","29/07/2024","Rhacognathus_americanus_-21479",51,0.00549391360551546
"s","Bird Observatory","PUF_MBO_05","15/07/2024","29/07/2024","Ochlerotatus_trivittatus_228918",26,0.00280081870085102
"s","Bird Observatory","PUF_MBO_05","15/07/2024","29/07/2024","Homo_sapiens_9606",20,0.00215447592373155
"s","Bird Observatory","PUF_MBO_05","15/07/2024","29/07/2024","Galapagocoris_crockeri_-21293",14,0.00150813314661209
"s","Bird Observatory","PUF_MBO_05","15/07/2024","29/07/2024","Abacarus_plumiger_2316514",10,0.00107723796186578
"s","Bird Observatory","PUF_MBO_06","29/07/2024","12/08/2024","Glypsus_conspicuus_-21472",588,0.6125
"s","Bird Observatory","PUF_MBO_06","29/07/2024","12/08/2024",NA,333,0.346875
"s","Bird Observatory","PUF_MBO_06","29/07/2024","12/08/2024","Rhacognathus_americanus_-21479",25,0.0260416666666667
"s","Bird Observatory","PUF_MBO_06","29/07/2024","12/08/2024","Galapagocoris_crockeri_-21293",14,0.0145833333333333
"s","Bird Observatory","PUF_MBO_07","12/08/2024","26/08/2024","Glypsus_conspicuus_-21472",1123,0.627024008933557
"s","Bird Observatory","PUF_MBO_07","12/08/2024","26/08/2024",NA,594,0.331658291457286
"s","Bird Observatory","PUF_MBO_07","12/08/2024","26/08/2024","Rhacognathus_americanus_-21479",44,0.0245672808486879
"s","Bird Observatory","PUF_MBO_07","12/08/2024","26/08/2024","Deuterosminthurus_bicinctus_2041938",18,0.0100502512562814
"s","Bird Observatory","PUF_MBO_07","12/08/2024","26/08/2024","Harrisina_americana_688410",12,0.0067001675041876
"s","Bird Observatory","PUF_MBO_08","26/08/2024","09/09/2024","Glypsus_conspicuus_-21472",1252,0.721613832853026
"s","Bird Observatory","PUF_MBO_08","26/08/2024","09/09/2024",NA,475,0.273775216138329
"s","Bird Observatory","PUF_MBO_08","26/08/2024","09/09/2024","Succinea_putris_145427",8,0.00461095100864553
"s","Bird Observatory","PUF_MBO_09","09/09/2024","23/09/2024","Glypsus_conspicuus_-21472",1901,0.668659866338375
"s","Bird Observatory","PUF_MBO_09","09/09/2024","23/09/2024",NA,886,0.311642631023567
"s","Bird Observatory","PUF_MBO_09","09/09/2024","23/09/2024","Bos_taurus_9913",47,0.0165318325712276
"s","Bird Observatory","PUF_MBO_09","09/09/2024","23/09/2024","Homo_sapiens_9606",9,0.00316567006683081
"s","Bird Observatory","PUF_MBO_10","23/09/2024","07/10/2024","Glypsus_conspicuus_-21472",800,0.494132180358246
"s","Bird Observatory","PUF_MBO_10","23/09/2024","07/10/2024",NA,776,0.479308214947498
"s","Bird Observatory","PUF_MBO_10","23/09/2024","07/10/2024","Haimbachia_arizonensis_-32734",22,0.0135886349598518
"s","Bird Observatory","PUF_MBO_10","23/09/2024","07/10/2024","Sminthurinus_reticulatus_1725403",11,0.00679431747992588
"s","Bird Observatory","PUF_MBO_10","23/09/2024","07/10/2024","Rhacognathus_americanus_-21479",10,0.00617665225447807
"s","Botanical Garden","PUF_BOT_01","17/05/2024","31/05/2024",NA,641,0.78361858190709
"s","Botanical Garden","PUF_BOT_01","17/05/2024","31/05/2024","Trisetacus_thujae_2695370",75,0.0916870415647922
"s","Botanical Garden","PUF_BOT_01","17/05/2024","31/05/2024","Eriosoma_americanum_527649",36,0.0440097799511002
"s","Botanical Garden","PUF_BOT_01","17/05/2024","31/05/2024","Homo_sapiens_9606",36,0.0440097799511002
"s","Botanical Garden","PUF_BOT_01","17/05/2024","31/05/2024","Cheumatopsyche_campyla_692082",25,0.0305623471882641
"s","Botanical Garden","PUF_BOT_01","17/05/2024","31/05/2024","Phrurolithus_goodnighti_-1975",5,0.00611246943765281
"s","Botanical Garden","PUF_BOT_02","31/05/2024","14/06/2024",NA,2069,0.861724281549354
"s","Botanical Garden","PUF_BOT_02","31/05/2024","14/06/2024","Glypsus_conspicuus_-21472",121,0.0503956684714702
"s","Botanical Garden","PUF_BOT_02","31/05/2024","14/06/2024","Xestia_c-nigrum_987431",109,0.0453977509371095
"s","Botanical Garden","PUF_BOT_02","31/05/2024","14/06/2024","Aculus_populi_2920999",37,0.0154102457309454
"s","Botanical Garden","PUF_BOT_02","31/05/2024","14/06/2024","Phrurolithus_goodnighti_-1975",21,0.0087463556851312
"s","Botanical Garden","PUF_BOT_02","31/05/2024","14/06/2024","Homo_sapiens_9606",17,0.00708038317367763
"s","Botanical Garden","PUF_BOT_02","31/05/2024","14/06/2024","Rhacognathus_americanus_-21479",12,0.00499791753436068
"s","Botanical Garden","PUF_BOT_02","31/05/2024","14/06/2024","Muscina_levida_559660",8,0.00333194502290712
"s","Botanical Garden","PUF_BOT_02","31/05/2024","14/06/2024","Galapagocoris_crockeri_-21293",7,0.00291545189504373
"s","Botanical Garden","PUF_BOT_03","24/06/2024","28/06/2024","Bos_taurus_9913",88,1
"s","Botanical Garden","PUF_BOT_04","28/06/2024","12/07/2024","Glypsus_conspicuus_-21472",524,0.560427807486631
"s","Botanical Garden","PUF_BOT_04","28/06/2024","12/07/2024",NA,262,0.280213903743316
"s","Botanical Garden","PUF_BOT_04","28/06/2024","12/07/2024","Asteia_amoena_716597",138,0.147593582887701
"s","Botanical Garden","PUF_BOT_04","28/06/2024","12/07/2024","Harmonia_axyridis_115357",8,0.00855614973262032
"s","Botanical Garden","PUF_BOT_04","28/06/2024","12/07/2024","Homo_sapiens_9606",3,0.00320855614973262
"s","Botanical Garden","PUF_BOT_05","12/07/2024","26/07/2024",NA,842,0.553583168967784
"s","Botanical Garden","PUF_BOT_05","12/07/2024","26/07/2024","Glypsus_conspicuus_-21472",569,0.374095989480605
"s","Botanical Garden","PUF_BOT_05","12/07/2024","26/07/2024","Bos_taurus_9913",61,0.0401051939513478
"s","Botanical Garden","PUF_BOT_05","12/07/2024","26/07/2024","Shevtchenkella_serrata_2883626",31,0.0203813280736358
"s","Botanical Garden","PUF_BOT_05","12/07/2024","26/07/2024","Aceria_tosichella_561515",18,0.0118343195266272
"s","Botanical Garden","PUF_BOT_06","26/07/2024","09/08/2024","Pyla_fusca_683886",17783,0.898721382726032
"s","Botanical Garden","PUF_BOT_06","26/07/2024","09/08/2024","Glypsus_conspicuus_-21472",800,0.0404305857381109
"s","Botanical Garden","PUF_BOT_06","26/07/2024","09/08/2024","Homo_sapiens_9606",705,0.0356294536817102
"s","Botanical Garden","PUF_BOT_06","26/07/2024","09/08/2024",NA,191,0.00965280234497397
"s","Botanical Garden","PUF_BOT_06","26/07/2024","09/08/2024","Galapagocoris_crockeri_-21293",88,0.0044473644311922
"s","Botanical Garden","PUF_BOT_06","26/07/2024","09/08/2024","Bembidion_flebile_-5823",86,0.00434628796684692
"s","Botanical Garden","PUF_BOT_06","26/07/2024","09/08/2024","Tetramorium_immigrans_2164160",31,0.0015666851973518
"s","Botanical Garden","PUF_BOT_06","26/07/2024","09/08/2024","Harrisina_americana_688410",24,0.00121291757214333
"s","Botanical Garden","PUF_BOT_06","26/07/2024","09/08/2024","Aethes_atomocella_-63317",23,0.00116237933997069
"s","Botanical Garden","PUF_BOT_06","26/07/2024","09/08/2024","Aphis_impatientis_527571",18,0.000909688179107495
"s","Botanical Garden","PUF_BOT_06","26/07/2024","09/08/2024","Psectrocladius_simulans_611615",13,0.000656997018244302
"s","Botanical Garden","PUF_BOT_06","26/07/2024","09/08/2024","Rhacognathus_americanus_-21479",13,0.000656997018244302
"s","Botanical Garden","PUF_BOT_06","26/07/2024","09/08/2024","Sciurus_carolinensis_30640",12,0.000606458786071663
"s","Botanical Garden","PUF_BOT_07","09/08/2024","23/08/2024","Glypsus_conspicuus_-21472",1959,0.740083112958066
"s","Botanical Garden","PUF_BOT_07","09/08/2024","23/08/2024",NA,655,0.247449943332074
"s","Botanical Garden","PUF_BOT_07","09/08/2024","23/08/2024","Homo_sapiens_9606",17,0.00642236494144314
"s","Botanical Garden","PUF_BOT_07","09/08/2024","23/08/2024","Rhacognathus_americanus_-21479",16,0.00604457876841708
"s","Botanical Garden","PUF_BOT_08","23/08/2024","06/09/2024","Glypsus_conspicuus_-21472",571,0.482263513513513
"s","Botanical Garden","PUF_BOT_08","23/08/2024","06/09/2024",NA,525,0.443412162162162
"s","Botanical Garden","PUF_BOT_08","23/08/2024","06/09/2024","Lasius_nearcticus_488575",41,0.0346283783783784
"s","Botanical Garden","PUF_BOT_08","23/08/2024","06/09/2024","Aceria_fraxiniflora_2837636",38,0.0320945945945946
"s","Botanical Garden","PUF_BOT_08","23/08/2024","06/09/2024","Aphidoletes_aphidimyza_95972",5,0.00422297297297297
"s","Botanical Garden","PUF_BOT_08","23/08/2024","06/09/2024","Melanoplus_bivittatus_103633",4,0.00337837837837838
"s","Botanical Garden","PUF_BOT_09","06/09/2024","20/09/2024","Glypsus_conspicuus_-21472",1107,0.756664388243336
"s","Botanical Garden","PUF_BOT_09","06/09/2024","20/09/2024",NA,335,0.228981544771018
"s","Botanical Garden","PUF_BOT_09","06/09/2024","20/09/2024","Homo_sapiens_9606",11,0.0075187969924812
"s","Botanical Garden","PUF_BOT_09","06/09/2024","20/09/2024","Rhacognathus_americanus_-21479",6,0.00410116199589884
"s","Botanical Garden","PUF_BOT_09","06/09/2024","20/09/2024","Erioptera_septemtrionis_700842",4,0.00273410799726589
"s","Botanical Garden","PUF_BOT_10","20/09/2024","04/10/2024","Glypsus_conspicuus_-21472",2761,0.716584479626265
"s","Botanical Garden","PUF_BOT_10","20/09/2024","04/10/2024",NA,765,0.198546587075006
"s","Botanical Garden","PUF_BOT_10","20/09/2024","04/10/2024","Bos_taurus_9913",327,0.0848689332987283
"s","Boucherville","PUF_BOU_01","27/05/2024","10/06/2024",NA,243,0.964285714285714
"s","Boucherville","PUF_BOU_01","27/05/2024","10/06/2024","Corynoptera_cursor_1887982",3,0.0119047619047619
"s","Boucherville","PUF_BOU_01","27/05/2024","10/06/2024","Homo_sapiens_9606",2,0.00793650793650794
"s","Boucherville","PUF_BOU_01","27/05/2024","10/06/2024","Pachypappa_pseudobyrsa_527812",2,0.00793650793650794
"s","Boucherville","PUF_BOU_01","27/05/2024","10/06/2024","Rhacognathus_americanus_-21479",2,0.00793650793650794
"s","Boucherville","PUF_BOU_02","10/06/2024","24/06/2024",NA,543,0.514204545454545
"s","Boucherville","PUF_BOU_02","10/06/2024","24/06/2024","Deuterosminthurus_bicinctus_2041938",344,0.325757575757576
"s","Boucherville","PUF_BOU_02","10/06/2024","24/06/2024","Tyrophagus_putrescentiae_59818",76,0.071969696969697
"s","Boucherville","PUF_BOU_02","10/06/2024","24/06/2024","Homo_sapiens_9606",34,0.0321969696969697
"s","Boucherville","PUF_BOU_02","10/06/2024","24/06/2024","Cantharis_versicolor_-4961",24,0.0227272727272727
"s","Boucherville","PUF_BOU_02","10/06/2024","24/06/2024","Glypsus_conspicuus_-21472",18,0.0170454545454545
"s","Boucherville","PUF_BOU_02","10/06/2024","24/06/2024","Rhacognathus_americanus_-21479",17,0.0160984848484848
"s","Boucherville","PUF_BOU_03","24/06/2024","08/07/2024",NA,369,0.574766355140187
"s","Boucherville","PUF_BOU_03","24/06/2024","08/07/2024","Glypsus_conspicuus_-21472",115,0.179127725856698
"s","Boucherville","PUF_BOU_03","24/06/2024","08/07/2024","Deuterosminthurus_bicinctus_2041938",82,0.127725856697819
"s","Boucherville","PUF_BOU_03","24/06/2024","08/07/2024","Bos_taurus_9913",57,0.088785046728972
"s","Boucherville","PUF_BOU_03","24/06/2024","08/07/2024","Rhacognathus_americanus_-21479",12,0.0186915887850467
"s","Boucherville","PUF_BOU_03","24/06/2024","08/07/2024","Melanoplus_washingtonius_-64865",7,0.0109034267912773
"s","Boucherville","PUF_BOU_04","08/07/2024","22/07/2024","Glypsus_conspicuus_-21472",276,0.469387755102041
"s","Boucherville","PUF_BOU_04","08/07/2024","22/07/2024",NA,256,0.435374149659864
"s","Boucherville","PUF_BOU_04","08/07/2024","22/07/2024","Melanoplus_femurrubrum_103640",32,0.054421768707483
"s","Boucherville","PUF_BOU_04","08/07/2024","22/07/2024","Bembidion_flebile_-5823",7,0.0119047619047619
"s","Boucherville","PUF_BOU_04","08/07/2024","22/07/2024","Deuterosminthurus_bicinctus_2041938",5,0.00850340136054422
"s","Boucherville","PUF_BOU_04","08/07/2024","22/07/2024","Rhacognathus_americanus_-21479",5,0.00850340136054422
"s","Boucherville","PUF_BOU_04","08/07/2024","22/07/2024","Homo_sapiens_9606",4,0.00680272108843537
"s","Boucherville","PUF_BOU_04","08/07/2024","22/07/2024","Bos_grunniens_30521",3,0.00510204081632653
"s","Boucherville","PUF_BOU_05","22/07/2024","05/08/2024","Glypsus_conspicuus_-21472",1825,0.74642126789366
"s","Boucherville","PUF_BOU_05","22/07/2024","05/08/2024",NA,370,0.151329243353783
"s","Boucherville","PUF_BOU_05","22/07/2024","05/08/2024","Aphis_glycines_307491",140,0.0572597137014315
"s","Boucherville","PUF_BOU_05","22/07/2024","05/08/2024","Corynoptera_bicuspidata_1720649",34,0.0139059304703476
"s","Boucherville","PUF_BOU_05","22/07/2024","05/08/2024","Ornithonyssus_sylviarum_224536",34,0.0139059304703476
"s","Boucherville","PUF_BOU_05","22/07/2024","05/08/2024","Cantharis_versicolor_-4961",19,0.00777096114519427
"s","Boucherville","PUF_BOU_05","22/07/2024","05/08/2024","Rhacognathus_americanus_-21479",16,0.0065439672801636
"s","Boucherville","PUF_BOU_05","22/07/2024","05/08/2024","Rynchobanchus_minomensis_1905501",7,0.00286298568507157
"s","Boucherville","PUF_BOU_06","05/08/2024","19/08/2024","Glypsus_conspicuus_-21472",563,0.66548463356974
"s","Boucherville","PUF_BOU_06","05/08/2024","19/08/2024",NA,218,0.257683215130024
"s","Boucherville","PUF_BOU_06","05/08/2024","19/08/2024","Artemia_sorgeloosi_3034414",30,0.0354609929078014
"s","Boucherville","PUF_BOU_06","05/08/2024","19/08/2024","Ischnura_verticalis_88053",18,0.0212765957446809
"s","Boucherville","PUF_BOU_06","05/08/2024","19/08/2024","Tetra_lobulifera_2837686",12,0.0141843971631206
"s","Boucherville","PUF_BOU_06","05/08/2024","19/08/2024","Deuterosminthurus_bicinctus_2041938",5,0.00591016548463357
"s","Boucherville","PUF_BOU_07","19/08/2024","02/09/2024",NA,120,0.368098159509202
"s","Boucherville","PUF_BOU_07","19/08/2024","02/09/2024","Glypsus_conspicuus_-21472",92,0.282208588957055
"s","Boucherville","PUF_BOU_07","19/08/2024","02/09/2024","Bos_taurus_9913",60,0.184049079754601
"s","Boucherville","PUF_BOU_07","19/08/2024","02/09/2024","Deuterosminthurus_bicinctus_2041938",53,0.162576687116564
"s","Boucherville","PUF_BOU_07","19/08/2024","02/09/2024","Galapagocoris_crockeri_-21293",1,0.00306748466257669
"s","Boucherville","PUF_BOU_08","02/09/2024","16/09/2024","Glypsus_conspicuus_-21472",1701,0.762096774193548
"s","Boucherville","PUF_BOU_08","02/09/2024","16/09/2024",NA,518,0.232078853046595
"s","Boucherville","PUF_BOU_08","02/09/2024","16/09/2024","Psychoda_alternata_114594",13,0.00582437275985663
"s","Boucherville","PUF_BOU_09","16/09/2024","30/09/2024","Glypsus_conspicuus_-21472",1259,0.699833240689272
"s","Boucherville","PUF_BOU_09","16/09/2024","30/09/2024",NA,446,0.247915508615898
"s","Boucherville","PUF_BOU_09","16/09/2024","30/09/2024","Homo_sapiens_9606",65,0.0361311839911062
"s","Boucherville","PUF_BOU_09","16/09/2024","30/09/2024","Bembidion_flebile_-5823",19,0.0105614230127849
"s","Boucherville","PUF_BOU_09","16/09/2024","30/09/2024","Deroceras_laeve_147581",10,0.00555864369093941
"s","IPEX","PUF_IPEX_01","15/05/2024","29/05/2024","Glypsus_conspicuus_-21472",48,0.428571428571429
"s","IPEX","PUF_IPEX_01","15/05/2024","29/05/2024",NA,33,0.294642857142857
"s","IPEX","PUF_IPEX_01","15/05/2024","29/05/2024","Bos_grunniens_30521",21,0.1875
"s","IPEX","PUF_IPEX_01","15/05/2024","29/05/2024","Homo_sapiens_9606",7,0.0625
"s","IPEX","PUF_IPEX_01","15/05/2024","29/05/2024","Rhyncaphytoptus_amplus_2837673",3,0.0267857142857143
"s","IPEX","PUF_IPEX_02","29/05/2024","12/06/2024",NA,1406,0.793006204173717
"s","IPEX","PUF_IPEX_02","29/05/2024","12/06/2024","Abacarus_hystrix_644148",125,0.0705019740552735
"s","IPEX","PUF_IPEX_02","29/05/2024","12/06/2024","Glypsus_conspicuus_-21472",90,0.050761421319797
"s","IPEX","PUF_IPEX_02","29/05/2024","12/06/2024","Rhacognathus_americanus_-21479",52,0.0293288212069938
"s","IPEX","PUF_IPEX_02","29/05/2024","12/06/2024","Tetra_lobulifera_2837686",21,0.011844331641286
"s","IPEX","PUF_IPEX_02","29/05/2024","12/06/2024","Cinara_laricifex_527606",17,0.0095882684715172
"s","IPEX","PUF_IPEX_02","29/05/2024","12/06/2024","Hippodamia_variegata_703264",14,0.00789622109419064
"s","IPEX","PUF_IPEX_02","29/05/2024","12/06/2024","Tanytarsus_guerlus_994302",11,0.00620417371686407
"s","IPEX","PUF_IPEX_02","29/05/2024","12/06/2024","Corynoneura_scutellata_611450",10,0.00564015792442188
"s","IPEX","PUF_IPEX_02","29/05/2024","12/06/2024","Cantharis_versicolor_-4961",9,0.0050761421319797
"s","IPEX","PUF_IPEX_02","29/05/2024","12/06/2024","Homo_sapiens_9606",7,0.00394811054709532
"s","IPEX","PUF_IPEX_02","29/05/2024","12/06/2024","Cavariella_aegopodii_330421",6,0.00338409475465313
"s","IPEX","PUF_IPEX_02","29/05/2024","12/06/2024","Chironomus_decorus_-13480",5,0.00282007896221094
"s","IPEX","PUF_IPEX_03","12/06/2024","26/06/2024","Larinioides_sclopetarius_280406",9576,0.848785676298529
"s","IPEX","PUF_IPEX_03","12/06/2024","26/06/2024",NA,1444,0.127991490870413
"s","IPEX","PUF_IPEX_03","12/06/2024","26/06/2024","Glypsus_conspicuus_-21472",174,0.0154227973763517
"s","IPEX","PUF_IPEX_03","12/06/2024","26/06/2024","Bos_taurus_9913",52,0.00460911185959936
"s","IPEX","PUF_IPEX_03","12/06/2024","26/06/2024","Galapagocoris_crockeri_-21293",15,0.00132955149796135
"s","IPEX","PUF_IPEX_03","12/06/2024","26/06/2024","Bembidion_flebile_-5823",13,0.00115227796489984
"s","IPEX","PUF_IPEX_03","12/06/2024","26/06/2024","Homo_sapiens_9606",8,0.000709094132246056
"s","IPEX","PUF_IPEX_04","26/06/2024","10/07/2024","Glypsus_conspicuus_-21472",888,0.447129909365559
"s","IPEX","PUF_IPEX_04","26/06/2024","10/07/2024",NA,864,0.435045317220544
"s","IPEX","PUF_IPEX_04","26/06/2024","10/07/2024","Rhacognathus_americanus_-21479",105,0.0528700906344411
"s","IPEX","PUF_IPEX_04","26/06/2024","10/07/2024","Bos_taurus_9913",48,0.0241691842900302
"s","IPEX","PUF_IPEX_04","26/06/2024","10/07/2024","Abacarus_hystrix_644148",28,0.014098690835851
"s","IPEX","PUF_IPEX_04","26/06/2024","10/07/2024","Tyrophagus_putrescentiae_59818",27,0.013595166163142
"s","IPEX","PUF_IPEX_04","26/06/2024","10/07/2024","Rynchobanchus_minomensis_1905501",17,0.00855991943605237
"s","IPEX","PUF_IPEX_04","26/06/2024","10/07/2024","Homo_sapiens_9606",9,0.00453172205438067
"s","IPEX","PUF_IPEX_05","10/07/2024","24/07/2024","Glypsus_conspicuus_-21472",3773,0.659500087397308
"s","IPEX","PUF_IPEX_05","10/07/2024","24/07/2024",NA,1596,0.278972207656004
"s","IPEX","PUF_IPEX_05","10/07/2024","24/07/2024","Deuterosminthurus_bicinctus_2041938",121,0.0211501485754239
"s","IPEX","PUF_IPEX_05","10/07/2024","24/07/2024","Rhacognathus_americanus_-21479",58,0.0101380877468974
"s","IPEX","PUF_IPEX_05","10/07/2024","24/07/2024","Homo_sapiens_9606",49,0.00856493619996504
"s","IPEX","PUF_IPEX_05","10/07/2024","24/07/2024","Aculus_populi_2920999",37,0.00646740080405524
"s","IPEX","PUF_IPEX_05","10/07/2024","24/07/2024","Ceraclea_cancellata_763285",27,0.00471945464079706
"s","IPEX","PUF_IPEX_05","10/07/2024","24/07/2024","Galapagocoris_crockeri_-21293",23,0.00402027617549379
"s","IPEX","PUF_IPEX_05","10/07/2024","24/07/2024","Aeshna_umbrosa_1081897",13,0.00227233001223562
"s","IPEX","PUF_IPEX_05","10/07/2024","24/07/2024","Cepaea_nemoralis_28835",12,0.00209753539590981
"s","IPEX","PUF_IPEX_05","10/07/2024","24/07/2024","Lasius_niger_67767",12,0.00209753539590981
"s","IPEX","PUF_IPEX_06","24/07/2024","07/08/2024","Glypsus_conspicuus_-21472",812,0.790652385589094
"s","IPEX","PUF_IPEX_06","24/07/2024","07/08/2024",NA,203,0.197663096397274
"s","IPEX","PUF_IPEX_06","24/07/2024","07/08/2024","Galapagocoris_crockeri_-21293",6,0.00584225900681597
"s","IPEX","PUF_IPEX_06","24/07/2024","07/08/2024","Rhacognathus_americanus_-21479",6,0.00584225900681597
"s","IPEX","PUF_IPEX_07","07/08/2024","21/08/2024","Glypsus_conspicuus_-21472",1045,0.604046242774566
"s","IPEX","PUF_IPEX_07","07/08/2024","21/08/2024",NA,631,0.364739884393064
"s","IPEX","PUF_IPEX_07","07/08/2024","21/08/2024","Rhacognathus_americanus_-21479",27,0.015606936416185
"s","IPEX","PUF_IPEX_07","07/08/2024","21/08/2024","Rynchobanchus_minomensis_1905501",13,0.00751445086705202
"s","IPEX","PUF_IPEX_07","07/08/2024","21/08/2024","Scatella_tenuicosta_1473685",9,0.00520231213872832
"s","IPEX","PUF_IPEX_07","07/08/2024","21/08/2024","Homo_sapiens_9606",5,0.00289017341040462
"s","IPEX","PUF_IPEX_08","21/08/2024","04/09/2024","Glypsus_conspicuus_-21472",1466,0.624095359727544
"s","IPEX","PUF_IPEX_08","21/08/2024","04/09/2024",NA,750,0.319284802043423
"s","IPEX","PUF_IPEX_08","21/08/2024","04/09/2024","Bos_taurus_9913",70,0.0297999148573861
"s","IPEX","PUF_IPEX_08","21/08/2024","04/09/2024","Rhacognathus_americanus_-21479",27,0.0114942528735632
"s","IPEX","PUF_IPEX_08","21/08/2024","04/09/2024","Eukiefferiella_brevicalcar_2881961",19,0.00808854831843338
"s","IPEX","PUF_IPEX_08","21/08/2024","04/09/2024","Homo_sapiens_9606",17,0.00723712217965092
"s","IPEX","PUF_IPEX_09","04/09/2024","18/09/2024","Glypsus_conspicuus_-21472",962,0.837979094076655
"s","IPEX","PUF_IPEX_09","04/09/2024","18/09/2024",NA,161,0.140243902439024
"s","IPEX","PUF_IPEX_09","04/09/2024","18/09/2024","Uroleucon_anomalae_527891",11,0.00958188153310104
"s","IPEX","PUF_IPEX_09","04/09/2024","18/09/2024","Anoecia_corni_874299",7,0.00609756097560976
"s","IPEX","PUF_IPEX_09","04/09/2024","18/09/2024","Rhacognathus_americanus_-21479",7,0.00609756097560976
"s","IPEX","PUF_IPEX_10","18/09/2024","02/10/2024","Glypsus_conspicuus_-21472",2651,0.615938661710037
"s","IPEX","PUF_IPEX_10","18/09/2024","02/10/2024",NA,891,0.207016728624535
"s","IPEX","PUF_IPEX_10","18/09/2024","02/10/2024","Liposcelis_paeta_209927",574,0.133364312267658
"s","IPEX","PUF_IPEX_10","18/09/2024","02/10/2024","Bryophaenocladius_terrestris_3042047",83,0.0192843866171004
"s","IPEX","PUF_IPEX_10","18/09/2024","02/10/2024","Rhacognathus_americanus_-21479",45,0.0104553903345725
"s","IPEX","PUF_IPEX_10","18/09/2024","02/10/2024","Agrotis_venerabilis_689057",23,0.00534386617100372
"s","IPEX","PUF_IPEX_10","18/09/2024","02/10/2024","Tetramorium_immigrans_2164160",20,0.00464684014869888
"s","IPEX","PUF_IPEX_10","18/09/2024","02/10/2024","Cylindroiulus_caeruleocinctus_438504",17,0.00394981412639405
"s","Jean-Drapeau","PUF_JD_01","22/05/2024","05/06/2024","Hypena_scabra_95219",6071,0.682134831460674
"s","Jean-Drapeau","PUF_JD_01","22/05/2024","05/06/2024","Anystis_baccarum_2250316",1435,0.16123595505618
"s","Jean-Drapeau","PUF_JD_01","22/05/2024","05/06/2024",NA,1167,0.131123595505618
"s","Jean-Drapeau","PUF_JD_01","22/05/2024","05/06/2024","Tetragnatha_shoshone_1659988",76,0.00853932584269663
"s","Jean-Drapeau","PUF_JD_01","22/05/2024","05/06/2024","Glypsus_conspicuus_-21472",46,0.0051685393258427
"s","Jean-Drapeau","PUF_JD_01","22/05/2024","05/06/2024","Tetramorium_immigrans_2164160",34,0.00382022471910112
"s","Jean-Drapeau","PUF_JD_01","22/05/2024","05/06/2024","Aphis_pomi_527582",16,0.00179775280898876
"s","Jean-Drapeau","PUF_JD_01","22/05/2024","05/06/2024","Homo_sapiens_9606",13,0.00146067415730337
"s","Jean-Drapeau","PUF_JD_01","22/05/2024","05/06/2024","Stenacron_gildersleevei_603688",13,0.00146067415730337
"s","Jean-Drapeau","PUF_JD_01","22/05/2024","05/06/2024","Plagiognathus_obscurus_881741",11,0.00123595505617978
"s","Jean-Drapeau","PUF_JD_01","22/05/2024","05/06/2024","Rhacognathus_americanus_-21479",11,0.00123595505617978
"s","Jean-Drapeau","PUF_JD_01","22/05/2024","05/06/2024","Demodex_folliculorum_481310",7,0.000786516853932584
"s","Jean-Drapeau","PUF_JD_02","05/06/2024","19/06/2024","Pigritia_fidella_1473675",13484,0.951185101580135
"s","Jean-Drapeau","PUF_JD_02","05/06/2024","19/06/2024",NA,309,0.0217974040632054
"s","Jean-Drapeau","PUF_JD_02","05/06/2024","19/06/2024","Xestia_c-nigrum_987431",183,0.0129091422121896
"s","Jean-Drapeau","PUF_JD_02","05/06/2024","19/06/2024","Hydroptila_spatulata_692086",94,0.00663092550790068
"s","Jean-Drapeau","PUF_JD_02","05/06/2024","19/06/2024","Hydropsyche_alternans_3381222",46,0.00324492099322799
"s","Jean-Drapeau","PUF_JD_02","05/06/2024","19/06/2024","Tetragnatha_guatemalensis_336607",28,0.00197516930022573
"s","Jean-Drapeau","PUF_JD_02","05/06/2024","19/06/2024","Philodromus_cespitum_336569",13,0.000917042889390519
"s","Jean-Drapeau","PUF_JD_02","05/06/2024","19/06/2024","Agelaius_phoeniceus_39638",10,0.000705417607223476
"s","Jean-Drapeau","PUF_JD_02","05/06/2024","19/06/2024","Hyloniscus_riparius_115155",9,0.000634875846501129
"s","Jean-Drapeau","PUF_JD_03","19/06/2024","03/07/2024",NA,504,0.498516320474777
"s","Jean-Drapeau","PUF_JD_03","19/06/2024","03/07/2024","Plagiognathus_obscurus_881741",163,0.161226508407517
"s","Jean-Drapeau","PUF_JD_03","19/06/2024","03/07/2024","Glypsus_conspicuus_-21472",160,0.158259149357072
"s","Jean-Drapeau","PUF_JD_03","19/06/2024","03/07/2024","Homo_sapiens_9606",100,0.0989119683481701
"s","Jean-Drapeau","PUF_JD_03","19/06/2024","03/07/2024","Chrysoperla_adamsi_76812",31,0.0306627101879327
"s","Jean-Drapeau","PUF_JD_03","19/06/2024","03/07/2024","Oidaematophorus_homodactylus_688447",24,0.0237388724035608
"s","Jean-Drapeau","PUF_JD_03","19/06/2024","03/07/2024","Kosswigianella_wasatchi_1863055",18,0.0178041543026706
"s","Jean-Drapeau","PUF_JD_03","19/06/2024","03/07/2024","Lasius_neoniger_611257",11,0.0108803165182987
"s","Jean-Drapeau","PUF_JD_04","03/07/2024","17/07/2024","Glypsus_conspicuus_-21472",996,0.604368932038835
"s","Jean-Drapeau","PUF_JD_04","03/07/2024","17/07/2024",NA,270,0.163834951456311
"s","Jean-Drapeau","PUF_JD_04","03/07/2024","17/07/2024","Bos_taurus_9913",217,0.131674757281553
"s","Jean-Drapeau","PUF_JD_04","03/07/2024","17/07/2024","Tetragnatha_guatemalensis_336607",153,0.0928398058252427
"s","Jean-Drapeau","PUF_JD_04","03/07/2024","17/07/2024","Homo_sapiens_9606",7,0.00424757281553398
"s","Jean-Drapeau","PUF_JD_04","03/07/2024","17/07/2024","Bembidion_flebile_-5823",5,0.00303398058252427
"s","Jean-Drapeau","PUF_JD_05","17/07/2024","31/07/2024","Tetragnatha_guatemalensis_336607",1700,0.405437634152158
"s","Jean-Drapeau","PUF_JD_05","17/07/2024","31/07/2024",NA,1147,0.273551156689721
"s","Jean-Drapeau","PUF_JD_05","17/07/2024","31/07/2024","Glypsus_conspicuus_-21472",609,0.145242070116861
"s","Jean-Drapeau","PUF_JD_05","17/07/2024","31/07/2024","Pemphigus_populitransversus_220090",429,0.102313379441927
"s","Jean-Drapeau","PUF_JD_05","17/07/2024","31/07/2024","Euschistus_servus_756488",55,0.0131170999284522
"s","Jean-Drapeau","PUF_JD_05","17/07/2024","31/07/2024","Tetra_lobulifera_2837686",50,0.0119246362985929
"s","Jean-Drapeau","PUF_JD_05","17/07/2024","31/07/2024","Bos_taurus_9913",45,0.0107321726687336
"s","Jean-Drapeau","PUF_JD_05","17/07/2024","31/07/2024","Aphis_glycines_307491",42,0.010016694490818
"s","Jean-Drapeau","PUF_JD_05","17/07/2024","31/07/2024","Melanophthalma_pumila_2083628",38,0.0090627235869306
"s","Jean-Drapeau","PUF_JD_05","17/07/2024","31/07/2024","Endria_inimicus_-19763",37,0.00882423086095874
"s","Jean-Drapeau","PUF_JD_05","17/07/2024","31/07/2024","Artemia_tibetiana_351233",12,0.00286191271166229
"s","Jean-Drapeau","PUF_JD_05","17/07/2024","31/07/2024","Homo_sapiens_9606",11,0.00262341998569044
"s","Jean-Drapeau","PUF_JD_05","17/07/2024","31/07/2024","Rhacognathus_americanus_-21479",11,0.00262341998569044
"s","Jean-Drapeau","PUF_JD_05","17/07/2024","31/07/2024","Parasteatoda_tabulata_1112459",7,0.00166944908180301
"s","Jean-Drapeau","PUF_JD_06","31/07/2024","14/08/2024","Glypsus_conspicuus_-21472",3494,0.883215369059656
"s","Jean-Drapeau","PUF_JD_06","31/07/2024","14/08/2024",NA,311,0.0786147623862487
"s","Jean-Drapeau","PUF_JD_06","31/07/2024","14/08/2024","Tetragnatha_guatemalensis_336607",119,0.0300808897876643
"s","Jean-Drapeau","PUF_JD_06","31/07/2024","14/08/2024","Cricotopus_trifascia_401643",15,0.00379170879676441
"s","Jean-Drapeau","PUF_JD_06","31/07/2024","14/08/2024","Lasius_flavus_67763",10,0.00252780586450961
"s","Jean-Drapeau","PUF_JD_06","31/07/2024","14/08/2024","Tanytarsus_allicis_684726",7,0.00176946410515672
"s","Jean-Drapeau","PUF_JD_07","14/08/2024","28/08/2024","Glypsus_conspicuus_-21472",2271,0.501435195407375
"s","Jean-Drapeau","PUF_JD_07","14/08/2024","28/08/2024","Harmonia_axyridis_115357",867,0.19143298741444
"s","Jean-Drapeau","PUF_JD_07","14/08/2024","28/08/2024","Hydropsyche_alternans_3381222",592,0.130713181717819
"s","Jean-Drapeau","PUF_JD_07","14/08/2024","28/08/2024",NA,524,0.115698829763745
"s","Jean-Drapeau","PUF_JD_07","14/08/2024","28/08/2024","Aceria_fraxiniflora_2837636",95,0.0209759328770148
"s","Jean-Drapeau","PUF_JD_07","14/08/2024","28/08/2024","Lygus_lineolaris_50650",79,0.0174431441819386
"s","Jean-Drapeau","PUF_JD_07","14/08/2024","28/08/2024","Larinioides_sclopetarius_280406",53,0.0117023625524398
"s","Jean-Drapeau","PUF_JD_07","14/08/2024","28/08/2024","Brachymyrmex_depilis_354278",25,0.00551998233605652
"s","Jean-Drapeau","PUF_JD_07","14/08/2024","28/08/2024","Deuterosminthurus_bicinctus_2041938",23,0.005078383749172
"s","Jean-Drapeau","PUF_JD_08","28/08/2024","11/09/2024","Tetragnatha_guatemalensis_336607",8581,0.984398302168177
"s","Jean-Drapeau","PUF_JD_08","28/08/2024","11/09/2024","Glypsus_conspicuus_-21472",95,0.0108982448089939
"s","Jean-Drapeau","PUF_JD_08","28/08/2024","11/09/2024","Maiestas_rostriformis_2771410",20,0.00229436732820925
"s","Jean-Drapeau","PUF_JD_08","28/08/2024","11/09/2024",NA,15,0.00172077549615693
"s","Jean-Drapeau","PUF_JD_08","28/08/2024","11/09/2024","Acalitus_vaccinii_1602339",6,0.000688310198462774
"s","Jean-Drapeau","PUF_JD_09","11/09/2024","25/09/2024","Glypsus_conspicuus_-21472",670,0.554177005789909
"s","Jean-Drapeau","PUF_JD_09","11/09/2024","25/09/2024",NA,497,0.411083540115798
"s","Jean-Drapeau","PUF_JD_09","11/09/2024","25/09/2024","Tetragnatha_guatemalensis_336607",20,0.0165425971877585
"s","Jean-Drapeau","PUF_JD_09","11/09/2024","25/09/2024","Sarcophaga_sinuata_2795684",10,0.00827129859387924
"s","Jean-Drapeau","PUF_JD_09","11/09/2024","25/09/2024","Sus_scrofa_9823",9,0.00744416873449132
"s","Jean-Drapeau","PUF_JD_09","11/09/2024","25/09/2024","Lasius_niger_67767",3,0.00248138957816377
"s","Jean-Drapeau","PUF_JD_10","25/09/2024","09/10/2024","Capitophorus_elaeagni_527612",6147,0.71170545328239
"s","Jean-Drapeau","PUF_JD_10","25/09/2024","09/10/2024","Glypsus_conspicuus_-21472",1552,0.179692022693065
"s","Jean-Drapeau","PUF_JD_10","25/09/2024","09/10/2024",NA,310,0.0358920921616302
"s","Jean-Drapeau","PUF_JD_10","25/09/2024","09/10/2024","Cricotopus_trifascia_401643",243,0.0281347690170198
"s","Jean-Drapeau","PUF_JD_10","25/09/2024","09/10/2024","Tetragnatha_shoshone_1659988",215,0.0248929026282274
"s","Jean-Drapeau","PUF_JD_10","25/09/2024","09/10/2024","Bos_taurus_9913",67,0.0077573231446104
"s","Jean-Drapeau","PUF_JD_10","25/09/2024","09/10/2024","Larinioides_patagiatus_336592",46,0.00532592335301609
"s","Jean-Drapeau","PUF_JD_10","25/09/2024","09/10/2024","Hydropsyche_alternans_3381222",34,0.00393655204353363
"s","Jean-Drapeau","PUF_JD_10","25/09/2024","09/10/2024","Forficula_auricularia_13068",23,0.00266296167650805
"s",NA,NA,NA,NA,"Cethosia_biblis_876379",15388,0.510550763105508
"s",NA,NA,NA,NA,"Heliconius_doris_33455",10768,0.357266091572661
"s",NA,NA,NA,NA,"Caligo_brasiliensis_1005066",2710,0.0899137358991374
"s",NA,NA,NA,NA,"Willowsia_buskii_1458441",340,0.0112806901128069
"s",NA,NA,NA,NA,"Parthenos_sylvia_3150745",299,0.00992037159920372
"s",NA,NA,NA,NA,"Papilio_rumanzovia_262663",226,0.00749834107498341
"s",NA,NA,NA,NA,NA,117,0.00388188453881885
"s",NA,NA,NA,NA,"Hymenopus_coronatus_267205",76,0.00252156602521566
"s",NA,NA,NA,NA,"Tyrophagus_putrescentiae_59818",62,0.00205706702057067
"s",NA,NA,NA,NA,"Siproeta_epaphus_311052",51,0.00169210351692104
"s",NA,NA,NA,NA,"Papilio_demoleus_76202",50,0.00165892501658925
"s",NA,NA,NA,NA,"Papilio_memnon_76198",18,0.00059721300597213
"s",NA,NA,NA,NA,"Doleschallia_bisaltide_311083",16,0.00053085600530856
"s",NA,NA,NA,NA,"Megaselia_scalaris_36166",12,0.00039814200398142
"s",NA,NA,NA,NA,"Homo_sapiens_9606",7,0.000232249502322495
